ply
format ascii 1.0
element vertex 29385
property float x
property float y
property float z
end_header
-0.0947322 -4.29242 1.64361
-1.76577 -0.18912 0.00408658
-25.7735 -1.79874 8.13014
0.932869 -3.18977 -4.89566
-1.49059 -6.93948 8.50403
0.352832 0.743803 3.74991
-0.844133 -6.31928 -1.58155
1.5251 -1.30079 -5.50727
16.8871 18.9719 -15.5914
-0.810715 2.40362 10.5541
-5.09267 0.0886008 -3.64127
18.95 14.2119 55.7569
1.83551 -1.52466 -10.8682
1.5397 7.93946 3.14075
-7.4615 -4.79717 -3.35377
-15.2674 80.176 49.9438
1.97947 9.66095 1.81123
-17.0157 31.0864 12.2506
1.57667 0.398125 1.51698
-0.135993 -3.16716 -4.66527
-10.4191 17.6257 21.2302
1.53593 2.1014 -8.24983
-0.817394 -1.98433 -2.76683
0.422255 -1.89909 1.39624
-14.0289 17.8707 14.7917
-14.3277 58.1882 54.3302
0.655635 -4.63703 -4.37147
-21.5952 28.1248 7.07786
-0.259469 4.08538 6.93417
-0.289043 -4.0958 -4.09148
-24.2371 5.10387 10.347
1.26051 8.24492 -0.0861097
-0.095493 -2.75085 -4.25661
2.4022 9.69197 -2.18944
-2.03244 -2.47609 4.69009
-7.4871 34.0431 30.1834
0.935898 4.06341 3.65449
-1.49775 -6.89531 4.68585
-9.57172 16.1557 26.5019
0.350478 5.16215 9.99629
0.652439 0.181546 1.01549
1.8759 6.98965 -1.01227
85.8393 18.1169 -63.2107
0.00833119 4.72784 9.57184
-6.59963 -3.01292 1.56145
0.656553 5.80084 8.41013
0.612282 2.26586 4.00736
-3.52119 -0.690809 -2.7395
1.21629 -0.846852 -4.35316
1.53312 -2.60388 -7.45271
1.5086 6.5273 2.00885
1.23809 8.02251 0.13155
-6.55703 -2.84333 -4.62191
0.627455 -0.69644 -0.110773
0.652984 3.16646 -3.05705
0.342116 -4.21195 0.796821
1.2589 6.22393 3.45724
-8.61213 8.42428 -1.65791
0.971651 -5.30898 -10.682
-20.3267 33.1253 8.73331
-10.4513 5.74991 -8.4194
0.478567 7.52609 5.06317
1.52855 0.110019 1.58595
2.7433 -7.24822 -13.8694
3.65081 -0.0555073 -2.34505
-1.77587 3.5637 -10.991
-3.25343 70.6334 14.8606
1.2309 5.24766 2.56347
1.21436 5.80407 3.3995
0.668943 3.13067 4.64508
-5.68459 4.81155 -6.99528
0.905163 -0.157719 -1.05326
-58.4254 49.5306 -38.1715
-8.37793 8.38081 -7.691
0.606228 3.24017 -3.44741
-3.26366 -1.76782 0.628852
6.60915 21.8857 -2.54596
0.950851 4.3661 3.48255
0.384944 16.2455 4.73699
2.78043 5.06119 3.2281
0.165324 -2.07783 3.50008
-2.32278 0.566045 4.13678
-3.87135 -0.497484 -3.2026
-3.53342 2.56754 -5.86692
-3.56644 -2.19268 0.140443
-28.1143 5.64819 11.0409
-0.234597 0.263083 -2.29487
0.365186 -2.50496 0.803589
1.55262 0.118467 1.31551
-7.43043 6.99164 -5.83184
0.94937 -3.78564 -5.83945
0.601613 -4.00152 -3.14204
-5.66558 0.97156 1.8122
0.644226 0.801146 2.26758
-4.72635 2.28765 -6.02434
3.68569 1.60828 -10.9569
-7.76655 8.5035 -1.73165
-8.01489 1.68285 1.03044
0.623845 -0.430736 1.05803
0.0955653 -4.1308 -7.6415
13.2048 -16.4504 -0.295527
-5.34914 11.0353 -5.30999
-9.57196 80.0677 37.9051
0.35693 -2.84729 0.450149
1.24355 -0.446101 -4.2274
0.47383 1.22392 -2.93977
-35.6909 28.5593 -23.8716
-0.811945 -1.77708 -2.58164
-0.555177 -1.71123 9.1746
0.0890253 4.38525 13.6655
0.773992 5.9355 2.01748
1.80481 0.720789 -8.25609
0.606014 2.84149 -2.82762
19.2312 13.9015 -2.4
1.85665 9.42218 2.23624
1.52762 -0.131643 -6.17161
0.311148 0.64026 3.56563
-0.890924 -4.59591 5.81472
0.61053 -4.93606 -4.37948
-13.1182 11.1962 9.77145
0.68163 -3.46413 -3.15876
0.710173 -1.08402 0.0999188
-16.1143 82.8424 69.9608
0.0535572 8.45153 6.07447
0.68561 -4.63595 -4.66583
-79.7149 10.9425 41.636
1.84906 -2.63605 -9.81982
0.929722 4.02874 3.46053
0.60497 5.50351 1.06302
-14.6709 88.583 51.2594
0.924938 -2.78737 -5.70688
-0.85564 -6.25814 4.74778
-9.55341 2.87114 -8.54388
-7.13268 -15.1871 47.855
-6.85511 -0.121615 -6.69239
-16.7788 -9.48182 3.52291
-14.6273 16.8899 22.8214
-10.1425 14.8895 26.0632
1.52338 -0.314647 1.13353
-0.590116 -5.69651 3.98679
-0.552107 -5.3449 4.69625
2.1289 -2.69358 -8.39067
0.36787 -2.26514 1.04878
21.0669 -29.1409 16.2044
0.652453 -1.10122 -7.6221
-0.863606 -7.99458 -0.749377
0.907183 1.07205 -6.90463
1.22301 6.4581 4.01571
1.55192 12.2553 1.0879
0.325707 -2.86126 0.723954
21.3534 17.2205 14.1146
-15.835 16.0655 22.4706
-3.27851 -8.73837 8.83152
-5.33651 -2.35713 -3.34755
-43.178 1.53455 -2.77441
0.901506 8.21739 -5.45552
-0.844017 0.254129 0.358191
-2.96732 -2.26542 0.33536
0.602014 -5.31112 -4.71541
-0.893104 -8.46472 2.03457
0.658423 2.48561 -3.04008
1.27547 -4.65557 -11.035
-5.99469 -5.95329 -4.57029
-4.77243 7.09892 0.422295
1.24079 5.55421 2.84703
0.624724 -4.62541 -4.07371
0.333416 6.99642 3.97961
-14.987 40.5742 -3.21253
-0.592238 6.60731 10.3221
-0.258435 -2.56638 3.06487
-2.96239 0.775391 -4.17424
-5.07594 3.38275 0.234286
1.82167 1.04781 -7.33431
-2.64883 -6.68062 8.0168
-161.984 -17.1543 -9.8529
1.20813 -3.7184 -11.5549
-5.01023 4.61953 -6.93329
-0.589267 -6.82483 0.895852
-2.65628 -1.38114 -4.92878
-4.19019 1.35115 0.984955
78.6794 8.71525 -42.613
0.66971 -4.88293 -4.89607
-91.4895 81.2002 -66.7034
0.00115323 -4.36344 1.06795
-7.46849 -1.00195 -8.27497
-123.238 13.5257 15.4535
0.0643939 -2.00363 4.2873
-10.7314 7.32528 -4.08955
0.307701 -5.62551 -2.88864
-2.94793 6.30003 -0.636648
-4.45885 -2.93737 -3.7159
0.610165 1.05621 -5.85825
-0.845635 3.01243 3.60771
-16.132 -5.26675 7.63214
-0.536507 1.60003 10.6987
0.944942 -2.93774 -3.81956
-19.1143 -10.3049 5.15558
2.71742 4.91368 1.99099
2.44004 7.89481 1.148
0.922388 0.50506 -0.408771
1.85181 7.4238 -0.186794
-2.01998 -11.8855 -8.07425
0.92622 -5.56097 -7.57947
0.0100052 1.99185 9.12894
0.302691 0.866551 -2.6319
-0.863273 5.26361 5.16423
0.350188 8.21036 2.0673
0.0692342 0.915783 -7.75924
0.930626 4.65631 4.38218
0.327547 -1.90753 1.89131
9.33288 -1.92684 13.1691
-14.6333 18.6467 17.0934
1.20497 4.78918 4.0301
0.000245377 16.2007 9.48817
0.636475 1.94079 3.42561
-0.24209 -3.21152 -5.32165
-0.224589 -0.33312 -2.60683
-0.281626 -4.05201 1.59353
0.00465606 8.38363 6.09921
0.914213 6.45849 4.97662
-12.8646 75.9208 5.90086
0.625188 -4.3278 -3.76972
-2.9314 -1.70178 1.05672
-15.5343 13.6853 2.25814
-19.4478 19.8211 -11.6712
-18.8195 -1.14124 11.7674
0.494927 -1.75162 2.17317
1.22009 7.38518 5.20071
0.771734 2.91976 -2.18788
18.3306 99.92 -125.116
1.58769 10.1828 4.99862
0.921904 2.84294 -5.25365
0.0502635 -2.29808 2.25054
-0.545897 10.8888 5.73511
-2.66971 -5.90922 7.12922
1.84989 -1.12518 -7.08761
0.309707 -2.22574 1.63015
0.353519 -1.33909 2.26715
-22.1536 3.67017 6.75392
1.07577 11.854 -0.153084
-15.2934 19.3922 18.8562
-0.512535 -5.48012 -2.33413
2.1297 1.83286 -5.78838
-10.4639 0.614167 -8.30601
1.80711 -0.678537 -9.3721
-14.386 15.8092 21.2319
-47.086 34.576 54.5914
-57.2353 24.9377 -16.4941
-18.8241 9.77531 14.896
1.54077 -1.65976 -9.44077
-8.33568 2.23802 -1.59581
-0.827648 -6.307 -1.84419
-3.57047 -0.80938 -6.5514
-9.84384 9.81664 41.8669
0.373667 -3.18186 -0.100824
-0.267732 2.82981 4.39386
2.41958 10.2413 -3.60967
0.360697 4.45941 -5.64161
0.302864 0.255518 -4.4474
-1.11618 -2.57209 6.22344
0.643923 5.27458 7.21929
1.28882 5.51186 -8.24765
-0.545672 -4.05929 1.98682
0.934869 4.97626 4.75825
0.365498 -3.4928 -0.453052
-5.39808 -1.83143 -2.53606
-81.2749 42.8036 -59.0034
1.21098 -1.06488 -4.89026
0.713104 0.474874 -6.47236
-13.4746 50.431 5.18554
0.0012289 -0.919242 -3.0586
0.99037 3.08986 -5.2161
-0.53061 2.12297 6.9355
-0.124817 6.60204 3.55108
-1.44276 -1.84016 2.53679
6.38092 0.799451 -2.06236
-19.1463 0.0477559 3.34385
-27.8786 5.49649 7.0235
-6.87836 -1.4504 -5.16832
15.6279 7.08475 9.17633
-17.3237 16.2986 23.0881
0.341585 -5.49566 -2.55104
1.29074 -4.33455 -9.39728
-13.7754 69.0423 19.2485
0.408582 -0.999897 2.46966
-25.4739 -8.11557 -9.22549
-0.558629 0.306596 10.3472
-3.2401 3.04055 1.81213
-0.221158 -7.3801 -14.8472
1.58778 -3.37038 -10.8313
-1.18209 -4.34986 1.52629
-0.881468 -3.18964 -1.25932
1.22375 6.1545 3.71411
0.00505875 -0.448331 -0.399353
-20.932 12.1262 31.123
2.14998 8.20523 -2.27733
0.0656365 -3.4189 1.66357
-2.38844 -8.01849 8.82833
2.43975 1.14829 -7.50359
12.9687 14.7695 52.6621
-1.10981 -1.41728 2.00137
-5.92853 -1.05531 -1.67227
-15.2452 37.0421 19.2339
-1.77986 -8.47983 9.39951
-26.9784 3.04186 4.67066
-2.06133 -5.70987 6.48012
-4.71964 1.04249 -2.81336
0.612947 1.91279 -3.83391
-43.1092 1.41225 3.74518
-9.59821 1.35665 -8.42125
-1.72621 -8.67749 9.72852
8.13297 19.2218 55.651
-0.810425 -0.810585 -1.56737
-21.2175 2.82718 -26.4696
-4.45602 7.27233 -0.94157
-8.32708 32.0499 31.493
-0.273793 -4.6555 1.06106
-2.6345 -6.81454 6.16784
0.385631 -5.90509 -10.8633
0.938289 -1.35647 -2.83019
-12.8556 13.2693 7.39908
-5.66813 19.0793 3.24858
0.317674 -3.13987 0.443668
1.28323 7.35999 4.55742
-1.4533 -4.44887 4.92379
-1.1625 -3.82108 4.01462
1.22402 4.95648 2.28787
0.918127 7.11465 1.37237
-0.561331 -4.35236 2.05531
-6.54778 -3.06693 4.63213
-7.44327 5.19997 27.3255
-234.217 14.2788 97.8829
-36.5094 33.7929 -24.8337
-53.3221 -2.21445 1.56332
0.919336 4.61101 -3.48395
-1.1982 1.11252 2.57756
3.99001 -0.801988 -4.00796
0.332714 -1.63134 2.42902
3.62134 5.645 -11.8973
1.51905 -0.135642 1.32095
0.915681 0.150625 -0.750483
-0.824347 -10.1168 0.8031
1.5651 7.08637 1.91333
0.905733 -1.35144 -2.55752
0.660589 2.1923 3.71842
1.25556 3.13579 -0.0895303
1.5249 8.27844 3.98704
-28.4147 -9.9092 11.5367
-5.32377 0.239615 -4.95863
-17.9118 15.5135 25.7929
2.10677 2.65118 -7.34794
0.986841 6.56965 6.12498
-3.8984 3.28402 7.2227
-0.282962 -1.71832 -1.84029
-1.49746 -1.07494 4.41929
1.80005 1.69971 -7.13418
2.72834 1.86887 -7.16727
1.24212 1.30964 -2.13715
1.58884 0.0578328 1.056
-1.41959 -0.608083 -6.10275
0.0639696 2.51938 9.918
-0.855229 0.962925 2.13438
-14.3466 14.9775 24.088
-1.15665 0.673814 2.34902
-1.44156 -6.76515 9.40126
-21.28 75.732 43.5372
2.12497 8.48512 -1.06532
-14.0293 8.23146 -9.78166
1.21927 3.44471 0.48771
-10.4698 1.87843 2.94457
-0.518802 3.915 4.04408
-15.2351 16.2174 23.1408
1.2967 2.75089 -0.124368
0.356209 1.60938 -3.09598
-1.45146 -0.336101 12.4226
-16.7888 12.4776 19.2522
1.58433 10.1996 -2.22262
2.11586 1.74143 -5.6117
0.377393 1.6385 5.19507
-18.8618 26.8233 13.6415
1.2036 5.54812 3.15196
-13.7811 19.7685 48.4806
20.4709 16.2685 14.5668
-0.282166 2.94445 10.0248
-19.7354 73.599 98.1234
-8.31501 0.815226 -4.13143
-55.1801 56.7298 15.5911
1.84323 -2.48838 -10.8938
-0.592568 -5.47888 5.00517
-0.417694 -1.26935 0.409328
-5.97151 10.2556 0.504768
0.695055 -2.53791 -4.30123
-29.6475 5.02586 3.53214
0.403942 0.341591 -5.28128
0.644997 -18.6558 11.2212
1.26357 0.454687 -3.72683
15.9892 -12.6132 9.36547
-0.556853 6.98114 7.65679
0.685615 10.7154 2.02941
-9.56038 2.04946 -1.14756
-15.8323 57.7871 36.0435
0.68329 1.9349 3.1039
-16.1535 14.2075 13.1899
0.328296 -2.37091 -5.84959
-16.7551 25.7231 18.2182
-7.15992 0.917613 11.0802
-24.2614 14.2036 28.6005
-8.98181 5.64158 -5.09251
0.624485 3.18168 -2.5429
-2.69438 -0.678752 -5.59645
-27.8176 66.395 -7.43953
0.620231 -0.465975 -6.80954
-8.06307 7.87772 4.9199
3.97182 6.41203 -11.142
-1.1169 8.79615 5.16902
-0.881872 6.91997 7.07212
0.91012 1.71173 -5.52286
1.56755 0.0915551 -9.08298
-4.12338 3.07225 -2.43445
2.41889 10.9676 -0.115598
-0.519707 -1.50436 9.33989
0.64389 -4.89207 -4.63659
1.54379 -3.21364 -8.38451
0.933508 -4.69307 -9.69529
1.50844 0.283378 -5.44466
-5.9551 -9.93034 -1.89654
-74.6689 13.4076 -57.4581
-1.15732 -2.20318 -1.55961
-34.1349 1.33196 -6.34727
-25.4572 12.164 5.08112
-3.24119 -4.52171 10.2587
0.923943 6.06108 6.08014
-10.7897 46.0262 28.8562
0.677721 0.433433 -5.82598
-6.25717 71.823 46.8727
30.909 23.2808 -121.252
-4.4505 -8.22553 8.24719
-4.1236 9.36327 -0.226227
1.20954 -11.1357 -16.0114
-0.878639 -4.99331 6.50741
0.924111 3.80049 3.43587
0.612913 -0.767816 0.724682
0.686236 0.783185 1.91668
-0.211368 8.78956 5.79446
-1.4646 4.40208 10.0097
-1.78181 0.0126079 -12.4707
0.908439 1.97134 1.32205
-5.67883 -5.65906 -5.24322
-0.556028 3.38556 5.16807
-0.123542 8.08345 4.77709
-9.20984 8.28499 -6.91242
-11.398 29.3849 56.1989
0.711113 2.01503 2.48741
-32.078 36.6093 -0.599017
-8.99088 13.04 26.5996
-0.570463 0.340108 5.70497
-1.11611 1.2126 5.15751
0.357195 1.94934 5.27636
1.07483 5.62516 4.28828
-1.43695 -7.02936 3.54326
1.26889 6.74159 4.01154
-12.8672 29.1091 1.77788
-17.9118 33.8665 6.26227
-10.7394 8.08611 -2.1691
-15.8972 77.7599 46.0849
18.6645 45.02 71.5641
-0.574346 6.16641 5.38167
-7.71735 2.08088 -0.069247
2.10102 8.24434 6.81378
0.641264 1.94313 -4.67396
-0.281935 -3.20425 -4.89121
-1.1126 -5.23405 3.46795
-18.5525 24.1879 11.187
2.71562 5.76799 1.4085
-10.1482 0.962228 22.7093
1.54971 -4.0512 -9.43711
-11.9286 12.2202 33.5615
1.24917 -2.89498 -7.61385
1.55901 -2.87512 -8.0475
-4.45525 -4.09821 -5.10004
-20.369 3.91791 -9.32933
12.9378 2.27984 -15.4361
0.320049 0.766537 -4.35889
0.957931 2.55633 1.63434
2.44656 9.97134 -0.3514
-16.1753 80.3924 45.566
-0.253979 4.93501 3.93797
0.321697 -2.56973 1.8798
25.8549 -4.68012 -13.6262
0.952327 0.406939 -0.7937
-1.43532 -6.46321 3.96142
0.973575 -3.91715 -6.82998
5.75175 -20.9962 21.1839
-2.09782 -8.62403 8.90158
1.2145 -3.12141 -0.465453
-0.566371 2.48333 0.453093
0.912045 2.9359 2.1752
-7.74699 24.2931 19.4931
1.0098 0.769679 -0.486928
-0.250202 7.86503 4.27092
0.905055 2.05571 -5.54858
-7.79831 6.47251 26.5146
0.360777 -5.29086 -2.48639
-0.285747 -5.87274 0.925173
4.20002 3.99048 -2.69067
0.00154746 5.31487 8.5531
0.662022 -4.71178 -6.75976
-21.2218 21.9693 14.7046
0.958934 -3.51357 -5.94138
1.25381 -2.20557 -6.34406
0.943086 -0.145919 -1.35316
0.775696 -0.98239 -7.11957
-1.14689 0.0205444 11.9808
-5.97908 3.66812 1.55898
-14.9595 9.32607 7.04944
-81.8339 4.83118 5.65131
-60.5169 68.9268 -7.3882
-3.24239 5.64966 -6.2169
0.668095 -5.21288 -11.7181
-64.1609 8.80266 -19.0947
-4.75933 0.226239 -4.79125
-8.02535 98.1797 83.0978
1.55397 -1.66338 -8.56169
-25.7187 15.0846 -17.5902
1.26213 -0.168759 -4.34067
0.64533 1.56365 -5.91868
-12.5634 26.3947 54.0135
4.24987 -31.7616 7.77196
-2.09932 -4.73073 5.33115
-8.38028 33.3751 31.5988
1.23601 16.399 31.3522
0.968218 3.75228 2.81852
0.937198 4.29336 3.7513
-19.4223 50.6293 31.0857
-0.247161 0.261594 8.344
5.73923 -1.50271 2.01428
-13.4151 16.7193 35.7181
1.5582 -1.71014 -9.69415
0.328987 4.30796 8.74711
-2.65489 1.44953 1.06008
0.616781 4.41072 -1.72315
0.389929 8.94661 7.05217
1.54225 -2.83325 -9.77774
1.80307 -2.04846 -8.09504
-0.851742 3.29853 3.53883
-47.6677 5.74304 -4.30493
0.680089 2.21541 3.40613
0.301174 -2.40303 -4.84848
-35.9887 7.97765 19.7301
0.668138 -5.23796 -5.23544
-0.884464 -8.45997 2.63567
0.634217 -5.25413 -4.95113
-2.91206 9.47924 10.7338
-14.0575 38.8526 27.5266
10.8731 -2.87336 -11.2018
-6.54139 4.89167 3.23186
-26.0195 7.44029 12.4905
10.2011 18.3172 52.8239
0.368648 5.61313 9.36261
0.0526301 -8.52898 -14.2183
1.36524 2.91562 -2.00487
-7.72363 38.6072 30.578
0.0854215 -4.32569 -7.06725
0.106677 -4.26876 -6.75351
27.3436 23.4697 58.7055
0.629945 -5.47902 -5.23359
-5.9901 19.2951 22.4662
2.31068 6.37492 -3.31062
79.2345 12.768 -46.2278
-4.42829 13.167 3.1125
0.661538 -5.6738 -6.82239
-0.287734 -6.96128 -5.11761
-5.03157 -7.35683 -4.40075
2.1296 6.47228 -2.51543
5.12451 7.35836 -0.497721
0.722485 -3.46647 -2.8981
28.5084 14.8383 -90.0948
-7.43092 15.5211 1.86659
0.920924 -4.11464 -5.80122
-0.514973 -8.54961 4.51904
1.80708 0.173576 -7.6458
-0.110591 -5.2996 -4.1906
1.25953 -1.96973 -6.18529
-11.0273 -2.26615 -0.850377
0.601099 -3.4601 -2.56794
-0.226663 9.79047 42.8475
25.5783 0.47823 -12.2866
17.7303 -0.0313277 -2.11569
1.52149 8.25872 4.28723
1.21813 1.28029 -1.68266
-17.0254 20.9682 15.9982
-8.69742 36.8437 26.7604
1.20277 10.5178 -0.854264
0.308237 -4.67131 -8.81819
-9.21544 -0.66041 2.11268
-49.4922 26.2733 -10.4358
-19.7213 50.4296 32.3935
-8.36341 4.48998 -4.4793
0.716178 2.49908 -4.116
0.97406 -5.36522 -5.48886
-13.4382 7.7717 -2.22973
-8.33302 19.5132 22.3584
-0.28094 -4.29696 -4.32839
2.44887 10.5316 -0.826603
0.326801 -5.57149 -3.75872
1.39783 -4.284 -9.14656
0.335746 -4.58092 -8.34644
1.53547 -2.54254 -10.0399
-3.55713 6.27935 -0.560493
-8.68931 18.2121 52.8597
0.0525782 6.27787 7.6966
-19.4572 36.104 15.7928
0.38643 -5.8196 -3.82216
0.602663 11.1034 -1.08388
-25.1443 6.09945 -13.0271
-16.74 55.3678 12.012
-15.8653 6.913 9.96459
0.364234 -5.89858 -3.40915
-0.268767 -4.22492 -5.63063
-0.886064 -5.37182 -6.05749
-3.28011 -4.47573 -4.63364
0.163423 -0.568563 4.29633
-24.242 28.9899 19.6713
80.4635 27.931 -47.2144
-23.0228 59.3514 42.8023
25.8737 -2.15962 -12.9746
79.8658 5.16135 -44.0653
-2.92495 -6.89275 9.26836
-35.6179 33.4896 -18.2174
-7.7129 20.9126 29.4738
2.73423 5.92903 0.987526
-86.0343 67.1062 -38.8505
-2.39368 -7.4789 8.83704
-68.6648 28.9156 -37.8073
-2.07574 105.041 43.2607
2.47843 5.06543 1.65412
0.0784622 -3.31703 -6.16239
1.52129 3.11458 -2.03684
2.16554 11.1308 1.2591
-44.0952 37.6336 -15.1232
-0.249353 -6.98698 -4.95953
-0.257583 -3.86122 -5.9514
-10.116 6.32694 5.70904
-0.242891 8.75936 8.02028
-2.34553 -5.4211 6.39886
-10.4928 9.73581 -4.14875
0.917316 -3.50756 -5.29155
1.55123 1.32524 -4.96719
0.686942 9.1924 8.23659
1.27401 -3.06905 -7.86777
1.57237 -0.71752 -7.62457
-12.5479 13.3559 6.64871
-0.491415 -5.47147 -5.19812
-4.7953 1.99803 -2.35049
-12.2703 0.796889 -12.4085
1.22515 -2.29396 9.37817
0.92241 -5.50074 -7.89039
0.412472 -2.578 -8.19789
-16.4914 51.7679 31.3338
-1.12621 -8.50758 4.89765
0.0887658 -4.35471 -8.00019
-0.863043 2.345 8.8314
1.01433 1.04469 -1.94926
0.601435 2.59265 -2.83112
-17.9433 3.65855 6.58892
-0.29524 -1.20247 7.33274
-7.74572 38.0202 28.2637
1.27134 5.54063 2.57611
1.80071 8.31713 1.37068
-20.3292 14.9804 21.6637
-0.230665 3.42381 4.71249
-25.4174 5.30267 -19.525
-2.08268 -0.778392 -6.05515
-0.539735 -7.88293 -6.17001
0.378406 -3.72864 -7.90206
0.970003 1.31856 -7.03069
0.311433 -1.59135 2.81412
-9.87541 16.2874 25.9725
0.478902 5.39377 1.82691
-1.42131 2.02661 -3.4935
1.87287 7.35094 -0.682163
9.91661 23.1419 -21.8838
-9.89106 7.08958 -4.11679
0.781553 6.37294 1.28383
0.791444 5.00736 -1.06078
0.168662 -2.8517 -6.33487
0.386395 -3.35807 -8.01257
1.80737 1.2709 -7.08411
0.353446 3.19558 7.31582
1.24548 0.40829 -3.5313
-4.47414 -4.02881 -5.0325
0.968506 6.82423 1.41051
-2.91441 4.23439 1.40893
-20.0445 10.5317 -6.24809
-15.515 47.3508 33.3902
-22.1954 28.7791 11.4048
0.612183 1.94704 4.99804
6.38593 -2.99831 6.70758
-9.83153 -6.67582 4.98906
20.7853 15.7216 -2.69528
1.204 4.01783 1.36522
-22.4571 24.5041 16.1107
1.28549 2.59617 -1.03824
-0.883939 -8.60311 3.83594
-11.3745 38.0774 40.4651
1.20806 2.47867 -0.386222
-2.65057 -0.729112 0.258382
-7.76387 84.6386 45.82
-1.4753 -10.2992 2.31153
8.11202 13.8861 14.463
0.935826 -4.01232 -8.33638
-2.93876 34.0989 39.1489
-7.12676 1.40318 -2.23194
0.960309 8.3079 2.5348
37.8044 -20.2358 -0.887388
-8.96425 45.7903 35.457
-57.8501 82.5932 26.5719
6.64207 -35.4732 -31.0994
6.97684 -2.9079 -13.9173
-18.2386 25.3754 19.2063
-49.1652 5.4191 -27.4819
-17.0457 1.35848 6.88119
-81.2157 19.6065 -18.3277
2.71395 0.533059 -4.02243
-12.2141 12.2371 28.0432
-0.25674 3.46434 4.8752
-9.81762 14.7857 26.5208
-12.553 43.0673 14.4283
-12.5247 8.42483 -4.3651
-21.54 4.62301 3.46005
-49.7677 -2.37414 -3.69355
-18.5431 75.6618 -10.6862
2.14472 6.70469 -3.58342
0.970089 5.19997 5.36314
0.0340785 9.81667 4.89327
-4.41356 -1.17923 -3.04641
0.311519 0.746063 4.69974
-12.5584 85.9016 47.371
0.0796554 -1.00647 4.62466
-8.97089 17.6912 24.0992
-1.4779 -5.35889 -1.21689
0.600474 8.17491 3.18164
-15.8092 51.0424 -10.7054
0.033064 3.99913 2.29897
0.306987 4.68647 9.73483
0.337814 -3.45487 -0.128317
-11.9696 38.8359 27.9602
-0.883 -6.80241 -4.56891
-20.9301 26.8315 11.8729
0.306361 -0.413099 2.73549
0.679906 3.274 -0.307708
-4.41555 -4.74687 -2.15047
29.7485 48.2051 -103.656
-18.542 30.4578 16.2083
-0.270142 -5.925 -4.44016
-0.81181 1.98748 8.74415
-2.37718 117.716 89.4423
0.914383 0.674585 -8.31799
1.57653 -0.156654 -7.36315
-5.31759 0.224738 -7.15389
-0.891703 7.2537 7.55668
0.343673 -0.198393 2.86636
-0.244971 8.4372 1.31987
-0.275677 2.84252 -17.877
44.4416 -42.7389 -63.0618
-0.182976 3.80465 2.48943
-19.7825 74.5019 47.6092
0.375829 2.00356 5.89273
-13.7134 39.4291 17.7324
24.0368 18.638 12.0686
0.467505 8.31029 3.39687
0.978656 6.10919 5.23552
-22.4811 25.1824 16.676
0.90846 -1.0543 -2.23475
0.707473 -0.231157 1.3295
-1.19147 -7.05542 6.43917
1.24785 4.28808 1.30691
1.36759 1.36105 -2.47676
-0.282022 0.530147 -6.44676
0.947682 1.06777 -8.47384
-4.75885 0.854839 -2.88426
0.685005 2.30599 -5.81475
0.728533 -0.522629 0.370015
0.312087 0.708225 4.02457
-17.9843 30.0053 15.8581
-9.23284 2.636 -3.48231
1.20478 -2.23989 -6.11247
7.53341 13.7477 48.0496
0.682797 -6.7478 -11.7812
0.610667 5.49411 7.95221
0.704111 7.91422 2.30393
0.705994 6.42055 -0.178892
1.25047 3.38236 -0.087044
0.613914 5.48944 8.19188
0.0560612 0.137467 6.44268
-12.515 6.83891 -1.67447
-1.13359 -11.705 1.2961
0.722185 5.01084 -1.2832
-18.2904 16.9023 21.063
-0.211305 2.93351 0.0269894
1.27716 4.7396 1.72322
0.903972 4.98211 4.95749
6.03541 32.5513 63.4503
0.608707 13.2855 11.0255
0.617953 3.69374 -0.710736
-16.7301 61.0718 37.0794
-8.64052 -1.62562 -6.4469
-1.17896 -10.5799 3.06314
-4.73369 12.7967 3.5326
-8.39896 8.38884 -2.25682
1.2302 1.37577 -1.98895
-0.809851 -7.28667 2.89188
-72.8787 11.5151 -48.2271
0.977924 1.26097 -10.2801
-5.68414 8.12751 -2.24741
0.646069 1.69573 -4.89313
0.982631 -1.69361 -3.66751
1.00587 5.76967 4.39071
-0.591309 1.10325 11.3259
-2.64022 -3.5674 -0.95775
-12.8772 95.9441 17.1097
0.948917 3.79923 3.09745
1.87451 8.88093 1.36038
1.8903 7.28976 -1.00798
-0.829364 1.08335 7.98952
-6.81078 11.2949 -7.20693
-0.894696 -3.42094 -3.92642
0.604601 -2.27069 -8.57773
-36.2967 33.3919 15.0609
-0.547292 1.18738 0.963345
0.665066 1.38061 2.2054
-1.49543 -5.74079 4.70923
-5.36761 -0.66417 -3.56072
0.610154 0.234783 1.37062
0.495884 1.62467 -2.09116
-0.812067 1.35044 11.0093
10.8427 33.9266 63.9876
1.85898 12.3528 5.54609
-6.84748 -4.13506 -3.25992
18.0065 21.2325 -27.8388
-47.0174 38.6599 -44.4194
0.0136131 -1.02715 -1.74677
-9.23049 7.98706 4.79797
0.323 0.702094 4.31452
-1.14262 -5.55231 3.45892
0.00307003 5.16564 3.24378
0.300576 1.93332 6.52989
-0.877375 -7.51462 1.99003
-4.73231 -1.22565 -5.38057
0.667664 5.59665 7.68662
0.949096 -1.05203 -2.55557
-17.0856 65.9421 49.3191
-2.05782 8.32265 1.34976
-0.844932 -9.7332 2.14599
-4.19456 -8.36651 9.39314
1.31426 5.30782 2.22048
-3.53077 -4.78534 -1.138
0.611564 2.84427 4.3839
-2.66525 -0.508568 -0.351743
0.968443 -6.96887 -13.0247
-1.11505 5.01272 15.5883
-24.8744 28.2719 -14.1954
1.59073 8.459 3.79559
0.945722 -0.809213 -2.27824
2.12288 8.55481 -1.34089
-48.2717 49.6079 -27.1342
-5.96857 7.25929 -1.73407
-3.81687 42.3252 45.2748
1.60643 7.95059 3.41992
-18.5605 29.3143 12.5662
-9.26418 16.6509 23.5379
0.675775 5.60428 0.805484
-1.19021 -6.20176 -0.261304
-1.43744 -5.68887 -1.51302
1.21902 0.964107 -9.52177
-0.542728 -4.94616 -3.21293
-7.15962 8.55618 6.9753
0.0298015 2.23158 8.71881
0.627599 2.23565 4.34798
1.57308 7.9381 2.86006
-11.6763 78.4828 59.0755
0.63131 -5.78521 -5.54733
16.5154 14.7476 49.0373
1.28233 -1.72526 -6.5221
2.10957 5.92667 -2.52879
1.56612 -1.90202 -4.82007
0.703372 2.52187 -4.36005
0.00273171 6.00002 8.10425
1.2034 8.24738 -0.750777
-0.551246 8.17427 1.73749
-18.8247 28.0013 19.4838
0.919178 8.7728 3.32257
9.32935 -1.60956 9.42515
-20.3634 51.5839 29.0165
1.22798 2.32242 -1.31017
0.651516 -5.50868 -5.55967
0.674932 3.73889 5.46271
-0.591058 -0.865804 10.7139
-8.62728 21.3946 2.25992
0.0839345 7.00363 7.67566
-39.2234 39.9439 -2.92004
0.365577 -3.80281 -0.826536
-8.6966 17.7647 36.3237
-5.68619 1.05492 2.58453
-4.4513 -2.75515 5.17786
0.347264 4.82405 -5.20831
-41.629 -10.2827 15.0118
-3.28291 6.76147 -0.0801474
0.651659 -3.12946 -2.56282
2.10706 3.55124 -5.43823
0.347131 3.96124 4.31866
0.783275 4.96984 -2.09304
15.3615 14.2891 52.1274
-9.82685 34.9781 6.57992
-45.8868 5.369 22.7363
0.942618 -1.48163 -10.0958
-0.853916 6.76443 6.48626
-7.46155 30.0843 27.3314
-0.879369 8.00064 3.58139
0.765736 2.02307 -4.85684
-2.98719 0.234684 -4.86607
7.56594 -4.54245 -1.24713
0.00907579 3.17542 8.05251
0.6617 4.10766 6.06827
-2.37706 -18.9232 12.7001
-5.61602 0.655298 -4.66348
1.22098 -0.364632 -4.51555
-4.17676 -8.6019 11.4525
1.70253 11.3612 0.384172
-5.95889 1.95484 -6.82037
-3.27559 24.5949 16.5926
-0.25334 1.3677 -7.44779
-9.57653 88.0069 16.2579
0.602041 1.69316 -4.57721
0.60951 -1.02615 0.442792
1.83615 19.7286 -8.45633
-12.5647 2.69986 23.9472
0.39082 -11.6266 -16.0853
2.43099 -0.589525 -9.71776
-15.51 2.06311 -11.0515
-15.8412 51.1311 38.4486
-10.4795 8.7395 -2.72022
1.03801 0.747789 -0.696307
6.67285 9.34373 19.7044
-5.91005 5.10171 -1.8776
0.946386 5.5581 5.42884
-23.0619 23.9136 11.5317
-0.914398 0.899892 7.59242
0.315032 -3.93193 -11.7686
0.626568 2.54227 4.35779
-0.205487 4.64794 3.1438
-0.825464 -7.37135 4.0456
-13.1823 25.4681 18.9712
0.922741 -0.448789 -1.6262
-8.03656 112.7 85.6154
-12.8824 107.633 83.962
-8.02554 114.933 93.1095
0.676976 -5.72837 -6.95665
0.965766 6.69737 -13.3499
0.613711 6.49139 6.76375
-15.2129 61.1043 17.3106
-0.288809 -4.09119 -4.7975
0.35441 4.07445 9.02986
-3.48588 0.129233 -4.72597
-1.12766 8.00835 3.63238
-0.42366 -2.0156 2.48699
-6.25058 9.49035 5.42413
18.9339 20.8726 59.3588
0.337435 -2.23788 1.34418
-1.47976 7.1204 4.09445
-63.5879 8.52799 5.47587
-1.06222 -4.9677 -0.503778
-7.47693 7.66719 -5.36267
0.314427 -5.82787 -3.13547
-8.93199 -63.5175 77.0343
-0.815192 -7.39512 3.85091
2.14144 7.86356 -2.18528
-0.245233 1.34138 9.96394
0.929212 -2.00399 -3.43193
0.903497 -1.87749 -3.13311
0.032958 0.738502 2.69096
1.55588 7.36262 2.2778
-1.11836 6.98653 1.84603
-2.99628 1.89459 -3.06796
0.333338 8.75454 3.97927
2.77156 10.4731 -2.86198
0.494092 0.801187 -3.26565
0.61569 6.7475 2.23644
-0.483142 3.24239 9.71355
1.5533 -1.60457 -7.81844
1.8166 0.634062 -7.12932
0.993761 7.5581 1.9074
0.322329 -0.46537 4.77331
-18.8733 36.6444 13.6062
-9.27217 0.394294 -4.1012
-18.2582 16.3905 22.756
-3.52215 2.33008 -1.9599
-7.4533 23.1677 19.4546
1.9228 10.6311 -1.3007
0.372154 4.16795 6.95997
0.40282 -5.22111 -2.27935
0.95778 -2.04082 -4.99734
-0.846896 3.5732 9.10752
-11.0728 38.3082 27.6941
-0.591097 1.61894 10.3161
-4.48275 11.0878 -5.01614
-4.73005 6.5249 3.95159
-15.2309 46.7444 28.2608
0.696151 1.71208 2.82642
-8.07368 23.1221 30.1061
0.379726 1.03959 4.68168
-0.598581 -1.63328 2.16794
0.653809 4.69676 6.7091
0.382379 -0.0966494 2.28105
-3.28778 100.572 36.3201
2.1889 8.51557 -1.6107
0.605019 4.12162 5.84762
-1.16207 1.57439 -1.43335
-14.9756 26.3383 24.2408
2.18004 9.16099 -1.06157
-2.01065 0.241266 7.17211
1.68357 10.5511 0.336885
1.23823 -2.94918 -11.648
2.73212 15.668 2.056
-8.68081 -4.29343 3.58342
0.320437 0.131825 4.69988
-9.29147 12.2223 -4.61697
1.21553 -0.776682 -4.6461
-100.426 23.5214 -56.0267
2.41689 4.98028 -5.68662
2.18925 14.0394 52.1507
-2.97626 -4.34598 -1.29888
0.0491553 -3.14715 -6.0329
1.5157 3.40874 -1.9864
0.0459681 -0.247271 5.7675
0.315704 -9.56004 -14.7959
-59.3623 30.559 -27.5055
0.636906 0.187819 -7.29704
0.959387 -2.0196 -3.70633
-6.24554 1.13552 -4.64069
0.0282884 -8.40877 -2.61201
0.0826049 3.58302 -4.98579
-15.2317 24.551 15.7916
-6.21476 2.51967 0.715066
-7.16201 10.2393 21.7178
-0.853434 -7.10825 3.19098
-8.0884 30.0946 31.6288
-6.59946 -4.01524 -5.11967
9.05348 33.5695 67.4762
-10.464 13.3397 46.7316
-17.018 61.0504 71.5505
0.511429 0.403578 -3.15938
0.630609 1.35679 -4.88171
2.17191 14.2341 49.782
-18.5416 45.9372 30.5363
-5.3161 7.70351 -1.70724
-1.75405 -9.73422 10.5032
0.369056 -6.12012 -3.48723
-1.76539 -3.00743 13.3614
0.667308 10.7489 2.12555
-2.66302 7.993 0.991139
0.411829 8.50338 4.44516
10.2226 9.67509 -36.0751
0.967219 -3.56665 -5.46374
1.55186 5.80624 0.496385
0.907625 -2.18735 -4.60804
21.0609 23.1444 -27.0521
-18.2925 54.6763 30.5009
2.14751 9.72947 -0.0740848
0.968981 -1.35658 -3.11494
-0.560196 -6.05158 2.4888
1.36558 0.270972 -2.1902
1.51943 -0.822154 -7.37965
-0.560603 3.69694 3.33854
1.25588 -1.22537 -5.78064
0.00746624 -0.143515 5.60021
0.614749 -7.23921 -3.54836
0.190243 -2.96351 -5.03223
-1.15414 -10.8548 2.10311
0.0163 2.91446 10.8388
1.5055 8.21791 3.71212
-3.25532 63.8926 1.98121
0.334221 -5.57093 -3.06782
-8.09754 32.1867 28.4563
-11.3667 60.4804 -4.32339
-16.7437 15.2991 23.6532
0.950283 5.83937 -1.63116
-1.17005 1.31754 10.3967
2.10399 8.76807 -0.704771
-1.1715 14.3132 5.33735
1.52537 -0.156571 -7.09043
0.923199 1.81812 -8.79675
0.312956 1.94867 -8.55203
0.978137 -2.16169 -5.19427
0.0308952 -3.18158 -5.84322
1.54249 3.45578 -2.20596
-15.5408 35.5083 60.1847
1.61197 -1.05231 -9.34469
0.613623 5.43757 7.43134
-0.275533 2.87024 6.45945
-0.207592 1.3347 9.1923
0.0503178 3.08992 9.27034
1.2032 -2.81441 -6.1487
9.60262 -0.887393 -6.85894
1.20438 6.99653 4.93305
-21.8103 -0.227133 3.45271
-0.882689 -4.12677 5.29079
-13.4847 63.5754 12.2224
0.0501276 -1.88926 -5.25792
15.6906 13.1511 2.43014
1.81646 -2.49151 -9.43016
-0.537268 4.60569 6.64172
2.48831 11.4007 -0.635545
-0.535985 9.08171 5.32466
0.402054 5.28749 1.27648
-16.4401 77.3739 38.1832
0.705709 -3.20442 -2.26564
0.301013 -2.79645 -5.21804
-0.29409 13.2175 9.90675
1.01803 0.172723 -1.38601
1.50237 8.04809 8.10715
-40.7594 17.0256 -18.1779
-104.91 90.5581 -80.0559
-17.0566 17.4982 23.2869
9.01377 -7.19274 12.5704
-1.18412 -8.27752 2.58357
-5.39473 2.50316 1.83858
-0.818151 -6.24449 2.93855
-0.835504 -6.00852 3.21544
0.370011 -9.26356 -12.9917
2.43619 10.0874 -2.27845
-12.2749 69.2683 9.06819
-7.7274 9.09435 -4.41723
-1.79457 -7.01539 -8.81947
-17.6118 15.9726 23.5802
0.343167 -6.54254 -4.08583
2.17073 7.41983 -2.07652
-10.1154 9.02903 3.56719
-1.447 -8.13655 7.95817
-2.06942 -6.17908 4.68386
1.01809 6.20279 -1.90491
-5.36931 35.7141 12.0659
-3.53207 -6.42475 -4.87544
0.933896 6.09197 -0.543419
-20.96 10.2133 37.1691
-0.817015 1.61716 7.10242
-8.94353 41.6225 36.3206
-14.3534 53.8032 11.0434
-11.662 11.2988 -3.64474
-0.572238 2.32319 3.93173
-19.7379 60.3967 36.9384
-12.8572 19.6864 18.2272
80.791 0.175854 -55.4166
-14.6132 61.5327 3.45012
1.21293 -2.60839 -6.14772
-15.5596 70.0239 7.12322
-14.0672 16.9995 46.8294
2.43895 11.3283 -0.656944
0.330636 0.111522 -3.79054
0.952387 5.18152 4.68376
-11.9885 60.3284 24.6617
0.66086 -5.89188 -6.21088
1.2161 1.90618 -1.31722
5.12462 7.67003 0.13023
-6.81942 1.48499 1.90131
-6.87786 7.47404 25.7985
2.74504 8.48712 2.45661
0.051614 -2.27173 3.59175
1.82346 8.28505 1.08245
0.611227 1.98499 3.79939
0.903928 -3.72095 -5.49294
0.957098 -0.386142 -3.46648
-14.3672 46.8818 7.81916
3.31555 2.28657 -3.88216
2.18214 7.05821 -1.9972
-17.9844 49.5965 28.0079
-20.3609 26.1525 18.1789
0.0733381 12.4834 7.23811
-15.8907 46.092 21.4853
-8.32724 18.8272 22.9563
1.82677 7.87595 0.52294
-10.7653 10.5128 -8.04419
-6.89836 17.777 20.0276
-4.71779 1.54679 9.63462
-44.3762 27.9888 -3.31442
0.702613 3.44029 -3.4706
-6.59025 7.79299 -2.38905
-20.9922 10.9425 -9.60797
-0.829836 -2.0868 4.34764
-2.09571 -5.38546 11.7129
-0.552163 -4.49482 -2.40386
-16.4556 24.3864 17.2046
-0.767379 -1.31654 4.20018
-0.568964 -6.81831 3.65739
-19.4887 15.5264 23.1568
-9.23544 30.7674 36.2661
-8.95184 19.9754 16.7658
-6.57263 0.4936 -2.27249
-11.6297 32.94 24.2358
-0.274628 -3.20634 5.8283
-9.58735 32.6355 35.5477
-7.49278 21.4275 21.7387
-11.3554 10.4245 21.6597
-8.32717 19.5154 25.7706
-6.51906 28.1856 25.8613
0.329189 -7.06085 -4.56731
-8.61319 17.3234 5.61591
-8.08027 34.7955 32.2911
1.82427 -0.151498 -8.82119
-0.810273 -5.4305 2.54695
1.36529 0.0566198 -2.6163
-5.92494 1.18302 0.284893
-20.3818 45.011 10.9836
0.954605 -8.4656 -13.8003
0.0745341 3.06008 8.74718
-18.2422 48.2061 27.1284
-0.276177 -3.10204 4.02446
0.0125241 -1.33539 4.0914
1.81971 9.94653 3.08066
-0.234683 0.237237 8.76474
-3.88272 -2.40616 -6.48879
-4.12816 0.355744 -0.0956432
0.606534 -2.57994 -1.67115
-11.321 64.6193 30.2085
-13.7445 16.3896 45.6824
0.97186 0.469521 -13.9502
-11.9242 33.7973 24.9172
-0.533787 2.35518 10.7935
-21.5849 30.7596 19.5433
-20.3249 30.6653 16.87
-13.4096 27.8696 20.6148
0.380818 8.20571 5.20299
-10.4392 8.68081 -6.54138
-22.4136 25.8653 11.9595
-0.596456 -1.42081 3.49292
0.662678 -0.703646 -10.0835
-3.54516 -11.9353 16.8767
-6.54723 14.4571 2.69958
-20.9801 16.3204 23.036
1.50686 10.1084 1.74689
-0.812736 -4.51741 -7.56144
0.916721 5.48606 -3.14676
-1.47899 -3.40483 11.0611
1.21605 -1.99166 -5.15892
-0.862025 -3.05191 5.54841
-0.527733 -4.24322 6.10528
0.324273 0.135983 3.50534
0.10299 -2.8137 3.45439
0.0733149 -7.44978 -7.58075
-21.5299 106.926 -39.9825
0.066585 -8.08602 -8.69952
-9.209 18.53 24.2514
2.45337 7.36654 -2.24399
1.0827 7.94534 1.9636
-3.50981 3.93928 -3.33797
0.725873 0.216341 -6.47317
1.23002 -5.17908 -9.23152
0.022174 6.99847 10.1892
0.697411 4.35819 -1.41711
0.329918 4.67784 6.21041
0.0567672 3.63712 10.0766
1.84922 -2.04219 -9.63217
-5.69468 1.53652 0.0812675
1.53866 0.503829 -5.49301
0.671381 3.61854 -1.30546
-15.2521 17.5095 21.3921
0.702985 -3.81468 -3.11534
-1.4976 1.49985 2.31026
-1.43843 -3.7012 0.751656
2.47275 0.0788061 -2.73147
1.81755 -3.56427 -12.4206
-13.4993 62.7862 7.81669
-1.48607 -1.09099 3.14894
-8.98527 14.7567 23.1338
-8.691 26.5164 24.7086
-3.52794 2.61353 -1.36665
-8.39123 38.318 28.2956
1.62859 8.46255 3.39526
-21.2998 30.7887 19.41
-0.580458 1.41264 7.42726
1.23661 -0.849263 -6.14145
-7.19013 9.73137 -4.17527
0.919452 1.11109 -9.72218
-7.41473 18.7988 21.183
-17.935 44.9934 25.0793
-0.87356 -5.34265 3.92398
2.14375 12.0479 2.63432
-8.09039 24.2199 20.7472
-14.9667 78.9342 74.1347
1.32674 4.37019 1.13932
1.02161 3.52951 2.47931
1.24584 -5.07971 -9.52141
-51.22 54.7388 17.7622
13.257 13.5864 53.6102
-17.9986 15.3687 23.3664
2.45626 7.56338 -1.11051
0.702965 -2.19536 -8.78734
-19.7298 29.9188 20.1628
0.465552 -4.85947 -7.56129
-8.65823 20.4817 23.9889
-2.39131 1.52999 1.01611
1.29086 2.08318 -6.75424
-13.7478 4.6757 23.8275
-47.0717 43.0889 27.9837
-19.1508 34.8576 8.93321
-13.1754 18.7977 19.009
0.975259 -3.41171 -8.76402
-19.4698 28.474 19.005
-0.259256 3.11281 10.0297
-16.7796 19.6131 49.6646
-3.5719 -1.36404 -5.30073
0.39035 -6.40215 -3.84611
1.06867 -1.83799 -2.32411
1.27835 -2.45606 -7.14708
0.0296177 -0.665045 6.45093
0.729092 -3.11228 -2.76723
-23.9181 16.6994 22.2861
0.789135 2.51187 -1.31102
5.42003 6.7668 -4.57662
-4.47343 9.71963 -0.207594
15.3798 -11.2878 1.62266
1.52497 5.28096 -6.44105
6.01145 4.27952 -3.23038
0.373926 4.55226 6.40345
-11.381 49.122 19.7031
10.5428 6.03417 -10.6467
-0.546346 -4.05549 -0.813216
1.26724 3.42763 0.181373
0.62358 1.69905 3.42017
-43.167 24.921 15.6164
1.27273 -0.796787 -4.97208
-9.83312 2.44421 0.941529
-8.97861 2.89719 0.833212
0.327867 6.4244 8.79963
-33.2395 11.8989 -6.14132
0.652077 4.3218 6.77757
0.341892 -3.39766 -6.82494
-2.02572 -9.11894 9.0397
0.344877 -6.20175 -5.77867
5.11453 13.1467 6.26055
-0.820456 -7.60293 3.98819
0.616244 -6.10248 -6.71137
-77.3729 33.4872 -61.512
-18.5382 63.8966 45.4947
0.393064 -1.07542 -6.71111
-0.875103 -4.65364 3.06147
-3.57439 -0.816921 -3.04209
-0.572345 1.71091 1.30169
1.88049 -9.22877 -3.08831
-18.5767 22.8366 15.8127
-12.2708 73.9802 14.2791
6.91459 3.22725 -4.16601
-0.23837 7.87015 4.9392
-41.3999 0.454241 -5.87753
-8.31129 18.9173 25.8259
-8.34793 19.4142 20.9157
1.26779 -0.2206 -4.17113
0.652592 2.3549 4.66156
-8.32722 16.8607 20.5262
0.4941 -2.64215 1.52501
-8.33785 9.29631 -4.8296
-0.823755 0.727565 -1.54854
-5.03004 -1.0715 -1.93278
6.34607 22.4985 -3.5661
-19.4689 10.2608 -5.78673
1.28553 1.64301 -2.30104
13.268 -15.4671 -0.433614
-14.9951 21.7696 47.6431
0.0281046 -0.556731 7.6316
-0.541147 -1.95912 2.12965
-18.8471 -3.08913 0.742087
-5.08384 6.76545 -3.3902
9.93483 6.389 46.0289
-2.96915 5.95638 -6.66937
-0.592038 1.32595 11.2071
-0.847401 6.36142 7.23727
-18.5968 32.6646 16.9605
-3.86678 -29.8919 -32.3097
-2.63756 7.97056 3.5106
1.83342 -3.54025 -12.2393
-11.9549 3.43085 4.39735
-17.3953 7.2647 -3.35951
-0.538686 -5.03749 3.1034
0.335652 -3.66654 -0.409394
0.348038 -0.826782 2.78661
1.58088 0.03327 -8.57981
-11.9784 -12.7975 4.45453
-18.8976 34.5167 10.6754
-11.917 37.6993 61.7995
0.33507 10.2142 3.6346
-4.42194 -0.906337 -6.53625
6.97297 22.3281 -7.85192
0.00526443 -3.551 2.5139
5.11979 9.60141 47.7686
-7.41265 126.058 102.773
-7.74565 11.8472 45.0114
-10.1115 10.651 43.3777
-67.4794 43.8779 -55.8135
-15.8568 59.0727 16.0156
-0.887262 -5.1977 4.95425
-13.7232 77.0898 58.6542
-23.3981 25.0177 12.3994
7.86217 15.4181 51.9734
-10.726 43.5656 -5.61923
-2.05854 -7.84465 15.9089
2.43973 9.54389 -2.47517
-0.562543 2.63978 9.99974
-26.326 28.3116 -9.15886
5.43078 15.8425 52.2987
-0.241003 12.9172 46.1545
4.85054 6.1923 44.392
1.21134 8.3053 -2.28021
-0.229794 -1.44854 6.09759
-16.1733 17.953 20.6368
0.662506 -1.76191 -6.26983
0.0356534 -7.02143 -6.91985
1.51439 -0.374198 1.23841
0.794081 8.81194 2.84387
-4.71421 2.43482 0.101647
13.269 42.1558 -4.27001
-0.598832 0.664919 3.46767
-15.8598 12.7959 -12.8066
0.930168 -4.92024 -7.18692
-22.4524 24.6698 -1.94234
-16.1721 8.3524 -2.13088
-14.0622 44.8382 19.4192
1.24088 -4.33006 -10.4043
-12.5751 80.9904 61.4375
1.27551 9.87158 0.448246
-7.19096 7.31282 -1.62491
-5.0351 13.7345 3.11141
81.6123 18.3382 -55.5148
0.341665 -2.52079 -5.84901
-19.4592 26.8324 13.4962
2.5763 9.04774 -2.33947
-175.477 69.7558 -86.4919
0.966334 -11.6566 -17.4443
3.33434 9.89362 3.8572
-6.50913 8.91752 25.7344
-0.855732 -4.53945 5.30684
-47.6754 34.1099 5.75891
-20.0364 28.8117 15.7049
-17.3607 79.3065 99.0216
-22.1487 18.2006 14.3648
6.34829 8.00709 4.54523
0.763464 2.36173 -4.06338
-21.8509 13.0715 31.6224
-6.52804 4.38458 -7.43262
1.52772 -3.2466 -10.3971
-0.213374 -1.79802 3.06143
-22.7235 13.9164 28.7829
0.638048 -0.192442 -7.18927
1.22089 6.51583 -7.10637
11.7644 -15.2238 -4.16284
-4.70932 2.94564 0.472388
-29.9591 10.228 -19.6624
2.28235 11.0702 1.25757
-13.7812 15.9155 23.7666
1.58626 -1.94265 0.0160458
5.47092 -0.747253 0.583902
-22.4499 13.2543 37.937
-15.5541 24.3964 17.6193
-16.1766 55.8534 13.4875
0.778475 4.11095 -0.889185
1.5369 4.76638 1.48502
-9.8383 38.1498 27.774
10.5894 20.8438 56.8308
-4.46175 -1.66945 -1.2561
-2.39499 -6.72388 6.66431
1.0729 -3.50857 -4.94786
0.705944 -0.0971655 -6.46907
-0.231746 3.33768 8.80956
0.97948 6.17069 5.81348
-20.6812 2.80747 -1.3468
4.24561 -23.2759 -34.579
17.7573 32.1044 62.1691
0.780888 5.84128 1.27806
-0.256329 -4.12842 4.64482
0.963144 5.92764 5.59015
7.80882 20.1551 53.6588
0.0579862 -0.658977 5.53268
-0.578242 0.757243 5.51357
-0.544853 2.16512 9.09599
-2.09077 -7.34295 5.07067
0.622115 2.62646 3.87108
6.08993 34.7106 63.579
-0.255559 10.6047 10.1166
0.621999 -0.995008 -7.33956
-0.236081 -0.43835 8.82604
-17.6865 27.1305 18.5308
-16.4176 53.4477 34.7601
-13.7403 43.7051 19.8775
-8.03375 59.7918 -1.67907
1.87397 11.1969 3.8724
-14.0194 12.1939 5.0788
-47.023 29.3726 -26.9393
-2.91203 11.238 46.2848
-21.5349 24.8392 9.68594
-15.2182 29.2889 12.6192
-0.229684 -0.968763 -8.27077
0.656017 -1.11778 -0.0345637
-0.831155 -8.59933 3.97296
-18.2758 68.4425 46.1635
1.25221 2.57162 -0.723189
-19.1673 79.8918 108.513
0.966616 -4.43933 -6.30334
-24.2912 20.7938 14.4161
-4.48338 7.18139 26.5036
13.2125 14.9875 54.5426
-0.590814 -6.24331 -9.9031
-2.97913 6.93422 42.3646
-16.1435 29.8324 12.4248
-1.44348 2.30098 -1.03867
18.656 19.0476 57.6549
-2.04641 -0.765276 4.70474
-18.8422 37.0941 3.80267
0.040522 1.31702 7.70192
-21.2281 50.184 18.9285
-16.1773 12.7729 25.154
-10.4459 17.3263 31.1537
0.0487179 1.0431 -1.9272
13.5579 34.293 65.9167
10.5727 30.8452 61.4543
0.405556 5.16316 0.754775
15.3411 30.0692 61.5697
-0.24719 0.133685 8.53821
0.671583 6.48125 -0.65604
-37.4479 30.9533 -3.4088
0.781401 6.05689 1.33413
1.84473 5.29828 1.86444
-17.3333 14.9974 16.2271
-16.1549 19.4241 18.7293
2.72029 -4.22071 -13.0023
0.992793 1.73225 1.01015
1.85059 7.69106 0.50405
-0.213008 0.444104 7.78152
-4.11662 -4.56199 -0.665876
-20.9918 11.3799 -6.38314
-14.9094 18.115 19.9825
-17.3321 18.3207 19.4098
1.54352 8.23555 3.4283
-8.69453 18.5697 19.8146
-0.550437 -6.9438 -1.00361
-15.8631 19.6093 18.4531
-8.32004 23.2162 21.9659
15.0255 28.6431 -40.2582
-18.8131 19.705 18.7533
-21.8757 -6.1255 0.447188
0.721577 -1.5595 -0.67351
1.51429 -1.33648 -10.3318
-0.82898 2.38882 12.3079
-0.262249 1.71871 8.9544
0.931804 -8.03075 -13.5522
-19.4456 30.181 13.6161
-14.9322 14.4368 25.7546
-1.4251 1.31902 -0.241405
1.00611 3.45566 2.773
-223.485 -22.5606 60.7197
0.32649 -4.83304 -6.28243
-1.14697 -8.89636 3.46328
-10.4586 2.91172 -3.34279
4.20229 4.18935 9.56697
5.12969 -11.449 -14.0228
-1.12379 3.31718 3.98784
-0.811449 31.3599 66.1715
-0.872516 2.8789 7.09294
1.54784 2.56082 -1.63278
-10.7362 47.5726 -1.15221
-1.17717 -0.524472 15.199
0.0818062 -1.98937 3.79645
0.438434 -1.34116 1.92953
-3.22265 -6.70213 5.80694
-2.95847 -8.21895 8.01402
-1.7934 -7.92475 9.46299
-0.266294 1.872 7.71248
-3.81989 -7.30511 8.51494
-2.68127 -6.84015 8.453
-1.40994 -4.23914 4.6228
4.5818 6.38727 -18.8702
-11.9311 25.1699 17.6847
-11.6835 50.4172 23.8836
0.621422 -6.09794 -2.2541
4.82123 4.54487 7.9779
2.71336 2.98574 4.7014
0.809823 5.74372 5.98505
-1.17022 -5.25786 9.86867
-5.0929 15.6154 -1.19346
-0.593748 7.66806 5.60916
1.89025 -3.05616 -9.07618
1.53879 11.6924 1.52959
-11.954 53.5819 38.5551
-0.551184 0.260382 2.84743
-17.3184 21.6996 0.861995
-10.1213 54.7459 -5.25722
-3.51997 -2.72392 0.3276
-2.63064 14.6094 47.6522
2.16529 13.2153 50.5554
-19.7287 26.9513 13.6291
1.25967 -8.50302 -14.1022
2.47008 17.4993 51.0615
-28.7882 9.85917 6.0678
-1.41137 4.05658 10.1049
0.629959 -7.18218 -13.5408
0.62936 0.778307 -6.38315
8.14633 21.413 57.2276
-17.6297 49.4382 29.8692
-2.09434 -5.45991 3.94896
0.0592633 8.40252 4.85181
1.28128 0.0322304 -4.42684
-5.06367 14.9444 47.4802
-0.240335 -2.32745 5.31819
2.77926 -6.25244 -13.8427
-18.8715 23.6347 16.0318
-20.6786 31.2038 21.7038
-13.1362 26.8076 19.9464
0.0704143 -8.56223 -9.68416
-1.18706 -5.71143 6.29892
-0.223935 -4.19912 10.1367
-0.547462 -7.59312 1.55733
-0.582066 0.634372 -0.286077
0.475322 3.29567 -0.997566
-0.235839 -1.34912 -1.91232
-14.3444 84.6002 21.4203
-20.6194 38.7191 25.5895
5.12827 12.3618 49.5525
-8.33612 19.4872 23.6015
4.52305 16.5096 7.43698
-13.7154 69.2129 10.2678
-15.5647 76.7572 7.43661
-13.4245 80.7368 19.0419
2.17717 9.95861 2.13232
-16.7351 95.419 47.7435
-2.07893 9.93111 18.4753
-9.23954 20.7225 16.8789
-14.9406 59.6861 13.3446
-12.8464 58.3373 2.17956
-15.2784 66.8224 9.46862
-20.6736 30.061 16.6197
-19.1922 18.6659 20.4262
-5.65702 8.94671 -2.96997
0.0125264 7.20606 6.7808
-16.7725 48.4921 66.9855
-10.7154 5.83574 -7.55065
19.5012 24.3333 6.60686
-17.3599 75.7869 42.4387
-1.16527 1.18882 9.22759
-10.4375 8.0147 -2.69585
0.615088 -0.636916 -6.68038
-26.9482 10.0421 -5.43322
-7.71051 31.9367 24.9738
1.52079 -1.97304 -8.84582
-14.0181 47.8778 66.7582
-20.0248 75.2085 40.3083
-0.212534 8.73215 11.59
-16.4544 60.4031 44.4046
18.6168 18.9212 56.9755
-16.156 85.2974 55.4699
-18.8798 51.7116 35.1169
0.482727 1.95473 -3.24801
-0.878766 -4.91419 5.57758
-8.37261 -3.52925 -2.26879
-2.62576 -6.02319 8.20358
-0.514606 -14.8609 23.1144
-13.4735 37.4194 -0.709986
18.9401 27.7027 63.13
-9.82632 -0.905629 -3.34607
-14.6539 33.3671 55.2937
-11.6759 21.8432 38.4542
-16.1526 52.5883 11.9564
-21.8934 24.8941 11.6254
-22.744 22.2109 10.0002
1.02032 1.90683 0.996066
-0.790694 -3.43726 3.44297
-19.778 18.0831 20.8595
0.901303 4.28365 3.94144
-20.399 29.2904 12.4841
-21.57 32.525 21.4956
0.931155 8.7257 6.77566
-7.79222 40.3385 28.9272
-17.009 44.2167 32.1834
21.0381 20.2205 57.7716
-6.22095 71.2229 37.3915
-17.3535 27.5093 13.4434
-1.45934 -7.08649 6.74222
1.01369 2.91812 1.95629
-2.35382 -4.88004 5.77207
0.0824859 -1.99979 4.03954
0.0238081 -0.497352 5.37534
-0.531137 -7.16402 2.93869
-19.7203 6.90183 1.46469
1.37421 4.87445 3.21551
-4.49045 7.11952 -0.113697
-8.96153 7.90166 0.401868
0.90117 -5.76058 -9.02702
0.0158243 3.31986 6.89204
1.5691 10.1613 -1.55826
-14.9114 89.1528 41.0398
-3.51675 6.97266 -0.862232
2.46421 6.71671 -2.90136
-18.2596 24.5025 16.2635
-9.25692 84.8971 49.6209
8.70723 22.133 60.6585
-10.1661 39.7896 51.3818
-24.2248 7.60623 14.7699
-5.06183 -0.987611 -5.43686
1.01949 -1.65719 -3.47092
-23.3657 60.6578 42.1122
2.78751 -0.190317 1.82517
0.354531 -2.93035 -9.63653
1.85201 -0.297921 1.01778
19.5593 21.7371 15.7334
-2.3885 -6.40307 6.93415
-5.93686 100.501 37.3511
-1.47613 -5.61131 7.48426
-0.812264 -4.62732 5.53493
-7.79889 8.71043 42.7399
8.40752 26.9436 61.1611
-6.56587 34.1447 59.657
-4.19557 12.116 39.7651
-23.6518 20.3921 16.5937
-1.71804 35.5373 61.1169
-14.9411 17.6083 18.5114
-0.291602 -4.94483 2.6368
1.54094 5.015 1.38994
-0.836678 -5.27518 4.28949
0.686176 6.66406 -9.18144
-7.71266 -0.0857375 -0.749863
1.81545 -28.2787 -15.091
-1.43079 1.64005 -3.17424
-15.8191 85.2153 40.3694
-17.0644 9.24707 1.13877
-12.8828 37.425 2.7092
-16.7819 39.9242 -9.71988
25.8255 19.5356 11.1987
-53.0925 24.4182 0.335376
-19.7672 28.5693 12.1335
-12.5648 38.8177 -0.683332
0.984361 -4.91557 -7.63329
-9.59798 18.6428 19.6722
7.21088 -6.10858 -2.24585
2.4617 8.99578 -0.397317
0.368541 -7.33383 -10.9612
3.00533 8.90411 -1.52545
2.74535 8.49057 -0.566193
-17.6916 73.7639 75.6905
1.81992 -0.183697 -9.5957
5.40764 10.5946 0.60034
0.77426 1.41666 -4.01931
-14.0174 88.0425 44.2158
-8.92779 -1.21701 -7.62548
0.674648 2.8837 4.64981
8.78736 20.7245 -18.893
2.46355 2.06627 -7.25449
7.80673 -3.34517 13.8824
1.07956 -0.669946 -0.974801
-0.555039 -6.8412 -0.963152
-19.4484 62.044 75.0506
1.57764 -3.03418 -10.5164
1.8024 6.67033 -0.203149
0.718659 -1.62565 -1.07203
2.12585 0.912307 -9.11907
0.37398 9.80748 0.745031
1.26759 11.2862 1.04607
2.40352 0.426562 -8.04621
2.74015 10.7385 -0.327453
2.11615 2.74783 -6.1928
-20.9243 89.0986 7.96113
-17.9301 66.1348 3.60256
-2.99842 -10.5835 14.153
6.01886 -3.19921 5.23965
-3.58162 -0.686339 -2.15333
36.9177 6.60365 22.6221
-0.25264 8.89997 6.96929
-9.82393 8.21271 -2.03292
0.30293 3.89865 6.59489
-12.2559 -7.39182 2.19005
-0.813808 2.92534 2.71688
-11.3185 30.8174 9.39692
0.000646055 -1.61781 4.84464
-1.17638 -0.77629 8.47791
0.309122 -0.191577 3.80788
1.877 9.14843 1.64936
-1.44724 -3.21795 9.10231
2.17628 2.15214 -6.83544
1.2319 0.535296 3.57059
1.81154 -0.345858 -6.84366
2.46416 10.0619 -1.47644
-3.89443 8.37134 -0.804477
0.0797631 -0.974095 4.32566
0.0431123 -4.84065 2.72893
-2.05542 39.4321 -7.10222
-16.19 41.8269 -1.18334
0.371237 -4.47591 -11.6019
1.01454 2.23577 1.30654
-2.69569 13.7356 10.2022
0.662442 4.00915 5.38783
-0.233986 7.55774 5.82392
-9.28461 -2.06582 -1.11016
-4.11444 9.69078 -0.908193
0.335573 0.63346 5.52893
-26.0259 2.30128 4.37258
-7.19468 9.56657 5.00804
0.0730679 -0.581313 -1.2392
-7.77626 -6.59911 1.18268
2.11513 1.08662 -6.02211
0.311502 4.32271 -2.30119
0.0183567 7.65918 3.67707
0.305457 5.89386 -0.114387
-1.12985 -3.01912 6.90572
0.0317651 -2.61103 3.42527
-0.570023 -1.93513 4.06845
-1.47372 -0.779842 9.24253
-0.853821 1.59152 6.60153
-1.49804 5.43645 2.10832
-20.6941 14.2553 11.2925
-2.64818 -0.723074 -5.12339
-11.6118 14.198 5.90218
-1.45856 -3.56791 10.2855
-8.9389 8.81217 12.5367
1.58393 1.38479 -8.2636
1.85593 -1.60144 -10.1308
0.357551 -8.63549 -6.09336
-24.2896 8.18191 -3.7399
-4.14798 9.54448 -0.551873
-4.19882 6.80268 -0.982596
-8.65841 -2.66581 -10.455
-3.59125 19.81 5.0322
-4.75357 21.2741 4.78575
-23.394 42.6355 1.70898
-0.831278 6.96099 4.13983
0.376257 -0.388237 4.03781
0.600155 -3.98073 -11.0079
-0.286626 -4.54966 -5.69637
0.0583625 2.72113 9.03862
-14.3332 -70.3611 79.5629
-1.47164 -1.27006 14.2172
0.0647308 1.15162 7.37968
2.70534 3.24898 -6.30595
0.00899062 6.01433 8.04146
-2.65511 -1.40509 16.0449
-1.19611 8.31583 6.39791
-20.0358 25.8976 6.97699
0.00778864 -2.38902 3.8352
-0.215282 -3.06979 4.94842
-1.15278 1.9645 7.4519
0.475413 2.30628 -2.70291
1.86944 12.0337 0.35368
-4.11915 4.50657 -1.25786
-8.99323 10.5183 -5.61855
1.82038 -2.15583 5.77482
0.713195 0.234804 -6.71437
-1.18632 -8.51159 3.03711
-0.265186 -3.62093 4.87895
-9.26598 29.2372 26.2684
-8.32231 24.8802 20.3614
0.302917 3.25682 8.42494
-0.244054 -6.45382 0.0641973
-1.13499 0.886159 9.8457
0.350002 1.91982 5.64485
-0.257036 3.31357 4.26867
-0.594217 -6.93922 1.60853
0.0696837 -1.36343 4.83607
-1.13872 3.29474 -0.403066
19.2878 45.705 -30.2706
9.34566 -2.60107 10.0545
9.66051 -1.51764 7.2486
-0.848824 7.29549 8.69712
7.80988 -9.623 13.6035
-4.12567 3.04427 1.86114
-6.53292 6.49315 -3.21269
-33.8923 37.8346 -0.972141
19.278 -22.4735 54.8236
-69.8585 76.6632 25.6983
0.306332 4.61798 2.45283
0.60806 1.90468 -2.24564
1.83154 1.11661 -6.63285
-3.57996 3.49935 -2.95958
-0.833638 -5.05681 6.85219
0.919507 1.37135 -4.7265
-1.13509 -0.529514 14.9483
1.27464 -10.8222 -16.2381
0.939526 -3.91451 -9.90286
1.83865 0.65655 -8.81084
-0.565808 2.62902 9.61421
0.0506086 -1.0963 5.68257
-0.537576 7.84823 5.8669
-1.13915 -5.56544 1.22012
-11.3344 2.36043 -3.791
0.949347 -2.1909 -4.93856
1.02795 0.349397 -1.08793
-7.19618 7.29552 -4.64284
0.725942 -1.92262 -1.37767
-0.247913 -6.77484 1.22563
-0.51358 -7.7308 2.58063
0.472876 -2.59588 -6.07296
-5.03897 -4.01169 2.48593
-50.9744 47.7619 -30.3906
2.48933 11.3309 -0.0304705
1.5534 -1.68648 -7.70686
1.03051 -1.09953 -2.76357
-51.2592 33.3093 -44.5018
-6.29403 9.16374 -0.639665
-13.7388 0.374643 3.27239
-0.885108 -4.22546 5.89299
-59.3309 0.009255 11.1883
-0.802037 -1.12026 -1.59042
0.0664795 -1.26165 4.68441
1.56754 -3.87694 -9.03081
0.309131 -3.34455 -6.38298
0.105279 -5.23011 0.0453693
0.654748 -3.01769 -11.1212
2.16333 -0.935188 -15.9417
-0.230703 -3.83583 6.25224
-63.2754 34.3586 -27.415
2.13332 -0.550063 -11.2666
0.358224 0.208696 -1.83192
2.2699 10.6982 1.96713
1.24372 16.2207 -7.63323
0.0601672 -2.42961 3.60346
-7.13692 9.07121 -2.40444
-9.53888 12.5046 0.0887149
-23.6887 25.1674 -1.1131
9.36474 22.4668 -14.4519
1.25192 -0.776137 -8.3634
-50.9344 29.1079 -9.27048
4.53435 4.25183 -2.53164
-2.98178 -0.388727 -1.47966
1.55911 2.58567 -2.81484
-7.18382 17.8717 12.4584
-1.14026 -6.14396 -7.56417
-2.34229 -1.61683 5.31007
-2.06399 -1.4123 5.14223
-40.7676 28.1165 -5.25729
1.22435 -3.03413 -7.57668
1.5329 0.203646 -5.81178
-105.215 54.3357 -18.6391
-2.91718 0.367053 -4.75778
-4.4686 9.91211 10.0643
83.4909 17.7784 -58.1781
-12.2241 39.9886 12.7226
-2.3487 4.24387 -1.26363
-8.59199 6.66677 -5.846
-5.34696 -6.98882 -3.7277
-50.0348 21.7705 -20.1918
-0.476713 7.2803 17.4129
-16.72 -0.465392 -1.80555
1.01254 -5.66572 -2.28433
-10.0806 8.22299 -2.26449
-14.8832 21.4636 15.9173
-5.61574 -11.2986 13.9191
1.33941 8.85828 -1.02973
1.63222 10.3695 1.43953
-15.8157 -0.912663 -2.0143
0.3613 8.05287 4.96569
-4.97041 9.17679 2.24938
1.01477 1.66188 -8.92977
-4.96504 4.31221 -2.02868
0.675584 0.816938 1.71536
1.32036 1.25195 -3.23307
-0.518947 0.944424 0.26242
0.668482 -5.2835 -5.85285
0.921637 -2.54985 -9.17936
7.24692 -10.8091 -23.0023
9.1257 -1.92343 -37.542
3.08801 30.7671 64.4055
-18.48 -2.73619 3.35171
-1.98002 -6.76621 16.1787
-0.139188 -4.28762 -5.8603
0.423992 -2.20935 -7.64244
0.105783 1.11303 7.11188
-0.765955 -4.83644 3.63648
1.52717 0.182257 -8.77619
-19.1062 34.6455 2.62348
0.0873159 -4.41377 0.182742
19.3162 17.0116 58.2579
-0.814759 -2.661 -3.37242
0.097044 2.57881 8.50496
5.11252 -19.3732 -13.5876
-2.26441 7.00928 3.55138
1.02323 -1.5573 -4.06193
-2.6287 -2.26523 -5.42512
-19.711 17.7033 0.670016
-7.37957 28.5345 23.3559
-1.08112 -0.27244 1.37691
-4.07779 2.38169 8.53309
-16.9911 45.4577 27.2886
3.10337 2.32965 -7.03084
0.307585 5.44672 3.11043
15.6901 45.1227 -3.22221
-19.4094 28.3111 14.477
0.948028 6.43035 5.54592
-0.834277 4.348 4.36837
-0.467754 -0.997582 0.517826
-0.199936 3.73791 -0.0901468
-2.93437 3.6629 -2.66497
-8.87521 70.814 24.0625
0.395172 -3.42615 -0.763141
-8.64708 19.1455 19.1943
-76.6737 -11.2873 14.3196
-19.9891 -8.36139 3.79829
-3.52553 21.3875 15.5196
-18.4684 30.6955 14.3762
-15.2342 54.6066 11.7079
-3.51498 -1.42441 6.78773
10.9067 -14.4429 -60.5381
-11.0113 14.1059 0.470488
-18.1795 33.2826 14.9154
-0.220301 -0.789227 1.1532
-11.6401 52.5011 -1.47231
0.434281 -6.16855 -4.68327
-23.5896 20.526 15.9537
-4.08699 -7.72167 8.52026
0.179858 -0.344647 6.8531
0.965084 -4.37615 -12.2373
-0.774376 -9.94566 1.99969
-20.0097 34.2701 16.5674
0.118406 -4.05 0.662674
-99.2088 -6.40837 -3.99454
0.179338 -0.407239 6.56143
1.25264 1.03668 -3.12945
-21.2359 -8.73833 2.2909
-1.99669 0.0213965 -0.935147
0.0730143 6.3668 3.70949
-3.53624 -4.43319 19.2679
-11.2989 59.6206 33.0129
-1.44368 -7.02384 8.92001
-0.229645 0.817731 8.25043
-17.6465 40.1887 28.2143
0.715799 1.70878 2.1596
-22.7509 53.3748 34.341
0.419626 -2.21028 0.48117
-13.0713 48.7628 19.379
-9.4401 17.3254 19.9356
2.5041 19.6313 53.5962
1.63345 -3.69858 -9.43609
-19.7381 44.9197 21.2181
-4.97189 9.68848 -0.368762
1.02764 6.74135 5.2917
-0.504681 0.190347 4.09815
-23.9439 0.180732 7.52397
-1.09596 -6.57892 2.93421
-1.40277 2.61607 4.91681
1.60452 8.27227 2.82601
-2.65298 8.43311 4.00221
-8.61246 -3.34536 -5.45189
0.952837 6.53724 5.83003
1.99886 2.3881 -7.71879
17.7687 -3.14673 1.18006
0.115124 9.55294 7.41016
-0.567026 -4.64741 -2.57867
-12.8382 55.9488 40.9336
-20.0253 1.09937 0.0595206
0.66444 9.63366 2.85965
-1.08796 -5.3073 1.94051
0.401627 -1.97644 -6.40107
1.84377 4.7071 -1.7234
0.426939 2.26878 -2.24101
0.704896 5.81802 7.00619
-9.51951 20.7293 16.4637
0.416716 1.36977 5.32308
0.986782 4.0655 3.07792
-0.18596 -13.3184 -9.80779
0.953314 -1.45436 -10.5482
1.93431 4.14679 1.21302
-34.7047 26.3194 -13.0156
1.32549 7.25318 4.05939
-8.27552 21.8061 26.8573
-18.5728 35.2517 2.90399
-1.78406 -2.53152 5.42686
0.729619 -7.89805 -11.9991
-20.642 8.84855 -5.13523
1.89477 8.57346 0.809117
-5.00602 -7.84726 3.2443
-37.6792 33.1748 2.60437
-0.551677 3.98256 7.47149
0.972092 -5.11528 -8.63136
0.089421 -4.60123 0.124124
-15.2511 22.4579 17.8138
-1.14534 -7.04406 0.897469
77.7868 -1.67499 -56.5359
1.29817 6.98662 4.01667
-1.12535 1.18588 9.85121
1.59713 -1.28594 -6.03121
-6.23696 6.89661 1.88239
-6.81099 1.27979 -4.49569
-4.41046 11.2774 39.965
1.56083 5.96428 0.222559
57.7234 73.6268 -18.2741
0.422696 -2.31353 0.2295
0.402295 -5.54607 -4.04935
-1.14717 -8.28531 1.28973
-4.15192 -6.7742 8.21775
-20.9001 22.5602 15.5919
0.373627 10.3292 1.50675
-9.51504 16.1049 29.2854
-0.843051 -2.97099 9.08072
-1.74768 -5.36109 2.99043
-14.6209 8.57385 -6.04648
0.656302 -3.7936 -3.76023
-11.0319 39.9646 26.3194
-0.833625 3.00557 10.4339
-9.76681 14.401 25.2812
-1.74022 -2.65989 3.07619
0.0919271 1.40687 0.0160165
-0.824445 5.02303 5.22815
-27.2136 5.24725 15.6539
0.718151 -3.74411 -4.0886
-5.60393 -8.28911 -3.28865
-0.851921 1.14384 12.6743
-0.581999 1.39399 4.38878
-14.3508 7.6175 -2.82585
6.43095 8.14057 -17.3038
-4.05956 -6.71137 8.42589
5.18932 -0.995301 -2.8621
-0.173644 -4.69397 1.77072
0.311646 -4.64543 -1.34289
1.93347 1.99266 -6.69872
-7.09588 9.74596 -1.81649
-0.534605 0.0609227 12.348
1.6049 -3.0764 -11.1286
-18.5184 21.4207 15.1095
-2.89564 4.27791 -1.34634
-3.51794 -0.151832 -0.836755
-0.163681 1.94122 8.52951
0.721459 0.734934 1.29219
0.732895 1.90399 1.98466
0.966804 -4.04406 -8.59992
0.716014 2.31949 -4.99293
-0.414475 -1.36607 -1.51737
-0.241309 -3.25858 4.67852
-15.5359 36.1415 19.4221
-1.41194 -4.94843 4.32405
-0.802284 2.45092 5.0932
0.705069 -2.86498 -11.2297
-19.7206 -6.90581 -1.59285
-16.3663 25.6379 9.91358
-23.6007 0.115604 -10.2691
-2.94138 7.6901 0.000626995
-4.74352 -4.59689 -1.54192
-14.8711 39.2134 -3.28728
1.29587 -4.35629 -8.02867
-2.35371 -2.17471 -4.04948
0.117919 -4.31327 0.364097
0.69737 0.432032 -4.02284
-0.477247 -5.20027 -2.26541
1.00881 -3.7706 -7.56212
-1.36974 -1.59855 1.98123
-0.819775 -6.65865 4.52442
-2.32496 -1.39503 0.70363
-13.7188 45.21 13.1129
0.133444 -7.16586 -8.57238
0.12802 8.60922 5.78046
-18.5155 19.9142 18.0484
-8.9187 9.96739 -0.363298
1.27165 4.84236 1.13877
2.22025 13.4889 2.88391
0.367036 9.27406 5.6622
13.5998 92.9299 28.4784
-10.4225 16.8579 21.5846
-13.4157 22.1488 16.8219
2.26819 8.62542 -0.0667413
75.9888 -8.43369 -55.0142
-3.17288 5.38662 -6.76481
0.724933 7.05597 2.74477
-22.4031 24.4333 11.162
-7.14087 -1.43242 -3.38784
-0.529385 3.23871 1.73413
-8.57856 39.0429 33.7638
5.22937 -2.22862 1.34726
-1.45259 -1.42732 2.97533
1.04694 4.72632 -4.42965
0.95654 2.81216 1.6042
0.80972 -2.60349 -11.0984
0.962787 8.26822 6.87329
1.62346 -6.50135 6.23832
0.801251 6.10863 6.78447
-17.023 8.11541 -3.5962
-0.512769 -2.54024 -0.460993
-0.181783 -1.70954 3.33423
-8.93329 22.0532 10.4688
-12.8134 23.0112 48.5489
-13.9803 36.5255 25.5974
-1.71417 -1.60189 2.92585
1.02145 1.43216 -9.85069
-0.521764 4.67947 13.5019
-7.39834 1.41287 -7.42728
0.735699 -0.685885 0.372079
1.24711 6.74124 4.53739
-9.22144 17.8464 25.8133
0.487427 -3.48679 -7.54347
-16.7165 59.701 37.9247
-15.7759 -7.66398 -2.25675
-3.50161 -0.695512 -2.6293
-0.236192 3.30886 9.70922
78.3524 7.57229 -51.117
0.664698 1.27536 -8.34472
-8.04705 0.568628 -1.18262
-3.7708 3.08404 -3.01131
-14.8719 10.0957 -5.53004
0.396977 -4.00413 -1.93033
-8.29844 22.9477 20.7265
-0.228726 -1.13295 7.42725
-7.7501 27.8031 21.9719
-6.81346 13.7661 1.68155
2.41249 4.73876 -4.11735
-121.068 93.8076 -41.8232
-1.0855 -7.71364 5.42704
-0.797061 -6.12969 -6.67455
-22.1355 38.4335 6.65611
-4.44511 -3.65341 0.360295
1.28606 0.485619 -10.6066
1.25992 -2.87193 -12.2203
-1.14589 -4.61285 4.1192
-6.1747 17.8179 21.1525
-0.529714 7.7475 6.88249
-115.45 22.1808 -43.9015
-8.92385 29.3074 35.2489
-1.9759 -4.30428 4.37643
2.16136 13.4781 0.33472
-10.6771 17.9493 21.1958
-15.1787 33.2826 3.49948
-3.23948 -1.85766 -5.77706
-8.68636 38.0135 33.3026
6.37921 1.10013 -26.0271
-14.2812 21.2819 50.8516
-1.70749 -3.96483 2.18589
-7.72017 35.8538 30.6657
1.03099 6.4579 5.23615
0.64625 3.05417 4.23429
-7.68479 22.9933 23.0689
-1.74957 -4.84672 0.640668
1.36771 5.81638 2.83024
-0.7711 -2.85948 -5.49407
-2.60229 -0.715572 -0.927541
-16.6688 3.72583 -16.2325
22.5917 13.7796 57.6624
1.2842 -11.2948 -17.4925
1.0124 6.75148 -0.235778
17.8178 18.9916 17.5648
-17.3315 15.433 6.42686
1.62523 7.74524 2.76177
-3.84083 -6.18496 7.84634
-0.218542 6.88974 0.472046
0.453024 -2.90119 0.130731
-119.041 28.2725 45.9515
0.716958 -3.10242 -3.12313
-0.826237 -5.68064 3.87215
6.08292 21.7559 -4.73613
0.435633 -1.62754 0.381072
-0.514698 -2.83205 -0.487238
-4.44067 3.04329 0.302009
-6.85031 17.0694 13.9856
0.680933 4.05021 4.96404
-7.41362 4.29957 6.34994
2.17677 7.47188 3.67622
0.716997 2.23645 2.16434
0.440747 -1.65509 0.813849
1.54887 0.35454 1.18852
-7.97228 33.8582 31.3858
0.704658 0.4633 -7.04646
0.995614 2.24697 0.998622
-21.817 25.0823 12.0806
-10.0681 88.7089 40.5414
-2.59869 -2.43983 2.85179
0.106974 4.87844 9.1321
82.6335 28.4895 -27.2223
-0.174599 11.6728 7.85022
1.28967 6.19657 -8.60062
-18.4729 2.27875 -6.70477
1.00506 3.49238 2.21078
-0.829839 -12.035 -17.463
75.3708 -1.55079 -42.9585
-15.1999 2.04213 3.18626
1.2737 -2.94516 -7.32781
0.148203 -4.08633 0.975752
-5.30773 13.8146 47.8565
-17.9222 27.5105 19.033
1.2612 -6.75466 -12.7491
-2.34462 -1.09305 0.0948989
-5.88434 129.621 115.862
-12.1667 12.1882 -1.3626
-0.545866 -0.934786 8.75638
0.133626 -4.62921 -0.146373
0.927942 3.17906 2.50615
-6.25427 62.5198 -12.057
0.419914 0.792207 -5.24073
0.40701 3.46379 1.01174
1.60904 -2.33633 -10.8921
-0.495296 9.01801 13.3043
1.29736 0.1338 -4.67202
18.3575 44.286 -15.3334
-0.528096 -4.49327 2.25774
-3.18804 0.218748 -1.25294
-15.8089 47.2458 9.88072
1.26506 1.64387 -2.63445
0.422805 0.52451 -3.48914
1.03296 -3.159 -6.2198
1.59881 -0.61932 -9.60723
0.705151 4.61785 5.61823
0.683942 3.43059 -4.07065
0.719734 -6.81977 -8.82284
3.73012 1.06096 -3.22989
1.58351 7.32308 1.62019
-3.21795 -3.18661 1.87302
1.49327 10.1998 -2.22297
-0.779935 8.51828 1.13245
-1.99412 16.0084 1.4265
-34.1107 13.3881 -30.0808
24.1016 3.31057 -5.84543
0.95119 -2.68554 -4.95265
0.998679 -2.56491 -5.17965
0.759263 0.96149 -6.14534
-2.87504 -1.28008 -5.13091
1.27395 8.45349 0.682488
1.01974 -0.130613 -1.93382
1.28126 -1.6922 0.38879
-16.9713 3.58018 0.591027
-1.419 -7.41023 7.66098
0.73339 -2.88279 -10.6621
1.03487 5.30742 4.00506
-0.505139 0.281938 -2.97274
1.31046 -2.6528 -8.15461
-4.12917 2.80412 1.99285
0.0779947 -5.44576 -8.17905
0.732772 7.08533 0.764535
0.431674 1.5888 -3.47839
-0.249201 -1.8778 -3.39484
1.33194 -4.05814 -9.70162
-20.3433 47.0893 32.9412
-5.91037 5.72272 -2.06809
-0.548048 0.513995 4.31228
-16.111 49.1332 32.2356
0.23327 -3.81749 -4.04166
1.58971 2.82054 -4.10625
-8.90238 29.4652 33.4947
-0.488644 2.18816 11.1722
0.455469 0.975379 -6.1631
-13.3761 17.3972 21.9498
0.483194 10.463 0.528152
-15.2411 -4.62554 6.611
-0.405453 0.517569 -5.96741
1.02129 6.37193 -2.29478
-0.750779 -6.81791 3.65692
-9.49324 1.35551 5.38203
-2.90047 -6.9669 5.58327
0.727125 6.10403 0.761571
0.411133 3.41156 -1.6979
-23.3036 6.60801 1.76298
0.988216 6.91231 1.11728
0.423306 -1.64817 1.04321
1.33948 5.25118 1.34576
1.00972 -6.02854 -10.1347
-1.70032 -2.58431 2.21965
-1.36639 1.11865 6.13286
1.31928 11.3442 9.82003
-0.247287 -6.87274 -0.896887
-1.55023 -0.0788159 7.66239
1.58521 6.13224 0.179478
0.778952 -0.76068 -3.12065
2.15119 5.94879 -4.91383
0.114405 -5.51751 -1.63513
1.61058 0.921315 -6.45542
0.743594 9.56351 2.7044
-1.09855 0.829427 10.6957
-17.5469 25.9938 17.799
-0.496893 2.20641 9.67762
0.484419 5.63985 4.95905
0.733682 -1.34229 -1.36129
0.35208 0.0948448 -3.50548
0.121766 -4.94572 -0.782352
1.66654 1.63379 -7.36065
1.08159 -0.792406 -8.48849
-1.68105 11.8874 13.6995
-14.6282 10.7388 10.4801
0.921932 6.75922 6.45335
-25.6805 11.4887 -20.5912
-37.1505 32.5368 -21.9408
-1.0457 -5.50738 6.78153
-19.6671 33.1244 17.1225
-19.6677 41.2672 26.5538
-0.835979 11.7645 8.59856
-0.816159 2.07564 7.95956
2.81441 13.2216 1.45145
-2.31764 -6.35379 13.7433
0.091232 -3.05343 -6.4717
0.401211 3.43032 -0.448691
-0.195099 5.37472 4.30996
0.719241 -4.97431 -5.77994
-10.0812 -1.53793 -3.41942
-0.534769 4.9787 2.45105
-21.0876 4.01399 5.86987
-0.196534 -3.76938 4.36777
1.89183 -1.49214 -8.6223
1.60652 -3.34903 -11.3071
-8.03948 -2.18616 -0.870091
-3.178 -6.13898 6.24738
0.428895 -2.01335 1.58957
-8.02944 81.973 55.988
-9.64764 -2.06515 -1.11085
1.00031 -4.71068 -8.16216
-1.71583 -4.66689 -2.13783
0.365599 -7.05209 -9.65019
-1.4363 -2.03497 8.89563
0.712492 4.39615 5.54075
8.44285 28.7449 61.0993
-0.190814 8.19802 6.96771
-10.081 10.0887 11.0318
-0.244638 4.35653 8.51318
0.443286 6.43376 7.86309
-2.64428 -5.61731 5.86443
0.38549 2.2484 5.80521
-9.43606 21.1973 21.9776
0.617668 5.6144 1.2778
0.726993 2.50667 3.22428
-19.0877 25.4328 7.4427
-0.155913 2.5264 -1.60188
1.32739 4.34032 -6.45583
-4.94944 -3.87147 -4.97781
-30.8106 4.77271 -23.4999
-7.5698 1.79002 -5.91407
-0.746944 4.41039 9.16385
-2.89623 -2.50203 -4.15713
-82.4054 10.1198 -80.3788
83.0534 11.8653 -55.5263
-0.542022 -5.52697 5.12247
-24.4899 82.877 53.7442
-7.40813 35.0609 31.1761
-11.6598 19.0759 14.7711
-1.45168 -7.27508 8.6159
-15.1436 85.039 44.5789
-16.4188 18.3471 17.5617
-7.9108 -9.87257 -0.348132
-18.1848 5.04313 0.997822
1.29153 7.92526 -0.14592
0.705262 -0.737874 -7.92809
-13.1297 17.1629 21.4158
0.780003 1.03284 -5.49356
82.0148 7.23182 -46.9818
0.390767 -3.44918 -2.87139
1.86618 3.20382 -5.16051
0.0964454 -2.22865 1.63972
-8.00864 32.1775 0.901413
1.0194 1.06008 -0.726431
0.717177 -3.22979 -3.37538
0.396071 -7.01204 -10.3931
-0.164213 -0.274932 -0.647851
2.12357 9.96722 -3.14161
0.656723 3.40699 5.25211
-7.90578 12.0619 7.50256
2.22403 2.74 -7.06845
0.415022 1.08495 3.7148
3.82968 -3.19774 5.04775
0.135304 5.3798 2.90358
-0.153487 5.78856 4.45041
-17.2657 79.8285 51.2139
0.649041 7.45034 7.97092
0.138001 2.28963 3.128
1.04803 1.32697 -6.82728
-0.497022 -2.3976 -2.31388
0.416504 -1.46537 -7.0836
-18.5216 48.4685 27.1209
0.956252 -3.81468 -6.4485
-1.08298 1.0255 -0.407777
-2.84957 0.205999 0.329809
-19.9929 12.1319 -14.2585
-18.6999 2.27923 -6.70519
20.45 26.989 -28.9414
0.967343 -4.31693 -7.36144
-3.77015 2.39451 -5.91347
4.03137 -16.2047 -31.9297
0.398333 -0.818922 2.56812
5.2438 -0.74678 0.583374
-18.7858 33.7405 16.4934
-19.1503 3.73903 2.88986
-0.523044 4.19856 5.48638
-12.4291 26.2266 19.3586
-0.834794 -6.81519 -4.46628
2.24159 7.68756 -2.26138
0.831303 -0.306675 -5.54788
2.22848 6.24078 -2.43836
-0.454671 -2.15268 5.67572
1.01412 9.03996 -2.79648
17.463 27.1675 -56.8644
0.124996 -5.7794 -1.87564
1.55004 0.663931 -6.29289
0.693542 -5.59655 -6.43101
-5.26765 18.1857 10.8875
-0.475973 -5.78725 -3.65711
-8.56921 15.7373 20.8877
-1.55893 -4.9647 10.0505
-23.0528 87.8406 41.6998
2.53009 0.581774 -7.44683
0.39065 -6.14968 -8.66666
1.25294 2.0894 -1.6615
-0.197222 4.84537 -6.3399
-0.85076 1.40421 8.4803
0.102536 -4.32572 -7.61908
5.23379 -4.04314 0.853145
-5.79273 -12.4237 15.9752
-5.91704 -0.685895 -6.78684
-1.06804 1.71185 5.43547
0.718531 -2.83347 -4.37324
-16.3906 38.4421 26.5962
0.826787 -0.122013 -8.77623
25.2529 -0.775186 -11.1056
1.6423 -2.836 -9.99558
-8.86781 27.2033 35.953
-14.6436 15.6549 8.76851
-0.779262 4.41999 6.51701
0.690176 6.44129 0.728196
1.32165 4.64185 -0.704642
3.71628 47.7205 -176.166
0.707821 -9.37329 -14.2135
-18.9662 33.367 15.076
1.36232 8.03036 8.49495
-5.62386 1.44127 -0.401455
0.987539 5.54224 4.63001
-1.63763 -9.39405 2.88303
0.40243 -5.16239 -3.50757
0.173196 -7.06219 -3.84508
0.721562 -4.05849 -4.33136
-0.171471 2.50291 -3.16959
1.3769 4.33595 -5.02244
0.708403 -1.94488 -1.70036
0.964554 7.03405 -4.25537
-50.5993 49.9125 28.6788
1.24809 -0.137028 -5.04519
-1.65712 -10.2988 2.31105
0.397829 -4.41835 -2.89623
-1.13834 6.88457 5.60523
-3.1766 -7.65106 8.87824
-0.166471 -4.53617 -5.29821
0.659579 -0.994664 -10.4123
-15.5358 16.0008 22.9678
-28.6727 13.2836 -15.3347
-2.2827 -3.74188 -0.916931
0.43075 7.82556 5.39865
-3.19028 28.5657 65.0985
-4.68158 6.79978 -2.6026
-35.8825 17.6849 -15.1605
-0.489401 2.30727 6.28021
6.96082 -0.309249 -1.66144
-13.3884 54.8104 0.298774
1.33971 -1.54808 -7.04482
0.0642891 -2.32882 -7.8221
-2.99092 2.58065 -6.0489
-1.28536 -4.01855 -2.0455
-27.5222 1.81769 -3.81356
-11.5838 18.1684 49.4349
-23.8616 -2.91664 4.56878
2.22081 9.20163 -1.32889
0.0632645 -1.19012 7.50084
1.62201 -2.28653 -9.24653
-6.52208 -0.649149 -6.48421
-0.741727 -14.8604 23.1139
0.952017 2.55076 1.32745
-20.5866 29.9818 17.9065
-8.58017 25.8491 22.2575
-3.55426 2.03463 -2.86016
-0.552071 -7.32904 2.27686
1.32471 8.50914 -1.12722
-1.13428 2.25802 -2.34574
-8.6118 28.1359 33.3257
1.92265 0.918224 -4.63992
0.352456 -5.50789 -3.33336
-19.6809 -4.87275 3.10236
-22.754 25.8563 17.4529
-0.174346 -0.0508067 7.01223
2.25258 9.92219 -4.18527
0.734242 3.48209 4.36212
-0.815213 -0.706861 -1.45338
1.33127 10.4192 -3.88744
0.738258 2.50473 4.06639
0.109 5.50339 2.16405
0.776595 5.67113 -0.0418431
-6.21859 3.61926 8.26238
1.29198 9.88373 9.36768
-22.3911 23.1274 10.9296
-1.0701 5.80304 7.79778
-8.05231 3.04018 -7.3857
0.879219 8.44992 -3.47542
-0.792379 -1.59776 4.87859
-6.81252 10.5327 6.03382
-9.46465 -1.02696 -6.75431
0.702697 1.38933 1.94056
0.00718065 -3.17766 -5.58107
1.57588 3.45151 -2.51451
-3.5224 5.18481 -2.75589
-3.23318 -2.14136 1.8387
5.51877 15.4411 49.9962
-25.4242 27.2023 -9.3793
0.104593 -4.1483 -4.40453
1.56496 2.61318 -3.79783
-162.347 -17.1537 -9.85359
1.28755 -2.33647 -7.32011
0.37956 0.0819401 2.2002
1.26554 3.73918 0.208613
1.32324 2.28282 -2.27064
-0.45368 3.04503 6.2503
-0.477639 4.00988 9.95133
-18.4576 68.4429 46.163
-3.76642 -0.957343 -2.29083
-0.502165 -3.18479 2.31895
-0.184192 6.73557 4.85112
1.03998 3.09601 1.33174
-42.184 -2.85582 3.78276
-16.0697 31.7017 12.4735
1.01937 2.88195 1.31674
-2.29133 -3.99756 4.68316
-0.773606 3.90901 6.49365
-21.1591 12.1267 31.1225
1.55556 0.179413 -6.49608
-0.197607 -0.0852432 -6.69266
-6.23118 -2.42665 -4.52455
-8.31649 6.93079 5.42882
0.429095 1.37267 3.45061
-19.2102 -3.08846 0.7414
1.89208 -2.9706 -10.3572
1.58041 -1.64557 -8.87541
-6.23782 69.6855 22.2352
0.43134 -4.00755 -2.30488
1.8785 2.43517 -5.7014
1.34643 4.33215 0.200528
0.420278 -1.02503 1.92972
0.975232 -3.30377 -9.16629
-12.4711 10.1162 1.33981
-12.8082 7.54803 24.2378
1.31269 0.458589 -3.01194
1.39701 7.61951 -1.39942
-0.203136 -0.782503 7.0435
-10.3737 79.7613 46.26
0.778909 -1.43853 -4.72368
2.21962 5.23196 -3.48103
0.981069 5.28228 4.3388
-0.140594 5.05508 1.87162
-1.99528 1.72101 8.44644
-0.467558 -1.56097 5.5048
0.994842 8.46941 -2.81588
-1.99767 -1.71693 14.4532
-8.59494 2.89259 -4.29994
-7.5577 9.56724 5.00736
1.02051 -1.06283 -3.78017
-9.24855 3.77149 -6.18542
1.3015 5.49919 2.27497
1.02144 -4.87102 6.5577
-0.202345 -7.01654 -5.5227
1.85959 2.22097 -6.20671
0.348153 -4.43934 -1.83888
-15.8082 75.7147 19.7669
-9.50771 35.6348 36.0795
1.92521 1.83329 -5.78889
0.352106 -4.61041 -2.21919
-10.1318 8.05163 -5.9445
0.101168 7.01902 6.45546
-7.64055 4.30005 6.34952
1.03282 4.0714 2.53139
0.159303 -5.83481 -6.52445
-8.86586 11.7545 25.0294
-0.250683 3.7703 1.2866
0.103448 -6.02412 -1.59971
1.59929 0.463972 -6.45475
0.947567 5.80126 5.02757
-0.472659 5.1745 4.62012
0.738145 -4.37567 -12.2377
-2.60449 10.3886 -19.5562
-20.8759 31.0626 20.7453
-37.0797 3.25128 1.14602
0.725211 0.443795 1.28399
-0.468997 5.85331 7.67519
-4.08603 -2.51997 0.00868449
-0.212982 3.78264 2.87
-0.752992 -7.95835 4.13818
0.735285 -5.7956 -6.73581
-3.18416 -1.52374 -6.26843
1.58628 -3.62489 -10.5715
-7.9576 -5.08929 -0.943585
-95.2575 42.2381 60.4599
-2.6486 -7.39739 15.2497
-0.531095 2.55904 5.12624
-5.94442 8.07634 -1.00805
1.26156 -2.60685 -8.06966
-1.03845 -2.52597 5.15715
-11.287 23.8332 18.0482
0.96261 -1.64621 -12.679
1.01224 4.68417 3.40987
-0.191203 -1.92189 -0.56765
0.492463 -3.72194 -7.56669
-0.516873 3.14438 4.3617
-17.1272 -6.8789 5.99197
0.371048 -2.49442 -0.259474
25.3669 -4.12392 -12.9959
16.3387 -9.64059 18.5548
0.665292 -3.41099 -10.7232
-13.8734 19.5651 17.7608
8.45161 35.2306 65.9178
19.6314 15.5849 59.1732
-8.949 -3.16386 -4.02573
-43.5987 42.7232 26.0532
-0.493236 1.40449 0.983831
1.02442 3.79722 2.48095
-0.243395 -3.99331 2.26568
0.737777 1.10446 1.63841
-172.421 56.7321 -112.606
0.437141 -3.15192 -2.81241
1.87345 3.42779 -5.35829
-13.6356 78.9159 4.93928
-3.18954 -3.64912 0.711898
-14.3221 -4.41424 4.82246
-0.807502 1.23806 7.91073
0.713692 -2.81543 -2.87549
0.718196 -0.431223 0.163618
0.406568 -4.31568 -10.3017
-4.97877 4.90978 -6.70803
-18.1235 65.7448 37.4136
-7.12622 -0.369728 -8.73027
-15.7226 35.5087 60.1843
-0.176997 1.55384 7.39769
-0.703918 -0.610174 5.40996
-11.5192 -7.77541 -4.12795
-9.49403 7.27803 3.32907
-50.3308 26.9039 -36.3117
7.90709 -3.18297 -4.27291
-0.475611 3.81192 3.04807
-0.231779 1.55782 4.01327
0.757279 4.82068 5.40945
2.21226 11.6531 -2.94002
-14.9404 6.81099 -5.56248
-1.129 0.468141 1.65106
0.649894 2.82221 4.09255
1.5985 -1.04191 -8.85363
-14.5813 24.1971 12.1132
-0.165272 0.772806 8.85294
-6.78144 -3.01252 1.56098
2.22909 -2.42397 -9.90102
-13.7428 69.8369 8.88297
-7.68938 45.1627 -13.3767
1.30958 0.582807 -2.91869
1.32558 5.89406 2.26117
0.396648 2.48553 5.5188
-20.8657 19.9342 18.0379
-0.495273 3.69964 2.07904
2.48289 3.21845 -6.21194
-9.72819 99.845 92.3136
-10.998 4.54044 6.23353
-13.1201 109.799 110.67
-0.185037 -11.4026 2.48492
0.697749 6.7564 0.488598
-7.77505 8.88028 26.6816
1.26568 -2.9904 -5.07558
16.8625 -13.6981 12.4784
15.9485 -9.50191 4.55676
1.0179 23.6248 -0.572895
-18.2324 10.6271 -6.97682
-7.67291 29.8621 27.1907
-23.8898 32.193 8.66121
-2.01089 -7.48233 6.68835
-8.50175 27.4377 29.3447
-0.154408 0.0793099 7.00355
0.405401 4.3323 6.79709
1.93911 10.9945 -1.58481
-7.39292 9.4558 5.60959
-1.36403 -0.989115 9.70997
1.86579 0.977104 -7.92172
-15.1696 22.8643 16.4527
0.779426 8.49894 -1.27611
-0.793085 -1.62143 7.16681
-0.244188 3.55932 8.25866
-13.6774 63.6896 10.75
-0.823509 -2.06985 -2.37029
0.736115 5.77118 6.86287
0.372261 1.67081 4.71023
-0.15016 4.44686 3.05157
12.4357 17.9565 5.38134
-3.1924 -2.48909 -0.145294
-9.82747 6.21566 -7.35126
0.103069 8.2125 6.70811
0.372651 4.6832 1.74849
1.55639 6.38047 1.11512
1.64534 6.48538 0.845072
-1.08599 -1.69962 7.68016
16.636 20.9797 61.2591
0.346887 3.20515 1.08004
0.697001 8.4648 2.02275
-0.526891 -3.28709 -0.570019
0.43995 3.80137 -0.409556
1.2886 0.0617991 -9.65027
-8.78986 20.4381 20.8814
1.33007 6.16756 2.5556
0.539085 -2.15629 -5.16038
1.88711 4.4941 -2.903
-6.14398 -0.685417 -6.78726
-7.70333 5.7937 -1.23749
0.428819 3.7867 1.5151
8.25976 22.2435 -13.9948
0.127707 4.43627 9.32734
0.671452 4.60907 5.88541
-0.0215251 1.90893 4.39911
-22.9506 13.9169 28.7824
-3.80301 -6.31694 3.56632
-20.3121 62.1691 41.3288
-1.07684 5.20927 2.4211
-37.4498 4.57996 -1.69084
0.985691 1.3067 -2.75495
-7.34217 79.0617 53.7604
0.431075 -6.48948 -4.76141
-7.92019 36.4672 29.2576
-5.01804 -0.211198 -0.26238
-24.8072 11.8673 5.11225
-14.6351 25.6767 63.929
-10.1391 2.9746 -4.82713
-1.9608 -6.3709 5.25724
-0.514393 10.1819 7.81338
-1.56909 -4.40606 -1.92555
-15.8355 11.36 40.6504
1.03151 -0.177083 -2.57838
-14.564 17.5357 13.9338
1.26855 3.61214 -0.758942
-7.13806 23.9156 23.1989
0.501901 8.58939 -1.61276
-1.11373 -1.61972 6.64688
-56.4671 23.913 -1.96043
0.671553 4.9886 6.54214
-23.0149 23.6568 11.0332
-1.33595 -10.8544 2.10263
-18.1277 26.8557 6.09084
0.714992 -3.70825 -2.80668
-95.8999 56.2138 -32.048
-16.7337 13.3611 -8.50713
0.762518 5.85798 1.04473
7.55326 14.9835 8.89276
3.0751 67.1351 -41.2471
1.86749 8.77416 -0.161671
-9.16622 8.19275 -2.0349
1.1315 6.79901 2.60733
89.1738 36.7463 -51.3065
1.27011 0.974895 -4.13327
0.953299 1.5324 -8.12349
0.485574 -1.10455 -5.37904
1.93606 5.50682 -2.82288
2.23777 10.2417 -3.61015
0.657584 3.7044 4.61732
-0.163675 -1.18964 7.50043
1.22061 7.83065 -0.663783
0.105304 3.57384 2.09885
0.324354 0.943792 4.87538
1.80677 7.59817 -3.54945
-13.4068 39.2866 28.0686
0.389223 2.46908 5.76088
0.0549348 -0.651289 6.29783
-99.8122 16.976 30.07
-1.3334 -2.40517 8.4055
1.93125 8.53477 1.05087
-3.79109 1.35773 1.85032
-8.2808 21.0617 24.6771
1.52724 7.35397 2.57703
-8.52974 19.4146 20.9153
-8.60406 7.75131 -1.91018
0.409125 1.0588 4.37044
-6.51107 -4.45103 -2.00607
0.611439 5.35204 7.03268
1.60309 3.95541 -1.95907
0.185979 -2.56397 -6.07829
-12.2204 2.60982 -5.0068
-0.453573 -0.952572 -0.269059
1.24568 0.375441 0.678071
0.501525 11.2805 -0.759622
2.23382 10.2891 0.097609
0.775283 -0.385739 -3.46696
2.22576 6.08722 -4.56807
-76.4563 4.52697 -4.98293
-4.53979 -8.60123 11.4518
0.85795 -0.363962 -4.51624
2.19714 6.18499 -3.47729
-0.395962 -2.56525 -0.742817
30.9758 -7.49852 -131.436
-19.138 13.1708 25.644
0.425365 3.46954 0.0596805
-1.39564 -3.93628 -0.61584
-4.34912 3.04493 7.96714
1.10851 -0.587283 -8.34013
1.02277 7.43083 1.66852
1.89622 6.34855 -4.12031
8.22872 -13.1007 1.72222
0.395599 -3.74531 -3.13216
1.94291 2.79737 -4.87415
-0.508546 3.46038 3.22398
-1.03985 -5.71842 -0.693637
0.750875 5.26368 0.151496
0.983396 1.63244 -8.47401
-15.7669 14.3543 23.9389
0.667292 5.27746 6.66563
-0.173106 4.90343 9.59157
4.06804 -31.7611 7.77149
-0.167964 1.98198 9.47282
-14.0134 15.4717 -6.3344
0.780968 4.37481 -2.75576
-20.6418 10.3688 10.115
-13.383 48.8403 -5.35694
0.402859 1.02507 4.08823
-19.0915 27.9384 15.9767
-13.2852 26.5556 59.4255
0.770045 0.975466 1.96565
-20.3082 64.9528 47.8832
-0.520278 7.75472 1.4334
0.62833 1.6418 5.44388
2.23072 8.15858 -2.75351
0.0629723 0.796281 1.63018
-4.34237 -8.39405 6.88797
-0.85229 0.193329 1.10679
-16.7193 37.0642 -1.83882
1.63054 7.6632 1.98974
-0.212999 -2.20904 5.03526
0.11164 -2.2467 -6.158
1.62043 4.36317 -1.92447
-0.483059 -3.97846 1.63276
-12.7681 -4.41627 0.372081
0.441103 7.29592 -1.31744
-1.09559 -0.577456 7.07533
-0.816169 7.41509 6.71462
0.995611 6.97341 8.19521
-3.18818 97.3465 58.4185
-25.4535 10.8994 14.4813
-32.9374 8.20471 4.90864
0.433571 -0.489737 -6.16113
1.87695 6.08732 -2.02413
-0.133357 -0.49967 -9.12402
24.3849 0.258181 -6.87417
1.93774 9.65272 -2.89562
0.428295 3.13371 5.55323
-7.32034 2.03935 0.452165
19.899 -10.3777 -71.349
0.386604 1.35632 4.64357
-0.457617 -2.31588 5.32526
10.2686 12.5241 51.2196
0.979249 9.27142 -3.00042
-32.0385 24.0324 -23.2751
0.471551 7.68659 2.56799
-39.7669 -2.64284 6.47475
0.090471 -0.340927 5.86652
1.32821 7.03506 3.69356
1.32519 0.45429 -4.05239
-21.5516 7.09454 2.23655
-7.42186 19.9099 22.857
0.965572 7.65069 -0.517379
-0.461733 -0.632812 8.03539
-0.199993 6.63764 3.96536
-0.169023 0.19502 7.95508
0.416772 5.02306 8.00826
-26.1929 49.295 10.2317
-1.09696 -4.00008 -2.61629
-5.19883 9.68896 -0.369176
1.5651 -0.576159 -8.39664
-12.7246 15.3175 21.7194
-0.399172 4.04802 -2.19147
1.0946 2.98165 -5.79323
-5.86653 8.00091 -1.97326
-0.468542 2.63849 4.33714
0.634738 4.8767 6.17279
0.669187 4.36359 5.89
-14.9304 16.9155 12.2282
-8.24488 7.87813 4.91943
0.466877 0.391516 3.99565
-1.36609 -3.82446 -0.615077
2.22631 -6.09721 -9.42668
-0.469457 4.41225 3.44478
-9.22384 26.2536 33.0424
0.12947 1.96191 6.19363
1.70688 8.53916 -2.16452
2.74983 2.7725 -6.40019
-0.165467 -3.38368 -9.23472
-17.3367 20.1532 17.4615
-1.34732 -2.8369 1.6961
-0.996903 -3.42217 5.88856
0.118153 -5.48846 -2.20657
1.55503 0.900705 -5.96078
-2.26708 -6.27438 5.15921
0.419119 -4.00837 -2.56579
1.95248 2.45055 -5.48262
-9.39609 87.6718 42.8064
1.00123 12.0104 -0.634463
-14.2797 8.10346 -8.64415
-0.0917756 -3.41251 6.34304
-0.217686 8.29078 16.7059
-0.15546 0.154253 7.40473
-2.03452 9.76987 7.75835
32.4751 1.7053 -105.284
-8.01862 31.2394 24.7215
-8.27523 16.2508 20.8774
-16.3286 46.1704 20.1131
1.87871 10.3187 2.4469
0.224817 5.37605 -4.20747
-1.39014 1.69377 -3.77021
-8.91464 27.3767 31.8606
1.36415 8.88465 -2.56971
-0.233656 -1.88216 5.8937
0.177236 0.39334 -0.782698
2.19725 12.3554 1.93253
-15.8537 26.9418 13.371
0.373705 5.08409 7.76285
1.96268 11.4894 -0.764135
-1.0133 -4.14392 -0.108913
0.819672 3.39264 0.74005
-13.3846 -4.48827 -1.30669
17.585 29.3857 60.7076
-8.77659 -1.84073 -1.52106
-6.80297 13.0652 1.12482
-1.07995 -4.91233 2.85961
-15.2515 67.6551 7.48938
0.0705251 -12.8514 -14.3214
-29.3118 8.70006 -7.64095
0.74249 -1.31727 -1.09671
-13.9629 19.7689 48.4801
0.0526299 7.81912 13.1088
1.61864 6.39892 -4.768
0.0538892 -0.156366 -3.53476
-1.0865 3.22692 4.11635
0.18828 -4.9276 -3.13676
1.60252 1.57735 -5.00408
-0.499902 -4.63499 4.79746
-0.85844 -1.31636 4.19984
-14.8679 36.7548 -9.34875
-11.8894 40.3792 43.779
1.3841 10.6461 1.38928
-8.91113 16.1748 21.9027
0.435969 -2.62988 0.13369
-14.0047 74.916 20.8745
-13.37 20.9549 15.6372
-0.493167 5.91579 5.05475
-3.84738 -0.0182797 -4.85092
-1.69186 -4.95959 2.90066
-3.1274 -6.96642 5.58286
0.392738 -1.02586 2.26329
-24.1452 16.6999 22.2856
0.447035 -5.26429 -2.89821
2.3479 -2.10009 -11.7843
26.7966 -2.72787 -14.2086
-10.6759 21.4429 17.6811
-12.4951 41.2589 62.5655
0.37393 10.2446 1.20303
-7.93027 5.79417 -1.2379
-6.53102 -0.672646 -6.66949
1.01581 2.59099 1.02008
-0.147189 2.37984 4.52391
-58.3641 42.1472 -45.2886
-5.0553 6.66317 -1.72222
-22.099 42.0972 29.35
-20.9094 27.9622 19.0903
-16.4416 25.1133 17.7883
1.37812 5.08665 0.162107
-16.9471 39.8462 -0.115987
-0.420718 -5.45733 -0.69091
-0.12688 -0.650884 6.29736
1.38737 7.66355 -2.31751
1.91389 10.332 -2.28007
2.15632 -3.46038 -9.89786
0.390085 4.98482 8.46174
0.723139 -1.36341 -3.39486
2.275 5.39986 -4.52512
-0.15079 3.75661 -1.92552
1.26846 3.26747 -6.031
0.443178 1.01696 3.43946
-9.22461 16.8382 27.8705
15.6757 23.9248 58.7064
-0.444624 8.29126 16.7055
-0.528994 -3.59802 6.51036
-17.9131 97.3397 -33.4954
-0.203435 -7.6473 3.78379
-8.3288 89.8917 9.52377
-4.96629 4.50621 -4.24756
0.392171 1.07641 -1.62112
93.4316 -45.8308 -81.6907
0.133698 8.54874 2.68035
0.948217 -3.96378 -6.57134
-6.44398 1.50665 -4.15322
11.2014 17.4184 58.1282
1.85191 11.1348 29.2117
-16.6941 42.6804 16.3015
-8.04225 17.839 23.7682
1.05991 9.17224 -2.6825
-0.473509 -2.16101 5.89724
7.22329 20.5409 50.4136
0.180433 2.30818 -2.74133
-10.0713 12.6033 3.55853
1.33382 6.11643 2.01293
2.57996 5.63748 -4.60944
-9.74423 -5.51571 -5.87255
1.02609 -1.05148 -3.38435
-10.4468 34.0828 34.3389
-17.6376 -3.16026 -2.33974
0.997343 -0.755123 -2.81975
18.1079 30.0658 62.4357
1.91809 7.10949 -1.37371
1.10433 10.4196 -3.88785
-0.54969 -3.39151 4.75121
-9.03917 21.892 19.4044
0.948984 4.95965 4.03243
-5.264 7.33468 12.9964
0.198383 -4.59384 -3.16075
1.63312 2.04231 -4.80838
-0.143476 -2.2874 4.61455
1.31451 9.03733 -3.70944
-14.2937 70.9524 8.91929
-13.694 70.0181 19.5571
1.3331 10.05 0.153102
-1.99523 7.57045 15.4194
10.2624 8.19005 -5.38429
-3.17896 6.73997 -0.604779
9.75355 -20.1445 11.2504
0.735684 -2.5437 -2.86589
2.22544 4.14252 -5.31791
0.463323 -4.03196 -9.97219
-6.47383 13.3146 -2.27707
2.50924 3.32385 -6.23578
-19.6387 14.7883 24.0873
0.974259 12.4562 -0.541354
-0.777755 -3.12041 -0.959268
2.47774 9.196 -8.40254
-1.26293 5.03691 1.33158
1.93236 1.13091 -8.53795
0.733542 7.97706 2.4662
1.35498 4.62523 0.977853
-0.0894322 3.16821 -3.14376
1.41528 3.83492 -4.88263
-1.97045 7.42626 3.50723
-0.120426 2.19198 -3.50329
-8.83828 10.3527 5.25349
1.39899 4.64423 -4.77249
-0.552059 -9.73688 -8.96311
-0.175749 -3.38987 -6.44215
-17.3259 8.68425 -7.85835
1.89888 1.8239 -8.82176
0.668557 -1.6027 -10.2784
-14.2775 42.4731 17.3005
-11.2736 34.2806 47.4413
0.483147 -1.55019 -4.36873
1.93851 4.89976 -3.73567
2.01426 1.23544 -7.89265
18.3681 22.4017 -27.9246
0.393461 -0.706572 -6.45728
1.93481 5.79474 -1.61537
-24.2064 8.31573 -3.92626
-0.764682 -7.31169 4.27325
-18.2517 77.772 55.0334
-20.2161 77.4247 51.9716
-10.9663 -1.32447 -1.53766
1.2625 1.42734 -0.445771
2.19086 5.4969 3.22371
-0.389726 0.258592 -7.32512
1.03903 6.73534 -0.711892
-30.4864 -1.3353 4.78899
0.983772 5.58512 5.26847
-24.1392 26.5028 16.5251
-0.252616 -6.03436 -0.444433
1.30359 8.86559 0.722894
-0.182347 1.25351 9.42667
-8.72644 4.49065 -4.47999
-7.39893 -2.21865 -3.67949
2.16184 7.77695 -2.83281
0.0883101 -3.17349 7.2421
0.405108 -6.81074 -9.01528
-0.197169 -6.01504 2.90443
-11.2855 4.21674 4.60207
-2.61186 6.06301 -1.34601
2.15562 9.70566 -0.462675
2.17659 0.785089 -1.58545
0.681696 10.6653 2.5949
-0.55972 -0.246916 9.74404
-22.998 14.1169 -7.84038
-7.72273 -2.41947 -2.59074
-12.3901 4.78913 1.57426
-0.0757282 5.01313 0.419285
-14.0299 23.0104 16.0722
-24.4334 8.31621 -3.92668
1.86071 7.48363 43.9675
-6.51066 9.71698 29.9546
-0.936937 1.74997 -0.339809
-2.94824 0.829163 0.490603
-13.1459 19.3506 18.397
-0.465978 -6.47768 3.08705
0.170441 4.60552 7.68573
1.62518 11.3154 -0.616343
-20.2811 36.8886 16.1127
-14.9498 14.2733 25.3482
-2.88177 12.2751 47.0407
-23.8881 -0.221928 3.93702
1.63937 8.73368 3.08249
0.774375 7.04375 -3.72166
-0.81769 -0.147191 4.73096
3.43952 5.6454 -11.8978
0.105058 -0.112846 4.63651
-0.851737 -3.51068 3.66315
-7.74302 17.2175 27.2167
0.515779 5.36122 8.25043
1.56567 6.35897 0.175722
-0.251985 0.518037 10.0827
-1.27454 -10.7652 -0.3289
0.379681 9.99772 0.453641
0.423965 1.02286 -3.72015
-13.9985 45.0376 9.48341
12.9916 11.1413 25.0466
-15.7649 15.1299 24.2449
0.116856 -0.23872 4.91827
-2.0451 -5.72622 0.241026
1.06271 -3.09792 -9.99705
-2.88557 16.1125 50.9293
-0.531472 -4.81736 4.44599
-0.428483 -4.76119 2.52187
-0.763968 -3.90314 -2.44794
-25.9659 49.2946 10.2321
-22.4137 10.4123 36.9794
1.05906 -4.32966 -10.4048
-8.02495 10.4398 21.0141
-24.4898 7.60281 12.1729
-5.18851 -0.98146 -2.79916
0.678227 45.9589 -4.44848
-16.4498 70.8383 77.3959
1.31134 -1.82576 -6.65881
-12.8338 26.0232 5.96194
-20.3522 32.7821 16.6914
-14.2639 22.758 9.45055
-109.984 19.0633 -61.9756
22.2891 28.7059 65.2001
-0.203518 -5.2894 1.58154
-1.0725 -3.21413 6.17416
-1.12872 8.55703 16.8889
-16.1247 19.3657 20.2308
-7.2277 13.0415 -1.31297
-7.99147 78.8106 26.4944
-0.793096 -2.41984 5.47244
6.67222 18.4902 -1.61417
-0.780619 2.3099 2.15429
1.92648 11.0249 4.04438
1.01156 -1.99123 -5.15944
2.4859 4.61893 -2.89554
-14.914 61.3881 8.54026
-16.4122 64.7934 10.7407
-1.61812 -0.848752 7.9837
1.61851 6.79711 0.505993
-43.3363 1.41272 3.74466
-1.38131 9.12714 29.5731
-1.07223 -2.53633 -2.5613
-18.1653 9.52791 -11.934
6.05163 -9.65143 -6.33506
-3.08862 13.4718 47.8655
-4.72891 3.11256 3.26382
2.20801 9.39103 -1.34146
-7.93762 31.9372 24.9733
-3.19889 -3.68849 5.00755
-0.0993363 -3.3151 -9.37236
-14.0132 14.5675 25.388
1.55387 12.6329 1.38117
-0.772534 0.674941 0.755633
0.775161 0.162048 -6.23201
-0.972259 -4.12581 -5.90712
-2.59067 2.66885 -2.21626
-5.762 -1.38579 -1.35986
-17.6495 31.6634 16.3507
1.02154 -1.3389 -4.90618
2.50521 5.28387 -3.28514
0.491996 7.89135 0.761609
-16.4355 30.1846 7.77439
1.27952 2.24336 -1.68391
70.9074 -48.0262 -64.0343
9.41199 -1.70789 8.02687
-14.6027 35.0324 23.9652
9.38473 -2.00637 8.0926
0.121411 0.73802 5.77794
0.380334 -0.288148 -3.22843
-16.6719 12.8433 25.3249
1.50386 -1.12472 -6.68819
0.421705 8.27843 2.23957
-0.522102 8.54032 -1.74166
-2.24692 -4.90368 5.0823
9.99374 4.87863 6.22948
-142.987 -17.0925 9.56409
0.0802023 8.24745 6.46095
-8.89153 2.35092 2.70754
-8.01199 7.5549 42.7005
-0.8241 0.945424 12.2298
-14.0235 -0.447105 2.0609
-0.202988 -6.68919 -5.28589
2.00154 6.24125 -2.43878
0.48041 -0.361043 -5.60254
-2.58837 -5.77393 6.1668
1.31651 5.88098 2.59143
-21.2272 22.1878 10.8749
0.0734132 8.62054 5.67572
8.50681 -22.3358 4.41013
-8.57024 10.1271 0.477609
0.198443 -1.67217 -8.27289
17.7946 17.3116 62.2919
-0.803552 -2.60161 -2.27983
-5.5691 -4.9483 -3.7661
0.310215 -0.13173 -3.69186
1.90014 6.33763 -4.25794
-6.8279 10.9907 -3.19049
0.715192 -5.24258 -6.73547
0.808261 -0.771549 -4.98243
2.19315 5.99594 -3.01493
-1.36841 2.93945 10.3757
9.96321 32.9758 -18.1133
-1.30574 3.77069 5.01997
12.6646 23.7847 56.5956
-6.718 0.309988 -2.89927
4.00376 9.73462 49.0292
-1.72497 2.03104 1.10939
1.00618 -0.343901 -2.25609
-21.4678 28.1452 5.9521
0.362507 -7.41855 -9.66768
-5.04555 -9.20413 9.47653
0.416957 0.14564 2.79071
-10.0533 39.471 29.4305
3.09357 12.0384 -0.117783
0.44248 -1.5928 1.91362
-16.5932 25.6384 9.91317
7.63224 16.7731 51.724
-0.214133 -3.20327 6.49077
0.170127 -4.07761 -3.17762
1.68093 2.67353 -4.89169
0.725205 0.470958 -0.792868
-7.15118 60.5222 36.7715
1.03572 7.13937 9.41515
6.11242 10.5971 37.4654
-5.85536 19.0445 2.91528
0.702429 4.41133 5.33131
-7.93546 18.1433 24.5921
-1.11838 -2.51399 6.30319
-0.35988 -4.4318 -7.30376
-3.81551 1.2435 0.158073
-1.11639 -4.40745 3.95858
-15.7023 7.11147 -2.76019
-15.8199 18.7111 20.0183
2.19805 6.53105 -2.94724
-0.808336 -7.06404 4.28315
2.79785 -9.19491 -17.2816
-17.913 18.8137 17.968
4.28198 -21.1065 -17.6796
-43.1105 42.5803 -25.931
-0.46005 -3.80688 5.58115
-0.437484 -5.05815 -0.190113
1.25838 4.32195 0.761496
-6.17651 24.8061 69.8182
-10.3882 8.74671 -5.7717
-12.8281 66.0309 6.78613
1.29182 8.63858 -8.65479
-0.442451 -1.00728 2.22867
-23.5954 -8.32728 -8.53273
-18.2244 35.5162 -3.39768
16.2777 -12.4762 10.629
-14.9157 19.4735 18.5055
5.98526 8.00776 4.54455
-16.7252 18.3602 19.867
1.33111 4.91324 2.00764
-20.0262 19.0184 20.0677
-14.6372 19.7916 17.7972
-15.7694 17.1282 18.2368
-0.168515 0.996606 3.39241
-14.0086 18.9506 19.1522
-19.6788 19.8284 18.7651
-26.253 2.30174 4.37206
-15.535 20.8804 17.6149
-1.10166 -8.8963 3.63278
-8.0157 99.094 45.8079
1.32641 6.98074 1.71566
-8.93369 19.5447 21.759
-0.145721 7.74893 6.97869
-5.48689 -1.71266 -0.0329498
-20.5779 37.0441 7.7488
-15.2135 42.189 -5.6514
1.32901 5.54015 1.96175
-14.2975 0.246437 -7.86457
-1.66381 0.694658 1.67453
3.73538 5.55419 -0.505634
-7.72497 7.85138 11.2285
1.11282 -0.408961 -7.66514
-0.473717 5.50184 8.52139
1.32943 2.2712 -1.91614
2.49137 1.98605 -5.25495
-1.4302 -7.91884 6.07414
-0.962259 0.0123069 -0.117776
-2.78354 -0.786132 -0.332906
-20.0058 22.8454 8.82311
-1.70416 -7.86339 7.18616
-14.5603 -70.3606 79.5624
-1.67705 -8.29822 8.13727
-13.3802 25.0713 54.7585
2.23818 9.18876 -1.56835
-4.39403 -8.04342 7.80166
0.358715 5.78089 9.3475
1.65091 14.3081 1.31297
-1.75347 -8.28119 8.92301
-2.02421 -5.4386 6.23732
-0.763845 -5.1347 5.86527
-2.01964 2.50187 9.47331
0.757246 6.99698 6.03242
7.61197 4.24976 -8.91009
-0.210282 10.2251 -0.860423
-7.70062 38.3021 30.5447
4.59059 4.39607 7.31957
-0.799755 -4.01527 2.55479
-15.2438 21.1946 15.3438
1.99709 2.74047 -7.06887
0.407761 -3.77549 -1.07205
1.63177 0.468249 -6.68541
0.0980779 -6.03519 -1.33311
0.655291 1.68822 -6.24619
-15.4124 89.3044 41.4998
0.447657 1.32349 -6.18793
-11.6325 29.5581 43.9185
0.727721 2.25142 2.8229
-0.242416 14.339 48.569
1.9192 8.24474 6.81331
-1.32923 -2.17902 14.3027
-8.57045 16.0694 39.4777
-12.0465 50.4178 23.883
-9.79532 9.04705 40.5762
4.62319 15.9811 43.5681
0.688866 3.68382 -0.262393
0.125671 -4.01155 -7.33368
1.26836 -2.06115 -7.22805
-14.4548 23.4706 16.6248
-0.754041 5.50917 1.09203
2.49192 0.370897 -8.2523
-0.733456 29.4597 -4.93487
-14.564 59.235 33.4908
12.0584 18.1473 7.07936
0.948571 -18.3019 -0.432508
0.436113 -3.46128 -3.13238
1.85589 3.07511 -4.83525
0.0883565 -11.5277 -12.691
0.45998 5.54126 5.25526
2.01057 12.2941 -3.15257
-9.82121 9.54336 -4.57763
-10.391 6.77504 -5.08344
1.0374 3.15515 2.15813
1.84868 4.57451 -1.39116
-9.24378 -5.27643 -1.63932
10.8725 15.0874 23.2086
-1.31032 -3.36691 -0.725817
0.393464 2.82509 0.202048
-22.7206 25.2909 12.673
-22.9618 87.8404 41.7002
-1.75399 -5.04065 9.63831
-10.8671 50.7826 20.2403
-13.1342 24.0321 -1.58468
-0.232614 -6.3796 0.861712
-1.41606 0.588435 7.07099
1.25417 -3.54315 -7.92633
-0.250887 -5.21955 5.93382
0.0744365 -4.24584 4.15378
-15.2019 58.1166 13.876
-15.8202 18.4307 18.0797
-0.473838 -4.69884 -4.68865
-21.4209 27.4696 18.8931
1.05779 -1.07594 -5.50072
-13.0929 87.5731 15.0634
0.720174 2.25395 2.50329
1.01212 0.789914 -8.85738
-17.5586 15.4334 6.42634
1.2935 7.64515 2.86803
-24.4743 24.5072 14.2321
-1.34401 8.79662 5.16849
-21.8062 38.2299 5.81187
-16.3879 73.6618 9.11734
1.29804 -4.63293 -11.7475
-11.0238 16.2086 12.1254
-8.07769 -0.916447 -0.495597
-10.1511 71.3975 20.3319
-4.95005 -2.94262 0.55983
-20.0235 47.4401 29.8373
-8.34273 49.9828 -6.97785
-7.05483 10.9912 -3.19091
-20.5724 43.0979 12.521
-12.5155 57.4677 1.61626
-9.80303 87.0603 46.5161
-1.8994 -3.50137 1.94846
-14.6189 64.3709 4.59381
1.3429 0.0772299 -9.06871
-9.52145 68.8215 14.8858
-3.43713 63.8929 1.98074
-13.3787 10.3499 -2.93707
0.11772 4.72613 -3.09024
-12.1767 47.3903 66.6475
-16.3265 42.5994 -1.16047
-12.2181 25.3038 60.4228
-19.396 18.1531 21.1863
0.360214 3.33439 7.53078
1.92036 10.078 -0.76697
-4.99263 27.8721 67.8313
-20.4952 33.2785 16.1694
-8.65219 31.1614 37.581
-13.1532 25.0708 54.7589
-4.05316 -0.49708 -3.20308
-13.3961 78.3514 53.6351
-16.0727 27.9595 4.20889
-8.8147 14.8731 0.290377
-2.14774 -8.15095 7.9349
-7.03246 27.4967 21.9858
20.748 18.2413 55.1094
1.82693 5.60256 1.75632
-19.7388 56.5857 13.6743
12.0933 20.1581 52.0158
-22.1106 37.4035 21.0772
-10.3188 32.7091 65.6267
-1.73299 -3.83652 2.44787
-19.6714 61.8412 34.6524
7.85215 19.7985 54.149
15.9507 27.7458 61.9858
0.989982 27.0367 71.8917
20.4973 14.1156 -3.18307
0.440418 34.5861 63.928
0.459127 6.15094 4.92624
-13.6955 21.5901 56.6353
0.851936 -4.7625 -9.51094
3.7221 -8.29479 43.6421
-13.7198 25.4768 23.2236
-3.49341 21.2151 46.8808
-17.8932 30.2022 18.3842
24.8221 -4.57415 -9.40862
0.174109 -4.01967 -7.08646
-15.5328 17.0167 21.1506
0.176284 -1.85117 -2.25461
-10.6989 -4.60192 -6.99737
-8.84151 3.92473 6.1191
-0.233172 -4.01656 2.87103
-0.133715 -2.75273 -6.40824
-19.3691 -5.92997 7.20562
0.099393 6.347 3.12013
-3.54692 -2.49895 9.41573
2.03495 8.11929 -3.57353
0.333028 1.75013 5.05204
-0.526266 5.72148 8.733
0.0862936 -4.35552 4.38853
0.116876 -2.88254 5.78617
-0.809455 -4.13596 0.0660519
0.952726 -3.5286 -9.50175
1.00175 -3.23954 -8.63428
-1.66352 -10.8232 3.64237
0.50039 -3.75767 -4.35068
1.85329 2.98705 -3.60045
1.59826 5.3607 0.904721
3.96454 11.136 3.89822
-0.136468 -0.340446 5.8661
1.33157 7.41269 -2.43416
-1.88714 -6.45145 8.99456
-18.5242 62.3194 35.8426
0.438389 -3.39719 -8.57522
4.87333 10.3448 28.394
-14.2815 10.2763 3.60054
15.4632 45.1232 -3.22261
-16.7488 17.5314 18.8193
-19.0706 30.9646 14.5994
-0.712307 3.8068 6.84623
-7.72927 1.0208 -8.37067
0.439223 4.3185 -1.05007
0.195968 -2.80581 -1.61097
1.55476 3.68027 -6.39203
-18.768 51.2584 15.6532
0.778573 -0.663719 -7.49767
0.686556 5.93817 7.6566
-20.6512 40.6029 26.48
-11.9942 11.347 -4.33101
-12.8115 74.4547 46.4188
1.34094 -12.218 45.0558
-3.84481 -6.29003 7.30626
10.124 15.2773 53.4046
0.776533 11.8299 -0.712879
-0.811947 -4.95093 7.67104
-0.334575 -2.21352 -7.37333
-14.3017 15.8467 23.1311
-20.0467 16.7288 23.1339
2.50391 1.75784 -5.06937
-9.811 73.6916 49.3769
1.32724 4.5981 1.9477
1.06273 6.19705 -8.60104
42.0751 -13.0546 -19.2971
0.143746 -1.87054 2.21079
-22.4349 16.7833 3.60895
-7.62821 13.9139 45.4575
1.05991 11.2043 -0.119994
-151.067 58.8175 -64.4619
-11.3487 38.6858 -2.7521
-16.6657 34.7647 3.97873
4.60238 8.36489 41.5553
14.4673 27.764 66.9576
-1.07601 1.59207 5.31154
-14.5983 50.4325 57.104
-17.2997 27.264 5.52215
-1.97473 7.44381 20.9111
-7.18676 -3.99462 -1.23874
-11.5969 50.8497 44.8968
0.767788 10.03 -0.164281
-0.770517 -3.07261 8.20143
-0.467925 -3.50022 6.62809
-9.37592 19.985 21.3317
0.738581 6.78092 1.96887
6.0773 -11.0209 -24.7868
-12.1411 61.0467 -4.61404
-8.26504 1.27301 -2.32115
9.32006 -2.0692 8.8523
-6.2335 7.72316 2.66688
0.667881 -1.77763 -10.6642
0.130168 0.440822 -1.96908
-16.3539 8.3528 -2.13135
-15.1816 86.6762 47.4133
-0.787148 3.30832 2.02785
-14.6127 21.3004 17.5185
1.31949 9.12391 -1.37354
-11.2902 75.8674 44.3264
2.18292 13.757 4.41423
-0.155983 -5.71961 -0.570009
1.69804 5.15053 0.518702
0.176721 -4.834 -3.83037
1.62551 1.60971 -4.27135
-16.3844 28.0295 8.97152
2.23567 0.851522 -7.68692
-11.6272 53.6444 21.6562
0.40468 -5.77416 -11.6381
-0.195496 -7.07487 3.87954
1.21687 1.53341 -1.67443
1.35823 8.79539 -2.27583
-0.199233 -1.81033 6.24067
-5.90037 -1.35862 -2.63498
0.461865 -1.6833 -3.67222
1.93454 4.92867 -4.40446
-0.216983 4.18054 3.18937
-5.67252 -2.34592 2.45913
-2.03011 6.25313 5.34936
0.712984 -1.8798 -1.07866
-0.204593 -9.5835 2.65456
-20.9479 16.9104 -12.8728
-5.31645 11.6281 -6.30383
-1.06494 0.313933 2.06245
0.966265 -0.623302 -9.66389
2.22739 7.08292 -2.92814
-0.187387 5.46208 2.53324
-0.17876 -4.53981 -7.39662
-1.73668 1.80241 -0.778425
-1.13519 0.191658 -2.6383
-19.6676 7.3153 1.31531
-0.540618 -6.76633 -5.80221
2.1467 9.25452 -0.644566
-19.6103 14.3334 -6.76695
-18.165 7.62232 1.60826
-11.2661 -55.6326 53.4909
1.5821 13.4465 1.159
-1.67862 -7.2746 8.61549
-11.8416 19.0763 14.7706
-7.36943 80.0447 49.3577
0.972345 -1.77789 5.46897
2.05214 5.79994 -9.41183
-9.80041 27.4823 24.5047
1.01872 2.30501 0.698423
0.398343 -3.73356 -1.92801
-1.65796 -11.09 1.22297
1.93434 2.74824 -6.19327
-27.4884 9.20871 -7.05365
-1.4365 -7.10544 7.34274
-5.60196 9.19414 -1.58791
0.058466 -1.16855 3.65736
-0.224072 -5.55185 2.85674
-19.1918 11.2715 12.0568
0.073291 -2.25026 3.18642
-0.244496 -1.5176 -2.40024
-4.40135 -1.30515 -0.120874
-1.10707 0.900777 5.24566
0.446422 8.94661 1.98114
28.642 -0.226111 3.58149
0.376974 -2.94941 21.2838
-11.5171 75.8679 44.326
1.05316 9.1499 -1.39301
-0.469045 -2.27551 6.92548
-5.83087 -8.28863 -3.28906
-0.506146 1.03032 10.0193
1.03571 2.56601 0.740564
-3.18316 -3.5413 0.718627
-18.7751 55.3339 37.0009
-7.05112 10.624 -0.565832
-18.4181 37.4327 25.6319
0.133751 5.00212 -2.90969
-0.094424 2.3294 -3.13573
1.33511 4.74263 -4.92878
0.455362 -2.26982 -3.4209
1.87889 4.25054 -4.61223
0.484992 0.377679 2.68281
-19.8202 36.1047 15.7922
-8.26121 3.16312 0.966108
0.411061 5.21354 7.98857
1.01166 4.7168 3.73053
0.723325 4.86212 1.04944
-0.474622 0.194774 9.14523
2.38085 6.17493 0.635174
0.453586 7.08372 -0.11513
-1.0827 -0.129152 8.23196
-5.5574 -4.68963 -1.45037
-0.219791 4.57779 8.3179
-12.4724 13.8456 5.57023
-0.220176 -5.53181 2.03038
-2.17136 3.87291 -1.19711
-0.693524 -2.93638 -6.95692
-27.4689 -18.4854 -10.4934
0.427841 3.17049 0.725716
-17.1913 23.6233 2.86801
1.55303 -0.595093 -6.05544
0.131846 3.43597 3.73231
1.58674 9.91158 -4.6595
1.16884 10.7451 -2.5978
-0.429988 -3.72421 5.80401
-0.53251 -3.32508 6.13304
0.365219 1.41245 -1.78323
-37.4764 -10.4565 12.6901
-0.436767 2.28995 6.63958
-15.18 1.16761 8.17895
-1.13351 6.75898 4.24782
-7.98553 0.965752 4.24379
0.948423 -27.2159 30.8253
-0.80839 -2.8592 -0.512159
1.03427 2.2681 0.432743
-1.71091 5.37512 -0.624925
-0.395214 -2.53669 -6.79668
-1.90774 3.92134 -1.20901
2.22963 7.27539 -3.47856
1.80727 0.350402 -9.74734
-4.81433 -2.75448 5.17718
-18.368 29.1376 10.6951
-21.8226 23.2344 -19.5241
-8.9074 34.3925 30.6802
-10.3425 9.0295 3.56667
-0.210973 -5.47991 -2.77424
-20.0512 45.563 -5.48473
-0.470767 -3.96848 4.30121
-25.0915 -4.77004 1.81531
-0.440742 1.50423 1.89187
2.81037 4.33491 -9.11209
0.631825 -4.43714 -9.67072
0.935529 -3.17091 -0.663428
2.40404 3.59154 -7.45426
-0.667316 2.40833 0.15596
-7.73162 11.5567 7.95821
0.414107 -6.90718 -5.39346
-1.05385 -3.48517 6.39856
-0.776496 -4.14741 6.44257
-5.91296 9.80832 -0.290995
0.993699 -0.377634 -7.80916
-29.949 -3.81302 6.15934
0.11181 -5.82125 -1.626
1.62775 0.718113 -6.46723
6.1111 -19.8709 -40.6512
4.28432 -18.9594 -26.2865
1.29722 -4.96844 -11.431
-0.785777 2.06466 12.1478
-0.444808 4.41735 1.76019
22.5594 35.9807 -53.7973
1.54962 12.4713 0.920925
-0.521485 3.74803 6.2844
11.4816 -6.72818 24.3563
4.28946 73.0639 -40.3196
8.2257 26.944 61.1606
-0.514822 10.1445 7.11232
-1.09791 0.97072 8.46445
1.92458 10.1367 -0.381272
0.359476 3.58423 8.09521
6.70685 -20.5415 43.8392
-5.91648 3.31796 1.5352
-0.5365 0.650571 7.31536
-1.15427 1.07111 8.9689
0.719592 2.50998 3.31069
-0.472587 7.42135 4.03953
9.40117 17.6015 12.3115
-83.5656 7.5861 28.7534
-3.49764 9.84046 0.537604
-18.7234 45.9376 30.5359
-0.181794 4.02443 7.83188
-23.2943 9.59709 12.911
0.417826 5.21422 1.15753
0.740477 0.489461 0.977251
-0.796926 -1.51899 5.17773
-1.14824 -7.70368 2.20433
0.959995 -7.11257 -2.82157
-0.587988 0.907233 -0.290875
1.32271 -3.54942 -9.80625
0.606071 1.39681 6.58027
2.23931 7.95845 -1.90102
-4.43418 6.64481 -2.30586
-0.215281 0.429129 8.63014
-0.232023 2.42219 4.89418
0.730361 1.08577 1.33402
-5.62953 -0.712436 -5.90344
-14.5597 19.6581 20.3146
-0.765233 1.58905 4.71474
-0.16463 0.953305 1.87031
-0.847629 -0.208543 2.52193
-5.03115 8.03334 -1.56805
-7.97458 6.48346 0.247524
-8.37903 39.8585 30.2374
-5.26536 3.2147 1.43989
-0.293231 -4.51555 4.0362
-8.029 19.1559 6.48286
0.141503 6.14603 3.2237
-9.48971 98.8703 43.1852
1.01495 1.03868 -1.03119
1.9625 11.2194 -0.0335471
0.364541 4.77243 8.35159
-22.0288 -0.208956 3.45817
4.32616 15.8169 42.9602
-26.2823 6.29 12.5645
-5.87145 4.13267 -3.02013
-0.132064 -4.51662 -3.97226
-0.176352 -3.3494 3.45975
-1.67859 -6.28345 4.92895
0.992951 6.94725 6.47859
-19.6302 62.0444 75.0502
0.669997 7.93448 7.71994
-0.836353 -6.21562 4.97427
1.30982 0.857206 -8.48429
-0.249633 7.52095 7.21925
-4.39639 3.56452 1.30526
1.00021 -4.85223 -10.9595
-8.55021 28.6702 13.9908
1.64704 -1.86226 -9.08486
0.467981 5.37116 6.16549
4.48751 6.19299 44.3913
-9.81252 9.87655 -5.40308
-16.4105 8.38899 -3.35842
-14.038 29.1099 10.7818
1.07458 9.75254 -3.05293
-0.543984 -2.7683 5.23798
0.136957 -0.352518 4.94807
1.29719 -0.92653 -6.14633
0.896414 -0.781581 -5.12249
2.13404 5.97396 -2.71362
-1.71671 7.25047 6.74415
3.94778 -19.2573 -4.0786
-132.817 96.5209 -64.0453
0.0766487 7.83628 6.589
-0.176703 -3.77823 6.75976
0.971381 8.88121 6.3904
15.4869 8.97727 46.8608
-10.9734 6.65271 -7.18521
-10.427 7.25627 -2.40265
-9.15078 29.3079 35.2485
1.27618 -4.81235 -10.5193
1.31305 -5.10669 -10.1091
0.39197 -5.35185 -10.6188
-9.69294 14.591 -3.04612
0.45108 0.433304 3.83026
1.25984 7.24671 -2.82468
-0.284498 -0.495113 5.44174
0.135164 -3.41299 6.34346
0.440052 5.49062 2.66676
-13.1036 15.1748 -9.45706
-0.172819 -4.99677 4.80864
-0.523784 -2.28181 2.95984
1.26476 8.69306 -1.8413
-0.199328 -1.76705 6.42599
1.057 5.98017 -1.92168
1.27061 0.645792 -3.81934
0.375412 -3.44591 -2.54873
1.80753 3.05768 -5.43367
2.12926 3.93644 -6.20292
0.731013 -2.51316 -1.96655
1.57141 -0.334105 -7.34685
-17.9158 -5.88899 7.11957
-0.173698 3.68854 -1.38471
-0.783746 -7.34686 -0.788921
-38.3021 36.071 -20.2758
1.31928 -2.37578 -8.6059
-133.423 66.5635 -61.4392
0.142582 0.0974487 -4.08019
1.28536 -5.82531 -11.6689
0.986388 6.15329 6.37695
-0.201655 -5.01738 0.619174
-0.181309 -0.214439 -0.372784
5.82759 20.951 -0.716997
2.15888 9.42365 -0.628972
0.654281 -4.79414 -6.57063
1.51826 3.3609 -1.06065
0.182345 -3.0357 -7.06842
-10.6791 3.02906 26.7207
-16.4302 71.6198 36.8793
0.107301 -2.57203 -7.65769
0.173929 -3.76648 -6.22972
-29.2966 17.0908 -7.42451
-0.183491 -3.4508 -5.80272
24.6593 -3.78917 -9.02985
0.132968 -3.11662 -6.67884
1.03093 -3.08339 -7.35138
-4.10597 -8.18893 8.427
0.12435 -3.4709 -0.477223
1.61641 3.01528 -7.71095
1.90966 7.72866 -0.77619
1.69954 11.0254 4.04397
0.452386 -9.60255 -12.2049
-19.0717 30.1346 19.9378
-1.04781 -0.237078 -0.203794
0.714373 -0.408613 -0.453672
-0.188823 -2.74394 -0.131154
-14.5375 15.8061 23.0411
-3.48574 -7.97999 7.92765
-9.15933 15.3064 28.5178
1.02368 -4.74096 -8.51051
0.0955293 -5.263 -2.21898
1.62562 1.34089 -5.86311
-7.68115 4.41825 26.4526
2.24818 7.74359 -3.13934
1.01504 -4.33283 -10.8968
-16.3685 9.19114 5.41036
-0.762333 -1.75391 2.56843
-0.492083 2.3677 5.99951
1.31968 -4.00543 -10.255
-0.502167 -3.18293 0.32759
1.03423 4.75466 4.0448
-7.67645 14.4407 1.11702
-3.15794 -0.12346 -0.414439
-0.500264 -4.06408 5.86323
10.468 -1.36622 -7.44658
-0.507041 -5.12484 -2.02773
-15.4791 71.2999 37.4636
1.07484 -2.11252 -7.03879
-1.69666 -7.65778 8.25561
-21.7622 56.9045 32.5345
0.211093 2.80433 5.50844
1.67561 9.47441 -2.98055
-0.136249 -1.11189 4.83439
1.30744 7.86099 -3.37695
-1.10223 0.699331 9.19176
-0.149405 3.71214 2.28877
-2.89025 -5.96793 5.28664
1.38903 -2.34289 -9.77181
-1.03191 0.139432 0.195523
0.710975 -0.729053 -0.761485
0.160507 4.07236 -0.173352
-85.0617 18.2392 -23.2769
-1.36238 8.87849 18.6162
-115.31 1.57956 42.1385
1.00298 -4.10915 -7.68033
-1.67056 -7.35069 8.77417
10.0572 0.00518907 24.406
0.156754 4.2032 4.42928
-16.9572 61.0723 37.0789
-19.6256 12.6984 24.45
0.148269 5.58213 6.39084
-12.916 43.068 14.4276
-1.68955 -4.05616 0.57921
-32.5586 15.8584 -25.3718
-56.8421 10.2382 -30.8091
-18.1642 29.0015 19.8622
30.7489 -7.49806 -131.436
-0.740763 -2.60104 -0.754002
1.02394 1.95937 0.169084
-0.123828 -0.658572 5.53221
1.31622 7.54994 -2.89516
-8.17417 12.9528 46.4375
0.431978 12.0167 -0.992759
0.415286 -2.24448 -0.476809
-17.2931 -7.15659 6.05237
-3.17464 -3.1302 -2.10071
-43.2606 1.37371 -2.97385
-18.1698 46.881 31.0805
-19.3812 -4.94684 11.1036
-10.4014 12.7017 3.25406
-0.384995 2.18312 -0.204736
1.07144 4.59523 -7.99091
-2.27128 1.29377 0.725268
-110.546 76.8335 -48.115
0.368444 -0.0720159 2.57914
23.8747 3.31105 -5.84585
-4.08038 1.81193 1.08775
-37.817 0.0646587 8.01688
7.61481 -4.43899 18.5491
0.104497 -4.31482 -8.80854
-43.3298 15.2175 -20.3118
1.91972 13.1709 3.45978
1.01824 -3.55477 -6.89833
1.66366 2.00423 -7.0152
0.0977169 -4.647 -1.0878
16.0125 -13.3005 5.13047
0.114345 -2.5387 -5.87689
81.4304 18.3386 -55.5153
1.62328 3.97015 -2.17948
-4.08886 -1.84191 -5.97792
1.36723 11.4726 -0.714277
-22.6771 9.83795 -5.85844
-15.7235 63.6701 -1.0161
-0.163995 -3.79447 -7.37022
-1.63993 2.74176 -0.807927
-17.8948 29.4098 2.43149
-1.65953 -7.32431 7.30434
-10.7574 25.6974 16.8194
-0.429321 -0.712841 6.47474
1.03221 7.68927 -2.003
1.89605 6.472 -2.52082
0.447147 -0.0701443 -5.57955
-8.5364 82.5018 14.0294
0.993553 5.59545 -2.80306
-0.426883 1.24081 -5.33327
-16.9947 70.074 39.0614
-9.13418 9.52519 3.47386
0.466515 1.6041 -2.53134
-4.97954 105.29 73.9226
-0.451112 0.119106 5.30424
1.00712 0.403046 -3.53088
-7.32176 27.2054 25.8198
0.419775 -1.10635 1.2954
0.404353 -0.0469603 1.59021
1.38021 11.3158 -0.616767
-20.508 36.8891 16.1123
-10.3357 21.9324 15.6637
-20.5741 8.98517 -7.65461
-15.9226 70.0245 7.12256
7.3513 8.02042 45.4691
-1.91635 -4.05581 0.578819
-16.9367 46.4363 29.8286
0.310298 -4.89582 -1.61454
1.90322 1.74754 -6.36422
1.30235 7.71505 -1.71303
-0.189861 -0.810167 6.79354
-19.0514 45.9278 27.8083
-0.764421 -5.66135 5.85121
1.29903 -3.32974 -8.53124
1.21244 -5.50916 -9.3546
-175.377 28.0512 -8.43322
-0.475614 -5.5607 -3.79649
-28.3008 6.06641 16.2089
-12.4624 31.7023 59.0069
-93.9759 -30.0714 13.9782
-0.502231 8.09549 6.3574
-18.1681 45.9908 18.0362
-0.73299 -6.74903 3.9529
-2.60557 -6.53783 4.97543
0.724734 -2.59279 -2.54403
-12.1243 9.80907 -1.19227
-0.00681657 1.61005 -3.09667
1.39508 5.22449 -5.03332
-0.156522 1.59325 4.76853
-5.53317 7.12597 -1.69595
-1.67341 -6.32946 7.80313
0.136425 -3.63985 1.11624
0.43196 9.72712 5.49703
1.76086 9.66098 -0.0595982
0.149294 3.04876 8.33516
1.56969 7.64756 2.57054
-8.60287 7.23462 -1.83662
21.1554 8.77776 -14.7625
-16.027 46.8229 1.0728
-6.42347 -1.33999 -2.9289
-18.7402 -1.61909 -4.1442
-0.0869453 0.182345 3.52977
-49.9341 41.307 -9.40617
0.118072 -5.51107 -7.62112
32.525 3.76837 -106.317
-0.479875 -2.24234 -0.423401
-12.7475 13.1314 -6.27373
0.444804 -1.74514 -7.37703
-9.72046 3.59289 -1.98534
0.460145 -5.89845 -12.0055
-0.15814 8.39166 6.11608
0.719326 4.94428 -0.402451
24.729 -3.32014 -9.49211
0.100062 -2.92711 -7.00794
-12.7412 9.90735 -5.47578
-0.118532 8.15684 2.60909
-33.7787 -10.1556 9.37105
0.115375 -4.33241 -7.25255
1.65105 2.10491 -0.853668
-3.45087 2.86453 -3.71917
3.92822 -24.0204 5.89516
-0.127322 -5.44452 -7.3367
17.8 5.4765 32.7399
-13.9391 12.4162 23.3202
-1.08833 0.907541 7.58154
-20.2999 57.6361 36.8009
-7.69478 48.1359 68.7608
-0.493655 -4.98982 -1.65212
-3.12466 -4.63904 -1.44508
-0.80574 -0.514102 0.698196
-0.741809 1.0099 2.08787
-1.93921 -1.66679 1.81728
-1.69899 0.0672568 0.960853
-0.179552 -0.0765774 -2.91436
0.405603 -2.80231 -7.999
-1.39848 -4.69795 5.62557
-0.748748 -3.36944 -0.214339
1.00441 2.85122 0.737358
-18.7443 83.3021 44.5029
-23.107 22.2116 9.99954
-7.93745 14.5138 39.0815
-65.854 17.8432 -38.2362
13.9162 16.9575 -11.3305
-2.0036 5.34032 -8.43341
-19.5801 62.228 38.5602
0.442942 -1.628 1.63175
-16.0388 11.5225 10.5984
-1.06752 -5.10221 0.751379
-0.163922 8.23118 4.06156
-11.0023 19.8467 18.7535
1.43696 6.3193 -1.23568
-0.0791201 0.432859 -6.84678
-22.6962 26.5657 17.6206
1.92066 8.11945 -0.735644
-18.3773 17.7034 -11.9022
1.94732 0.00240424 -10.0798
-16.9645 23.623 2.86839
-0.712428 -6.75706 2.67779
-10.9346 7.91968 -2.03602
-75.0319 13.4082 -57.4588
1.34382 -4.40914 -11.5381
-0.465364 -0.767729 -0.728899
3.38358 -14.9938 -0.658258
1.96323 5.93835 -2.73676
-1.33966 -11.4998 27.5487
-1.98256 -1.7856 13.5925
-4.12288 2.93761 -4.25168
0.473355 3.22639 -0.689932
-31.9364 4.43621 4.76365
-6.77213 -8.6241 -0.531839
1.06793 9.42185 1.04528
-24.7326 11.0221 -6.66967
15.4461 7.08516 9.17586
-5.58236 1.00449 1.08208
-2.26901 -5.99438 7.41917
0.112477 -0.435178 -4.67633
-76.8193 4.52762 -4.98362
-6.71919 21.5699 25.9918
2.27893 5.79959 -9.41144
-7.45912 12.8384 19.3687
1.65318 -6.7454 -12.2698
-17.5815 27.4102 19.6583
-49.9495 -2.37375 -3.69402
1.02289 0.466367 1.95521
-5.25278 78.2559 -0.346535
-3.16678 0.146906 -4.84066
-0.740004 0.115843 10.9359
-14.6004 12.4101 23.8676
-4.6652 7.1818 26.5031
-12.7342 36.8321 25.9915
87.7668 24.7349 -59.5417
-12.7163 113.344 95.889
1.64783 -0.633511 -6.62384
-2.86806 -2.7179 -1.72139
-14.8858 33.6631 18.7699
3.11073 -1.65709 -0.408954
-0.727993 6.96914 8.81748
-0.428419 -3.91671 3.34002
-1.09167 -1.61702 6.22268
0.439426 0.773593 -5.55243
1.60419 -2.14372 -9.3363
-19.0475 0.72589 0.21409
0.399217 -6.48796 -10.5244
0.431015 -2.59796 -2.56579
1.90113 4.13918 -5.42795
-0.455056 -2.62197 -4.59266
-4.38996 -7.49871 -11.2877
-68.8274 72.7367 9.22494
0.701671 3.142 3.69997
-12.5754 47.4599 35.6417
-0.65656 2.71486 -1.8864
-13.3776 70.5911 4.24102
-1.03334 -2.72816 2.72146
-0.436288 -2.86373 -0.961005
75.0994 19.0245 -115.355
0.939978 1.34454 0.455957
-0.739096 -1.98938 -0.392972
-22.3426 21.9622 -5.64894
-10.4624 -7.03974 1.82353
-25.9553 -1.79834 8.12967
-59.2719 5.90132 3.15009
-0.380444 -0.341068 -6.41267
38.5717 -15.1446 2.10701
-47.8799 15.4622 -9.47422
-3.13947 -7.78051 8.50078
0.140311 -3.11067 1.0175
-1.04092 2.92581 2.71636
-51.7537 19.9797 21.9769
-2.25037 -7.47957 5.27744
-8.83334 72.0996 38.1841
-1.04275 -0.53653 2.66832
-1.66094 -3.11477 2.26111
-3.73623 -0.861264 -6.00824
22.0621 28.7064 65.1997
-110.211 19.0637 -61.9761
-1.05117 -6.9077 -4.57985
2.94942 7.13282 0.932032
-0.483431 -0.999045 8.5189
1.35342 1.05718 -4.62934
-1.3263 -5.38102 6.36249
0.1158 7.74006 5.60406
-11.6077 26.5414 20.248
2.56345 0.371556 -7.75407
-0.646312 6.11554 1.76517
-14.6064 24.2914 17.2515
0.820324 8.20454 -0.764273
-0.746425 -1.27713 7.59647
-45.8067 27.4998 -4.4367
-0.418961 6.10311 6.7901
-4.09643 -2.15789 0.932896
1.35408 7.80792 -5.36245
0.431766 2.57176 -2.54214
0.733007 3.42304 0.435948
-1.06337 -4.1426 -0.334552
-0.422741 1.3089 0.698631
1.35299 -2.08047 -0.0903625
-0.167758 -2.77239 2.25929
-2.2944 -7.38459 5.70054
-1.69126 -3.3764 2.20811
-0.204156 -4.95556 1.59159
-0.150289 7.83676 6.58859
-93.7491 -30.0718 13.9786
1.92218 9.47798 1.88537
-1.38987 -3.32685 9.51016
-8.23335 5.67066 -1.48092
-13.3438 22.5544 49.404
-0.160751 7.8334 5.30652
-0.488499 -5.60501 -3.52469
0.411928 9.12078 4.97856
-1.98143 -2.21504 1.33069
0.103519 7.63765 6.1694
0.862856 1.02506 -3.19771
-7.68122 26.5227 25.6648
-4.03269 -5.86428 5.79367
-0.42006 2.56196 2.02235
1.32684 8.76411 0.369861
-10.6737 11.2807 20.6513
0.704477 3.71125 4.08057
-3.15749 8.15187 -0.279175
1.40705 3.2468 -3.51411
-0.0741347 3.75475 -4.54406
-7.06914 24.466 25.9033
-8.52961 24.8713 21.3254
0.36432 3.81595 5.89714
1.89996 10.3409 -2.46744
1.66046 -7.75525 -13.918
-2.2805 1.78355 9.54135
22.3374 1.64996 -6.85027
-16.4036 75.3207 38.1354
-11.2497 47.6789 66.798
0.439637 -2.87683 -2.82351
1.92757 3.80444 -5.31648
-16.5687 7.61121 -6.68296
-0.947753 2.22974 -0.46481
-2.8542 1.37131 0.586433
0.146053 6.42481 8.79916
-14.2413 77.6748 35.0456
10.0761 7.37254 -0.917846
25.3805 18.7096 60.7079
1.33933 -2.07474 -8.6892
-6.4373 -0.932737 -6.11959
-0.442377 -3.2018 -3.66567
-3.19749 4.20564 -1.0975
-0.157589 2.17232 9.59811
-105.185 19.0499 28.5262
0.470794 8.46829 6.63049
1.33633 -1.65673 -8.28261
0.476869 4.69739 2.93105
-0.473223 -6.05958 -1.42152
-2.27 9.62652 38.8335
26.7512 22.3757 -95.1944
-4.93244 14.2847 28.8576
1.93757 6.71688 1.85332
-1.3427 -0.678771 9.30079
-20.5314 3.25356 -17.5151
0.411331 -2.74876 -0.547784
-27.268 23.7931 -1.01762
2.22627 -0.00404845 -10.4238
1.34093 10.8794 0.391649
-43.3718 42.7227 26.0536
1.35013 10.0303 2.27888
1.53606 4.04954 -1.35091
0.197326 -2.52317 -6.73857
-17.5353 27.5097 13.4429
-0.507665 3.8595 5.3281
1.64838 -0.658001 -10.4285
-13.5706 22.5548 49.4036
22.9571 19.3674 13.6142
-43.0338 1.37335 -2.97346
0.489553 2.17203 -0.237274
1.35324 8.14688 -1.741
1.333 -2.61044 -8.48365
0.449001 -0.413444 2.16712
-0.748109 10.8644 5.42428
-4.42455 2.57771 -2.0069
0.444875 -4.58677 -3.47517
-70.9339 4.39402 -6.10056
0.766723 -2.19416 -11.8182
1.33474 -0.20568 -7.75261
-0.759413 -2.63408 -5.12936
-9.20543 17.1981 24.8493
-0.36477 -2.52617 1.60406
93.4663 21.2978 -36.1481
-0.760251 2.02602 0.393996
-1.67941 -5.8618 5.47321
0.727205 -1.33925 -1.9518
-7.01879 27.1604 27.6656
1.34504 0.358016 -5.15674
-0.19715 3.27881 6.74257
-16.3598 29.9236 16.051
0.0906656 2.51315 3.40115
1.62665 -2.85445 -13.5472
0.09977 1.36764 6.75606
1.73471 7.97301 -1.62808
-17.0077 34.4337 24.4222
-9.47867 6.18882 -3.72873
-1.06579 6.78172 4.07853
1.02744 2.204 1.54709
-0.633764 5.04564 6.11479
-17.8913 28.6121 14.2734
-0.531542 3.14642 1.22122
0.796877 7.57897 2.6516
1.3104 -1.80955 -11.0514
-0.141743 -5.02784 1.33772
-0.767632 -3.97905 -6.44728
0.728107 -1.64981 -5.7029
-0.481591 -7.39873 -5.46866
0.733272 4.98943 5.22178
-0.954084 -0.865129 10.7132
-87.4988 53.4016 -19.7664
0.395226 -6.71877 -5.50534
-0.186702 -14.4558 -3.4426
-10.856 19.6764 19.1052
-0.798325 -6.60501 4.22416
-31.9607 40.1646 -20.0083
-16.3724 7.47559 -2.63486
-1.64096 -57.3604 7.55624
-0.147702 -2.82857 4.06626
-0.0496197 4.16594 1.23019
-3.73874 -4.42974 6.39836
-1.13515 -6.96477 2.86757
1.94851 0.750095 -6.77235
-3.75247 21.388 15.5192
-6.4314 60.3948 21.5809
0.429126 4.68385 6.71683
1.85765 11.311 -1.753
0.444773 -1.39546 -0.412267
-1.35903 0.789309 0.343727
1.41971 6.49051 -0.20971
-22.7054 26.4771 16.4435
0.020114 0.733552 6.21626
1.77664 7.38293 -2.22497
-27.8022 4.61598 -10.8316
-20.863 2.80787 -1.34727
-7.14515 -3.5043 -5.44278
0.439182 5.19916 2.15935
0.767762 -4.73112 -11.2952
17.5061 13.6472 -5.60706
0.406507 6.88452 4.38181
0.475113 0.618369 -1.42559
-0.774183 6.10763 4.8872
-0.133492 8.34514 4.52914
0.704521 -4.86767 -6.6778
0.693045 5.9431 7.27996
0.997943 -2.96398 -10.3263
1.88814 8.48578 4.00229
-6.44806 71.2234 37.391
-0.798794 -4.38335 -2.34097
1.01612 -3.99168 -7.11731
0.411524 1.05954 -5.30008
0.40653 4.10901 -0.974911
-3.96554 -4.42938 6.39797
-0.461495 4.13496 1.37534
0.956031 1.32947 -0.115837
-9.19774 1.84072 -4.26618
0.545319 -1.05391 -2.23515
1.86438 5.50105 -5.73242
-1.33545 6.52297 4.50802
1.05863 8.51691 -1.12444
-0.402784 -1.78644 7.29715
-21.4903 6.49863 -14.7259
1.98828 2.09131 -7.444
-7.64124 0.192187 -3.10194
1.30676 1.38783 -3.42459
20.1575 14.1087 -3.33876
6.43432 8.0354 3.87432
-15.4396 51.8871 34.3648
9.81132 12.8591 -30.1237
-0.181298 4.6535 7.87764
0.450068 -4.87137 -3.81213
0.578318 -1.89103 -4.72908
1.89907 4.67594 -3.50438
-3.46355 1.10683 -2.41617
79.9499 -0.550993 -49.0815
-0.183699 -2.63214 -2.22332
-0.462532 4.02739 9.72929
-0.0649916 1.7231 6.47424
-17.2432 25.3782 14.672
0.422518 -5.2114 -8.59568
13.2976 -12.7352 -62.1082
-0.182111 -1.46493 -3.81975
-5.00349 -3.88834 -5.19434
0.688414 0.705757 0.996951
0.797972 2.49994 4.69722
-39.4626 -11.9331 15.703
-1.08976 5.12932 5.43338
0.481355 6.43751 4.56788
-9.7305 8.48286 -3.9234
0.712492 7.35716 5.67369
-0.176343 5.17279 6.64709
0.773494 5.92776 6.18914
0.456703 3.78477 -1.12599
0.461065 3.75387 -3.16593
14.7958 -11.6958 1.30735
0.196788 -4.36127 -3.21794
-10.9268 82.7875 47.862
1.61979 2.39084 -5.09231
1.35093 -2.79482 -10.895
1.01209 -0.164843 -2.83754
-7.98588 7.47044 -8.10787
10.6744 -0.802871 -0.50418
-22.3295 0.316997 3.75475
-17.4029 5.8922 -3.95189
-3.73589 -0.594913 -2.88317
-0.736176 -4.25857 -4.52314
2.02922 11.1992 -0.498389
0.426129 4.61738 7.91678
-8.22102 0.141124 -3.2755
0.733433 -5.97123 -11.9662
0.741393 6.33015 7.29695
-0.742318 -0.247192 9.27079
-19.3801 27.8599 17.8949
1.07442 -2.87646 -10.0012
-0.0910378 -0.773016 3.62814
-0.479688 8.52062 42.1186
-0.456708 3.4682 1.42056
-0.503801 3.63416 9.3786
-18.7937 7.84137 -4.61953
1.43304 -3.61498 -9.86403
-19.9936 -2.15014 0.115208
-0.185896 4.12714 8.85908
0.407091 0.411543 2.88393
0.559821 5.26618 -2.79512
-7.99727 22.2616 25.2117
-3.77341 3.73025 -3.30325
1.06173 -0.445697 -4.22787
2.54144 6.07605 -3.62711
-8.26442 28.5441 25.5913
0.121099 -1.01758 3.48572
-13.4288 12.3823 -8.56592
0.283291 8.30742 1.71933
-16.3191 89.2461 102.031
-74.0081 46.6295 -11.9552
-2.44035 -1.23771 -0.370633
-0.752748 -0.522629 0.437224
-12.7449 13.2018 1.06105
-2.89085 0.440094 -4.4429
-10.0866 62.7434 -2.97319
-0.490342 -5.449 -5.67886
0.374582 -1.86669 -7.91685
4.31767 17.4509 -1.05987
-0.190376 4.30748 0.762623
-8.90668 3.49528 1.75169
1.35937 11.5458 -1.06534
0.175248 -6.75464 -3.80621
-8.36483 8.86269 3.54475
0.470816 -0.403855 -5.37554
1.94975 6.11585 -2.78043
-0.429889 1.64167 5.78119
-46.6793 30.759 -37.6566
-10.7077 88.0382 59.9635
0.12743 -3.73593 0.446819
-1.38795 -5.14294 5.81226
-1.07874 -6.43259 6.42601
-6.12057 7.43763 -2.20333
-2.86838 2.77196 1.53464
27.1554 -0.875573 -16.8903
17.8377 -0.402852 -2.46348
-1.70241 -0.577667 11.1219
-0.161853 -5.01346 -0.434308
1.6547 4.46177 0.51862
-15.1503 -2.6571 -8.60673
-0.778647 4.58312 4.37445
0.737444 2.88636 -5.55439
-7.62873 24.8919 27.9009
-9.10165 7.37726 -0.908415
1.0029 7.59579 1.60369
-1.02973 -5.44043 -7.38158
-28.6574 8.23477 35.1565
-17.604 51.3334 12.8905
-16.3972 30.8731 21.0771
0.118774 -4.33986 -0.743398
1.66499 2.22894 -7.27214
-12.9788 -4.8441 5.4824
-0.736833 -4.74543 6.79274
-11.5481 64.6198 30.208
-0.467901 -1.6706 -1.56355
0.146848 -3.40204 1.00276
1.03363 -2.62487 -10.5329
-9.08009 19.3114 22.2346
-16.2187 26.0638 52.9456
1.04887 7.36609 0.989619
0.431663 -1.96989 -7.13685
-18.4966 32.713 8.4629
1.3751 5.97223 1.78339
0.445024 6.43755 1.28573
4.37891 7.35182 39.5063
-0.44587 6.47005 5.23176
-0.19431 -2.19393 -5.45367
2.10423 4.38254 -5.4608
0.714862 -2.21484 -2.52757
-9.42971 28.8135 20.4765
2.1199 9.77788 -0.752727
-15.7896 67.2709 33.7825
-1.06606 -5.9257 4.13565
-47.8256 10.3558 -22.7801
0.449076 -1.41396 -7.6565
-21.8391 30.5928 20.2714
0.703235 -4.03955 -4.04622
-1.3435 -10.7084 3.55874
1.37208 -1.85871 -9.42886
1.0272 -3.40915 -7.01285
0.164614 -2.21213 -7.61983
1.62876 4.26846 -0.515878
8.79683 5.36653 -9.83622
0.134178 -3.73959 -7.08901
1.2755 10.2337 2.18775
-1.94723 -4.26705 9.63163
-0.367111 1.75204 -5.50776
1.06636 5.32229 -2.44555
1.32345 -3.16073 -8.81278
-43.3655 41.9391 -29.7567
3.08998 -0.225359 -5.35713
-5.46121 8.52491 3.5454
-89.2906 111.014 6.65903
1.30333 2.7849 -1.11927
0.721539 -4.95553 -6.47622
-15.7745 57.5596 42.3265
-15.1342 38.1139 27.099
0.430604 -2.84181 -8.54466
-7.03508 11.3036 -1.34274
0.763996 -5.48198 -10.1055
0.447342 -1.84559 -8.89642
-1.0185 -0.0735663 8.89272
-9.76663 7.88895 0.184883
2.27371 7.02629 -2.4917
-1.03613 5.03655 1.33197
-0.86665 2.20247 9.92622
-17.8347 26.085 18.0289
0.0996661 11.4602 7.41983
-6.76563 19.2252 20.1917
0.173674 1.60164 10.5458
0.740599 1.40283 -6.46786
0.713175 -0.18841 0.701808
-1.39584 -5.91397 4.48426
-0.419818 -4.62134 1.2528
-7.10005 19.2454 21.5361
1.02268 6.50025 -2.54539
0.416219 -1.33009 -5.84036
-15.1879 28.5139 20.5032
-7.36316 65.5842 40.0129
-6.48187 14.059 12.234
-0.0552653 1.93182 -3.71435
-8.82755 10.1923 5.06259
1.33926 5.03659 -4.29928
2.15088 3.75484 -5.04271
0.724057 -2.83452 -3.14945
-13.0349 21.3368 47.5678
1.02134 4.68833 2.57037
-7.63872 32.3518 65.6997
-9.47801 7.81191 11.3495
-0.788195 2.3487 0.607358
-17.2637 47.6035 -0.552888
0.752378 5.32086 5.62377
0.724235 -5.30482 -6.10821
1.29175 2.63133 -1.39401
-18.1986 8.59681 2.33748
1.36536 1.73549 -2.01691
-0.469181 3.12473 -1.08316
-18.18 -6.58767 6.62005
-1.98753 -2.45729 -5.32648
0.774783 0.707546 -4.88322
-7.68454 26.8595 27.3325
-8.29781 20.9677 26.7775
-0.181105 -4.77852 -7.85611
-3.95128 7.57861 -1.13959
2.83615 1.5757 9.15929
3.76193 -4.28162 15.7994
-8.00177 21.2192 27.369
-0.174773 4.59877 3.40593
-9.8036 16.0483 25.1377
2.26883 -24.0218 -28.9551
1.09241 -5.22765 -8.79005
-16.1074 2.33121 2.07169
-0.394833 -5.14871 -0.610506
1.3365 4.62566 0.270563
-0.73565 1.15241 6.44693
4.05648 -3.1981 5.04814
0.991992 6.75213 8.14114
0.747833 7.68304 -2.47576
-0.781567 -0.612035 5.89169
-1.09384 -2.27707 7.86566
1.02405 3.78901 2.21969
-0.187831 0.718407 7.89218
-1.074 4.33213 4.89323
-3.15951 -1.83154 0.0844419
0.707007 -3.46978 -10.9677
-12.3925 2.25764 3.93316
-10.5056 14.8901 26.0625
-0.181742 2.53721 2.93959
-24.4444 25.3589 -5.44965
-0.467501 4.21075 1.36977
0.158872 5.02581 1.71019
-0.7957 -0.00570721 -2.40666
1.47313 19.7293 -8.45701
0.24542 -1.02598 0.442283
1.85501 -1.90793 -0.361514
-0.77564 6.0194 5.85108
0.698416 1.65879 1.96439
0.394985 -3.45225 5.85635
0.442296 -5.23566 -11.4895
0.131346 7.30134 4.3563
3.36247 -13.2007 -25.5048
-9.11808 11.0772 -1.75567
1.01751 4.02157 2.27207
-0.738488 0.766065 0.374814
-4.38529 -7.6508 7.44869
0.404513 5.45274 8.87204
0.466369 1.09798 -4.90608
0.954808 -4.40757 -7.16558
0.120362 -3.14817 -7.65578
1.6123 3.37272 -0.592691
1.65344 -4.33669 -10.0152
1.01179 3.44768 1.64711
0.98411 6.18577 4.6163
0.427134 -1.00796 1.68878
-15.3898 72.3621 34.0744
1.02787 -3.55684 -10.3697
0.737672 2.83371 2.77619
-0.959791 -6.1084 3.55411
-11.2375 8.55688 -2.92493
-7.05354 -1.63839 -2.30822
-1.00179 -8.2458 -0.0888232
0.797628 7.67285 0.793813
-9.45789 18.9033 22.6894
17.2447 24.4949 -59.4485
-4.08414 1.0999 3.24657
-9.17402 5.85112 -6.54027
-1.33532 -1.98465 13.9195
-1.32817 2.59008 8.29862
-8.79769 3.53721 -7.26778
-5.54235 -2.1409 0.0972849
0.732063 3.77553 4.3403
0.435045 3.36465 -0.72466
-8.85915 30.4862 26.7975
-0.460874 3.22571 4.69684
0.397531 6.81506 6.97999
0.450063 10.3046 -1.05436
0.352185 -6.90563 -5.84886
1.00677 0.769243 -1.55858
39.3609 -2.10807 1.18683
-51.5057 12.8904 -6.34689
-1.02282 -6.63615 3.11747
1.32114 1.71342 -2.79159
-14.5583 50.2347 33.1195
0.687039 4.69232 -1.69282
-16.3856 19.4645 9.97209
-19.6829 55.2326 36.336
0.483345 8.60311 2.17069
0.715384 7.10474 2.60498
-0.204038 3.50154 6.03829
2.82198 10.8046 -0.685077
-0.807278 -6.04122 -2.25406
1.30137 9.75218 -3.05254
0.446967 6.40127 5.25418
1.24157 3.82123 0.759373
-0.483977 -4.41005 -0.181459
-42.1796 6.9917 -11.8143
0.340592 -0.164183 3.95917
181.919 57.6941 26.8879
-10.9862 78.75 50.2144
-7.59636 80.0452 49.3574
-12.0229 19.0765 14.7704
1.35498 13.447 1.15847
-1.96711 -7.46554 8.67001
-3.15206 -6.96811 8.24938
-1.37805 17.2246 36.6818
-1.19649 -2.18958 7.23401
0.414221 9.02403 -1.07728
-27.1425 9.68696 -5.7232
0.714049 2.96053 3.69434
-7.4245 6.27103 -3.89943
0.718158 3.44943 4.02434
-0.467778 -5.38872 -2.70998
-0.0903465 -0.489911 4.35643
-5.2678 120.141 67.1369
-13.7979 86.83 16.4883
1.96291 6.15892 -3.66572
0.721405 9.41028 1.34869
-13.6858 11.2248 9.26169
-11.5372 10.4249 21.6593
0.768878 1.44817 2.63896
1.31817 6.39754 2.54231
-16.9635 0.378916 4.63064
1.04814 1.07807 -0.16984
1.33939 2.03417 -2.29898
-19.7183 87.3981 87.6841
-0.763847 -8.00977 2.43683
-5.23487 25.8233 22.3126
1.06532 8.90299 -1.37236
-0.470411 -1.96319 7.00623
-118.05 118.154 2.47045
1.9042 13.2019 2.06735
0.126288 5.2508 1.0996
21.3993 27.4745 70.1771
-5.85118 -0.363928 -4.08812
-117.74 64.5963 -56.6058
1.31149 0.217554 -10.0306
2.04023 9.51352 -2.18754
0.391831 2.83432 6.01284
-0.418037 1.66116 -0.44076
-2.24311 0.894606 0.599606
1.50881 6.72666 -3.78569
0.111299 0.156164 4.66437
-14.8859 50.5592 25.5477
-1.64881 -5.23272 5.51486
40.6314 70.2336 -119.578
-16.0594 57.7876 36.043
0.395238 11.2199 8.48861
5.80983 21.3518 -0.139595
-0.180079 6.77477 8.87849
-20.0729 49.1509 31.1605
-6.80011 -2.24744 -1.79848
-16.7689 33.8703 9.45275
-1.63205 -4.82906 -1.96567
-10.3713 19.8526 47.1567
9.55065 5.94212 -7.27743
-0.753554 9.15257 8.09174
-5.26006 6.06703 -1.84167
-72.837 84.1665 -4.18752
2.22545 10.7071 -1.10868
-5.85167 -1.19296 -1.13085
0.410993 -0.445277 -6.37371
1.97723 6.1484 -1.60176
0.139545 -4.05116 -2.88641
1.64685 2.58539 -5.20296
0.4029 1.56503 -1.34927
1.61293 7.96667 1.96754
-20.8487 -3.76713 8.07553
-0.728563 1.5944 10.0629
-17.8471 25.2219 18.1629
-9.42138 16.7401 25.7132
-0.437324 5.15054 3.91317
0.441402 3.46354 -0.238911
0.146432 -1.96707 -6.18765
1.62075 4.65815 -1.9169
1.65429 6.1444 0.324911
0.481404 -1.99768 -4.30448
1.89723 4.77917 -3.7143
0.156952 1.63859 -0.731092
-4.94801 107.657 49.2804
1.03067 1.66386 -6.46228
1.05301 8.16144 -1.12379
-0.475252 -1.24761 7.35522
0.434809 1.86529 4.27058
-0.201857 -3.85621 2.71298
-1.07724 -5.0476 3.44529
-3.68103 12.9207 11.6941
-21.4945 3.56619 6.16634
1.66955 10.7061 -1.10786
0.116594 3.99833 7.30524
-22.4056 10.7595 -5.50335
-0.122348 0.732387 0.64957
-14.6091 101.144 80.6288
0.470432 0.432512 -4.02326
-18.1471 41.8935 26.7163
-0.156686 4.23739 2.55422
-0.750723 -2.28133 2.95942
-7.66755 18.5819 28.1145
-0.13754 -2.60552 4.00031
0.144355 6.67037 6.76272
-7.68983 27.6502 25.4914
0.471821 4.27696 6.41337
1.6663 9.41002 -0.160422
0.178509 2.76619 8.29898
-8.56695 5.40035 1.09376
0.157864 2.88342 7.98931
-1.02302 0.788625 8.62358
-30.081 -10.4249 11.1611
-0.217915 -0.416695 7.08757
-22.6486 29.7639 18.9496
-18.7801 33.9788 15.8921
0.447268 2.5533 2.84317
-14.5776 80.3919 45.8995
-2.19509 -6.15264 13.9121
-20.8623 47.6639 31.5013
-25.025 30.2561 17.9353
-1.09055 -2.58714 -1.63734
-43.0481 9.87928 -21.4338
-6.44923 8.17933 -2.30987
1.04483 -2.80718 -6.72004
-5.24868 116.83 73.0682
11.2429 -4.43885 -12.8929
1.89732 1.12778 -7.12319
0.0966289 10.5578 0.565623
20.209 22.0723 56.6057
0.866964 6.97986 -8.05074
-0.724908 -0.297642 0.467455
0.716885 7.62112 0.394626
0.735196 8.23264 1.68636
0.480114 6.01544 2.67601
1.62876 -0.566009 -9.46741
-17.1735 13.4383 -9.30315
-0.109335 1.44728 5.25412
-0.483307 3.48477 8.49864
-0.762398 -1.95382 4.57801
-1.39172 -2.46618 0.536484
1.00841 9.37995 -0.379194
-0.481921 -2.68046 7.86996
1.94318 8.08021 -1.14168
0.721106 7.11474 -0.475033
-0.801486 -0.117535 7.965
-0.161643 -3.06109 -4.26707
-1.08153 7.19726 1.51874
1.57874 -0.452626 -7.98962
-5.27409 9.74504 -0.126261
-3.11705 -5.96757 5.28625
-7.98674 29.9323 24.6132
0.427342 -4.79366 -6.57105
-118.084 74.6614 62.9614
-0.435737 -3.61897 3.47087
-54.783 27.8978 9.24289
1.6427 -0.758798 -10.0625
-0.269895 -1.07639 5.80456
1.32173 7.95449 -2.57791
-2.75576 7.63981 3.59515
-19.9431 19.7855 -11.2649
17.5655 10.9095 50.5677
-19.088 19.3864 -10.497
1.66675 9.69846 0.803344
-7.0839 -1.2933 -8.08132
1.62777 -1.32741 -9.68987
-8.55749 7.66878 -2.54377
-2.92056 -4.18537 -4.66244
-3.42567 3.78408 -2.80884
-4.89952 -10.3695 38.7048
0.12205 3.75303 9.3614
-22.9191 21.2686 17.1589
0.99992 11.9393 -0.901214
1.87237 10.5174 -1.71139
0.44666 4.06846 6.68236
-13.5791 14.1506 1.68866
10.6611 27.9888 60.1536
-10.7024 2.193 -7.72673
-0.437267 7.35915 6.54198
-0.187816 0.45325 7.90793
1.06171 6.8523 4.92417
-7.0244 24.8905 7.90269
-35.9046 25.83 14.1788
-12.1393 43.3523 17.1618
2.35093 0.53373 -4.02312
-1.34908 -8.63449 3.43268
-5.59054 8.57645 -2.3453
-7.09354 2.03899 0.452555
-0.151525 1.70539 9.12258
-23.1207 28.0758 18.6568
0.73307 5.07831 -2.50796
-16.3794 7.48581 -11.845
-0.179398 -1.59078 5.49525
2.22748 10.114 -1.07277
0.726532 -2.21684 -2.27725
-14.8899 19.9161 17.2479
-0.771196 -1.22803 1.65852
0.130278 -1.89315 2.64908
1.3561 9.18748 -3.99274
-0.176997 -2.2642 4.47697
-7.62508 5.20037 27.3251
-21.189 13.8361 -2.45397
-1.08013 -0.418756 9.52653
-0.378883 0.629333 -4.97196
-22.9387 26.7661 19.4946
1.03573 6.13869 -3.15462
1.33216 6.52826 2.93884
-0.154653 10.9622 9.59046
1.98589 10.0169 -1.38883
0.362799 3.49656 7.04611
-4.37755 -5.6015 5.67903
0.469984 -0.0936988 -6.45208
1.90232 6.56324 -1.65462
0.0934427 -0.500024 -9.12363
-22.8814 13.1492 -27.2442
-0.760664 -3.87089 6.2884
0.123091 1.60356 -1.64622
-36.4838 37.7147 8.53747
-7.07913 0.24147 -2.82135
0.446822 2.2681 2.86806
-11.8421 -2.33236 1.69171
-1.10931 -7.85108 5.46729
-19.993 30.6037 19.6162
-0.851826 -4.59901 4.96863
0.70329 -9.15808 -7.59744
5.21033 11.8175 2.97342
-0.463726 -5.60579 -0.530348
1.29992 4.89667 0.433681
-0.716048 1.65964 9.38728
8.2501 -7.36722 0.755317
7.36307 -10.2468 -1.59911
1.45669 9.9472 3.07998
-16.034 23.2081 50.8406
0.733115 5.23014 5.95909
-4.70776 7.04629 -1.0194
7.60706 -7.04846 -2.35484
0.140443 -1.70922 -6.7506
1.63009 4.99271 -1.36002
1.02866 -2.85458 -6.15266
12.4343 9.91649 9.97168
-1.3653 -4.59949 -0.457595
-16.0402 64.8421 44.302
0.712192 -1.62596 -1.97022
1.03042 0.413373 -1.61236
-3.16993 -2.31935 4.54166
-30.2079 -2.50641 3.63169
-4.14979 5.36796 0.519979
-17.8641 23.3915 16.0266
-15.7325 15.1791 43.7
0.432181 4.66884 2.25869
-17.5309 60.1849 34.316
-13.3312 28.1791 20.5494
0.471926 -3.44601 -8.79506
-10.3792 -3.05974 -0.397069
-4.62097 -8.04294 7.80125
0.732007 -1.01751 -1.08816
-0.17591 0.97423 7.90774
1.94026 6.72418 -2.88519
-17.5366 14.7074 25.3338
-0.663515 -5.24439 0.0864153
1.31664 -9.5158 -0.83164
1.03081 -0.71115 -3.18802
-0.167033 0.384192 6.99344
-8.55868 91.1591 60.4049
-10.2384 16.288 25.9718
3.40892 1.99842 -10.1515
-0.193707 1.62507 8.61289
18.1302 -6.598 -5.58875
-25.1293 17.3885 -5.34009
-1.05899 -3.70386 -1.40164
-21.1249 56.402 38.5501
1.65462 -0.201779 -9.76
-22.0606 26.6561 17.0563
1.89986 6.36604 -0.765904
1.32022 -1.43964 -6.75279
3.7376 11.1365 3.89781
-6.48804 3.78713 -3.0875
-0.441329 4.38758 3.8657
-17.5857 27.9886 11.7693
0.74678 0.673509 -7.10323
-0.758839 4.32643 3.96353
-11.2309 16.6983 27.0652
0.742719 3.47424 -4.6879
-11.6166 -3.42594 -5.92358
0.750713 2.95237 3.39966
1.29334 -0.383269 -3.19126
-16.7272 10.8826 20.5423
-0.340485 4.96241 -0.295362
1.04209 2.02821 -8.06164
-0.817749 -0.413453 3.64463
-10.981 26.0472 19.5369
-17.2419 4.55114 -13.7452
1.64569 6.66699 0.0740243
-0.139263 4.61131 7.17021
-13.9207 22.5873 22.7307
0.203102 6.80116 7.0358
-10.0438 8.24951 -6.55699
1.13481 8.78636 0.923115
-9.19306 17.7437 22.4571
-8.86959 20.7667 23.7981
-0.302733 -6.48797 -1.20555
1.947 59.7108 4.64151
-7.40734 35.6085 29.2615
-20.8936 30.5438 11.2516
3.39201 5.98471 -1.52252
-3.1833 6.02731 -0.721843
1.3656 8.44676 0.979843
-8.8523 18.0104 22.2724
0.132969 2.83094 -0.216229
0.179713 7.06931 4.89527
-10.0477 19.5471 18.3782
-19.9493 21.2838 18.2097
-0.773448 12.4097 9.21598
0.394876 10.1931 3.11465
3.98639 8.76245 -1.59376
-1.33005 -3.22924 4.74298
-11.5003 8.6601 2.16615
-1.30806 -6.0426 -1.67906
-16.394 32.687 9.04356
0.0932168 1.17163 1.6947
-12.1367 -1.06786 0.428145
-3.13544 4.98397 -8.86168
-17.2361 44.2172 32.1829
-21.1501 4.83096 -11.5735
1.34627 5.63217 0.971038
-8.57089 3.53686 -7.26739
-1.98697 -1.82271 1.35345
-20.5581 4.22736 -16.9851
0.41042 1.33834 4.30881
-8.00482 22.7864 30.2569
-0.90696 1.83909 -0.305499
-2.88234 1.09846 0.527199
0.110766 -1.50445 3.95536
-11.2511 34.78 25.2796
-4.38342 10.5587 -4.16896
-7.08376 14.6027 2.28752
1.63844 8.25147 1.66881
-16.3471 32.042 -3.41477
-8.242 1.68332 1.02992
-13.728 20.8037 53.5275
0.13506 5.01724 5.50261
-10.3568 15.5663 29.2202
-21.1282 27.3985 17.9311
-2.26402 16.4879 31.5748
1.27241 -0.916644 -6.36615
1.94316 6.70565 -1.00728
22.338 16.7772 13.9378
0.180756 -1.68035 -6.45768
1.62263 4.91035 -1.53211
5.31295 18.0182 56.6704
-0.108952 1.31953 -3.76613
-110.824 57.5537 -33.4729
6.20401 8.14104 -17.3042
-0.474604 3.43506 2.41914
2.8665 8.40417 -3.89203
-13.0541 20.7406 16.7031
-0.793178 9.39961 -7.21916
15.3705 23.8096 58.3772
-2.2654 -4.65322 4.78303
-1.05815 -8.3462 -9.15415
0.459883 -0.75102 -2.30854
-16.4017 38.9847 5.70625
-1.09936 -0.342048 3.99267
-0.136529 -6.69957 -4.25771
15.9471 19.3141 57.6882
0.145872 0.102525 3.77477
-0.132671 -2.70147 -11.4318
1.06009 -5.62799 -4.53846
1.30502 0.908737 -2.54324
-1.66672 -6.7129 5.15749
-26.8568 7.1221 10.3281
0.439707 1.04479 2.81854
0.10839 6.28317 5.38312
0.157041 -1.641 -6.10409
1.68048 4.9349 -2.00441
1.0424 -2.8644 -5.48806
-1.04119 -1.68507 8.74819
0.408524 -5.20932 -10.4274
1.69939 2.25331 -7.72563
0.133237 -4.31514 -0.446408
0.439129 -4.31792 -2.58626
-0.419721 -3.55287 3.92033
0.729106 5.56805 5.24785
2.23737 12.2937 -3.15218
-19.3835 14.3331 -6.76656
-6.7498 5.12783 28.1059
-0.484936 5.59997 4.92276
0.429976 1.07418 3.15112
1.34352 4.70588 -0.492873
0.144831 0.23354 -0.0905948
-48.1862 24.1166 17.1843
0.152879 -0.780728 3.45588
0.461472 7.9608 4.00141
-14.899 24.5369 17.8447
-16.3927 17.6558 21.1535
-7.96122 29.0922 24.9361
-20.0067 32.1126 16.3177
-7.9704 29.6514 28.1959
-17.2891 17.7871 21.343
-22.0465 23.0633 10.8542
0.449359 1.38592 3.14937
-24.9817 21.9133 16.5912
-16.961 79.7369 35.8486
-1.04774 -10.7655 -0.328506
-13.0191 68.0551 18.9744
1.03596 4.65347 3.10993
0.179407 7.14264 -3.8106
-1.39692 -0.237063 4.57287
-13.9825 13.9082 1.93905
-15.4257 12.2703 19.7263
-3.1332 0.814623 -4.38974
5.52661 18.5985 17.7838
-22.6923 21.2682 17.1593
-14.2221 32.8072 23.2427
-9.55422 7.70176 0.0300964
-0.765853 -0.502958 8.75936
-16.1032 19.8103 17.345
0.0977138 0.127326 3.49978
1.65577 6.80538 -4.96083
-0.471543 4.94156 3.76011
-0.0205448 1.61222 -3.71562
1.37733 5.12448 -4.3563
0.716622 -2.53351 -3.13745
-0.147059 -3.95386 1.29759
1.31527 6.10233 0.637054
0.115701 -0.780485 4.04054
-0.180884 1.58882 0.884836
-0.457821 -3.83536 6.25172
-22.6546 13.1489 -27.2438
1.65202 -1.01122 -8.56364
0.440436 -3.42509 -3.70318
1.93903 3.27196 -4.36166
0.787735 -1.35998 -4.37864
2.30901 5.18207 -3.7098
-1.05066 6.74584 2.58855
-25.6281 31.0728 7.95746
-1.66324 -2.03448 8.89522
1.62452 7.96612 1.37123
0.687538 3.3811 3.45566
78.8714 12.7686 -46.2285
0.7299 -2.63957 -7.53508
-1.97036 -15.6872 -19.5882
0.727489 3.49217 3.76803
2.8706 7.43518 -0.162992
15.1784 -31.6378 -29.2065
0.438395 -5.60473 -7.07176
-1.65349 -9.14568 6.5084
-1.25024 -3.37299 -0.482447
0.475693 2.89973 0.435303
-10.5461 2.33225 28.2677
-10.0415 35.5813 41.8066
-1.70436 -3.3518 3.30394
-0.486065 -1.06199 9.66567
-7.02552 18.2475 32.8151
4.29967 12.3508 1.8963
0.216911 2.79762 -3.45862
-15.4905 31.4098 56.4221
-0.776629 -3.39103 4.75079
-10.9444 11.182 -4.00103
1.33678 -3.16984 -9.69471
4.8971 11.7309 -1.71026
1.04499 1.63786 -1.0637
0.44823 -6.11348 -6.45056
-13.0569 17.8221 20.1592
0.123596 -0.686131 -1.01009
0.530962 3.84669 -6.73787
-0.924345 3.00416 -1.39629
-9.19715 44.4613 20.7478
-14.8601 15.7946 22.4821
-14.642 9.56908 -4.61072
-0.747319 3.06685 2.42141
-14.8428 16.6023 21.6932
-4.93643 2.94611 0.471862
-17.2311 2.42842 1.76161
-13.5649 18.0286 -4.07187
-102.422 -32.1088 8.53556
1.90098 11.5551 3.21456
-7.95074 38.6076 30.5775
21.4369 25.3513 61.0679
1.02737 0.114905 -1.10513
-22.9778 53.3753 34.3406
-1.06646 -6.05161 3.64516
-18.1459 49.2754 34.8836
-36.4404 -5.13413 7.11208
1.95598 13.7575 4.41382
6.65644 -21.137 -51.4509
0.7177 2.82777 2.58164
-0.148353 -4.65051 3.20846
-0.777219 -8.82875 2.49162
0.70084 -4.94296 -5.29414
1.32856 2.93423 -2.33993
-11.8545 5.14799 24.5805
-19.7223 21.2833 18.2101
-36.4844 7.13944 -36.1337
-0.18134 -3.51785 2.5124
-10.614 -4.53117 -6.39816
1.79653 4.66471 -5.25067
0.095737 -1.94591 -2.79179
-4.69764 5.94998 1.67867
-5.0015 6.06047 1.72264
0.206745 0.206852 -3.10962
-2.56558 28.6319 62.8164
4.91082 6.55777 -0.931592
1.95834 13.1972 5.15352
-1.39301 -0.940618 6.62763
1.01917 -0.650927 -3.78582
-1.40205 0.594203 10.6345
-0.732991 -6.10875 3.5545
0.164863 3.16287 2.67297
-16.6974 34.876 5.91827
-5.23133 16.1586 48.7557
-22.2813 26.2305 17.5257
10.9211 9.94909 52.9292
1.05102 5.17659 -4.89377
-0.452254 1.52358 -3.09088
1.57647 -0.3436 1.56835
-0.499378 -5.5386 3.33209
-11.2249 4.54092 6.23312
-0.447494 11.4018 -3.57338
0.457354 1.01597 -2.88563
-8.27081 18.5465 21.0449
3.72526 0.213992 -23.7925
0.432644 6.08691 6.35453
-8.22751 2.24043 2.51284
-1.33346 -7.20442 -4.39686
-0.445754 -4.82331 3.57709
-17.6163 28.04 14.963
-1.34675 1.21768 5.55998
-0.782248 -4.96679 5.19788
-19.658 -0.673799 -1.78379
-0.376174 6.44143 0.504961
-17.5583 58.5187 67.7854
0.152098 1.85818 -6.9393
-19.4268 22.248 15.6481
0.183839 -4.3218 -3.40976
1.59269 2.32607 -4.63449
-1.2839 -1.76552 5.64792
-10.3341 4.09848 26.1737
-0.750679 -1.36547 5.33581
1.0207 3.15575 1.0438
-21.4782 47.2633 32.509
-6.78051 6.41809 26.3957
-7.72966 67.0576 34.698
-19.0557 15.1174 7.81906
17.8781 -2.62948 -3.87435
0.124221 6.97311 9.5743
0.50019 -2.28857 -8.34314
6.43013 8.3841 4.83877
-0.145167 0.18882 -0.125921
-2.00462 -0.746649 -0.574757
-10.8754 19.8209 19.7332
-0.754962 -6.52372 3.75706
-16.1468 46.17 20.1135
-8.0483 16.2503 20.8778
4.94112 7.09764 -0.447324
0.464243 -5.26858 -7.95105
3.70491 29.0104 59.7485
-5.15132 6.74421 1.16508
-54.4791 5.44467 5.94717
1.3176 4.09968 0.472094
-1.05514 -4.74195 1.81142
-14.401 29.1105 10.7811
-1.06837 -2.81172 5.14359
0.771451 10.4036 -3.35961
10.07 13.6916 50.9843
-20.2366 34.2706 16.5669
0.132166 7.01031 7.07374
-0.440751 -5.16303 2.59621
-17.8558 71.7676 47.6758
-0.174286 -3.44531 -4.39046
-3.47445 8.10238 3.21661
-9.67482 18.1923 13.0953
-4.95379 -5.71802 -5.84044
1.29374 -2.84868 -8.56027
-11.0472 41.7089 33.6445
0.725758 3.23237 4.0766
-7.32056 6.42488 -3.67469
1.50269 2.73341 -1.30056
0.185899 -3.78076 -6.71432
-6.77295 -9.51137 0.873027
-16.9471 16.9106 22.767
1.12289 9.18359 -1.01636
-0.474442 -2.29923 7.31403
-4.65442 -11.4212 1.21866
-0.205696 5.5339 3.4557
-3.20539 9.77887 46.5746
0.437741 1.05391 -4.09266
-0.47242 -0.765127 -1.0043
-0.124733 7.57103 2.33849
-14.009 14.0311 -4.81354
26.9806 23.4704 58.7048
-9.16905 51.8749 17.7631
-2.01502 -5.37772 -0.226646
-0.106356 -4.44808 0.733166
81.1087 7.08375 61.3357
-0.181736 4.96944 7.683
-3.77827 -3.32694 0.27357
1.63385 3.24644 -3.51372
0.690935 6.57876 -0.917745
-6.68806 22.2029 24.1295
1.64768 5.15607 -1.78641
0.129341 -1.26857 -6.37558
-0.447297 -2.9851 5.56058
-15.762 20.8809 17.6145
-12.746 71.4322 7.21648
-0.786374 -0.782749 0.68487
-16.3694 11.8119 3.02779
-38.6482 11.2921 -30.4398
-1.35966 0.684981 -3.93005
6.72267 -0.916394 3.33998
-3.50192 4.30205 -1.35058
22.3006 17.9513 14.0902
1.29999 0.331149 -8.86217
-2.5212 -7.38423 5.70015
-12.797 18.9726 17.6715
2.20619 9.12888 -1.99563
-0.108707 5.52794 0.123232
3.1665 0.365983 -7.2858
-3.46817 6.76062 -0.572721
-0.78594 -4.06573 -6.62173
-1.62495 -3.79371 10.5981
1.62501 9.77012 3.05518
-26.8623 6.54791 9.45926
0.996196 10.6288 8.6775
-11.2502 34.4189 25.0538
-5.88962 10.9439 6.53347
-7.40316 116.47 67.4817
-2.17546 -4.04213 4.11412
-22.6312 25.4797 -3.10331
-1.03128 -5.2264 6.87046
-1.04234 -5.19768 7.08144
2.26049 10.2565 -1.2602
-1.0702 12.4086 9.87545
-0.405591 4.34009 -0.797297
-2.24759 3.4041 0.11505
1.0385 2.48892 -7.30869
-16.1028 18.259 20.0356
6.43962 8.23515 4.57606
-9.5014 99.8446 92.314
-2.83654 23.8289 -5.42632
36.7183 43.0673 74.5676
1.04027 -3.5232 -7.30918
0.390164 0.364485 3.1725
24.4243 18.3805 58.7337
19.0015 26.0241 -26.1823
-0.501151 6.55243 3.60123
-11.0093 22.5826 16.3357
14.2314 -0.00829592 -13.1461
-7.36992 1.06972 -11.1835
-0.459951 3.69808 3.73193
-0.121583 1.14467 8.45999
0.123376 8.85246 3.72053
0.171401 -5.37694 -7.07966
1.61222 1.21956 -0.919379
-0.17374 -1.6387 0.618393
-2.78156 -2.67706 1.07855
10.9426 9.0959 -6.21239
1.29112 -3.6887 -8.67514
9.55359 23.1426 -21.8845
1.33729 5.26617 1.62069
1.0522 0.703518 -2.59135
2.5013 -3.90655 -13.5461
-0.199753 -3.91627 -4.90001
-0.971195 -5.78448 -0.406182
0.695686 5.23794 0.535598
0.123817 -1.34578 2.24032
-13.6466 19.5647 17.7612
-5.04995 1.55468 -8.71777
-8.25593 19.1564 6.48245
-1.67817 -4.02488 1.55066
-10.7012 -4.10398 3.61147
1.35518 8.57641 2.86743
-8.87333 18.02 20.4432
-14.8783 18.983 18.859
-4.06295 6.6729 -1.5719
-17.1632 16.8751 21.6662
-3.45189 -0.915249 -5.96001
0.828524 2.83618 0.449538
-1.02345 -3.37335 -0.482056
-15.4832 17.925 20.902
-1.90799 11.8879 13.6991
1.31719 5.91617 2.01017
1.66122 -0.112968 -9.96241
-15.7859 19.9541 17.8329
-1.69542 21.4818 -2.5639
-13.0868 -6.53632 -3.13197
-20.2685 33.2782 16.1698
1.03095 5.07449 0.619745
-0.147458 9.11601 3.65808
-0.710949 1.45849 -2.31452
-10.94 27.8477 20.8175
-0.14364 -1.66491 4.30244
-14.556 14.4714 26.0006
0.253544 10.1815 -0.376302
-38.232 -4.19147 4.3692
1.92025 9.176 0.491356
3.73711 4.74709 10.5379
8.50271 -3.01897 -9.21808
-1.077 -1.25025 6.58666
-0.483423 -1.89439 -3.14901
2.26329 6.17604 3.04658
0.16409 -0.821912 3.2136
2.84357 10.2388 -2.45282
-9.17995 0.600458 -7.90429
0.595907 -3.5129 -5.94208
1.92507 3.06823 -2.34655
-134.519 -9.47524 -5.07378
-136.344 -8.81977 -4.77836
25.853 -3.61078 -13.2334
1.30574 -3.25949 -10.8496
-0.153821 1.08661 -2.5661
1.2624 5.71292 -5.55891
0.729104 -1.93525 -1.982
1.52145 -0.0299628 1.50892
-1.99207 -7.91941 6.10941
-1.67395 -8.21814 7.74786
-2.53727 -6.61448 5.69107
-3.43468 -8.51582 9.02708
-0.453927 -4.49286 3.49648
-1.67794 -6.86515 7.28712
-1.67262 -3.50174 1.94883
-1.64379 -3.16853 1.89997
0.134294 -2.91923 2.00759
1.10477 10.9328 1.71688
-13.9313 39.7885 28.6135
0.698644 17.4852 -3.3315
-10.5757 7.91171 -2.02222
-0.485628 -6.75742 2.67818
-1.07585 -6.26676 -0.438986
0.74258 5.53172 0.433298
1.06326 11.3764 0.0816644
-0.176344 7.05722 3.37436
-0.506999 -0.411757 -2.03496
-0.733221 2.97202 8.56449
-17.8475 26.4824 16.5169
1.35592 -1.31485 -9.16814
-21.1337 27.884 15.0126
-0.139528 8.51205 9.34439
7.05588 10.0905 44.1896
9.73891 13.4835 48.2922
1.34455 8.77364 2.26958
-16.0472 24.3919 51.7931
1.03032 0.494126 -2.54048
-12.7216 15.5613 29.1151
-17.5532 13.0464 27.5556
-0.423008 -6.21175 -4.39737
1.93442 13.4786 0.334307
0.723518 -7.41943 -8.49275
-0.425603 6.67611 8.65143
-0.140635 1.50655 0.0194068
1.33562 -4.70552 -10.141
0.7549 -5.7296 -5.91841
2.25836 0.806196 -2.26786
1.62704 3.75543 -3.52106
-1.3642 -4.4295 -0.383525
0.466436 3.79751 0.536406
0.465006 -0.317601 -4.83713
1.90805 6.11604 -3.04112
-0.389733 3.29687 -0.217343
1.06225 3.73144 -8.03466
-1.35687 -3.87426 -0.547154
0.407901 3.0544 0.469113
-0.480778 -7.38675 1.782
0.157984 6.65233 9.35757
-10.3499 10.2568 -3.08995
-0.159117 -4.41715 3.69259
-17.5004 36.1307 25.3832
-0.370803 0.810626 -5.53858
1.0352 6.094 -2.56206
1.34133 8.61452 -2.49484
0.45154 15.0638 -1.94887
0.723779 -5.31016 -7.00406
-13.9612 72.1612 16.9435
-13.0884 76.5261 21.0964
0.133857 -3.44723 -1.04895
-14.5974 56.5454 6.21078
1.58898 -0.80544 -6.48321
3.16521 5.98507 -1.52291
-20.8664 27.0469 17.894
-20.2532 19.0189 20.0673
-23.5623 24.8586 12.4089
-14.8381 72.6592 5.59535
-0.403351 -3.80345 -1.67287
-12.77 83.3235 21.8984
-7.89775 32.1392 26.0066
-17.5237 80.2011 39.8764
6.45931 52.3629 80.0083
-9.47753 78.3536 37.4297
0.496517 1.92901 -6.16967
-13.3774 16.4422 22.1619
-19.9942 27.7141 6.99232
-23.5187 22.6026 13.9176
2.27214 2.16882 -6.58357
-2.24314 -5.70946 6.47965
-17.237 44.4877 23.8061
0.741492 -2.31604 -1.95562
2.20632 4.39277 -6.19076
-0.700479 -2.44538 -2.71325
-13.9197 76.657 34.2271
-0.743962 -6.80184 -5.00786
-48.709 18.4589 -44.8941
-12.4588 26.3091 19.8362
0.101556 6.65782 11.8
-12.7751 20.5229 15.5972
3.13605 19.3067 -1.63564
-19.9468 17.3657 21.6704
-13.0584 26.5552 59.4258
-4.07863 -0.84583 -4.93001
0.763408 -0.786798 -10.4177
1.24034 -0.192474 -3.81173
-12.7793 27.859 57.5334
0.691538 1.97332 1.34189
-13.3201 25.5201 60.2063
-2.49096 16.4884 31.5744
1.04547 -0.916165 -6.36657
-7.69693 9.40997 2.20077
-18.4496 17.7764 18.7368
-1.07728 -0.872951 4.23593
-10.9355 76.4204 57.4107
-7.02894 15.7076 7.63865
-0.991514 -0.75835 2.25425
-17.5957 68.033 42.5647
-0.457578 2.23366 -0.447952
-19.3318 24.9415 8.55599
-1.70374 -6.15778 6.99276
1.66312 12.3703 0.623403
-1.67603 -6.41413 8.1031
-8.86885 4.34538 -5.29001
-0.508554 9.15548 7.70344
-2.52945 -5.3523 6.70793
0.135304 0.36498 2.90218
-11.2255 35.1541 -10.5487
1.36153 9.77267 -1.0727
-3.46876 14.6871 8.21288
-0.127454 8.87957 15.7235
19.3514 13.2685 -2.29342
-1.66243 -6.46273 3.96089
-8.29624 45.0903 63.0573
0.401681 -2.54416 -2.2413
1.92329 3.9907 -5.77169
-22.364 24.0808 8.9883
1.09731 2.64894 -5.97845
-0.371657 4.47978 -2.12853
-15.1924 57.0963 4.85449
0.421772 2.22429 3.39098
-21.1943 59.976 11.9838
0.732159 5.05555 8.33268
-12.8556 18.1844 18.6086
1.03285 0.0549415 -2.93925
-6.79849 31.681 60.2714
-12.182 33.3267 58.7564
0.942867 -5.88375 -7.73731
-17.5324 59.953 37.5412
18.6152 3.13849 -19.3362
-0.17131 8.19315 5.76062
0.434666 -0.902261 -6.17308
1.96176 4.60373 -5.20863
0.541424 -1.92905 -2.83297
-10.3551 -4.51811 -6.35255
-0.477398 -3.40431 5.77653
0.787188 9.04044 -2.7969
-0.805114 -2.10377 5.55225
1.36186 9.85276 1.18581
-23.0024 4.14209 1.68171
1.59093 8.58241 1.36145
-22.6975 5.22976 1.27487
-3.72448 7.57825 -1.13921
0.711163 -2.85676 -2.3343
2.27654 3.78629 -5.97713
-6.13716 5.10218 -1.87813
7.59534 1.29571 -4.8352
-0.482655 8.15455 5.10784
1.66549 -0.768257 -8.95042
0.765667 -6.96422 -9.2949
-1.66424 -7.3976 7.70578
0.418622 -7.33685 -8.26534
21.7142 -3.04099 19.3986
0.753388 0.857766 -6.20492
0.739432 4.04171 3.987
-2.60992 -2.94594 18.5016
-14.2389 41.9984 19.2812
-19.6525 32.4087 12.6154
-13.025 42.5603 -0.76765
-12.1731 77.9836 51.7081
-18.4594 22.6358 15.9557
2.24296 17.4998 51.061
-18.7534 18.9181 18.02
0.430954 4.07023 -1.34156
-11.8388 79.5231 55.1085
-22.0546 26.2302 17.5261
1.60276 -0.0951754 -8.05994
-0.152366 -1.41521 -8.75264
-112.357 66.7591 -61.1751
-4.09107 -6.81861 8.04612
1.61737 -1.33074 -9.48265
0.189003 -4.99373 -6.71482
0.722881 2.78416 -0.689565
-2.86182 13.4715 47.8658
-14.2514 61.8075 75.4733
-12.427 8.8864 -8.69313
0.163702 -11.6261 -16.0858
24.4547 18.8426 55.1453
-19.0461 25.0289 17.2474
-0.160953 1.01153 8.25581
-6.85065 27.4963 21.9862
-1.89322 -8.14745 7.94084
-8.5879 14.8728 0.290762
0.177502 -6.51694 -8.4148
-19.9423 27.2523 12.3382
-4.38428 9.9816 -4.03099
-0.145173 1.31295 -1.58921
-1.06806 -5.89105 5.2624
-21.7938 70.4355 52.6492
0.119254 -45.6316 -25.5807
1.33819 2.78709 -1.33204
0.737828 -4.59234 -7.42708
39.7368 -20.589 -11.7365
-23.119 19.2548 15.622
-19.9617 13.7416 23.1177
-4.93185 9.47591 30.2216
-27.1491 28.2395 10.3075
-1.00357 -5.51683 -6.1756
22.0713 27.1797 63.7975
1.27388 2.79197 -0.697953
-77.7359 33.4878 -61.5127
-15.7297 21.1045 9.05504
-0.56184 -5.10651 3.22432
-17.2624 32.4279 5.3635
-5.55114 6.0044 29.7088
-13.9698 69.8374 8.88257
-16.9801 19.0675 19.0537
-1.03883 -3.20914 -1.5995
-12.1692 63.2032 30.0155
-16.0613 14.5785 25.7003
-17.9071 1.84006 3.61337
-0.434606 -2.95484 -2.88365
1.00869 5.19304 -4.63768
-0.477992 1.60138 -3.38639
-6.43897 71.8234 46.8723
3.4408 -14.1644 -12.3447
-10.3271 70.0508 18.3338
-10.6499 83.6088 8.05489
-14.7485 13.0716 44.5951
-9.16707 24.6513 28.4481
-11.9592 27.3944 69.4168
0.409758 0.957287 -8.73384
6.47991 -20.541 43.8388
1.31787 -1.80653 -8.18213
0.678115 -1.89122 -3.12517
2.27672 4.60419 -4.91659
-5.86015 -3.05721 -4.73852
6.43579 3.25932 -3.4865
-10.1333 3.88846 25.3153
-1.06152 -1.89405 6.52857
0.129897 3.17056 3.18323
-0.168653 6.9765 4.45213
-7.70903 21.0666 22.9094
0.786866 6.48394 -0.471255
-23.2579 14.8277 -6.12484
-26.8811 28.9065 20.1636
0.139336 -5.27152 -7.39393
1.62245 1.48409 -0.821317
-7.36495 83.8748 31.6642
-1.68847 -3.18911 -10.7342
1.6028 -2.77947 -9.27637
-0.153552 -1.99046 -6.67153
-76.3291 25.8222 -25.4817
-25.3243 7.5153 12.38
-1.33551 1.02817 2.97279
-10.5612 37.1068 36.1804
1.06616 7.85633 1.73238
1.04505 0.423278 -2.1913
2.23346 0.439721 -7.95295
0.429114 -2.5018 -6.47137
0.759646 1.39954 -5.87481
0.774996 -2.82816 -5.53795
2.27143 3.87667 -2.41309
2.22077 7.43074 -3.16461
-14.2193 19.8557 16.2826
-0.430154 1.81814 0.73849
2.54109 -3.56915 -0.492069
1.56554 5.56852 -0.167359
0.263743 -0.952178 -7.92488
-6.78805 10.2878 -0.238598
-10.8232 82.1169 20.3329
1.34753 5.17187 -0.0769971
-7.09415 10.7438 -0.227868
0.357456 -14.0168 -11.5736
-8.55608 8.20935 -2.86875
-0.458948 -5.4993 -3.2086
-0.159262 -1.36849 3.07855
-0.188607 -1.59868 4.53357
-0.803884 -1.55672 4.20958
-0.455844 4.11106 4.89844
0.148284 7.20415 6.47682
-1.70057 -2.24627 17.9645
-0.757603 -1.85565 -0.848301
1.04885 1.38428 0.2075
1.31614 -2.66656 -8.84488
-69.4515 118.229 -39.2692
-21.7242 24.3377 12.5894
-9.74874 -2.14956 -0.966626
-8.58777 -1.8296 -0.571153
-7.67898 12.0615 7.50295
-25.3527 -9.12484 10.1556
1.06755 9.47906 -1.61038
-0.442595 -2.44766 6.88202
-0.163534 1.04964 9.44553
-0.776924 2.79455 8.02886
-52.3379 9.93937 1.01451
-1.70651 -1.91742 0.362446
-7.31539 110.564 67.0513
1.33099 1.97588 -3.15639
-0.109713 4.28922 -1.02992
1.37877 2.56098 -7.09697
1.04118 8.27684 -0.0770142
-0.503344 -1.46867 8.34143
-0.166514 5.09311 6.65654
-1.0455 -6.78208 -15.6516
2.50278 10.3005 -0.377653
-9.45784 5.35965 5.1284
-16.3353 14.2079 13.1894
-0.782391 -2.74162 3.62662
-52.9953 7.48705 2.18883
-0.465971 2.73901 4.88579
0.138198 8.2478 7.37096
-0.124346 -1.95956 -1.91515
-1.43707 -0.770384 5.02673
-4.06806 3.29891 1.55981
0.128302 1.09574 -2.23963
1.06428 7.27374 0.885271
-29.2985 -10.4895 10.807
-0.744454 -6.21727 3.95497
-25.3711 -6.71923 1.71262
-0.747068 -1.31979 0.649181
-105.418 30.6819 -40.718
0.464168 1.66573 4.21516
-58.591 42.1477 -45.289
-0.450238 2.3545 4.76564
-21.5353 56.904 32.5349
0.420188 2.81492 5.49577
-1.75527 2.42123 -2.14528
-0.17447 -3.97336 -5.93156
-19.3691 -7.03283 7.99938
-1.34251 6.80498 4.68731
-1.92084 -0.910698 7.85978
0.736858 1.93655 -6.8072
-16.3643 21.9269 15.0122
-3.78334 2.55823 -5.87359
13.3512 9.76767 -8.47887
0.698482 7.46767 5.76157
-0.110063 -2.88206 5.78576
1.37905 9.86382 -2.45027
-0.442616 -1.09983 6.53446
1.03089 7.86742 -1.92752
2.25509 8.06339 -0.201126
-0.00232773 4.46008 -5.6423
1.35311 2.67928 -2.4927
-2.29987 5.77123 -0.624424
2.20166 6.99415 -3.27916
-1.03402 0.994001 5.63071
-13.9222 73.2137 20.4056
1.68821 7.61562 3.83109
-10.0052 37.4262 34.0149
-11.3022 58.0753 25.5071
-7.63202 11.7472 8.02126
-0.478023 6.68741 4.3728
0.443969 7.30018 3.22323
-2.49474 9.09212 5.28715
-9.44802 18.1919 13.0957
-0.798083 -6.32023 4.48225
-0.194051 -6.65872 1.04701
-5.86106 9.61607 -0.715734
1.09776 -0.395329 -8.44136
8.21078 21.2988 -12.6971
-5.27624 3.41597 8.413
0.17657 -0.751777 -7.60685
1.62944 5.8093 -0.534063
-42.4429 5.71773 -2.07372
0.43041 4.68094 -0.772518
-9.7817 10.4006 1.25542
-0.157455 5.53692 6.74014
-0.50633 -3.91933 6.04153
0.105404 -0.141624 4.28823
-4.92408 -15.2371 25.0472
-16.6634 19.233 19.4715
-1.06596 1.35233 9.15677
-13.9034 61.5953 12.713
-1.08367 7.95771 6.39178
-0.746091 5.79409 1.78346
0.13576 -0.772362 3.61966
0.996669 8.17374 -0.434238
-5.829 0.953662 8.66359
-0.484948 -1.43159 7.82616
-0.488322 1.14902 10.2124
-0.449501 -6.19618 1.11489
-57.2145 27.5006 -42.5555
-0.423849 -5.81228 1.30067
-0.722785 -6.1384 1.46913
16.6503 36.7942 -16.107
0.71638 -4.65127 -5.75468
-163.964 61.3933 -152.014
1.31947 3.15107 -1.65796
-0.178655 6.91444 2.82447
9.15871 -1.95277 9.82234
-17.847 25.4423 11.9826
-0.752843 1.56897 3.78723
-0.454495 2.45288 7.92361
2.28428 10.6273 -0.113577
0.750492 4.17112 8.16597
-4.94669 6.21084 2.3489
-0.493154 13.9546 7.06049
9.76812 -10.4813 4.74276
1.09414 9.72694 -1.58621
-0.462639 -2.77388 6.88082
-8.91736 6.76539 3.77995
1.30167 8.21298 -3.04944
-0.147883 -1.36821 5.20078
-69.2155 41.0777 -61.8835
-19.7354 4.34284 12.1515
-0.443253 -4.24965 -2.96289
10.0248 -9.32594 4.30744
-14.8287 1.72108 4.11303
2.208 4.73919 -4.11786
-121.295 93.808 -41.8236
0.704765 -2.06374 -4.02488
-9.16916 87.6713 42.8068
-0.725538 -2.01565 -3.49672
-1.02583 0.254533 0.357717
0.732482 -0.738907 -0.52835
8.24126 -25.2982 3.07737
10.0062 -25.5963 7.04359
8.21944 -12.0225 6.33829
1.34109 9.89395 -0.274412
-4.38041 6.15399 0.759526
-1.06305 0.556395 8.22773
-0.170286 -3.57376 2.76004
-0.461144 2.78068 8.99189
2.24016 1.33375 -8.58805
-0.786027 -0.532315 -1.41069
0.761634 -0.484754 -8.816
-4.61895 3.12747 7.43585
-6.20704 9.72245 -1.12277
-0.50055 4.27315 4.74991
-0.809111 8.16994 4.31061
-9.77979 18.6432 19.6717
0.479341 7.96046 3.76017
-0.778296 -4.66905 2.76237
0.704126 0.485527 0.732143
15.4289 8.89382 -40.1148
1.04481 -2.21483 -10.2382
-31.9736 30.0116 11.535
-82.0189 65.3793 14.0321
0.450879 -6.6237 -13.0559
0.104498 -4.95595 -1.95011
1.64383 1.66235 -6.20818
-7.50522 -2.2668 1.56798
1.33915 -3.54567 -9.92587
0.117107 9.87705 4.54458
0.705609 -3.79511 -10.2807
-10.3489 7.91135 -2.02183
0.486898 5.03596 6.98564
-0.714111 -0.468955 3.4199
-17.2862 68.1434 41.2024
0.12398 9.12091 8.86084
-0.14097 2.56617 -1.32753
1.36977 4.36194 -6.86167
2.20683 10.8283 -1.18432
0.444062 -5.17709 -11.2023
1.01441 0.381503 -1.9963
-6.49538 3.0861 -2.85527
15.6957 17.6664 -19.3509
1.03328 -7.38374 -12.1223
-16.7177 2.03924 -11.6535
-1.08886 -3.39301 5.56008
1.39698 8.53055 -3.21602
-0.161026 -1.68382 5.2763
0.109667 -4.949 -0.503495
1.66034 1.66899 -7.63593
0.162071 -6.06796 -0.806316
1.63478 0.532602 -7.37027
1.64639 -0.715545 -8.64893
0.4858 7.65414 -1.26329
-1.04424 -0.802562 7.04917
-0.501717 2.33452 2.64072
1.59797 -5.73032 -11.3274
1.62041 -1.81842 -9.90221
1.01039 -7.28119 -10.4979
1.31632 -2.83063 -8.80997
-49.3629 14.918 -11.9341
2.53309 0.801763 -7.86324
-3.75902 9.30208 -0.961073
1.37289 -1.44519 -7.81226
1.04618 -3.86613 -8.96804
-19.4565 42.1591 25.167
-0.770096 0.0404324 2.54253
0.13713 6.45607 7.30753
-8.5966 1.86121 1.74966
-0.152613 0.0797605 2.47529
-9.10402 27.9609 34.0741
1.30976 -3.82013 -11.7112
-13.4765 -4.54069 5.90984
-16.6879 12.8505 9.86656
-0.722287 6.782 7.7539
0.475217 -6.19541 -11.6701
0.0412393 -6.45523 -1.09918
1.60895 0.25073 -7.05683
-0.118892 2.82206 1.6847
-0.0842102 -1.19165 -9.33746
24.4755 0.781732 -7.0023
54.7084 60.4428 16.2257
-68.8493 46.5193 -43.461
-0.454857 -7.84396 -5.75657
-0.43504 -7.22615 3.46914
-1.04134 -2.33714 6.14942
0.749811 -1.88526 -10.4213
1.07874 -4.76286 -9.51055
-8.27621 20.2193 17.5002
-1.32898 11.2891 9.63505
9.7506 10.344 10.6817
0.258885 -4.65461 -3.46674
1.61091 1.96387 -4.71031
0.158267 5.48604 7.38999
-198.136 184.592 -95.0522
1.01565 -1.33062 -8.98144
0.507995 10.2546 -0.184824
-1.05933 -3.59529 8.16187
-6.48214 -1.11599 -7.83809
-5.27904 7.0604 -2.63147
0.134601 -1.3165 3.81975
0.425293 2.19897 -0.803208
24.398 -2.97456 -11.2723
-48.1955 28.0777 -25.6563
0.771534 4.62651 -2.60948
0.536721 0.0786405 -8.84167
-27.5021 5.20659 3.91647
-1.67681 -2.3567 5.16936
-1.03802 5.04636 4.30645
-1.65648 -5.57506 4.98355
-27.5013 14.4363 -10.7553
0.726845 -2.58808 -8.4918
1.84381 12.6649 2.68023
0.72023 -8.06698 -10.7251
-85.9238 63.0774 -43.9413
1.67507 0.281902 -8.07332
0.444088 -1.31975 -6.77008
-0.438135 -4.84112 -3.43144
-4.44536 2.74783 -1.69957
0.476873 -4.8687 -3.25746
0.709022 -3.22217 -3.78865
-12.7696 -2.60896 -0.718144
-0.808154 -9.18626 2.28315
-0.184898 -8.96047 -14.8778
0.720615 -4.57877 -4.92153
-0.773124 1.10365 11.3255
0.702263 6.46541 4.98277
-0.180266 5.31528 8.55263
-1.05838 0.990129 2.13085
0.133218 -3.93153 -11.7691
15.4628 9.17276 50.5772
1.35412 2.1018 -8.25031
1.00585 -1.43901 -4.72326
0.128869 -0.178332 -5.22684
1.61287 6.40423 -2.94384
-7.64331 -4.79677 -3.35425
-14.8374 10.389 -3.84961
1.34344 8.44248 4.00474
0.716349 4.9487 4.70993
-20.2594 29.4035 17.5142
-0.110598 -7.61756 -4.18644
-1.67927 -1.07453 4.41882
-4.61907 -0.71443 -4.007
-8.18801 29.0926 24.9357
0.152399 -1.32612 2.84396
-8.2722 24.2203 20.7468
-1.86062 1.50052 2.30958
-15.7513 19.5728 17.7403
23.8208 15.9736 12.1364
-5.53095 11.0357 -5.31046
-9.75376 80.068 37.9047
-0.429301 -1.47073 4.87016
-0.464645 -5.30562 -2.57764
0.799629 8.26205 -2.8925
-9.45311 6.83879 3.52657
-0.800127 -1.28251 5.56236
1.04791 0.545729 -7.29923
-12.3222 -8.37114 -2.05429
1.63419 7.43543 0.101417
-1.66081 -3.40442 11.0606
0.151524 8.75495 3.9788
5.40599 25.5434 6.77238
-1.04307 -2.28684 -1.19824
0.452557 6.21587 4.02637
1.05832 -4.45776 -6.83909
-0.474227 -3.22124 3.06614
-22.3513 -2.06002 3.19293
-9.34163 2.89786 0.832527
0.744277 12.1249 -0.197242
-7.34314 1.78965 -5.91373
1.36294 -1.27798 -8.52601
-0.780787 -1.03999 7.96017
0.74895 8.02338 -0.591267
-7.34173 0.918017 11.0797
0.453321 1.64743 -6.58058
-0.0781249 1.37808 4.77015
-12.7402 85.902 47.3706
0.146465 5.80925 -0.397512
-0.441391 -6.93491 1.25993
-14.8527 88.5834 51.259
-9.76248 98.9349 46.3837
0.439602 -4.35718 -2.29855
1.92096 2.22989 -5.95208
-2.02584 62.2704 -59.0087
1.31852 2.40835 11.2448
-1.29223 -1.93264 0.820546
-11.5272 12.6766 -0.195199
-1.11385 -9.97618 1.02011
18.7682 14.2124 55.7565
0.422476 2.29196 4.04312
-0.464433 -2.18518 -4.9705
-13.6665 63.5758 12.2219
0.566841 -1.65834 -3.13614
1.95695 4.87843 -4.98405
85.6574 18.1173 -63.2112
-35.8727 28.5597 -23.8721
-7.05967 7.47444 25.798
-21.1496 8.92874 -7.78656
-6.42383 16.4585 18.7183
-2.93495 8.81074 43.8155
0.14251 -4.27925 0.778428
-2.06389 -6.20624 6.2455
-10.6516 1.87883 2.94409
-4.05258 -0.830398 -5.21549
-3.25915 30.0714 -2.79669
-10.6331 5.75031 -8.41987
-1.33001 0.72451 10.1543
-0.182363 -1.26778 0.165943
0.100748 -3.14743 0.483454
-0.669394 -2.4473 6.88163
0.74187 9.49343 -1.5992
1.78696 8.2059 -2.27802
0.180661 1.52162 6.2574
-16.5583 50.809 12.3151
-15.435 30.2017 20.741
-17.5688 11.2354 10.527
1.71486 6.0887 -5.375
-8.57163 8.9438 5.81295
-47.5233 -18.709 12.6235
0.151286 -0.45475 -2.94036
-0.463053 2.07875 1.58999
1.93208 7.60014 -1.63316
-4.9449 1.54727 9.6341
-44.558 27.9892 -3.31488
2.54652 1.86928 -7.16774
-5.85961 16.3263 18.7609
12.9845 -8.72503 14.86
-36.1705 7.97806 19.7296
-4.05765 2.60988 2.93473
-6.14894 6.16655 1.93954
-46.6404 -6.11476 2.26714
-15.747 19.2358 16.9784
1.34376 -6.25711 -12.3223
1.62256 10.0263 0.751394
-20.8475 16.2845 23.7382
0.41065 -0.177949 -7.10838
0.162142 -2.83382 -3.38388
1.66206 3.71609 -4.62888
6.65472 0.155317 -32.6708
0.154708 0.533305 5.25858
1.55029 6.96477 -3.0715
1.04996 -0.83135 -4.33975
0.7695 -1.95052 -8.20554
12.7554 18.8047 -9.97509
-0.45647 -0.700141 7.33213
1.0702 7.73116 -1.07528
-17.5427 34.6372 23.9667
-0.672523 0.981015 -3.49422
-9.42324 9.13641 5.26015
1.3551 3.41388 -1.31507
-0.0843112 3.31318 -6.78489
24.4774 -3.78877 -9.03033
-0.169927 -1.74468 0.521955
18.2521 3.13916 -19.3369
-0.779219 8.17867 5.80913
1.06134 6.45023 4.28583
3.44624 -0.182615 5.88789
0.410785 -2.85236 -1.01423
-0.330684 3.41137 -2.84352
1.08435 3.46422 -5.30825
0.160738 9.73145 6.65517
-2.06755 -8.97719 9.15911
3.46899 -0.0551029 -2.34552
-0.163459 0.479847 7.46025
-0.118482 -3.44566 3.11942
-0.737969 4.6938 9.14386
0.916077 -3.17298 -5.4366
-11.2397 3.06128 -4.30687
-1.97521 -7.92435 9.46252
-2.57026 -8.01809 8.82786
-0.43329 6.55393 5.45918
0.42155 2.30451 -1.58087
-69.7243 1.53288 -3.34371
-21.777 28.1252 7.0774
2.22057 9.41719 -2.00552
6.45873 8.45 3.68395
-0.75174 -5.21455 -4.10099
-2.25388 1.28457 -4.03657
-30.6834 36.3993 -15.8485
-0.163258 4.18992 6.00688
-0.372792 5.12902 -0.60117
1.08809 1.6574 -7.35875
-28.9547 -11.397 -3.08873
-17.5989 14.6246 25.0787
-13.9512 11.1927 9.75149
0.125321 9.36904 3.70293
0.464466 8.17758 2.45869
2.50857 -6.72764 -3.08077
-23.2391 6.40727 2.39247
1.07917 7.39447 0.431955
0.147173 4.30836 8.74663
-0.15132 -2.52658 -0.826004
0.118453 -0.442026 4.67862
0.433916 4.00255 5.50783
-7.5592 7.29618 -4.64353
-23.2647 24.4951 11.8291
-2.26087 -2.21932 1.61149
-1.95965 7.6197 3.56246
-3.44547 -1.76742 0.628377
15.676 -9.04279 4.92584
-0.136571 0.608217 -1.40397
0.492621 0.755436 -4.16088
0.739093 7.27591 6.41047
-9.78001 1.35705 -8.42172
-1.35832 -1.93808 2.25111
-14.856 46.8602 9.92578
-0.148541 6.12672 3.81735
0.424337 -1.89257 1.09621
23.855 18.6384 12.0681
-1.96363 0.01301 -12.4712
-0.768096 -3.21204 0.955531
-3.16206 -2.54456 0.324276
-13.1358 35.8177 25.8709
-4.68168 8.44226 3.88875
21.7394 18.8797 58.9048
1.94708 -2.69317 -8.39115
-26.1365 -1.79807 8.12946
-59.4986 5.90167 3.1497
-10.6442 -7.03934 1.82305
0.414319 1.6954 3.41419
0.126411 -4.67087 -8.81866
1.81292 3.54993 -4.65571
0.437744 -3.21619 -3.37407
9.46128 -20.8587 10.6997
-0.153446 8.12486 4.23723
-1.01069 -7.34638 -0.789339
0.732914 6.81184 0.125425
-0.740215 2.23627 4.27454
1.81562 3.39986 -6.45866
0.39273 -3.15541 -1.62553
21.1716 17.2209 14.1142
-3.46032 -8.73797 8.83105
0.137033 -3.40511 -7.35202
-6.44329 1.16959 -9.40777
0.745231 4.04865 0.762155
-1.08975 -4.60723 -0.223286
-8.86262 -4.29303 3.58295
1.4477 4.24236 -3.17265
-22.6406 28.5169 19.2194
-5.84739 0.971964 1.81173
-45.65 23.22 -16.6449
-0.777825 6.13571 3.25467
0.155714 0.830589 -2.25492
-4.64067 -2.93697 -3.71637
-8.64266 20.7662 23.7985
-0.121521 -6.48823 -1.20533
-0.123678 -2.55783 2.98691
17.5288 21.8578 56.521
0.151602 6.99682 3.97914
-0.434804 8.17324 5.78228
18.4333 3.1389 -19.3367
0.504726 11.8547 -0.173634
-1.05279 -4.89481 8.24213
-2.83064 -6.68021 8.01632
-4.372 1.35156 0.984481
4.31455 -0.29265 -0.678296
1.03941 -3.72254 -11.5518
-0.776032 -6.93881 1.60805
0.11863 4.38791 4.74291
-30.7226 3.85222 0.219189
-2.83809 -1.38074 -4.92926
-0.162773 -5.1189 1.27916
1.34328 -1.30039 -5.50774
-1.62866 -5.19561 0.860683
-0.133344 -1.32684 -0.945163
0.339177 4.70965 7.38679
-9.75685 21.9706 16.0021
-10.5812 70.9968 48.6664
0.457346 7.47431 2.41634
-23.0011 19.5979 -10.3942
-2.55898 117.717 89.4419
1.06512 10.35 -1.277
-10.9471 10.5132 -8.04467
-0.751878 -3.98089 8.4089
-0.436813 3.63339 7.63168
-12.1534 25.0144 -0.417381
0.437001 1.29165 -3.49293
-9.74219 2.04986 -1.14803
-21.134 12.6579 21.5566
0.167228 -7.08965 -11.2344
-1.94758 -0.188716 0.00361232
-0.205005 -5.84021 1.56239
16.928 18.0155 -13.1701
1.64429 6.3425 -4.27021
0.132735 -0.156891 -3.70791
-3.1442 0.775794 -4.17471
0.741796 -2.88772 -3.80608
-5.84492 -6.23185 -2.61632
-0.441842 3.04518 9.35071
-9.65643 35.5709 61.8059
0.505014 7.9465 -2.23919
-1.02352 -1.16821 6.12266
-16.3976 23.9321 13.2013
0.716276 0.186997 -4.97356
-6.17019 7.31355 -1.88982
-0.748911 1.96402 4.33738
-1.0788 3.77021 5.02039
-3.15101 -2.51364 0.195646
1.96194 12.0483 2.63385
0.725369 1.07245 -6.9051
16.0524 -11.3646 9.07222
0.170418 -2.58645 -4.00297
1.65241 4.05512 -4.08264
-0.475323 -4.58425 3.56407
-8.54541 4.59151 -3.22712
0.111927 -4.10622 -0.467895
0.432297 5.84213 8.44898
0.988078 6.13794 5.48669
13.3761 34.2934 65.9162
-0.19793 -4.38123 1.06602
-11.4732 16.4546 18.3264
23.2152 -1.92558 15.8812
0.739092 -4.64502 -5.52688
24.3812 -4.12081 -8.48576
1.33947 3.11498 -2.03731
-29.8293 5.02626 3.53167
-16.6547 46.9911 12.6654
-0.183935 5.22602 3.41867
0.730811 4.31187 -3.18483
0.936114 -4.22085 -8.48313
-40.6557 -19.0754 16.9849
-7.85655 24.8778 24.3638
0.410081 2.86077 -1.93298
-0.98336 3.19087 1.2437
-18.1435 26.9846 9.35221
6.46025 -35.4728 -31.0999
-58.0319 82.5936 26.5714
1.01095 9.32822 0.330137
-7.6503 -1.00154 -8.27544
-0.170325 5.78213 3.25194
-9.75988 17.3228 24.8358
-0.361644 2.53773 -2.24755
1.0184 4.2717 -5.77469
1.95539 3.21522 -6.4307
0.402822 -3.47249 -1.64343
-0.158573 9.48308 8.15423
1.66141 -2.48797 -10.8943
0.490258 5.52644 -3.0863
-1.05177 1.45491 -4.8762
-15.4752 19.3926 18.8557
0.174395 1.60979 -3.09645
-7.95855 11.5572 7.9578
2.22223 3.59194 -7.45474
0.753714 -3.17051 -0.663903
-4.96203 -2.72778 -2.56225
-10.6457 0.614569 -8.30648
1.62529 -0.678133 -9.37258
0.41811 -3.13138 -1.04046
4.34138 12.9451 1.92948
-47.2678 34.5764 54.591
-4.47216 -1.44144 0.0963249
-0.738666 6.98154 7.65632
-0.756159 6.16681 5.38119
-0.0593951 -6.13414 -3.16075
-13.928 0.0303953 -3.74467
-17.0638 17.0927 22.2541
-4.70581 5.68135 -1.7006
-3.15082 -0.999822 -6.4309
1.68842 8.5574 -0.180116
-13.9216 25.7462 53.263
24.761 48.5601 -52.6572
-1.07352 7.2541 7.55621
1.34591 -3.24619 -10.3975
-0.180585 -0.918839 -3.05907
7.49787 -4.21077 -11.5511
-1.6439 -1.36145 3.2663
0.143144 -3.05031 -9.73143
-16.0903 14.122 43.6895
-13.3405 66.1105 11.4743
-1.62457 -1.83975 2.53632
10.0345 14.8766 50.192
-0.692874 -4.67099 4.47011
-7.75227 16.0736 26.4416
-0.169725 -1.69541 0.130105
-1.35569 -1.92643 -1.49107
-5.88725 16.0679 18.5741
-13.3596 91.281 89.5352
-16.0483 2.80029 -5.07591
-0.439283 -3.69492 0.401358
0.385758 -4.97683 -2.47482
1.93404 1.74184 -5.61218
-25.6557 -8.11517 -9.22596
-20.5636 45.0114 10.9831
-8.56209 33.3755 31.5984
-1.96168 -8.47942 9.39904
-27.1602 3.04226 4.67019
-2.87619 -0.678349 -5.59693
-1.66507 -3.73825 1.6183
0.720904 0.0593219 -0.448828
-20.1699 19.7859 -11.2653
-5.23274 -7.31067 -3.92628
-0.451568 -4.97874 -2.43722
-5.26022 -1.71303 -0.0326179
-0.165993 -2.49872 2.49476
2.24838 11.0446 -0.459236
-51.7326 12.8908 -6.3473
-1.31645 -6.77297 3.06937
39.1791 -2.10766 1.18635
0.462109 5.27499 7.21882
-106.04 92.4097 2.35846
0.444759 5.5955 0.833695
-1.37202 -6.20135 -0.26178
-58.6662 -4.45966 -7.57406
-11.5563 38.0778 40.4647
-7.69233 106.895 49.3945
-0.764986 -1.0736 0.273432
-13.7272 21.7827 15.9365
0.101835 -3.46297 0.444797
-7.02492 10.696 1.90637
1.62419 -2.11528 -6.75086
6.42734 21.8861 -2.54643
-0.434607 -2.06347 0.803455
-0.102655 -1.37283 -2.51078
-12.449 -1.67335 -3.85367
-0.44025 -2.56598 3.06439
-3.42192 3.04095 1.81166
-0.711899 4.64901 3.34278
-19.0669 48.9579 3.1956
-1.04349 4.74133 7.65902
0.791117 9.22643 1.58542
-22.9378 19.2546 15.6222
-1.97462 -5.36061 2.99001
1.63766 -2.97708 5.06905
-0.464779 -3.24655 0.0656566
0.480222 8.64633 2.949
-7.65953 0.962396 -2.65726
-0.16599 3.32026 6.89156
-1.33677 -7.29916 6.19342
-11.5404 21.202 43.6325
-1.08269 -2.772 2.52011
-0.482485 -3.77529 -3.48197
-24.4238 28.9903 19.6708
-5.89342 10.2692 5.42691
-3.12974 6.30043 -0.637122
-16.8031 77.3746 38.1825
-2.57317 -6.44793 5.4773
-1.32465 -4.5324 5.74672
-17.8248 64.1919 38.708
-14.2393 38.853 27.5261
-7.94996 -3.38076 -5.78743
0.761278 -5.08762 -7.47588
-1.34443 -4.69083 4.70142
-13.0751 15.7767 -5.09621
0.41775 -0.716213 1.38694
-1.66571 -3.72463 1.32333
-6.47583 9.16414 -0.640137
-18.4743 54.6767 30.5004
1.05918 0.252563 -3.65179
-1.59561 -10.2527 2.53346
-10.6998 82.787 47.8624
0.428135 -4.346 -3.19791
-14.4056 23.1991 17.0519
-0.624197 5.23255 1.29157
2.53691 0.856712 -8.48545
-52.4515 55.4097 27.6217
1.05213 1.15886 -2.17749
7.68035 15.4185 51.973
-0.754077 2.44574 8.28376
3.71637 0.514854 -3.29755
0.137743 8.90046 4.33508
1.9608 6.54943 -3.74515
-22.8201 24.5048 16.11
-26.2327 30.0195 8.57039
-1.02945 5.51901 5.70152
0.320479 -4.06821 -0.769373
1.92495 2.65158 -7.34842
1.01405 4.61611 2.22933
0.245683 13.2862 11.0248
5.67239 32.552 63.4497
-22.3227 12.9263 13.6343
-0.162722 1.25005 2.55249
2.25713 11.3287 -0.657417
2.57872 9.90529 -3.49394
-15.1573 16.9159 12.2278
16.9131 17.1103 -55.5707
-13.4378 19.1104 17.5486
0.418717 -0.70469 1.97238
-18.6052 48.2068 27.1277
-0.124665 6.11895 4.74971
-4.63783 7.27273 -0.942043
2.40114 7.74361 1.51742
-0.736992 -1.71083 9.17413
-6.48097 31.6506 28.0742
-14.8696 80.8948 20.5028
-3.15807 -4.34558 -1.29935
1.66724 -2.63564 -9.8203
-1.33846 0.674218 2.34855
0.138777 0.599616 -2.50233
-0.141589 -2.02496 -3.73493
-8.03305 88.926 35.3538
-5.8664 4.81195 -6.99575
-14.1092 0.0306602 -3.74489
-0.436454 -6.09346 -3.23761
-0.0259178 4.59292 -1.09045
1.30276 2.23116 -7.09447
-0.207895 6.0246 8.14284
-11.5335 40.6062 30.0588
1.62542 11.0762 -0.608832
-1.63327 -0.335695 12.4221
-8.34702 19.3373 22.4185
-1.33358 -1.40029 8.53789
-16.9369 25.7235 18.2177
0.727559 -2.5306 -3.70946
-2.25705 6.25361 5.34895
-5.85433 -2.34551 2.45865
1.32801 0.452224 -4.91947
-17.0012 48.3239 14.583
1.32055 8.04849 8.10668
0.122153 0.257819 -0.42835
19.6419 -24.0377 16.5206
0.418426 1.65464 -3.77607
-0.370307 0.425024 -4.63301
1.02367 6.46156 -3.47702
0.143008 2.22022 6.18841
-14.8428 48.3839 24.1492
1.63956 8.98213 -2.26684
-22.9443 17.3225 51.6543
1.66807 -1.12478 -7.08809
-0.470811 -7.66482 -5.94316
-3.76188 2.257 -1.2032
9.23448 -20.8583 10.6993
0.220508 -3.19203 -3.419
1.6311 3.55033 -4.65619
1.35283 -1.40548 -7.34131
-13.7606 17.573 16.7678
0.20433 0.876245 -0.86711
-10.6719 68.1094 6.45698
-2.54112 1.76833 9.63147
-11.2465 16.4542 18.3268
1.06228 -0.76201 -9.31139
1.6537 -1.52425 -10.8686
1.63325 6.73916 -0.448214
-0.9792 -7.78321 -0.803989
0.725725 7.03727 0.114168
-0.157997 -0.419532 0.828677
-1.98875 -1.21343 -0.0166526
0.731998 5.53154 6.05657
1.55888 0.494015 -6.12696
0.136723 -6.08578 -1.91846
0.728306 1.71213 -5.52333
-9.03969 87.7659 49.4923
-0.152895 -5.18507 1.08086
1.32049 7.67475 2.25735
-8.774 7.28396 -1.71919
-8.86579 19.0962 21.2162
1.36198 -3.21324 -8.38499
-0.691855 -1.98229 7.39735
0.792175 8.89257 -0.932509
-16.3366 3.54693 -13.2648
-14.0293 79.1794 43.081
0.43052 4.99585 0.730118
1.32662 0.283781 -5.44514
-17.7592 59.9533 37.5408
0.761052 -5.88334 -7.73779
1.91581 5.31182 -0.815981
0.450868 -1.35103 -7.33302
-7.68061 -3.36089 1.67871
-19.9553 -3.67506 0.491666
1.33127 -2.35071 -10.0183
-74.8506 13.408 -57.4586
-1.33914 -2.20278 -1.56009
1.36135 5.85452 1.3173
0.438184 -1.92529 -8.55476
0.716895 6.10001 6.08909
0.751851 -1.05312 -8.50574
-10.9715 46.0266 28.8558
1.02152 3.46028 1.9534
-0.613226 7.8657 4.27024
-23.8847 17.6812 51.4248
-19.931 5.01216 -9.51073
-14.5735 45.4089 12.0707
7.60132 11.9009 48.7256
1.09783 -5.55198 -11.5497
-18.7427 21.4312 65.8831
-0.473856 -1.69434 0.995899
38.5808 -14.022 -5.10939
1.65482 -0.814242 -10.518
0.761979 3.44956 3.18155
-3.75228 -0.808977 -6.55187
0.536494 2.91555 -6.69162
-11.538 86.9327 4.04525
-18.0177 16.0442 23.4785
-39.7445 54.5203 -7.14498
0.15042 0.776337 -0.370298
0.18801 5.74194 7.88728
11.2384 -4.9856 -22.9277
-0.145499 -5.3077 0.476559
-20.9425 73.8029 42.2307
-2.84903 -1.26923 -5.97255
-0.422858 -5.93614 -5.46447
-23.2844 -2.87607 5.4316
-0.138963 -4.69889 -7.06115
-8.29331 31.9185 28.28
-0.175218 -1.7571 -0.241982
-3.44976 -6.70165 5.80641
0.118603 -1.41066 1.91592
-77.5799 47.9801 -16.0806
-22.6342 24.6702 -1.9428
-1.05767 0.858501 4.33104
-9.17268 13.0404 26.5991
-0.749825 2.52486 2.93018
-12.3954 -1.99676 1.21327
-0.0665899 -1.67144 2.41881
79.9595 2.36127 -50.853
-0.752277 0.340513 5.7045
-20.2565 38.966 8.34889
1.93835 10.9173 -0.210414
0.463282 4.41519 8.24689
-7.65856 5.34789 -8.0007
2.80481 -6.42113 -16.1434
-16.079 77.7603 46.0844
-9.74998 14.2912 22.7087
2.38582 6.79302 1.44643
-1.0294 -0.645176 8.84972
0.657217 2.02525 -5.22656
1.52568 0.664558 -5.95943
0.127379 -5.80449 -2.16921
-8.87841 17.7651 36.3232
-1.14215 -6.35021 -0.43191
0.745355 5.9303 0.57664
-0.138307 1.60973 -4.63217
1.3112 5.25405 -3.48976
0.772656 -2.64245 -4.01749
4.82831 7.16936 10.5677
-1.96443 2.32343 -2.43658
-0.450581 -4.22452 -5.6311
1.35214 11.2714 -1.96368
1.33633 11.4152 -0.120022
-1.60673 -4.90168 -0.694001
0.149934 4.45537 0.0125184
0.121527 -4.00207 0.155961
-0.44426 -6.81164 -6.18543
10.9644 12.6863 -0.171831
-2.84795 -6.01261 7.10249
-3.4242 5.65007 -6.21738
-0.169864 -3.71154 2.27125
-19.0436 26.8237 13.6411
4.63117 -4.19246 14.8152
0.749337 -7.37387 -12.9392
-1.31959 -1.95545 1.57032
4.33386 -9.31646 -17.6519
-13.0509 70.5048 13.5206
1.04426 -0.00770696 -3.46004
0.157147 1.05029 4.37896
1.64145 7.77869 -4.14008
0.241735 3.11699 -4.66434
14.5811 -12.1459 2.77978
-0.749241 1.82144 6.97923
0.442038 3.64631 1.26077
0.446135 11.8407 10.7512
-1.9722 -1.94085 13.9581
-0.459034 4.93942 3.97033
-0.733485 8.61484 5.96235
-1.02428 7.21556 5.61129
-4.99465 -4.18285 -1.7625
-43.3598 1.53495 -2.77488
0.724306 -1.91797 -7.37208
1.33461 1.70901 -3.99162
0.393902 0.357856 -6.15652
-26.8578 26.6101 -7.95218
0.783461 -3.81154 -9.27635
-7.96188 58.6413 -2.47335
-5.85463 -1.81649 -0.407052
0.468449 10.2655 7.73974
1.94863 -3.84158 -10.3497
-2.27964 -8.62362 8.90111
-0.151728 5.82024 5.58149
-7.66891 34.0435 30.183
0.443603 2.79248 -1.6563
-19.7492 5.01176 -9.51025
-0.432015 7.86543 4.27045
-0.460582 8.50816 4.51106
1.07627 8.00692 -2.53544
-0.45171 -1.07598 5.80408
-0.196038 2.02402 -2.71548
-0.744098 6.22017 5.526
-1.05522 2.40373 5.14288
1.20844 -0.460034 -8.85789
-4.08022 3.28442 7.22223
-7.03692 -0.121212 -6.69287
1.65021 8.58902 1.94944
-1.0792 -4.39221 -4.31823
-3.13605 -7.44528 8.03302
-18.1762 71.5415 81.5672
-3.73894 6.27976 -0.560967
-0.423086 -2.43136 -3.84049
-75.7501 61.0184 -37.6537
1.94768 -1.45442 -8.22283
1.94393 6.11383 3.43267
-6.16089 3.66852 1.55851
-18.4722 16.9027 21.0626
-4.74684 -1.00514 -5.23657
0.13034 -1.04475 4.14981
10.0407 9.67549 -36.0756
1.04368 5.87288 -2.47892
-0.351059 1.03442 -5.59379
-9.14242 9.26147 3.08644
0.710278 -1.0566 -7.90739
-68.8466 28.916 -37.8078
-16.6871 65.4981 10.5708
-2.25754 105.041 43.2602
-0.469667 -2.3173 -2.59527
-5.54339 11.6285 -6.30425
-21.1297 16.9108 -12.8732
-3.47069 -7.02624 8.46951
-11.7737 9.6952 -4.85904
-8.49837 15.672 25.3974
-1.61282 -4.83968 5.53485
1.07457 32.5306 -11.2337
-1.33608 1.4719 -0.705622
-0.158905 0.449013 1.89949
-13.0351 7.42133 3.46426
0.218234 1.18239 0.290407
-1.62594 -1.79523 -0.898256
-10.8254 -7.03907 1.82284
1.32434 7.04344 3.14718
-1.3372 -2.89208 -3.10626
1.04682 -3.75207 -7.42101
-0.270337 -0.614091 8.44653
-25.9627 31.0013 8.48082
7.62806 -9.62259 13.6031
0.746044 -6.20442 -11.8524
-0.757541 5.93677 5.61443
-12.1069 16.8053 15.784
0.14103 -5.38221 -8.20588
-0.441283 4.08579 6.93369
-7.65022 7.80431 -2.7113
0.443646 1.63069 3.13413
-0.982227 -0.974725 -0.782008
0.699791 0.449761 0.164781
-1.05851 -0.752244 -0.752888
0.710453 0.180102 0.162598
-0.147734 9.81707 4.8928
-0.464552 7.28303 4.33403
-1.03356 3.29893 3.53836
0.161979 3.02294 -6.02065
-3.4424 3.24373 -4.46814
0.444217 -3.23392 -8.48638
-15.4602 66.8228 9.46816
-6.162 4.70309 -4.47571
0.421978 5.51236 8.1839
-12.3642 35.9833 25.3774
-0.676928 2.87471 10.6102
-25.3724 -9.3047 9.97678
-0.159175 0.528755 6.6812
0.438254 6.32412 6.2752
-0.774383 -5.47848 5.00469
-0.16768 -4.06216 -6.48149
-7.6493 27.8048 21.8674
-0.174026 -2.38861 3.83473
1.96759 10.9295 47.8889
-96.4616 30.6451 -55.5135
79.0526 12.7684 -46.2283
-0.748851 -6.04131 -4.63926
-10.9292 2.19335 -7.72712
1.33663 -2.25399 -8.70641
1.13014 3.79162 -4.97221
-40.3417 10.3863 -29.759
-0.176855 -3.16272 -5.5748
-0.730142 -1.46831 8.34104
0.78065 8.27172 -0.117458
2.54099 7.36441 0.856004
-13.0385 74.4552 46.4184
-12.176 11.3474 -4.33148
0.711632 -4.10092 -5.79295
-0.448267 4.3341 9.44272
-1.66996 2.19729 -3.0704
-0.19432 -4.45898 -5.01286
-9.52948 -27.7808 -29.2931
0.365603 -1.9716 -11.1162
-20.8526 7.57084 21.5483
18.1577 -0.181728 -3.34263
17.5485 -0.0309213 -2.11616
-1.04486 2.3454 8.83093
0.166573 1.36392 -1.97579
1.00291 10.5183 -0.847802
-1.03624 -0.447042 8.81623
-9.73602 7.70216 0.0296239
1.33047 -3.67641 -10.4195
-73.0604 11.5154 -48.2276
-9.14121 2.60156 -2.43751
-67.6612 43.8783 -55.814
-0.665804 3.26913 -0.866703
-31.9283 13.9456 -13.2461
-49.674 26.2737 -10.4362
0.161335 -3.4033 -10.3046
1.06241 -4.88057 -8.35271
0.148287 -3.05409 -8.75002
-1.53335 -0.537409 0.670417
-13.6747 13.2699 0.763751
0.467326 4.35766 3.93051
87.1237 15.9096 -64.2401
-10.6315 38.2842 -3.47426
-1.06921 1.97181 5.51095
0.200768 -1.34709 -9.41224
-6.76338 10.7313 -1.56094
-0.418994 0.941642 5.78851
0.714757 6.44674 0.163007
-73.663 14.9178 -52.5212
0.764868 0.0646206 -7.69821
1.50983 0.45179 -4.919
-22.2986 32.4473 21.1001
0.101037 -6.12151 -3.15187
-0.765984 5.58186 6.83418
-46.6472 25.1957 -36.8266
0.714592 2.27871 -4.39084
1.51522 1.12708 -4.96255
0.152406 -5.57052 -3.06829
1.0397 -4.29896 -10.1082
-18.4697 8.92148 -8.71356
-0.150382 4.61488 5.37006
-3.43523 70.6338 14.8601
10.8657 20.9653 57.2915
-19.0971 -2.09425 2.37964
-1.34605 -6.53011 5.26832
-0.132963 5.57554 -4.13332
1.34445 1.4889 -4.18365
-2.87139 -4.64413 -1.62136
-37.6685 9.56174 4.67014
2.2486 8.63134 3.05853
-0.459574 -4.33448 -3.22724
-0.72155 -7.88253 -6.17048
-0.167737 3.16913 2.15983
-0.49139 -1.11509 7.41926
1.04768 7.86308 -1.09596
-7.08017 17.7774 20.0271
-22.3552 65.7774 40.9258
-0.155105 -0.744801 1.34184
2.5941 6.62591 0.0623687
0.737977 7.64133 -0.831825
-0.868796 -0.867532 7.57832
-0.351164 -1.38445 -0.10715
-70.0415 15.0377 -17.0517
0.0882517 -3.69409 0.784046
-10.0729 7.08998 -4.11726
81.799 24.3791 -31.6496
0.115273 5.81996 7.3414
-0.0536073 4.24524 -5.02084
1.31916 2.53731 -3.24043
-4.35857 -8.60149 11.452
1.03916 -0.364228 -4.51603
-12.7452 26.3951 54.0131
0.17669 5.3765 8.17134
1.57946 11.7385 -0.139261
-1.06368 6.92038 7.07165
-6.43672 -2.29709 -0.174247
-0.459165 5.33754 7.79579
0.198551 0.749799 2.8395
-6.78008 20.324 27.9845
0.768415 5.93389 7.82328
-20.2263 10.5321 -6.24856
-9.85973 35.581 41.8071
-1.28309 -3.49646 3.47926
-10.3649 2.33198 28.268
0.409121 -4.32632 -3.46353
-0.446983 -3.74681 5.16691
-37.6297 30.9537 -3.40926
0.720821 3.70854 3.75663
1.51101 6.69472 2.03414
-5.15923 14.285 28.8572
-1.5695 -0.678412 9.3004
26.5694 22.3761 -95.1949
1.05449 0.778381 -3.20173
-9.13806 16.1753 21.9023
1.06138 10.5386 1.36296
-24.7554 21.3225 15.8886
-0.123592 3.37939 0.0561089
-0.457982 7.71932 4.57743
-7.02929 -4.13465 -3.26039
1.67717 12.3532 5.54562
0.747107 -3.98819 -8.8534
-4.57787 -37.3954 27.0642
-0.740209 -9.73261 6.11249
-1.07592 2.99219 10.1924
-9.05936 22.4909 21.8362
1.03468 4.2634 1.72047
-99.8056 -17.4258 21.6581
-1.66242 -2.73837 2.462
-13.9273 40.9912 24.2544
-18.7238 30.4582 16.2079
0.743808 -1.07804 -9.72337
1.73741 9.14491 3.83839
-1.6428 -3.12461 11.3882
0.758656 8.78475 1.26137
-20.8452 27.3896 12.2971
-21.7575 -19.9106 1.7319
-0.479754 4.00502 6.65721
1.96291 6.70509 -3.5839
-18.4204 25.3758 19.2058
-49.347 5.41949 -27.4824
1.01543 -3.68826 -6.77709
-16.6592 0.433271 -12.9589
-16.9427 31.2589 16.0906
-0.719081 4.6061 6.64125
1.01113 6.10621 4.01078
2.56148 -7.24782 -13.8699
-9.14606 45.7907 35.4566
0.458785 6.21048 1.73133
-3.48601 1.9499 7.83809
0.741267 -3.70099 -10.6446
-0.462708 5.63136 4.44327
2.53713 -2.10546 -9.01458
1.01343 6.4073 -1.73137
-0.463835 0.53055 -6.44723
0.108178 -4.44528 -1.92916
-16.0352 75.7152 19.7665
1.67778 2.22138 -6.20719
-82.3742 8.55279 5.24966
-14.8377 40.8133 -3.53609
-0.162881 -0.973592 -3.77105
0.159479 5.64001 9.05788
-9.76479 12.0616 42.8221
0.763599 -6.01419 -8.22369
-18.1317 43.6287 23.1305
0.422184 -1.37702 0.783067
-0.457489 2.84292 -17.8774
-4.73369 9.22964 -0.70408
-18.759 7.90278 1.47564
0.447679 2.32106 -1.91163
-6.1621 -2.46778 -2.60971
0.700564 2.05614 -5.5491
76.6267 1.35843 -44.3521
0.721102 -2.8573 -4.0379
-22.2589 9.39293 12.4188
-10.0547 9.87761 11.2732
0.435986 5.52322 7.9561
51.7998 18.5596 4.22234
-9.40546 -5.42442 -1.65491
1.31268 -1.0752 -7.70133
0.436139 3.69414 -0.71121
0.131777 5.78138 9.34709
-6.80036 3.54859 -1.49643
1.32129 6.15422 1.60616
-13.3525 14.1503 1.68899
1.02774 9.06687 1.95416
0.729981 2.32236 1.90806
-41.5398 -12.221 4.93025
0.672044 -4.03731 -3.75766
-1.36078 -10.5795 3.06267
1.01745 4.67605 2.8585
-7.64335 30.0847 27.3309
1.0542 16.3994 31.3517
-1.33941 -0.774216 8.13036
0.429402 1.69342 -4.89294
0.454791 0.250152 1.66968
-0.75802 5.81138 4.43639
-13.3382 18.0283 -4.07154
1.94405 6.81086 -2.53951
1.11156 8.61108 -2.46488
-0.457236 -1.69292 5.82998
4.94269 7.35877 -0.498195
1.30846 -0.178185 -5.5271
1.96291 7.73105 -1.91133
-22.3772 28.7795 11.4043
-0.455488 -6.53164 -0.00724374
1.37557 5.95196 0.671382
-5.54942 -0.663767 -3.5612
-0.154766 2.91308 10.2779
1.93695 -5.91365 -13.4708
0.43031 0.249329 1.33698
0.472571 4.22063 1.45246
7.67909 -4.21103 -11.5508
1.02754 4.38619 2.80839
0.745922 0.669786 2.71148
-0.0789857 -4.10302 -3.18944
-19.3454 4.74205 12.3359
-9.1527 17.6916 24.0988
-3.17435 8.02119 44.7577
-0.156841 3.84016 1.67953
-20.1831 48.6595 18.3014
-3.75525 79.1966 15.35
1.05038 -2.44736 -5.80262
-0.450547 4.4699 4.93943
-10.6458 13.3401 46.7311
0.10293 -3.15321 0.751916
8.87167 33.5699 67.4758
1.94336 8.37761 -1.09162
-0.736894 -4.30291 2.68137
-1.32444 -5.55191 3.45844
-8.54806 2.72366 -6.57371
-23.6082 32.2384 19.5027
0.463588 0.790782 -3.46474
-64.6618 20.2559 -29.9537
-1.35562 0.781615 3.05734
0.812755 4.06108 -2.24646
1.54165 2.90487 -2.86976
0.121608 -3.80648 -5.17195
1.9563 8.16184 -1.60233
-7.79963 18.8158 22.5661
0.79806 8.91236 -0.144255
-0.762102 -1.98543 8.25398
-16.3429 3.57635 -14.3924
-7.04649 13.0413 -1.31276
-0.469963 -1.94886 1.38312
-28.3363 3.2641 -6.21567
-0.477265 3.64981 4.8474
-1.34217 5.0132 15.5877
-25.0562 28.2723 -14.1959
-0.153021 0.86984 2.87081
2.15049 3.00023 -6.98761
-16.063 1.2073 -6.74264
-0.458556 2.88943 4.11775
-5.86595 8.12791 -2.24788
-10.058 16.0477 29.2107
0.439923 1.67088 3.70391
0.741572 7.43316 2.78131
-15.1666 69.5463 75.0227
-0.172025 2.20276 8.75741
-1.0499 -1.67942 1.27411
0.487673 2.59664 -6.07659
-18.7737 -5.36008 7.59802
0.418234 6.37659 6.5024
0.423831 2.63173 3.8265
-6.15136 9.13668 -18.4219
0.741293 8.2092 -1.35059
-0.757253 -1.3837 7.08864
-11.8581 78.4833 59.075
1.0189 5.57164 3.45685
-6.18148 134.31 95.6921
0.162601 6.63878 8.44944
-2.20936 -1.78524 13.5921
0.979952 7.64974 6.202
-0.763166 1.63397 4.93683
-14.5333 19.6764 20.5452
0.529825 -2.27593 -4.15087
1.9337 4.322 -3.9724
0.170147 2.96795 0.712957
4.90498 21.2707 2.98149
-1.08189 -5.26659 -2.01611
-1.13323 -8.0393 2.97628
0.413001 -5.83691 -5.57771
-16.879 14.9785 28.3512
9.14096 3.18633 -11.1653
-7.09616 1.3801 1.25655
-52.8138 15.7402 -13.2152
-12.791 10.9842 -9.37392
0.75681 9.61979 2.4338
-76.5559 25.8225 -25.4821
-0.390365 -2.06694 -6.66228
-69.2074 50.3063 -19.5576
0.443155 5.79775 2.80487
-0.128449 0.189898 6.69846
-3.46472 6.76187 -0.0806205
1.63187 8.29363 3.16092
-8.65136 6.88879 -2.51086
15.0075 -3.46767 26.5883
17.3476 21.8581 56.5208
-0.476104 -2.55881 2.92353
0.150449 3.35227 3.17781
0.397786 -3.14477 -2.60268
1.92525 3.55164 -5.43871
0.453495 3.14195 5.0056
15.1797 14.2895 52.1269
-0.770341 -0.178709 -0.699122
-21.2069 29.1412 1.50607
1.01757 5.27406 3.4055
22.2913 3.64477 29.8136
-46.0686 5.3694 22.7358
-1.66157 7.12081 4.09398
0.415082 -4.97843 -2.22583
1.95314 1.69422 -5.87768
-60.7585 7.3668 18.0653
-0.7566 1.29925 3.67208
-17.8384 25.0135 11.8991
1.03181 5.87779 3.98861
4.34503 7.92154 -0.9683
-1.62444 -3.79172 -0.62887
-18.7567 19.8372 9.19088
-11.8474 10.8718 1.23694
1.13553 8.03073 8.49457
-5.8508 1.44175 -0.40187
4.95545 8.72312 46.5353
-1.35376 -0.75777 14.3471
2.1724 4.8922 -5.34863
0.723146 -1.64983 -2.8418
3.1194 5.64286 1.74201
0.417358 1.67967 -4.59487
-16.0983 58.5376 6.10938
0.143076 1.13433 -7.14981
-16.023 51.1315 38.4482
0.109447 0.10293 -1.05958
-7.33044 5.38598 -4.17012
0.725416 4.31381 4.46107
-6.77079 -2.4942 -3.35168
-0.457347 2.87065 6.45897
-7.97403 40.3389 28.9268
0.730157 5.54702 5.45758
-7.95069 26.7238 24.3734
21.2077 -2.16616 -12.2752
-0.152092 -3.68039 2.49654
-10.5981 19.853 47.1563
-16.9507 33.8707 9.45229
-1.34179 -5.69005 3.26807
-20.9181 6.51238 -2.82792
-8.87112 18.2125 52.8592
2.20552 14.9469 52.1448
25.4526 -4.07598 -13.9189
-41.5158 5.22314 8.30171
0.777453 -3.34294 -11.4164
-13.0642 107.633 83.9616
-0.472139 6.7379 5.1814
0.426189 -3.95777 -7.85014
-6.43238 9.49075 5.42366
0.171013 3.41683 -4.45992
0.426542 11.7837 -0.575141
-7.61986 9.45628 5.60918
1.00525 -1.00962 -3.11412
-11.8523 0.208746 -10.8501
-11.2383 14.1063 0.470076
0.725902 -0.152093 -0.721445
-1.11549 -0.367808 -0.0565763
0.720301 -0.138224 -0.441989
0.180538 2.84136 7.23213
1.6604 9.401 -1.13549
-36.72 56.6912 0.0389975
-46.6367 14.9181 18.1408
-0.721476 0.0889215 5.46063
-17.9761 24.5058 13.7945
-0.760056 0.757648 5.5131
-0.818562 -6.78256 -15.6511
0.10183 -6.73878 -4.00574
1.03498 22.2258 47.9292
0.149098 5.56574 1.06376
-8.85849 87.7656 49.4925
-0.18408 4.00349 -1.70116
1.3413 2.80123 -6.53497
1.35131 -2.60348 -7.45319
0.374538 3.43639 4.82954
-8.24737 80.4702 -0.235849
1.93588 10.0414 -3.34498
-22.3573 34.4337 22.3806
-6.15066 -0.523227 -3.48013
-0.138095 3.40888 8.04252
38.7627 -14.0225 -5.10891
-0.172163 -1.68069 0.992616
-0.16368 -1.83158 -0.256333
0.12136 -5.84029 -1.03369
1.63478 0.634465 -7.1298
0.422284 5.26025 -0.168272
0.435272 6.79341 2.27392
-33.4213 11.8993 -6.1418
-20.1498 26.4279 7.28535
0.155417 3.25445 -6.53633
1.37149 -1.60416 -7.81891
-9.41985 17.7441 22.4567
0.728411 8.78186 1.12452
-6.13892 -5.95037 -2.54261
-0.761399 3.42097 9.39567
-0.739181 1.01148 6.86062
-1.02871 3.5736 9.10705
-1.35762 -7.1971 7.50882
-51.5092 9.63491 3.55285
0.735714 3.96148 0.119135
-1.08418 -4.61541 -0.815475
14.7718 -12.431 1.46428
0.449804 2.95571 -3.2237
-3.75167 -2.16538 0.104553
-0.166502 6.17394 7.73518
0.425673 4.14719 5.83164
-14.351 16.9507 23.5059
-22.3305 18.201 14.3643
6.16647 8.00749 4.54476
1.33319 0.64311 -5.66552
-6.74566 25.0552 24.3961
0.727201 -1.67498 -2.55334
2.23508 4.98068 -5.6871
-3.77472 5.06754 -1.50794
22.0492 17.3314 14.3784
-55.0571 4.73477 6.07912
-1.63999 8.50997 0.642879
1.6413 -0.0603909 -8.55354
0.13389 -9.55963 -14.7964
0.77111 6.47901 1.5775
-59.5441 30.5593 -27.506
-1.04019 3.58116 3.06122
-19.3909 54.0633 35.5331
-0.493783 -0.676921 8.16028
-35.9017 24.9558 -22.4312
-6.15177 7.81901 2.59003
0.148335 5.55164 6.13787
1.5843 1.64084 -6.75786
0.113282 -4.96177 -1.32438
0.71161 2.80778 -6.15804
2.75521 25.5225 56.7561
1.85325 7.09928 -0.452366
1.3484 -0.631915 -6.97703
-1.93586 -9.73382 10.5027
-7.3949 9.51835 -4.32902
-0.168784 -1.13204 5.18491
1.33002 7.99313 -3.11528
-1.20217 -6.8677 -4.43688
-7.6532 35.5234 26.0515
2.15532 13.486 3.62676
-9.75832 88.0073 16.2575
2.16696 10.5391 0.682044
0.457111 11.5033 -0.1104
0.480864 -0.703244 -10.0839
-8.9642 20.6853 23.3627
1.35827 6.13272 0.179063
-0.465064 -6.84298 -0.894336
-19.0603 9.79218 -6.04793
1.38314 8.18366 -2.87538
-0.185452 -1.2726 5.57815
1.37005 5.80664 0.495911
1.03431 -4.34234 -8.83348
0.679643 -6.13752 -7.26923
-3.42583 -3.68801 5.00713
-3.75795 92.992 59.6677
1.3803 1.51256 -0.0756202
0.979233 6.03154 6.93474
-9.16607 20.511 16.2561
-1.06249 3.20884 6.99147
-0.745452 1.38792 5.76142
-1.02236 -5.22437 -4.71825
6.45078 -7.15886 -12.105
-24.542 35.6558 19.4179
-0.452161 2.74985 3.44641
-8.26472 5.55984 0.889681
1.89479 9.44097 -0.113673
-11.5485 60.4808 -4.32385
-1.35187 1.31795 10.3962
17.8455 20.641 12.618
0.72788 -3.1812 -4.2681
2.27104 3.57247 -3.86959
0.155745 9.85242 1.11363
0.728773 -0.798336 -2.51319
-4.55758 -8.36583 9.39245
2.25617 5.78059 -5.67638
0.156282 -0.447853 -6.74339
1.63615 6.12826 -1.37729
0.444303 1.41579 -5.15401
-0.452869 -0.627534 -6.05471
-24.5472 -2.43602 5.71587
1.64055 8.77464 -0.162085
0.0676418 2.26531 8.28707
0.741385 1.81852 -8.79723
0.131143 1.94907 -8.55251
-8.3447 8.94332 5.81336
-15.6923 71.8416 18.8278
1.94152 6.08833 -5.37467
-8.5498 -1.84109 -1.52066
17.8119 29.3852 60.708
-0.772624 2.20237 9.10986
0.774664 5.84073 2.35362
-0.131496 3.09032 9.26986
-10.8561 12.6321 -4.5633
-0.753381 -2.01146 5.36222
1.63465 -2.49111 -9.43063
2.55884 -9.72658 -13.3817
5.55548 22.0484 58.3553
0.130262 2.82712 5.92701
1.61594 9.37462 -2.58641
0.713964 -2.50327 -2.22092
-0.114257 1.65658 -2.82381
1.32683 5.1206 -5.21067
0.689381 4.94015 -2.24659
0.0641781 -2.28745 2.80917
-10.3243 14.8899 26.0627
-12.1657 2.25727 3.93353
1.65709 3.79557 -2.79819
0.119199 -2.79605 -5.21852
-0.145569 5.87169 -3.25953
1.3076 1.12613 -4.96525
0.439131 -1.68171 -4.59695
1.8644 4.84054 -3.39338
-1.35837 7.06637 2.24157
0.9994 -0.471304 -2.60051
-40.9412 17.026 -18.1783
1.35425 9.137 1.05987
-5.23061 14.2999 7.06788
1.65067 10.4251 -0.083942
1.62345 -1.01239 -9.15977
0.401094 -3.09907 -1.3592
-0.429615 2.1995 -1.8988
1.00565 4.71479 -6.12885
-0.725529 -5.39491 1.45593
-4.3387 -18.2278 -10.6742
0.444997 -4.70873 -1.93711
1.92841 2.08087 -6.28021
-12.1514 38.8363 27.9597
-24.4852 29.6463 -9.62538
-20.5427 26.1529 18.1785
-1.62882 -8.13614 7.95769
0.406967 1.39143 -4.28913
-26.1894 31.0017 8.4805
-0.480439 -0.614476 8.46587
-5.55112 35.7145 12.0654
-26.5532 -1.44586 1.76946
1.37548 9.22715 -0.0589288
-9.12534 41.6229 36.3201
-14.5352 53.8036 11.0429
1.35931 -4.00008 -5.27178
-3.14481 -9.07848 22.3562
-13.6627 14.7456 23.8427
-13.9503 77.0903 58.6537
2.25062 11.2637 -0.539816
17.8398 -2.44031 -3.02817
0.706138 0.783842 -7.31788
19.9456 -12.4554 23.9425
1.92356 -2.42702 -8.47472
-1.36521 -3.12109 -0.759161
0.417643 2.51344 0.222246
0.160234 -2.86148 -3.6303
1.59869 3.69301 -4.37879
-13.049 29.1095 1.77741
-0.130201 -2.27132 3.59128
-0.755988 -5.85102 4.79132
-0.448585 -5.75467 -4.14286
-4.66456 11.0882 -5.01661
-1.37977 -7.02071 4.9733
-19.949 28.5697 12.133
-53.2743 24.4186 0.334909
-8.46523 7.09073 -0.413226
1.6242 7.92093 1.00606
2.54121 10.3531 -0.0938603
-10.8339 84.5191 18.4857
-17.2911 68.0845 80.2575
-16.0725 46.0924 21.4849
-0.993557 -3.41259 2.9496
62.2624 76.9752 5.5149
-1.9519 2.03152 1.10897
-12.1431 16.7801 1.48761
-0.733977 -4.49442 -2.40433
1.03728 4.94569 -3.48867
-8.55351 31.5351 -5.2965
-12.155 35.8274 49.6483
-32.8481 34.4864 14.001
-14.839 34.4705 19.958
1.31959 -1.96039 -7.70861
0.731905 -7.1051 -9.54736
-20.5495 12.7523 23.316
0.130823 5.63116 -2.85401
-0.148088 1.62979 -1.63899
1.34316 5.28136 -6.44152
0.685591 5.22717 6.47137
-20.259 38.8934 25.9569
-21.5227 40.4535 25.6494
7.02906 -6.10818 -2.24632
-0.478159 8.01728 5.6867
-0.487559 4.87314 2.34399
2.85024 1.12111 -9.33424
0.434369 1.65736 -4.00362
-4.95095 4.10764 -2.06864
-9.45932 82.453 55.6898
1.03226 6.48955 1.02315
-11.5628 49.1223 19.7027
-0.691771 1.12368 4.36772
-37.6358 0.0643931 8.01709
-0.130417 6.74879 2.81538
-18.4414 24.5029 16.263
-1.3612 0.871408 8.1628
0.771374 -8.33752 -16.3395
-24.0395 27.4377 19.5364
-0.146985 -5.26044 -3.43321
0.712264 -0.786218 -1.97628
-4.06453 -2.40576 -6.48927
-8.54759 1.74957 -5.50643
-2.24808 -1.65968 0.593404
1.33677 8.34903 -1.33744
-16.3159 32.6637 -3.14097
0.755686 -8.54009 -11.315
-7.09877 14.704 1.93118
-4.36265 10.859 -4.27597
-0.447746 -4.96111 -4.92458
0.442693 -8.66297 -14.7035
-9.4664 3.97982 6.08168
-0.77358 -4.05842 2.80893
-8.66694 18.662 22.6114
-1.63925 -1.97044 8.2399
-8.52287 6.97029 -0.239277
1.61561 7.97195 0.738379
-12.752 -4.84446 5.48278
1.6674 -2.04179 -9.63264
1.88763 2.58939 -3.90932
-1.5703 -10.7081 3.55835
0.431069 -4.05536 -4.05327
-22.0209 30.5932 20.2709
-12.141 -8.3714 -2.05407
0.716051 -4.30438 -4.63566
-21.7667 30.76 19.5428
-2.59759 -8.30137 17.4936
8.52541 22.1334 60.6581
-4.67052 -1.98215 -1.08221
-1.3464 -7.66473 -8.68637
-10.621 8.68121 -6.54185
0.438277 5.86986 1.71285
-13.9818 56.3953 -1.02462
0.422851 4.32215 -0.75123
-32.1632 4.43656 4.76327
1.05754 3.45828 6.84978
11.8635 7.38549 8.39406
0.510193 7.05023 -1.75942
-1.03982 -0.236418 6.698
1.70877 6.15217 -2.82234
0.181335 -0.44768 -5.23897
-8.54664 8.86309 3.54428
0.150691 -4.99365 -8.33116
1.63396 3.11562 -3.11857
1.64262 3.50637 -2.917
-1.067 -6.20829 5.67903
-14.5285 16.0182 23.7059
-0.739257 -1.93429 -7.94396
1.03535 9.41379 4.99979
-1.68239 -5.35845 -1.2174
-23.2636 12.8146 -2.07636
0.602565 3.44183 -2.30803
-30.7786 5.3916 12.8129
1.34485 8.28054 -2.48647
-1.95934 3.69646 1.46594
1.32648 6.78218 3.15776
-6.58436 -9.23681 -0.224467
-1.0486 0.203612 7.01568
1.66738 10.3068 -2.26994
0.155477 3.65769 6.19875
1.35685 0.504233 -5.49349
62.4921 64.4107 28.3501
0.423467 0.109625 -5.54907
-22.6301 -2.9672 5.20406
-10.8805 -3.79582 -9.04067
-0.163068 3.2965 -0.217013
-1.67941 1.50026 2.30979
1.33726 7.99103 0.762246
-8.84875 18.6624 22.6109
-0.0661726 -7.56742 -5.17845
-1.69056 -1.09056 3.14842
-8.87281 26.5168 24.7081
-0.768099 -6.46036 -0.74445
-0.795587 1.61938 10.3156
-13.0305 31.846 56.1959
-21.4816 30.7891 19.4095
0.115867 -3.09048 1.27433
-15.1631 72.3617 34.0747
0.130814 0.694297 5.22561
-7.36494 17.2253 21.4833
-0.684035 -1.69256 5.82959
0.735276 8.53171 -2.4819
-3.39947 27.7874 10.6765
-9.1525 16.0858 26.7494
-0.169544 -4.01822 -7.30672
-14.5952 96.3851 87.5066
-0.466793 -1.40059 1.34026
-1.05537 -5.34224 3.9235
0.362475 1.52122 6.25788
1.96817 8.20563 -2.2778
0.754453 7.96022 -0.127918
-0.772217 -1.12219 8.17258
-2.42157 -7.84397 15.9082
-47.5571 20.8833 -12.7981
-0.178908 1.95778 9.77619
-0.168197 1.87764 3.48398
0.271983 6.09352 -0.817723
-30.4589 26.5597 -20.8031
1.06402 -5.07931 -9.52188
1.01284 4.04488 1.63136
0.43252 1.01482 2.60914
-15.1574 26.3387 24.2404
13.0752 13.5868 53.6098
-18.7958 20.1694 17.0489
12.7454 18.1871 54.3295
1.62435 -2.07204 -10.3581
0.717834 8.47104 2.53495
-3.79336 -1.38665 -5.33948
1.52717 4.9007 -0.464371
0.138112 -1.62342 -7.74029
0.45735 -1.7459 -4.04049
1.91709 5.01137 -4.10025
12.9731 -20.5071 -79.139
1.0013 7.70419 1.38573
0.756864 1.95308 -6.43862
0.736172 -4.65849 -6.24283
1.32994 3.14705 -1.28114
1.00684 -2.90508 -6.38138
0.169791 -1.64228 -6.97955
1.6013 4.93817 -0.984296
-0.773737 2.81194 9.72639
1.0519 7.88655 -1.70655
1.54323 6.66323 -3.99928
0.145779 0.192476 4.25681
-0.501324 -0.138193 3.04921
-22.1409 12.9259 13.6347
0.426893 13.2859 11.0251
5.8536 32.5517 63.4499
-2.24951 -1.11021 -5.44996
-9.16042 2.89759 0.832739
0.728336 -2.85237 -4.61871
-0.46361 2.55692 9.33572
1.01431 5.32154 3.73426
1.3588 12.0394 0.413697
-3.45645 -3.41705 -1.13226
-1.34123 -4.90951 4.54437
1.8712 6.11313 -1.04336
0.462434 -0.42476 -6.98766
-0.138882 -7.77883 1.89028
-0.135767 0.743492 7.75329
1.03857 5.00107 3.69543
-0.754663 -5.73442 5.07354
-9.84147 87.4875 46.0518
-10.8747 9.07908 -3.62607
-0.735539 -5.61239 4.40073
1.24601 0.765939 -2.90361
-25.9525 26.1509 -11.3848
1.03123 -1.55862 -5.01752
6.73278 3.22765 -4.16648
0.984491 -2.77372 -5.30913
0.0103787 -1.65843 -5.95445
1.65623 5.01079 -2.17665
-0.474124 3.81678 10.231
-0.473836 7.26707 5.83233
-1.06441 -6.78335 1.80025
-26.1792 26.1512 -11.3852
1.0642 0.766342 -2.90408
-0.413321 4.09651 -0.978915
-15.9326 21.2791 15.4552
1.03281 2.86908 -7.02318
1.40581 8.01729 1.66485
-10.3799 37.1065 36.1806
6.12227 -0.553699 -3.7357
-6.77206 7.7934 -2.38953
-9.15138 28.8727 24.7187
10.6452 3.92715 18.295
-0.773824 -4.09414 -6.09111
-14.5815 2.25542 -0.723909
15.7369 -35.6408 13.3459
1.04051 9.19274 -2.00282
-0.463475 -2.12231 6.41952
-16.0993 72.4963 48.5569
1.34604 4.85737 1.55801
0.180853 -1.09181 2.83532
-5.28987 6.71711 -3.43343
-1.02921 6.36183 7.2368
0.452789 -6.1414 -8.02014
-0.786254 0.496955 5.57725
-1.35756 0.0639755 -11.6626
0.161606 6.36629 8.1461
-18.7786 32.665 16.9601
1.90121 8.77504 -0.70806
1.97883 9.69156 -1.97678
0.434189 3.15061 6.41923
-7.0396 -1.30545 -1.20394
19.6474 16.3822 59.3599
3.09916 15.9903 51.1698
1.62924 -2.2898 -10.6633
1.30163 -0.114978 1.3639
-2.21887 -7.91905 6.10902
1.33963 -0.0295582 1.50845
-0.571567 -2.01186 5.36269
-10.6293 12.6318 -4.56291
-0.435679 -2.20525 1.13069
-15.1209 50.491 6.55127
-21.1418 10.2137 37.1687
-15.1415 14.2232 46.9912
1.34387 0.664962 -5.95991
-15.4345 27.2455 51.8597
-0.38816 2.84812 -2.77977
1.03305 4.05853 -5.29967
0.405274 -3.72753 -2.23821
-1.06908 -5.1973 4.95378
-1.64464 -5.8451 5.21518
-0.530914 -5.04924 4.13639
0.108592 -5.85175 -7.80583
17.2283 17.7934 16.2936
-13.2186 18.1851 18.6079
0.444433 0.294538 -2.96921
1.06178 4.62379 -2.16614
-5.25952 11.4471 44.3347
1.03253 -5.18506 -9.24583
-5.72193 8.88457 25.0815
-2.26679 -6.1027 13.3563
-2.58638 -0.0972814 -4.58497
-16.3551 17.9534 20.6364
7.00212 -4.38922 -0.439379
-7.10093 3.34626 1.6172
0.480692 -1.76151 -6.27031
-13.9575 65.8829 8.27826
1.9245 2.17817 -6.79218
0.434261 -4.36849 -1.44709
1.03074 3.42165 -6.0974
1.3099 -0.373766 1.23789
-0.163742 1.88575 8.30103
17.8388 42.846 -12.5322
1.32613 11.7617 -0.809969
0.748353 -4.91983 -7.1874
-60.7393 6.9232 17.7294
-10.666 37.8427 37.6205
-0.7524 -7.78357 -0.803597
-0.740443 0.307002 10.3468
-12.7569 80.9908 61.437
1.56501 0.445899 1.32697
-0.136534 -0.540692 1.62685
17.5467 19.6263 55.2392
-0.738528 -1.29221 -0.545664
1.07086 0.626787 0.595453
-0.733575 -0.845098 6.5201
0.790099 7.68978 -2.00347
-10.9392 25.6978 16.8189
-0.121036 -0.90899 -3.54957
-175.658 69.7562 -86.4924
-15.756 72.2994 74.6833
-16.3253 29.8328 12.4243
-3.16094 6.93462 42.3642
1.01952 3.50156 1.37098
0.793666 -1.39385 -3.97541
2.25743 5.12166 -4.0579
-17.2674 65.9425 49.3186
0.751693 -4.69267 -9.69577
-8.87922 36.8441 26.76
0.103063 3.7923 9.06075
0.72745 3.37928 -7.86729
0.418652 -2.53885 -1.98292
1.92328 3.98263 -6.16183
-0.756519 9.87345 49.386
-22.0327 13.0719 31.6219
1.06227 0.0215237 -4.11242
1.04016 10.0949 0.459986
-16.7341 79.7364 35.849
-24.755 21.913 16.5915
-22.6795 -3.20453 5.04898
0.965656 -3.03981 -5.26937
0.12545 -2.0252 -5.82492
1.63859 4.67579 -2.26959
1.68972 -3.2376 -9.51007
-0.800772 -6.92121 5.00157
-10.8328 1.8791 2.94388
-2.24571 -6.20584 6.24503
-2.83049 11.6605 -0.185281
0.106167 -2.28019 1.07111
-3.46099 -5.79312 6.85355
-1.06861 -2.78716 5.60314
-6.46043 7.72364 2.66647
9.13824 -2.06879 8.85182
-16.0386 59.073 16.0152
-18.1506 17.7031 -11.9019
1.3288 4.75052 1.43819
0.100061 -4.61238 -2.20917
1.68514 1.95611 -5.83749
1.94423 11.3609 39.8542
-10.6844 82.2057 53.7687
13.9316 9.99719 -33.2365
-2.57681 -6.72347 6.66383
0.73109 -4.36918 -5.83804
1.35517 3.41437 -1.74904
1.64609 4.37067 -2.5446
7.35512 12.5277 47.0957
-0.802132 -8.11403 2.20895
1.32869 2.17516 -2.55842
-22.048 24.0221 11.0218
-0.473952 -4.10111 4.61526
-6.15639 14.1548 1.15557
-0.191967 -1.33495 4.09089
-0.453477 -1.295 -6.671
1.16771 10.1417 -3.14239
-0.486365 -3.15414 5.2296
1.35936 -1.126 -7.4386
-0.477344 -2.84657 -0.787483
1.35125 2.26509 0.125174
0.0683926 -1.82388 9.03224
-3.22576 -3.70365 21.3956
-9.1495 44.3152 20.7685
-22.3392 22.8601 13.2149
0.737963 -2.25925 -3.40247
1.05641 -2.94878 -11.6485
-0.955064 1.32663 11.2065
-3.18911 -13.5169 -11.8531
-17.8683 27.1309 18.5303
22.9436 23.8727 6.11082
-0.756398 -3.43908 -1.64569
1.02012 4.05824 1.9413
-7.54979 -3.99395 -1.23943
-15.1688 58.8479 14.4831
0.121102 3.25722 8.42447
0.16459 -3.17339 -1.64351
1.6338 3.40026 -6.45914
-0.159823 -5.54831 -5.01489
-0.748069 -1.33772 8.72579
-14.549 46.8822 7.8187
-19.3424 24.2106 17.0392
-13.036 69.0033 14.3133
-8.34651 36.0002 32.4614
-1.01678 -2.51459 -0.91937
17.8606 -14.6655 74.26
0.254067 -0.437286 1.04442
-8.25189 28.1333 23.3755
-1.66383 -2.91144 1.91245
0.4645 1.83534 -8.28687
13.356 10.8203 53.0985
1.33685 0.822304 -4.13073
-1.02359 -4.63524 -1.95242
-147.499 18.0638 -38.2293
-0.771081 -6.82443 0.895377
-7.96293 13.8979 0.530939
4.1162 6.1573 6.91619
-7.64691 38.9325 30.7721
-4.64648 2.13522 2.08461
0.206934 -2.80867 -4.26106
1.6536 3.84091 -3.81025
-24.473 20.7942 14.4156
13.0307 14.9879 54.5422
-16.921 42.6809 16.3011
1.6701 11.1352 29.2112
-0.441317 1.11647 8.75801
-2.22823 -0.764871 4.70426
-19.024 37.0945 3.8022
-10.8143 5.75058 -8.42009
-3.44096 30.0718 -2.79716
-0.133096 1.0435 -1.92768
-6.70218 0.306572 -2.63055
-13.9773 18.7013 50.8045
-2.52855 8.58761 0.19353
6.44529 18.4906 -1.61458
-18.8094 35.1062 9.5389
0.722897 3.48804 -1.26238
-0.463204 -0.155245 -3.10784
1.03812 1.64435 -2.63486
-7.33667 26.0531 24.9577
0.159834 -7.85595 -1.22887
-0.439524 -0.808149 4.01486
-0.470623 -4.09079 -4.79798
0.727134 7.40732 0.127597
-1.04542 -7.99417 -0.749852
-0.322947 -0.112677 0.467549
1.04817 6.9796 -8.05053
11.8223 9.79086 -8.93594
-1.33384 -4.60911 -0.185061
0.407397 4.07697 0.737319
1.03551 2.26912 -6.68182
-7.90801 26.523 25.6644
0.414501 1.05076 -3.20986
-0.0686099 -5.24898 -1.94283
10.6492 -1.36649 -7.44637
2.53848 -4.2203 -13.0028
0.409329 -2.52087 -9.70899
0.448927 2.5764 -1.98644
-21.1736 11.3803 -6.38362
1.03145 -1.81981 -4.37401
0.427301 -7.00907 -6.07109
-20.8304 12.7606 26.5759
1.31863 6.05951 -6.58556
-0.160191 0.731716 -1.66669
-12.733 38.1616 27.135
0.779983 8.25998 4.04628
-9.3899 6.88588 -3.4413
-9.43787 18.4735 19.4102
4.4582 4.54554 7.97722
-4.3714 3.63324 1.1901
1.08367 9.27876 2.35727
-9.16266 17.5355 21.2037
-16.0449 19.6097 18.4526
12.143 19.475 -39.056
-22.0575 -6.1251 0.446714
-0.462889 -5.40362 -2.68078
2.5705 23.3797 4.5796
0.708995 -2.61922 -8.77577
-14.9294 -4.4686 -6.63633
-5.83512 8.17822 -3.71497
-0.422806 5.03581 5.90128
2.86315 0.960166 -12.9865
-0.444063 1.71911 8.95393
-0.125741 -5.10591 -5.03872
-0.756587 -7.90534 3.14164
0.281966 -18.6552 11.2205
-8.8544 1.3697 -2.79384
-7.94266 1.40681 -7.78368
1.64874 11.1681 0.172514
0.493038 -2.81304 -6.78476
1.9369 3.76947 -1.28082
1.34212 8.77522 3.63533
0.0995607 -2.85033 1.3528
-6.36268 134.31 95.6919
-6.55407 6.64435 -4.94886
-223.667 -22.5602 60.7193
1.50322 11.4125 -0.123544
0.122147 5.04133 8.26863
-9.38612 15.3067 28.5174
-18.2403 11.7019 14.4733
-0.448325 -0.749876 -2.08076
-10.6404 2.91212 -3.34326
2.27153 3.39619 -3.50377
0.726763 -3.17735 -4.63173
-6.7232 4.89208 3.23139
4.02047 4.18976 9.5665
0.176733 -2.50891 -7.31237
-0.437535 -4.15718 -10.5823
0.71862 1.67392 1.33487
-2.49134 7.00976 3.55097
4.9307 -19.3728 -13.5881
-0.20385 -1.02106 -5.27759
0.757479 0.279301 -9.01436
-1.03857 31.3604 66.171
-1.05433 2.8793 7.09247
1.36603 2.56122 -1.63325
0.415277 -3.82089 -8.22247
-22.0156 21.6017 -4.97864
-1.64695 -7.53639 5.72205
0.43501 -0.137043 -5.84386
1.95411 6.53045 -2.1802
0.338814 1.83625 7.89422
1.94323 8.55343 -0.48704
-22.9803 27.2544 -9.47614
0.387958 4.62306 8.41947
-0.732055 1.6218 0.812755
-4.35849 -6.66016 6.96188
-0.448108 1.87241 7.712
-0.164311 4.6341 8.49551
0.731486 3.21441 2.8568
1.34157 -0.314243 1.13305
-0.771931 -5.69611 3.98631
-15.8557 26.0631 52.9463
1.62617 7.39689 1.12513
-1.56038 -1.39993 8.53751
-8.52882 19.3377 22.418
0.109499 -4.00015 0.384394
-7.92752 38.0206 28.2633
-11.8653 50.4175 23.8832
-1.63647 -8.67029 1.66271
0.439607 -6.09754 -2.25458
1.62862 5.9411 -4.92018
-0.923594 7.13424 5.76731
-3.1622 -7.87184 -6.55243
4.63941 4.54527 7.97742
-2.19137 2.32391 -2.437
-0.631793 -4.22425 -5.63132
4.64649 7.16976 10.5672
0.416052 -2.20402 -0.220421
2.53154 2.98615 4.70092
-0.186283 -0.52508 -0.673201
-10.8532 68.1096 6.45679
-13.9424 17.5734 16.7674
0.129455 5.69474 -3.55593
-23.8582 27.4374 19.5366
-16.9484 -1.16682 2.8381
-1.35204 -5.25745 9.8682
-5.27471 15.6158 -1.19394
1.04495 6.23365 -3.41892
-0.424354 0.79726 -4.65587
-1.22428 -2.28657 -1.19845
5.22418 25.5438 6.77191
-39.7744 9.69349 0.171715
0.420145 7.11899 18.9024
0.116978 -1.62927 2.4263
-10.6487 70.7442 7.80353
4.30562 5.30364 1.84032
1.01239 -0.489841 -9.14719
-20.9385 31.1171 12.6068
1.35698 11.6928 1.52912
86.9425 15.9099 -64.2403
0.129059 4.39902 4.00524
17.8138 23.3407 57.743
-12.1358 53.5823 38.5546
-9.48868 24.9644 47.8903
-0.732998 0.260786 2.84696
0.457599 5.53221 1.62428
-0.796656 -3.26383 0.838083
1.36122 -11.5548 -1.45725
1.33635 -3.47076 -10.5621
1.22803 -6.69511 -11.613
-6.04185 -5.65839 -5.24391
-14.8625 19.4364 50.4543
-28.97 9.85957 6.06734
1.35567 6.69884 0.949229
-16.9572 38.0381 -1.05939
8.3442 22.1337 60.6579
-19.6423 23.4516 16.2395
-8.82475 19.3164 22.2715
1.39039 7.38569 1.14098
-16.0375 26.0635 52.9458
1.69062 -2.63293 -10.2495
-0.12255 8.40293 4.85134
0.815723 6.41706 2.20667
-0.941268 0.757917 5.51289
-18.1579 24.5062 13.794
0.379104 -6.55605 -2.08345
-5.24549 14.9448 47.4797
-19.0533 23.6351 16.0313
8.86448 12.3856 43.8703
0.984902 8.89373 -3.56319
-0.470408 -1.9327 5.00639
-9.15649 18.9916 22.3421
-9.08568 7.31187 -0.504257
1.05395 7.72809 1.09972
-0.748508 6.09226 7.82322
0.708867 -1.02712 -1.33765
-8.77889 16.4374 20.7027
1.32844 10.2714 2.51877
-34.3403 24.1064 -14.8454
-13.4015 46.3234 4.06837
-8.78288 8.2097 -2.86914
1.31868 6.78546 3.39757
0.175641 -14.0164 -11.5741
0.106941 -1.59092 2.81361
0.522001 4.98632 5.22321
-9.756 9.95817 -4.59829
0.141058 -5.28148 -2.49504
-34.3402 21.9316 -22.5968
-0.390195 3.64703 -2.41095
1.01999 3.20415 -5.51258
0.204104 -4.36481 -2.53926
1.62927 2.27266 -5.57073
0.0690748 0.817687 6.99773
1.66733 7.33279 -1.3662
-29.8543 -10.4253 11.1614
-1.36888 -5.71102 6.29845
-1.65792 0.265127 1.29042
-10.0603 7.48132 2.90522
0.214043 7.69029 -2.2309
-1.35403 -0.662723 6.29792
1.35107 1.73524 -3.11667
-0.729277 -7.59271 1.55685
1.91708 9.39768 0.166296
1.91185 8.54889 -1.32514
-0.76388 0.634776 -0.286551
36.7359 6.60406 22.6216
-0.148761 4.36767 4.18322
-10.0913 32.0747 -19.5106
0.411495 3.12595 -1.61501
1.62346 -1.28868 -9.21352
-0.757453 -4.08533 6.72265
19.3193 24.3337 6.60638
0.460858 1.63398 -2.32239
-0.126311 -5.01237 -4.76707
4.94645 12.3622 49.552
4.34124 16.51 7.4365
34.3666 24.7758 66.2833
-1.03724 -3.44735 -4.961
1.96122 -35.3533 -27.614
-15.7465 76.7576 7.43615
1.92603 7.305 1.80554
-16.7901 32.3921 -6.68991
-12.4526 73.9806 14.2786
-11.8455 63.7421 -3.7566
1.35548 1.60881 -3.76106
-12.445 25.3043 60.4224
-5.54234 63.5941 -10.6941
-8.03246 2.48532 2.46432
0.749882 5.77423 6.43172
-9.42135 20.7229 16.8784
2.21699 7.91661 -2.50844
-5.83958 17.887 21.3587
-47.8572 34.1103 5.75845
0.230686 -3.72371 -9.78252
-10.6527 84.5189 18.4859
-12.1403 41.5898 -3.06639
-13.0282 58.3377 2.1791
0.739918 1.95894 0.752926
-1.08926 -2.44323 -0.239289
-17.5442 68.7529 6.32725
-0.916751 -5.61212 4.40052
-10.0233 87.4879 46.0514
-2.96327 5.61314 2.42512
-14.6018 38.4977 17.2365
-8.79739 16.0699 39.4773
1.73799 8.24502 6.8131
-1.55603 -2.17866 14.3023
-8.62419 6.60792 -6.021
1.08478 9.44728 -1.91453
-0.459447 -2.45233 6.5442
-17.9944 71.5411 81.5677
-2.85177 -7.48212 8.08459
-15.4492 80.1764 49.9433
1.40779 5.43813 -1.32262
-22.6674 27.3188 17.4638
-7.43663 7.93304 -2.07477
-20.6563 12.861 -10.3208
19.0494 13.9019 -2.40048
-0.169287 7.20646 6.78033
-16.9543 48.4925 66.985
-8.44889 -8.29978 0.624611
-22.0444 23.8172 15.0246
-10.6193 8.0151 -2.69632
0.433274 -0.636513 -6.68086
-1.67139 1.12712 7.98783
-14.8254 2.40459 1.90325
-19.6401 26.5879 8.95763
-0.471265 3.15226 5.64422
-10.6619 77.7581 54.8298
-27.13 10.0425 -5.43369
-0.785735 5.48883 6.24486
-12.7419 77.5605 56.1723
0.514921 0.170084 -7.66178
-11.849 28.4396 68.1208
29.838 19.1055 65.2121
1.94404 0.91271 -9.11954
-17.5558 64.3394 0.751305
-0.106891 1.88063 6.71526
-9.52871 80.9455 56.704
42.1579 28.4934 72.5699
-1.06045 -4.9929 6.50694
-15.1539 36.1156 17.3205
0.182959 0.957642 -8.73424
-12.141 27.3948 69.4163
-11.3147 24.9482 18.8632
-17.8228 36.3489 3.8517
-19.3441 30.5274 15.9008
5.0735 18.0126 54.295
-0.498237 1.37001 -1.22174
1.57986 6.62136 -5.52289
0.193442 0.1431 2.81642
-5.22736 -9.20372 9.47606
10.9764 -25.9362 -17.3827
1.69164 12.772 0.923714
-1.63636 -6.68526 8.48314
-9.73522 2.87154 -8.54435
-1.66047 -6.45182 8.99489
-0.156138 -2.81251 3.24032
-24.5733 -0.43211 7.63551
-22.3441 26.2317 14.4835
-13.6553 37.4198 -0.710454
18.7583 27.7031 63.1295
-26.844 11.7374 34.5409
-1.06428 0.97024 4.9732
-14.8357 33.3675 55.2932
1.91666 8.33821 0.0839157
-11.8578 21.8436 38.4538
-1.62022 -0.949082 7.02753
-10.3623 35.4259 61.1112
0.0602943 -6.48864 -1.20486
1.55904 0.153116 -6.63879
-16.3344 52.5887 11.956
-22.0752 24.8945 11.625
-18.5173 83.3016 44.5034
-22.9258 22.2113 9.99974
-0.446174 5.86156 3.5466
2.54139 1.42921 9.21822
-19.9598 18.0835 20.859
-6.66492 96.6411 28.2381
0.106092 -0.107152 1.89526
-0.762124 -3.64864 4.56372
87.3055 15.9092 -64.2396
0.729979 4.29002 3.93552
-21.7763 32.5324 21.5209
0.752645 4.62323 8.95739
-10.2982 12.6038 3.55812
-0.111509 -1.89737 -2.79958
7.04147 20.5413 50.4132
-2.85405 32.3563 68.3233
-19.6071 27.8604 17.8945
-14.2431 37.1555 24.385
20.8563 20.2209 57.7712
-0.184505 -1.93506 -5.54982
-0.733003 -0.0247244 8.20006
0.739455 7.06353 -0.0922697
2.56207 6.17466 0.635385
-0.736729 -4.58939 2.3484
-1.64115 -7.08608 6.74175
1.31371 4.11663 -5.03551
-0.113531 2.87439 -3.12818
-10.9816 -3.99968 -6.22308
-1.24656 -3.80737 -3.73832
-27.4423 2.18452 -1.86478
1.64671 7.63603 -3.47619
0.115283 0.945781 4.87363
-0.160028 6.36861 3.49318
5.24329 -0.308725 10.2649
2.24869 7.43695 -2.58618
-0.769846 5.64516 7.25248
0.761851 4.89751 4.48627
-3.74765 7.81141 -1.3435
-1.89635 -4.03932 1.55775
-5.23176 1.55509 -8.71825
-4.67226 7.11992 -0.11417
2.77256 6.29861 0.954659
-0.435576 -0.0390492 8.67508
-9.14334 7.90206 0.401395
-8.55723 7.33448 0.29581
0.719356 -5.76017 -9.0275
-17.8543 65.5227 45.934
-12.4643 68.1042 32.5955
0.407041 4.6891 1.39103
-35.3507 34.9937 -28.6865
-38.8632 38.2508 -13.3138
-1.31082 -3.0942 -0.58305
0.443062 2.60214 0.430873
-0.465267 -8.36105 0.750872
-9.43872 84.8975 49.6205
-10.3479 39.79 51.3814
-0.427847 5.26361 1.28301
-14.2244 23.1988 17.0521
-24.4519 7.6067 14.7694
-5.24364 -0.987208 -5.43734
1.34045 8.58531 -0.755518
-20.5636 39.5284 16.134
0.491507 -2.32912 -2.88603
1.94983 4.30936 -5.23016
1.35936 1.506 -4.5023
1.21618 -1.05448 -5.54449
-21.1939 27.4691 18.8935
4.35406 -23.569 -39.4102
-0.162554 3.18274 8.01467
0.757409 0.133678 -2.95209
-13.0374 18.1848 18.6081
1.36331 6.48968 0.347317
-16.0238 26.9861 53.6727
-15.1505 8.39007 -3.78475
-23.5474 60.6582 42.1118
0.172717 -2.92995 -9.63701
1.64253 -0.252752 1.03226
-0.458025 -1.16675 -6.25145
-2.57031 -6.40267 6.93367
-22.3481 24.5895 12.8847
-12.5244 25.0609 18.7505
-20.5516 43.094 -4.61688
-0.468226 4.86582 4.52127
0.719542 -0.730824 -1.05999
7.62491 -3.34476 13.8819
1.31889 -0.104947 -8.14463
0.395984 8.17534 3.18113
0.0715313 8.59512 7.53003
-0.751583 10.3147 50.0374
-6.74768 34.1451 59.6566
0.211402 -0.486232 -8.20439
-8.48538 8.77097 0.430486
-6.75012 9.66066 -0.32443
-23.8336 20.3925 16.5932
-15.1229 17.6087 18.5109
0.0989741 1.93862 6.51422
-18.1505 14.1488 25.626
0.814145 -0.456768 -4.00644
2.24366 6.08234 -4.08296
-12.9859 47.3322 55.5263
0.432362 1.95421 -3.41285
-45.1556 2.28829 -4.35825
31.848 -15.3909 -21.0987
-16.7653 39.8458 -0.11552
-0.142118 -5.50482 -0.75737
1.62434 5.05995 0.168187
-22.3937 23.6303 15.901
1.33769 4.99606 1.39615
-0.178551 1.89486 4.02222
1.63363 -28.2783 -15.0915
-0.489736 5.1906 3.43426
79.2631 9.46248 -56.6061
-28.6063 62.025 40.5582
0.136334 6.8166 5.32362
-22.3327 19.7774 19.3483
-17.2462 9.24747 1.1383
-16.9637 39.9246 -9.72035
1.35711 -0.551185 -9.426
11.5463 14.1618 10.0372
-84.5187 51.4403 95.3383
25.6437 19.536 11.1982
-18.1554 22.4602 16.3227
7.64076 8.34757 48.7634
-12.4323 72.7791 49.8702
26.846 24.9949 63.0405
-0.449325 0.338584 -1.21254
2.27988 8.99618 -0.39779
-8.85754 35.4271 24.1006
-0.321227 8.11318 1.93108
4.93924 -5.68773 -14.1505
-1.36462 -5.23981 -0.766618
0.459278 4.67341 0.116929
1.94965 0.785569 -1.58587
0.445051 -5.85108 -6.49214
-12.7506 4.61497 -5.72456
1.03983 1.89251 -1.02194
0.187423 9.02439 -1.07767
-1.37831 -2.18917 7.23353
2.82351 8.90451 -1.52592
-0.453018 9.74637 4.8439
-8.89494 37.073 27.1778
-45.8194 14.5649 -26.4646
2.56354 8.49098 -0.566666
0.572278 -1.17013 -5.54258
1.92595 5.55598 -2.60097
15.7215 -9.50142 4.55634
-0.153385 0.980276 -1.71775
-17.8734 73.7643 75.69
-20.1009 60.3974 36.9377
-0.162246 0.155399 0.172764
7.94332 29.9569 -0.520631
0.760804 -1.48123 -10.0963
-0.744655 0.805626 3.64463
-10.3802 89.7513 46.2131
-0.157093 6.05389 3.94343
-19.965 44.9202 21.2177
0.415048 -3.43041 -2.29323
1.9383 3.2966 -5.75406
1.01427 -1.88551 -5.46976
0.136789 -0.695026 -6.12894
1.65532 5.90959 -1.90729
-18.7683 58.1502 34.0992
-8.88972 -2.92067 1.07902
-16.8849 38.4462 21.4663
0.135858 -2.9671 -9.38185
-18.2426 76.1412 72.2946
-16.946 -6.87916 5.99218
1.05575 -3.78234 -8.33023
-0.802448 -2.77607 5.21431
-14.2198 29.1103 10.7813
-10.3409 95.8887 53.9246
-1.04853 -2.26534 0.814753
-0.454114 -1.50958 4.16162
-51.1562 47.7622 -30.3911
-5.22078 -4.01128 2.48545
0.72393 3.1647 3.34625
0.747821 8.90463 2.59869
0.743839 9.15702 0.666343
0.0352834 -0.968482 -5.25745
1.66672 5.49645 -2.81797
-24.4473 0.878228 -2.76303
1.9374 5.54354 -3.6929
-4.33705 6.10927 1.05705
-12.7813 33.529 23.142
-1.04215 0.412271 8.48224
-11.8592 0.216036 11.2527
1.00295 -2.32935 -5.49373
0.15453 -1.07149 -6.17006
1.63806 5.49239 -1.95861
-1.66318 -2.62215 2.4856
0.43238 3.15007 -5.83381
-1.11003 3.70637 -2.12215
-5.82792 1.33264 -0.761955
-38.5594 -10.2116 12.1081
-7.6488 19.9103 22.8566
-0.703849 -0.632301 8.03492
0.71721 7.63254 -0.466614
-21.7334 7.09494 2.23608
5.48344 19.8757 -2.74795
-16.1022 54.6986 15.0048
-3.18023 -10.5831 14.1525
2.23041 0.0149111 -10.7267
5.83704 -3.1988 5.23918
-3.76343 -0.685936 -2.1538
-7.97453 -2.13195 2.97829
0.682852 2.3243 -4.67163
0.098611 -5.63172 -2.88809
-12.7791 50.8924 6.99223
0.123491 3.14371 -0.55273
-6.43196 -0.922822 -7.64993
2.66369 21.1184 14.5868
-0.644888 -3.36869 -0.802799
1.0108 2.81572 0.206188
-1.36938 4.70209 5.75204
0.186016 -0.765534 -8.23987
-6.73579 10.0171 -0.346107
-0.181065 3.92489 0.0801604
-0.434453 8.90037 6.96882
-23.6537 3.14748 -14.9979
-21.453 18.0986 -15.8915
0.09103 3.87418 6.57763
-12.4377 -7.39142 2.18957
0.443043 6.12759 5.74147
2.2111 10.1084 -0.757057
-1.23962 -5.34429 -5.99709
-82.3375 46.7645 -19.4071
1.0103 3.17697 0.726671
-0.711647 -3.47227 -0.58077
1.01763 2.82892 0.434882
-0.43091 -3.45985 5.2078
1.24224 8.44925 -3.47474
-0.181169 -1.6174 4.84417
-1.35819 -0.775885 8.47744
-3.47017 3.48534 -0.656793
-3.42301 -4.52131 10.2582
1.62571 9.13761 1.64553
-1.62906 -3.21755 9.10184
-1.76772 0.906902 -3.33088
-0.137988 -5.61273 -4.6019
-0.453375 1.2405 0.476957
-1.64298 -4.91104 -1.56385
1.05008 0.5357 3.57011
0.144288 -2.60322 -5.42933
0.739395 5.27754 -1.89805
0.489266 -1.42814 -3.41258
1.93039 5.22829 -4.65932
1.62973 -0.345454 -6.84414
1.5598 6.83818 1.79836
-1.65553 -0.779436 9.24205
-8.64855 19.933 21.6189
-20.2781 45.5634 -5.48514
-0.493356 -5.41437 -2.72627
-10.0049 10.0956 -4.33716
0.266854 4.9312 4.95833
-23.6519 30.5083 -11.5268
-4.06527 8.36534 -0.788686
6.45838 -3.8635 -12.9088
-1.58776 0.89065 7.59767
-3.13739 7.34389 -0.75294
-0.138703 -4.84024 2.72846
-0.16717 1.3542 8.81587
-1.03004 -3.17535 5.8592
0.375541 -1.96874 -7.64158
1.04334 -2.29355 9.3777
-2.23723 39.4325 -7.10269
-0.52725 6.99444 8.15571
-6.16177 44.2074 -14.8509
-2.87751 13.736 10.2017
0.480628 4.00956 5.38736
-9.46642 -2.06542 -1.11064
0.620926 -4.60383 -1.57069
-14.0287 57.7747 5.48316
18.587 14.2126 55.7563
-1.34097 -9.97571 1.01958
-16.9439 -4.77375 7.43433
0.694177 1.36493 1.06791
0.767905 8.46989 -2.81629
-0.735738 -1.50178 5.52426
0.707525 1.08644 1.0115
0.4706 2.92347 -3.40929
-75.5181 33.0015 -35.9691
-37.6582 11.05 -8.21922
1.93331 1.08702 -6.02258
-0.760163 -3.14675 -0.788494
1.02256 2.53374 0.172859
-0.193116 7.65063 3.67323
0.138804 -0.458281 3.7942
-1.65762 -3.00987 7.13276
-0.441862 -0.697399 9.24279
-1.03563 1.59193 6.60105
0.14758 2.7113 3.83471
-2.82999 -0.722671 -5.12386
-21.7218 4.62341 3.45958
-0.741092 -3.03697 6.75944
21.1812 -5.07138 22.689
0.305909 -2.20261 1.84558
21.4548 -6.02816 14.8439
1.67412 -1.60104 -10.1313
1.29501 7.05363 -2.26205
-0.124784 -0.0215224 6.18668
6.9597 31.2781 6.27646
-0.973442 -1.31648 6.67286
0.426949 8.2974 -1.68424
-0.157814 -2.54079 1.93744
-10.3274 12.1421 -1.34411
33.7687 26.571 -20.7129
1.0156 9.13602 0.140964
0.175736 -8.63508 -6.09384
-24.4714 8.18231 -3.74037
18.1386 4.75337 -16.4057
-0.461835 5.78351 5.10051
-4.32979 9.54488 -0.552345
-0.286254 -3.17359 5.2282
1.34892 10.1414 -3.14218
-3.78205 23.968 4.95898
-16.9606 -9.48142 3.52243
0.418341 -3.98033 -11.0083
-0.154802 2.73188 9.07273
-1.90532 -8.29876 3.86442
0.12892 -6.56941 -4.257
3.77953 -14.7882 3.20552
-1.65346 -1.26966 14.2168
1.64867 3.29881 -3.77196
2.52353 3.24938 -6.30643
-7.07454 8.67792 -1.82658
2.30564 9.17662 -0.297205
4.93272 13.1471 6.26007
-0.443179 -2.90557 -6.97046
-1.9447 3.87255 -1.19678
-22.3259 42.0977 29.3496
-5.23711 6.66357 -1.72269
-7.15247 79.8208 49.5498
-4.66335 6.45204 0.469174
-1.28731 0.788011 8.03385
-6.75145 -8.62287 -0.947259
-0.172823 6.01473 8.04098
-0.362639 4.38484 -0.553643
1.04405 2.42016 -7.54397
-0.171652 -5.20161 0.801583
-2.83692 -1.40469 16.0444
0.444119 5.3517 5.34467
-1.94093 1.70081 9.68691
0.187301 -3.5656 -7.18729
-6.50781 6.7522 -2.5545
-0.147461 51.7175 -5.36844
-30.084 22.2108 -24.8224
-6.44705 -1.17262 -4.58732
-1.37792 8.31623 6.39744
-0.103281 4.08942 3.86292
-17.3005 16.1386 -10.9759
-17.2438 27.626 11.7515
-1.87378 -3.72241 1.09206
-15.472 28.2208 14.9404
-0.133586 2.83865 -2.54999
-10.9441 -4.10396 -6.72518
-2.95558 7.34349 -0.752467
-1.36109 0.89028 7.598
1.45453 -3.5636 -12.4213
-0.770724 0.465615 11.3638
-1.3346 1.9649 7.45143
7.94256 6.03984 -9.26415
-0.151303 3.31692 9.42406
0.443234 2.60485 0.857222
1.65849 -1.21987 -8.75222
-31.3867 31.775 11.8201
0.434539 6.17433 5.49081
-8.80792 9.03373 -0.568766
1.33716 5.83157 1.01861
-9.17503 10.5187 -5.61903
1.63857 -2.15542 5.77434
1.6898 9.67485 -1.94876
0.192074 3.15112 6.41876
4.96335 15.35 -9.51207
0.241651 10.2659 7.73936
-3.45906 -35.3439 51.4281
0.106541 -0.163155 3.78666
-0.447001 -3.62053 4.87847
-62.5388 14.3462 -15.0609
-10.9633 47.5731 -1.15272
-1.35898 -0.524066 15.1985
16.5481 -11.1761 9.36619
-9.44779 29.2376 26.2679
6.15227 1.1006 -26.0276
-8.86817 38.0139 33.3021
-0.155761 1.97728 7.31085
-0.0929279 7.64739 0.105798
-0.425869 -6.45341 0.063722
0.431124 0.242743 2.01281
0.415493 0.411969 1.97859
-8.63997 66.6629 18.7764
-0.250292 -2.30939 6.2269
1.40072 9.18255 -2.27149
-0.189127 9.47063 16.9016
-28.0848 0.844095 -3.55852
-0.141292 1.31742 7.70144
-1.04047 1.80044 9.04195
-7.58536 0.878713 -4.43244
-0.750271 3.49183 10.6203
18.1429 -2.15012 -15.2613
-6.43545 9.63102 4.0425
-0.467562 -5.87234 0.924698
-1.03547 -0.529618 5.66412
0.495063 8.35319 -0.0885759
2.31433 7.36478 0.855675
-1.04074 -1.46607 8.15869
0.132011 1.03089 -0.984622
-0.474779 -1.15224 6.97957
1.04187 7.93199 -1.47544
2.26106 8.95145 -2.16195
28.3612 35.4711 -53.904
9.16384 -2.60067 10.054
-0.17097 1.07093 6.46784
-0.494206 5.23006 6.05761
2.18428 6.99641 -3.39239
-1.04924 5.04744 2.19314
8.85907 -4.12895 8.67439
-0.748534 1.95229 8.2036
10.0377 -1.10585 8.28893
0.739722 4.46855 -1.89676
0.155767 -3.49319 -5.44637
-0.718425 -5.23621 -5.79201
8.23903 11.2278 25.5936
-1.2055 7.21583 5.61108
10.9523 4.21856 18.7007
1.9324 10.9321 -1.22869
-0.723053 2.80495 3.2216
1.9107 9.77681 0.148756
0.208765 10.6459 -0.845176
-1.34206 -3.61541 7.79725
1.75757 8.55525 -0.466651
0.157 1.83666 7.89375
-1.04489 -6.05227 -1.70687
-11.2734 8.65963 2.16656
-9.36413 1.04192 27.5108
-0.428013 -4.54625 4.42472
-1.02973 -0.368159 2.72054
-7.60565 -2.67304 1.55538
1.35839 -3.08499 -10.1162
-0.390271 -0.17822 6.36559
1.00926 7.04486 -2.09622
1.90087 5.87952 -2.54138
-23.2266 36.0477 -12.3292
0.434812 -0.668229 -5.61236
0.719887 -4.93014 -5.5149
-17.2177 15.0903 22.5014
-0.129184 -8.52857 -14.2188
-5.84435 3.38738 1.27616
-0.803323 0.66535 3.46716
-34.074 37.835 -0.972608
-1.1165 -0.750277 -0.5142
0.717991 0.129242 0.455956
1.35594 1.70168 -3.4152
29.5666 48.2055 -103.656
-0.705706 1.76276 -2.00678
-15.4553 54.459 5.30554
-1.35166 9.22418 18.444
-1.34708 1.18923 9.22712
1.95572 -2.55451 -12.8185
-13.6115 -4.48779 -1.30711
-1.24868 -4.14421 -0.141077
0.434592 3.44958 0.812426
0.124518 4.61838 2.45236
-40.0659 24.2324 -28.57
-0.809161 -4.65702 -7.18909
-8.34227 15.7368 20.8881
-1.33213 -4.96506 10.0509
-1.32053 3.29514 -0.40354
0.396566 1.89256 -2.26968
-1.05101 -2.29185 -1.30648
0.109563 -5.55189 -1.38381
1.62036 1.11859 -6.6637
0.75923 12.1979 0.217946
-3.76177 3.49975 -2.96006
-0.140697 10.1695 5.37529
-3.73265 5.86745 -0.625893
-1.36342 -4.59896 7.35531
-1.0266 -0.226958 -0.374173
-11.233 14.5345 1.01822
0.722364 -0.445299 -0.124769
0.737693 1.37176 -4.72698
-1.66407 -7.02889 3.54273
-11.8486 7.54762 -2.80849
0.427734 0.427473 -5.59314
1.36653 -2.92682 -9.38245
0.425979 -3.70726 -1.36894
1.95032 2.86628 -6.77853
0.757712 -3.9141 -9.90334
1.65683 0.656953 -8.81132
-0.173483 4.72825 9.57137
16.0721 14.3991 -9.04181
-0.731359 6.13603 7.79654
0.434124 1.30142 2.91085
-6.16091 -1.78627 -0.195088
-0.735931 7.66279 6.94459
-0.747622 2.62943 9.61374
1.32808 7.97004 -2.8498
-0.131206 -1.0959 5.68209
-0.719389 7.84863 5.86642
-1.32096 -5.56503 1.21965
-1.95513 -3.22307 6.4419
-0.480887 -5.51549 -4.36728
-23.0829 24.4947 11.8296
-7.37799 7.29592 -4.64332
1.5972 -6.06175 -11.8088
0.245738 8.29767 -1.68445
6.77788 31.2785 6.27599
-10.6552 37.4029 16.3646
2.24097 5.09803 -6.36916
0.730527 -1.67093 -1.69271
0.71815 5.49656 -1.35953
1.03186 0.207243 -3.16287
-0.466561 -6.799 1.29757
-0.231164 -0.486517 6.16919
1.36126 7.41404 -2.2836
-28.029 4.61633 -10.832
-7.13984 -20.0998 57.429
1.04903 9.73981 -0.431268
-0.422404 -2.95526 7.86577
-0.787278 -7.05178 3.46301
1.37158 -1.68607 -7.70734
0.134207 1.75914 1.27821
-0.740504 1.07943 9.52
-0.469723 -4.58971 3.76772
-1.06692 -4.22505 5.89251
2.16624 -2.09967 -11.7847
0.143458 -6.8012 -11.5712
1.63229 -0.252017 -9.11623
0.436705 1.54601 -0.513947
0.765481 -1.17513 -9.90495
3.15768 -6.59608 -12.9593
-17.4892 32.4282 5.36313
-0.743655 -5.10611 3.22384
1.07323 10.1162 -0.972338
-16.0762 13.8616 9.3197
2.00365 4.9902 -2.52149
-13.6556 29.1123 55.5399
0.475429 -1.5938 -5.44334
-163.737 61.3929 -152.013
0.127317 -3.34415 -6.38346
-0.312755 2.16233 -4.99409
15.4615 -10.5515 1.27114
0.472934 -3.01728 -11.1217
0.129922 -0.455378 -2.18524
1.66223 0.281405 -8.2767
0.405152 5.76147 5.32476
-19.4537 28.9796 19.9497
1.04949 -4.0881 -7.98617
-1.04484 13.4568 9.85491
0.131145 5.5226 8.552
-2.53012 0.842011 1.40104
0.731761 5.30294 -8.44908
-63.4572 34.359 -27.4155
1.95151 -0.54966 -11.2671
-0.773349 3.63977 1.46939
1.62306 10.8825 0.103367
-1.06608 -6.73124 -6.15796
-0.737393 1.48263 10.5749
-7.32404 2.84721 -1.91879
-12.1578 38.4158 27.7041
-19.1654 37.7985 1.03654
-0.736853 -6.84079 -0.963628
-0.772164 1.30358 3.97884
1.41667 9.4765 0.0785697
4.03645 36.7588 -16.7782
-0.445404 -0.524713 7.6625
1.02968 7.36824 -0.836583
1.81796 6.12786 -1.37682
0.434244 -0.454135 -6.78904
-25.3454 -4.33759 4.96007
0.766104 10.6605 -1.09719
-0.729855 -3.76499 7.24072
-0.739924 -4.95848 -5.29136
-17.2394 99.0751 -36.1816
-0.121647 -2.4292 3.60299
-0.0981958 4.61132 -0.13394
1.37252 2.23722 -8.08777
0.165937 4.20067 -4.55664
-1.06392 -0.415011 -0.488974
0.709092 -0.163452 -0.168945
-0.757205 -3.18116 -3.18256
1.07011 -0.775734 -8.36388
-0.721339 -8.55348 1.29314
-0.0152744 4.20094 -4.55685
1.3701 2.44423 -3.38581
1.35005 10.7449 -2.59758
-1.67812 -3.66236 6.53237
0.120128 5.59273 4.08907
1.66878 7.69146 0.503576
-8.59098 19.1653 22.9027
4.35253 4.25223 -2.53211
-13.3248 -2.40513 1.82052
-3.1636 -0.388323 -1.48013
-0.159234 -5.39252 -8.68281
1.42638 -6.74504 -12.2702
-17.8083 27.4106 19.6579
-7.64092 12.8388 19.3682
-7.36563 17.8721 12.458
-0.266442 2.54275 10.9389
-3.48112 8.2857 3.34311
-0.16564 -3.47358 -4.71867
-17.9536 52.338 0.557809
-1.32207 -6.14355 -7.56464
0.128977 -2.58221 -7.98597
-2.5241 -1.61643 5.30959
-2.2458 -1.41189 5.14176
1.39252 6.89004 -0.625616
-0.163061 0.258226 -7.32478
1.04254 -3.03372 -7.57715
1.35108 0.20405 -5.81226
-8.54222 2.01709 -4.26152
0.118717 -5.15902 -1.30998
1.65687 1.41755 -6.74695
0.198474 0.375484 2.66053
-32.5577 28.8056 -0.59444
1.84162 1.89411 -5.51881
-1.58182 -10.1567 1.89206
0.41482 -4.61894 -2.49493
-12.1719 84.4779 45.7311
1.00041 3.21693 -4.92881
-2.86681 0.173474 -4.57763
-4.65041 9.91252 10.0638
-0.142307 -2.13191 -9.31113
0.50032 -1.01456 -1.07088
0.430896 0.0968505 0.679955
-0.731958 -5.57671 -6.74641
0.941481 -0.123565 -6.70379
0.0562469 1.04207 7.6803
1.67873 7.72488 -0.763506
-1.06082 -3.49369 -2.27405
-0.772562 -5.78312 4.01059
1.34489 -0.108257 1.07152
-1.37711 -0.916516 9.10257
-0.703652 7.28078 17.4125
-1.05336 -1.57163 0.416958
0.477994 -3.98628 -12.4105
-5.25775 3.38315 0.233813
5.18634 -9.96588 -4.70764
77.5599 -1.67451 -56.5364
0.0452443 0.5435 6.68439
1.69399 7.17832 -1.57701
-10.4734 37.4025 16.3651
-14.5491 -4.41376 4.82205
-0.176325 1.01918 3.72147
-0.0358902 7.43511 0.987691
16.6599 18.9724 -15.5919
0.465664 5.81115 4.29731
-0.954335 1.10392 11.3252
-1.651 1.04241 0.34596
0.235449 -1.6354 -0.468233
-15.4143 20.9288 16.6469
-17.4883 16.1808 16.2057
-1.92362 -1.03901 0.409644
-0.991875 4.34702 3.50122
-14.6162 66.9469 9.6563
-21.4802 64.253 -5.15035
-0.0922203 0.16561 -8.46525
-1.85362 -6.9388 8.50335
-0.126692 6.44177 0.524603
-42.1171 -0.431657 5.98413
0.41789 2.51967 1.7254
0.469779 1.10264 -0.704235
-1.55628 -7.19302 4.07905
-0.19221 -3.07464 0.706758
0.139404 -2.57031 -8.24258
-0.0288061 -5.57026 -3.06851
-1.36945 -10.8953 4.65877
0.714945 -3.8094 -5.19045
-0.0666684 2.80485 -5.94464
81.2492 18.3388 -55.5155
1.40396 3.96977 -2.1802
-0.576015 -6.08027 -0.782162
1.34024 5.53701 0.154802
-0.272391 11.7612 44.5914
0.135427 -2.22644 -1.09992
0.163738 0.454562 -6.77444
-12.8516 10.1704 38.3614
-0.0928869 6.75194 7.06681
-3.62668 -1.76715 0.628164
1.17465 -0.50895 -7.09374
-10.1223 25.9006 15.4258
1.63846 7.37956 -0.357572
-28.8646 12.3713 14.4468
81.6019 15.6806 -43.3314
4.96295 21.092 2.43633
-19.6072 36.7196 24.9172
-1.03278 -5.24179 -2.29076
-22.9147 25.6061 10.1882
-0.386844 11.162 8.49116
1.36413 7.40554 1.25279
0.169124 8.8107 27.952
0.616517 -8.33049 -6.98414
-1.30552 -6.43222 6.42564
-0.110602 -3.48362 0.770869
10.6798 -14.4424 -60.5385
-0.427892 -6.46296 -1.09851
-0.756997 -1.42693 3.02905
10.0353 11.5639 49.0689
-5.2503 18.3209 9.04049
-0.419767 -5.61532 -1.94882
-0.134878 -1.33631 -4.97152
-0.954791 6.96949 8.81709
1.53455 8.95342 -1.99142
0.0790904 2.12033 6.45787
0.845676 9.96138 -1.23843
-16.9424 -0.932553 -5.74946
1.64934 4.69235 -3.51749
0.121319 -1.88539 -4.65846
0.756657 5.81461 -2.85604
-7.25231 18.2479 32.8148
0.118938 1.94137 -0.143107
-0.914696 8.61511 5.96214
-0.121808 0.11822 2.18407
-4.04735 -2.49355 0.510395
-0.448948 5.87467 7.23167
1.31937 5.88949 3.12894
-23.2933 -6.01206 0.729389
1.3344 10.1646 1.73782
-21.1619 16.3208 23.0355
0.695923 -5.50747 -7.87845
0.849479 5.80291 3.39886
-0.737054 -5.33319 -0.997325
-0.213867 3.76451 9.72406
-0.149296 -4.35278 -0.19177
-0.750144 -0.736555 1.37541
0.454468 1.29027 -8.35353
-0.659548 2.6192 4.62936
-18.3966 46.8814 31.0801
0.232084 7.66754 1.68858
0.473509 2.83811 -6.15535
-12.9717 13.2022 1.06067
-1.04892 -0.548085 0.425821
-2.80279 -5.507 6.43568
-28.6043 14.5687 -12.2245
-7.69451 30.0737 23.6364
-1.57686 -1.67163 0.115589
-19.5641 2.27695 -4.12373
-0.47741 5.21273 9.70527
-0.425745 -2.74361 -0.1314
-0.110201 -3.46894 -1.36859
-1.0471 5.01395 5.19764
-7.38643 115.343 82.5189
-4.81353 -8.22485 8.2465
0.528043 -0.747869 -1.34541
0.894533 3.93675 0.354692
-1.0852 -4.59137 -0.421337
0.204604 -3.48113 -1.38102
-0.463878 -0.454893 -0.147561
-0.959593 4.66267 3.1729
-0.108033 -1.05397 0.975483
-0.0768854 0.491035 1.72114
1.04361 2.21686 -8.18689
1.60456 7.93931 2.54267
-27.2605 2.18412 -1.86431
-1.04163 -3.81436 -3.72068
0.457345 -2.85586 -4.04024
1.9245 3.75684 -4.04783
9.44569 5.38479 3.814
-54.1278 54.5953 27.1653
-0.782408 -1.63383 -1.59314
-0.129864 -5.56653 -1.92425
15.2361 9.17315 50.5768
1.00805 4.38989 3.08741
-6.45812 -2.42617 -4.52497
0.154429 5.52885 1.89409
-0.758451 -0.456475 -0.0764453
-0.174514 1.03584 -2.81716
0.0547819 2.11077 8.46667
-6.66383 6.97309 -0.539227
0.552425 -1.34717 -2.25246
-14.3997 2.25502 -0.723436
-0.477883 -4.05885 -6.12432
-182.488 114.692 -103.119
-18.4441 -1.465 -14.5956
-0.735595 -3.4148 2.87079
0.167591 -2.59188 -5.20788
1.63583 4.06832 -2.86874
-12.1871 14.3968 18.8306
0.843046 1.0504 -7.66196
6.20899 3.25968 -3.48689
-6.08682 -3.05684 -4.73886
-15.4568 52.811 7.91703
0.425933 6.20094 1.87742
-15.44 61.1048 17.3101
0.682406 1.33137 0.699366
-1.02191 -2.00682 -0.145259
0.0799716 -2.84891 0.752076
-0.736626 -3.45199 7.15843
0.883909 10.3503 -1.27721
1.66578 9.23404 -2.01842
0.132065 2.4995 6.41201
-1.04237 -1.04212 0.725839
-6.87415 5.05237 -1.6414
-19.0938 16.4647 22.4613
0.180553 4.30121 9.68688
0.0998134 -3.73836 -0.125622
-4.4483 -5.66416 -1.32257
-4.95346 2.28812 -6.02486
-15.4616 21.2159 15.3715
0.127158 -3.75734 -1.05068
-9.05755 18.5704 19.8139
1.17308 8.21822 3.44036
-0.0574719 5.83403 1.39105
-1.37916 -3.78747 -1.75987
-1.34516 -5.13324 0.787711
-14.5413 18.2548 20.5876
0.209378 4.31848 0.773888
-1.65408 -4.99971 -0.280078
1.98562 8.46706 2.62595
-0.786647 -4.3571 -3.77635
1.22155 4.73507 -6.12755
-0.125869 2.20671 -1.9227
0.695872 6.52826 5.8217
-0.190572 -2.20724 2.49862
-11.8595 29.5586 43.9181
0.176279 1.39426 -6.18982
0.151579 -1.91558 -8.8655
-8.4367 23.1228 30.1054
-0.120624 -4.11366 -7.62958
8.79606 18.0752 59.7482
0.448145 -7.18177 -13.5413
-1.63849 4.05705 10.1044
0.203183 3.37871 0.46058
-1.61615 -3.91619 -0.583647
1.03681 6.68382 -2.53313
-0.375727 0.184957 -5.50048
1.31719 8.6543 -0.123312
24.5344 48.5605 -52.6575
-14.1028 25.7465 53.2628
1.71799 11.8665 49.609
0.149342 -6.39515 -9.04733
-0.439456 -1.90069 0.362927
0.218085 -1.43043 -8.91335
-9.31516 8.03312 -4.95282
0.831267 7.08817 5.62712
-9.43995 19.68 17.8195
-4.30473 2.38217 8.53267
-0.662047 -2.79796 -1.62698
-0.712008 3.46155 2.26619
2.56433 2.47437 -9.44749
2.60874 10.5619 -0.061985
0.416921 1.99347 3.7876
-1.26601 -0.771288 -0.495085
0.452194 0.126331 0.43023
-0.447451 0.536346 -2.93238
-0.762627 0.0427046 -0.139165
-2.55688 -0.786499 -0.332574
0.157416 4.99421 5.89893
-43.3574 20.7689 -16.4658
-0.635083 -3.18933 -6.73478
0.231846 1.66158 0.836912
-1.52073 -2.187 -0.160108
0.183106 30.1337 59.8279
0.807931 5.3079 4.00465
0.54014 -0.450279 -1.04858
-0.75922 2.25885 8.43758
-6.15323 -7.10115 -1.75012
-0.783069 -0.848927 -4.01933
-1.43336 -0.97717 -0.047859
0.430957 0.457817 0.730465
0.197391 -0.999478 0.760265
-4.67633 -2.61815 0.354441
0.258943 0.423449 1.98214
12.7462 -20.5067 -79.1395
0.720698 7.64548 1.34972
-17.27 69.3739 37.412
0.746027 6.29775 -1.15343
0.785597 -5.66525 -2.28475
-28.3684 19.1594 37.6775
-0.128353 4.54451 -2.71628
1.38965 2.14321 -5.35915
-0.408931 0.816938 -2.63365
-1.41404 -3.01217 9.96411
-10.333 8.23386 -2.2249
-0.105316 5.19673 2.665
0.461419 1.64737 -7.02899
1.4293 0.475538 -7.653
-0.103661 6.46013 -0.425514
-10.7473 11.9759 3.60589
-0.386476 -2.80981 -3.17719
-4.97378 -1.00466 -5.23699
-18.6534 16.9029 21.0624
-0.71046 -3.48233 0.133084
0.433952 -1.38683 -1.01324
25.8646 -4.33265 -11.743
1.35866 -3.6731 -9.4406
0.996254 -0.466786 -8.84312
-4.35947 3.16651 7.38268
-17.8376 14.8442 23.2898
-0.126909 -5.81489 -1.33226
-10.9663 47.8882 42.438
-8.25092 3.56557 -10.4092
1.34478 -7.94713 -13.2776
-0.17314 2.27782 -1.08196
-0.690572 -0.0917873 -4.53094
0.146993 10.245 1.20261
1.0359 4.353 -5.52013
-0.415426 2.63324 -2.5588
-23.5211 25.5534 11.8226
1.03408 -3.04251 -13.9515
-10.5542 12.1424 -1.34449
-0.399457 -2.54366 1.93914
-28.3414 5.64865 11.0404
-12.0947 27.3782 57.5119
0.752626 6.4358 -5.00537
-0.69683 0.447378 -3.19725
1.31879 8.5713 -0.349573
0.770258 1.30387 -0.759633
-11.5438 -1.21669 -1.96654
1.44424 0.35107 -9.74803
-0.934865 -3.22269 -6.48176
-1.00525 -4.7056 -2.21456
-0.736708 -5.31916 -6.7473
15.4327 17.9524 55.3955
-0.424206 1.62809 -1.0704
0.797527 1.9477 -7.06152
0.266566 7.99038 -2.19538
-1.20473 -1.16794 6.12245
0.14384 3.73909 -3.44586
-1.94366 -1.14284 4.31634
24.7894 -2.77937 -9.77574
0.119288 -2.24777 -7.343
1.95674 13.5529 44.9565
0.406008 -4.62168 -4.36484
-14.7643 15.8064 23.0407
-7.94751 12.9524 46.4378
1.04732 7.08779 1.9648
-0.715712 -5.20779 -2.47919
0.218827 2.61033 2.85787
0.766223 5.59359 4.05657
-0.95692 1.56925 3.78689
-18.0282 25.4425 11.9823
0.455679 -6.74733 -11.7818
0.235272 3.10233 2.83634
1.01317 4.29595 -7.91771
-0.422878 2.47075 -0.189383
-0.382654 4.05953 2.31927
0.132256 -3.17747 -0.979009
0.431137 -3.44258 -1.34407
-0.403484 2.49876 -1.95515
1.19404 4.46767 -6.00238
0.166354 1.33128 0.699538
-1.54092 -2.03626 -0.10977
0.0937402 -2.52636 1.06183
-13.6578 20.8315 16.6017
1.34408 -0.720141 -9.34186
-10.8269 0.614833 -8.3067
-0.653558 5.8053 5.75175
-0.459464 7.29855 6.14131
1.61574 -10.4652 -17.4557
1.51291 2.11527 -2.72584
0.154174 -4.26418 -5.31283
-9.15428 88.6853 63.2556
-15.4303 31.6047 21.2043
-1.35233 -4.60508 -3.6888
1.40999 8.837 2.54156
-0.0297497 1.58285 -3.52655
-2.49402 -6.2739 5.15879
-0.356151 -2.02475 -6.13473
-3.38861 7.02792 -3.27575
0.510528 6.77064 2.75745
0.130323 4.36923 -0.198177
0.118636 5.89597 2.15348
0.253175 -0.799616 1.02181
-1.0358 -1.0275 0.451658
-15.9779 19.5732 17.74
-0.646923 -4.02746 -1.66354
1.33925 3.07843 1.89953
-1.25167 1.1748 4.5826
-1.33358 -5.24286 -2.34069
81.4201 15.681 -43.3319
4.73616 21.0924 2.43595
-2.189 0.0157259 16.2919
1.3557 3.39264 -0.70054
0.789441 -4.33163 -6.66528
5.17839 11.7718 50.5622
-0.425314 4.7169 8.60942
-4.04859 -29.8915 -32.3102
0.453982 4.11617 -4.64666
-2.85352 7.98662 3.52571
-0.43211 6.62274 1.23741
-21.3884 30.9277 12.2981
-0.754875 -4.06566 -3.41712
1.00649 7.41184 -2.01408
-7.40647 20.3241 24.3474
-0.439274 -0.417178 6.52844
0.198362 -0.737651 0.499651
-18.7144 10.7828 -15.6466
0.195954 0.851534 2.24711
-21.4437 22.782 15.3707
-10.3356 43.8011 41.319
-0.433629 -1.66394 -4.32888
0.541708 10.4061 -0.638973
1.02205 4.0345 -5.54394
-11.1757 -4.08107 -6.70757
-0.393025 2.86763 -2.5655
-9.60256 20.7232 16.8782
-8.2594 2.4858 2.4639
0.438309 5.81563 6.42284
-16.5911 21.9272 15.0118
0.468717 1.92376 -6.7573
-0.766582 -3.68818 -1.36923
1.29648 7.56648 4.00499
-1.29983 -3.48618 -2.26636
0.221929 -1.37366 -0.14242
1.00397 6.96058 4.01073
-7.82453 -4.79651 -3.35446
0.184507 1.38932 -4.35788
-0.508776 -2.99745 7.62673
1.05855 9.76684 -0.656737
-0.413813 1.39045 -5.83858
0.997945 5.56765 -2.29996
1.67532 3.72333 -6.11144
0.194438 -2.81038 -1.90523
0.964767 -4.59281 -7.42666
1.34875 9.45574 -1.04875
-0.276823 -2.45563 7.28912
-23.8578 25.6777 9.92507
-26.884 16.3014 -13.7073
0.47326 10.5821 -0.394018
-1.32252 -0.576974 7.07492
0.223676 7.3059 -1.30188
0.220015 -1.9116 0.0270389
-1.96991 -4.18961 4.8641
-1.02847 -1.38173 0.414862
-0.406691 -4.73025 -2.16121
-0.161444 -0.780388 1.94424
-8.12957 8.50417 -1.73234
6.38404 22.9621 -3.43373
-2.10943 -5.65951 4.36731
0.791888 0.712159 -7.72683
-12.4651 50.8537 36.992
1.02384 7.59061 4.70587
1.02532 6.7119 -3.4861
-0.413268 0.16938 -4.64261
-1.31468 -0.0689814 8.55196
2.05313 6.12957 1.12085
-0.461934 -1.90708 -4.6139
-0.911067 -3.76472 7.24051
-25.5266 -4.33733 4.95986
0.459177 10.6884 -1.13207
0.268896 4.74461 3.34101
0.618019 -1.64938 -0.414826
-0.983192 1.03976 0.499876
1.93445 9.45393 1.32028
0.178884 4.45981 -5.64209
-1.38469 2.67479 -2.45216
-0.765577 -5.21136 -4.96179
-0.956439 -6.51803 3.74444
0.774229 1.57357 -7.60274
-0.153777 12.4839 7.23759
0.138459 2.82784 6.77728
1.68448 9.51458 -1.65219
-0.714832 -4.70845 -2.20291
-5.5739 -6.98834 -3.72812
0.808399 5.26968 3.41544
-1.03343 -0.268078 -0.740196
-21.4337 29.1415 1.50569
1.05375 -4.35579 -8.02914
-157.369 -14.9675 14.9497
-15.1688 19.5701 46.2151
-7.02691 -2.24709 -1.79887
-20.2547 49.1513 31.16
-0.751033 -5.54443 -4.38995
0.154117 1.89498 4.07267
-0.429725 3.38882 -1.04375
-9.8335 9.73357 -4.20004
0.451394 5.22066 4.90647
0.18326 8.62156 4.04186
-1.97651 -4.84624 0.640251
0.446343 4.02106 2.77529
-1.29409 -0.334993 1.06943
-15.1373 18.9941 17.1725
-1.25 1.17277 1.60082
-6.1366 -1.30296 -2.97367
1.63114 1.98415 -7.29724
0.12601 -4.64243 -0.765858
0.755753 3.19772 -6.65249
-14.1502 16.3449 22.5309
2.20545 4.62177 -5.20142
0.723275 -1.92218 -2.83152
-0.166545 1.03316 -3.42186
1.32974 5.81551 -4.6877
-2.23892 -4.45176 13.1783
-7.65902 -1.95879 -3.19328
0.178026 -2.04911 -2.46123
1.67062 4.59728 -5.56635
-1.36067 -4.95782 -0.488658
0.754444 -4.72254 -8.45679
-13.6504 12.0534 41.5727
0.497441 3.75867 -2.88021
1.38064 1.34131 -5.86354
1.33696 0.515358 -6.14235
1.93267 5.59559 -3.53173
-22.0353 9.58408 -9.88761
-0.412863 -6.51877 -5.44563
1.38364 0.921794 -6.45584
-0.161946 1.29633 6.19115
1.01142 2.01348 0.441024
-0.744628 -2.54281 -0.48337
-3.23375 2.76275 -1.66034
2.26813 16.7529 54.3871
-0.779578 -4.06686 1.98056
1.03394 -0.49948 -2.81055
-7.90795 4.41862 26.4522
-4.71095 6.69042 2.66837
-6.75444 0.494002 -2.27297
1.38969 9.18933 2.50478
-1.95082 -5.21389 13.2864
-0.989727 -2.62719 -4.60093
-0.166985 3.14 2.00756
0.824172 7.10812 4.21899
-0.115171 1.60461 -0.416792
0.726376 -1.45388 -10.5486
-1.02007 -0.0795947 7.64749
0.510357 7.06616 -0.735774
0.547406 8.52511 1.68145
-0.383321 1.59361 4.76814
-5.75997 7.12632 -1.69634
-10.042 15.7837 27.8843
-0.306788 4.30045 6.23072
-14.8579 31.2975 17.3178
0.776836 -4.04572 -9.13924
-1.0414 -3.15092 -2.89796
85.4762 18.1175 -63.2114
0.170313 5.87603 0.786862
0.469336 -3.98795 -9.74728
0.12301 4.40911 -1.61639
0.726854 -5.49904 -6.24445
-9.97277 -1.00601 -3.19959
0.125141 0.0953243 -3.5059
-1.36594 65.3508 1.4928
0.106104 1.0253 4.02221
-0.921655 0.307272 10.3466
-19.4149 38.6582 25.9991
-0.725825 -3.48104 -3.15285
-3.60541 5.65033 -6.21759
-0.0245129 5.75512 -0.445855
1.35643 1.0681 -7.69253
0.816333 7.13169 -2.88454
-0.668262 -0.21236 5.60358
17.5974 4.51122 -8.65867
-0.086293 -1.98575 -8.16519
-3.41057 3.63123 1.01395
0.713229 -0.764445 -1.34144
-4.63232 -8.22512 8.24672
-15.4473 7.57438 -6.55618
0.165794 -1.90054 -0.186875
0.976008 6.46811 4.00878
-0.0589608 -1.35778 -9.32798
2.53193 7.6227 0.139502
-0.779712 -1.67973 7.721
4.73026 12.9222 47.5444
1.07616 5.81701 -2.23054
-0.31289 0.967336 -5.83738
-1.2655 -0.394757 -0.0493056
0.460078 -0.193001 -0.421707
0.160126 7.99259 -3.47591
84.2224 40.3591 -34.5902
1.11342 6.60969 -3.92687
-0.420155 0.110887 -4.06798
5.3762 -1.50204 2.01359
0.167422 -5.27694 -6.79401
-13.9032 32.8579 54.3544
0.428284 0.769793 -5.90261
-19.3414 -10.3044 5.15506
-0.0851711 7.36211 -1.60168
1.36278 10.6365 0.100133
-20.797 31.8417 14.2845
-1.04883 -0.755754 0.493196
-14.2316 74.9165 20.8742
-13.5969 20.9554 15.6368
0.142709 -2.60661 0.224189
7.38503 4.25024 -8.91051
0.442084 7.01533 6.07328
-0.162813 3.47936 10.6315
-0.180269 -4.61253 -1.11709
-13.5697 -0.763404 -0.78899
0.541861 -0.157095 -1.05361
-11.1628 -3.99941 -6.2233
1.05842 4.10661 -5.00317
-0.422249 2.8465 -3.12176
-18.7359 14.7685 24.9301
-9.74644 20.7298 16.4633
0.487001 5.8054 7.0102
-36.4836 32.7399 12.7832
1.67709 9.14879 -2.27196
0.139196 2.54436 6.16746
0.498546 -4.05272 -4.66277
-0.378886 5.78323 8.05458
0.410575 2.90031 -4.07322
1.36552 6.16718 -4.32452
-0.161912 0.777801 -3.6776
4.92687 10.5292 47.4239
1.06505 9.88421 9.36727
-0.426367 -2.84883 -5.89089
-1.36466 -3.11707 -0.990766
-0.680858 1.33785 9.1816
-1.05943 -0.115453 3.23055
0.437177 -3.79496 -4.06584
-0.424866 -3.73599 -7.29813
-1.86673 2.74212 -0.808316
1.91778 9.92046 47.9768
-1.02347 -5.62602 4.67992
-20.5548 12.1414 -10.5743
1.83183 2.79402 -5.28412
-18.3545 26.856 6.09046
-1.51716 -10.8542 2.10242
0.367814 -3.74464 -2.85681
0.185044 1.01538 -3.74953
1.04502 9.36435 -0.240719
0.480107 3.80863 -4.35154
-13.3548 2.74321 -2.40114
-1.27797 -6.90734 -4.58024
-1.83189 -2.87867 1.65182
-25.3735 29.1754 17.9198
-1.29725 -3.39523 -1.58601
-14.7903 11.1254 -4.47932
1.17408 7.93275 3.14535
0.788238 -4.33248 -10.8972
-1.22467 -1.62432 -1.68529
-1.36606 -3.22494 0.830828
-9.09474 27.2038 35.9526
1.37599 -2.80867 -10.0415
1.4089 4.31503 -5.21574
-0.143454 2.54936 -2.86119
-1.32902 0.699691 9.19138
3.15664 -14.9933 -0.658678
-0.732648 -0.764916 -0.794207
0.204667 1.96824 3.46868
0.955851 5.59386 4.99807
-7.94492 87.7825 45.5549
0.52386 2.22212 -6.17901
-0.413941 -2.90867 -2.58895
-6.11255 -8.46039 -2.30098
-48.4223 28.078 -25.6567
-0.163352 5.29588 1.66383
-0.138211 3.78242 -0.749247
-5.04475 -18.212 21.0011
1.35864 6.39432 -4.29281
-0.14832 0.47295 -3.7733
-0.431944 -5.83973 1.56197
16.7467 18.0158 -13.1703
-19.2985 30.1349 19.9374
2.24545 7.39588 0.542843
-0.366086 -3.1981 -5.86307
3.09091 1.56673 -5.50723
-20.8605 31.2042 21.7033
0.163381 1.34197 -1.30285
0.128991 -7.27222 -4.08144
-1.81265 -7.29916 3.40953
-0.724863 7.28955 5.3596
1.33894 -1.3414 -9.44008
1.05964 8.47726 0.41089
-1.36814 -8.51119 3.03664
0.230824 -5.38606 -5.85153
0.762665 -0.18948 -8.60627
-0.42287 0.491339 6.67593
-0.309573 1.27987 -3.5619
1.03913 5.42205 -4.57652
-0.981799 2.62196 1.62438
-1.02579 -4.81762 2.64329
-1.04525 -3.45891 -2.54308
1.01687 4.66628 -4.09086
-17.1142 -0.597575 -7.62916
3.74581 8.64915 2.19245
-27.0845 26.6104 -7.95251
0.148609 0.421731 -6.12802
2.00553 7.75243 -3.11608
0.3471 0.978023 5.14416
-0.491807 -1.90759 5.87841
1.05464 8.79815 -2.5667
-1.07642 -2.66668 -3.37255
-0.392364 -1.37833 5.17835
1.07487 8.21334 -3.04983
-9.14447 6.76586 3.77942
-0.461714 0.263553 -2.29539
9.0463 12.3852 43.8708
-57.0689 10.2385 -30.8095
-0.0659264 9.73182 6.65484
1.40569 -0.116195 -8.51532
-22.3249 22.9459 9.83557
-13.4486 35.1795 60.156
-14.8297 13.4148 -7.45843
-14.1784 47.4632 30.9004
-1.01434 -3.74464 -1.69341
24.1258 4.05181 -5.22499
-0.343696 -4.26303 -7.5301
-3.70003 1.33869 0.471726
-0.0134918 -2.00488 1.41183
0.79287 -0.166686 -9.5057
-0.746785 8.65337 3.03361
0.459847 9.7726 0.374989
-0.728966 -3.18258 0.3272
1.2955 7.04412 2.28635
-11.3325 89.6564 63.5163
-1.24511 -2.32466 -2.57717
-15.1409 61.3886 8.53986
-8.11712 10.0878 0.183637
0.479537 -1.65164 -8.51236
-0.692708 2.02495 6.79774
-25.9362 2.30786 -30.2906
1.33581 0.0628 -6.14508
-13.9043 63.6901 10.7496
-64.6554 -6.49703 -10.9551
-2.5755 -7.47849 8.83657
-0.500222 6.92816 5.55263
-0.464728 4.31043 1.04375
-0.455149 2.89433 -1.29801
1.94529 4.89267 -5.34916
0.448283 -1.62851 -2.88022
0.8534 8.72212 -2.3524
-0.758277 -2.09309 6.1825
-11.8438 11.2992 -3.64521
-9.53088 28.4943 40.5179
1.13264 -3.99972 -5.27212
-1.27594 -3.557 7.12315
-1.53105 -1.2943 0.649519
-2.20944 -2.4451 5.42942
-18.9358 35.2524 2.90332
-7.74873 20.4686 21.2
-0.741534 -0.24651 9.74357
-23.2249 14.1173 -7.84079
-7.63975 126.058 102.772
-1.58457 -5.19435 -0.748408
0.133155 4.72668 0.0895388
-46.867 -6.11439 2.26681
0.434391 -9.82475 -15.6526
-0.374572 -3.76684 -4.07171
2.47787 10.2047 -2.38306
-0.743769 1.63642 0.993734
-13.5679 73.3995 33.3534
-0.457595 -5.89438 -1.92211
-0.760438 5.10285 2.12813
-3.10871 12.2755 47.0403
-15.1767 14.2738 25.3478
-1.03566 -1.65198 2.53149
-16.5955 9.19161 5.40994
-0.371417 3.47967 10.6312
-7.35857 0.878358 -4.43205
-1.94698 -4.67617 -1.7545
-5.13545 7.09959 0.421611
-24.0857 38.1323 23.72
-0.147483 5.53565 7.95193
-0.165204 -3.43349 -3.70963
-15.0339 88.5837 51.2588
-25.061 6.60225 -12.8872
-0.112955 -0.170712 7.22336
1.48599 6.9315 -1.07647
1.04826 -3.61942 -9.28583
-0.373774 -4.66771 -7.60326
-15.9718 0.75882 1.53664
-0.0779528 9.52905 1.72982
-1.60557 -4.57552 -4.41232
-1.33562 -0.243612 -0.308923
-11.4248 14.6607 0.947234
0.486801 -0.375208 -0.130928
-0.964699 1.13801 3.72136
-18.1777 13.1649 -10.8458
-82.5995 19.6108 -35.3032
-2.87421 2.54195 -1.1254
0.732142 10.5972 -0.400323
-13.7001 91.0228 21.241
0.751092 -1.64199 -4.0467
1.06044 6.95045 5.34487
-0.158593 -0.704345 2.87547
-14.8327 52.0398 4.65162
-1.52623 -2.88393 -0.997728
1.13911 11.7653 -0.695394
10.3508 15.277 53.4049
-0.143429 -1.11723 -6.73872
-0.925031 -0.791133 1.98759
0.62141 -1.37043 -0.117645
-1.01465 0.675451 0.75516
-0.449999 1.31566 9.17617
0.76535 5.56145 2.85386
0.197224 -2.89669 -1.02267
-3.13922 3.5437 4.88367
17.32 19.6267 55.2389
-0.42327 -0.535878 1.60651
-0.131604 1.32801 -3.14528
-0.0737441 2.21434 -6.8955
1.37095 4.77277 -1.31237
0.806022 -3.15852 -6.22022
15.7857 -13.3002 5.13008
1.41102 1.96321 -7.10654
-0.719781 -5.48143 -1.0943
1.27817 1.04595 -3.44929
-0.668057 -6.93455 1.25959
-0.118207 -5.85139 -7.80622
-3.38474 -0.123103 -0.41483
-0.738871 -4.03985 5.81733
-0.781431 -5.17348 -2.02376
-47.462 6.60762 -8.10347
6.48631 4.69624 -2.53512
1.06097 -0.702717 -3.44097
-2.27667 -0.0988599 0.175952
-0.0612701 6.2536 4.85871
-0.147602 -2.58858 -7.63614
1.83868 10.5651 -1.96621
0.463288 3.98333 6.45498
-18.3247 26.9849 9.35201
-0.439672 -4.25783 1.67942
0.0232407 9.48268 8.1547
-8.44072 -0.915778 -0.496285
-1.30952 -1.40991 0.37935
-0.120082 -4.36081 -1.37949
0.168873 -3.646 -10.0123
-0.446504 6.17248 6.48659
-5.53311 -1.95 -5.56735
-6.1373 5.7232 -2.0685
-0.774987 0.514476 4.31186
-1.00535 -4.02731 -3.15316
-1.59333 1.11913 6.13245
1.09234 11.3447 9.81962
-0.657051 -3.67511 -0.591106
1.00815 3.15477 0.466046
0.825467 1.15923 -2.17782
-52.6333 55.4101 27.6213
0.24735 6.7042 0.503786
0.444235 -3.17031 -9.42442
0.201627 5.19347 -1.93801
-0.169457 -1.91712 0.439766
-0.0644306 -0.314663 -1.85217
0.47371 11.4689 2.96563
-39.1587 38.4105 29.9786
-0.419189 1.71409 6.66942
-1.04368 -3.67663 -2.55333
1.63652 8.87276 1.06655
38.0458 -11.0816 0.948575
-0.948847 -4.752 -5.26432
-9.76882 38.3244 28.0283
1.08649 -0.542528 -6.19775
1.05168 -4.00634 -10.2915
-0.144284 4.45768 4.90262
16.3768 13.4079 56.326
0.155861 0.99306 -5.84987
-13.68 17.3785 21.7263
8.86916 -6.752 7.90982
-0.768414 -5.82933 -1.39688
-0.136587 -2.47416 1.07971
-8.02921 38.3297 30.8181
-70.9653 14.9006 -30.7715
-0.947038 7.20055 5.24463
-1.83422 -4.62257 -0.962141
1.56211 1.51215 -0.075146
0.123601 -5.0206 -7.90795
-0.151565 -3.16193 -3.48816
-1.22663 -7.99391 -0.750067
0.420509 7.41777 0.171354
-60.8267 1.35166 -3.2893
0.754821 -2.57828 -9.17252
7.01998 -10.8086 -23.0028
0.163456 -3.97702 -6.81583
0.705402 -6.18294 -7.64699
-7.90325 14.441 1.11663
-15.7702 7.38314 4.42722
-5.56398 -7.38099 -3.73797
-0.71295 -4.93486 -2.2474
10.0422 10.899 49.5298
-0.430862 -4.90571 -1.30098
0.820853 4.34761 -5.52417
0.141277 -3.50403 -1.97721
-0.141037 4.41098 9.356
-11.3562 86.9324 4.04571
0.779807 2.7823 -6.7561
0.717313 5.51656 -1.04642
1.58406 4.26607 -1.70306
0.133397 -2.22256 -6.47304
-27.7153 9.20918 -7.05407
1.75313 2.7485 -6.19349
-1.88462 -11.0896 1.22264
0.156209 -3.74321 -1.92627
-11.4158 -4.01342 -6.65367
0.753484 4.05193 -5.54005
-5.69988 -7.27575 -3.3888
-0.195428 1.95789 10.2881
1.56718 5.53653 0.155216
-0.0945321 -6.08157 -0.775587
0.472611 3.64038 0.814373
-1.35456 -4.44245 -0.221709
-1.29886 -5.04824 -2.22392
-0.132416 5.48366 -0.426577
1.36787 1.34254 -7.6244
0.812991 7.21706 -2.87926
-0.758483 -0.393648 5.48934
-4.34626 4.50704 -1.25839
-16.6732 16.1495 22.6688
-0.112858 -0.418145 -4.93759
0.798939 10.5681 1.03339
-0.64579 4.55242 7.80235
-0.391723 5.96346 0.444217
-0.572849 -5.73483 5.07401
-10.6046 8.85847 -4.45054
0.407263 4.38955 5.89275
0.204291 2.25198 4.06464
1.0535 -8.90752 -13.4436
-8.76198 8.38951 -2.25751
1.31545 6.75145 2.84151
-1.20616 -2.68118 -3.39468
-1.03493 -5.50419 -1.04476
-1.03783 2.40409 10.5536
0.697262 4.02933 2.80746
-1.92345 -7.65743 8.25522
-0.400229 -4.89017 -2.22556
-18.955 -5.35981 7.59781
0.192557 2.56556 -6.05029
-17.2216 70.0745 39.061
0.730104 5.59138 -2.82258
-9.36098 9.52555 3.47347
-4.37388 2.5664 -1.58641
-0.727709 10.8892 5.73464
-1.03571 -9.1285 0.546591
2.53919 1.05276 -6.90258
0.103861 -3.99256 -1.35711
1.64532 2.60791 -6.69391
-8.30219 20.3703 17.3578
-0.0462126 2.8837 7.98897
0.290184 -1.28594 -7.83265
-10.642 82.1166 20.3331
1.5533 5.19397 -0.0599635
1.1701 -2.60322 -7.45341
-0.417562 -0.732412 -5.21348
-1.12771 -2.6679 6.72865
0.48692 9.53236 -1.61247
-0.765279 -6.05808 -1.6653
-1.20716 -6.31861 -1.58224
0.125516 -5.50741 -3.33378
1.69571 0.918703 -4.64034
-1.03444 1.23854 7.91032
-1.24461 -2.87798 -2.05686
-1.3478 -5.51357 -1.0485
-24.8432 30.2557 17.9357
-0.655948 -2.53136 -1.57237
-15.9577 34.0666 11.2231
-0.96042 -4.60766 -3.74918
1.60508 8.85645 2.57555
-9.11851 2.28786 1.05729
0.121835 0.510594 -3.13307
8.69046 33.5702 67.4756
-10.827 13.3404 46.7309
-1.35652 -4.36736 -1.088
0.759477 -5.24157 -7.87014
-0.418342 5.57909 7.36501
-2.85564 -2.26475 -5.42554
0.418928 3.23197 -3.46022
-1.54797 -5.37883 -2.4697
-0.391534 5.32724 -0.212357
1.04072 1.7247 -7.80906
-0.147577 -0.121836 -4.61814
0.788478 10.287 1.34493
-44.7392 27.9894 -3.31509
1.73924 7.56734 -1.63031
0.112286 1.02324 6.73466
1.13521 5.09363 0.16031
-17.1283 39.8465 -0.11619
-0.720959 -5.49854 -0.74344
0.731138 3.13651 -4.65366
0.198461 -4.57998 -2.87079
-0.041574 -3.56629 -8.55367
-1.02697 -5.79895 -7.20672
2.24141 10.3144 1.11428
-0.456187 -6.19848 -5.31507
-1.0278 1.7159 -2.29255
0.132764 2.19277 -5.00548
1.18889 12.2559 1.08722
2.05237 9.45318 -1.99717
0.415072 2.73932 6.55173
1.08378 10.7664 -1.3865
-21.3605 27.8843 15.0123
1.08295 -1.258 -9.12801
0.798938 8.60064 0.177827
0.133614 -2.21085 -2.65319
1.71533 4.34337 -5.4537
-0.476066 5.24294 5.89243
1.06314 -1.3134 -8.19496
-5.82016 10.5788 -0.402661
-0.180141 3.53379 2.28867
-8.49788 30.7191 24.5838
-0.457157 -3.42036 -3.71558
-12.1714 9.37878 38.8425
0.454836 -0.172795 -8.00564
-0.436958 -1.72212 -4.08022
0.52672 10.3391 -0.467676
0.553112 11.7421 1.9508
0.423389 -4.09709 -4.31919
0.189916 -0.120642 -5.59136
1.74608 6.46669 -2.5334
0.7774 8.55156 4.07181
44.2597 -42.7385 -63.0623
-0.162534 -0.127595 2.27361
0.538482 8.21806 -5.45621
-0.0478723 6.43863 -1.38757
1.32139 0.460487 -6.68777
-15.6304 80.1767 49.9431
-0.36716 0.0671226 5.91247
-14.2504 18.1119 21.414
-1.33728 -4.92586 -1.02487
0.159667 -4.10012 -9.1434
-0.7627 -5.46482 -2.34445
1.13512 1.64253 -3.4149
29.3854 48.2057 -103.657
-1.36087 -4.16259 4.72553
-104.227 -21.0208 22.3968
-0.567098 1.96361 4.33785
-4.02995 -6.31646 3.56591
-20.539 62.1696 41.3284
-0.7301 1.91033 -2.1236
-15.4417 54.8517 4.91687
0.762947 4.82461 -5.96177
-0.470702 -4.11999 -4.31044
-0.426047 -2.75833 -4.29203
2.20494 10.647 0.139829
0.514669 11.6048 -0.740398
-12.9743 13.1318 -6.27412
-1.37947 -4.56719 -1.24426
0.641092 4.673 0.117402
-1.07222 -5.31492 -0.827068
-20.5539 33.1258 8.73279
-1.05912 2.96542 10.4341
-7.53624 1.42985 -2.19853
-11.8799 16.8049 15.7844
-1.0215 -4.29695 0.0533484
-1.04561 -2.81636 -2.2408
-147.726 18.0643 -38.2297
-1.36179 -4.64659 -1.93222
-2.22715 -1.36802 -0.515912
-0.384235 -0.427795 0.476739
1.09259 6.52871 2.91778
-0.112675 6.46848 1.67438
-1.66961 -1.05034 -0.104499
0.179054 0.391355 0.734752
-1.54451 -4.9929 -1.01992
-14.4771 18.1123 21.4136
0.438934 0.124849 -1.06397
0.41958 1.72031 1.2946
-0.181468 -0.712297 -3.81735
0.722881 9.43889 -0.177332
-7.01703 15.309 4.84139
-14.858 76.0184 40.7225
-24.9594 11.0225 -6.67006
-13.849 52.6588 35.5379
-0.788956 1.3697 6.57008
-5.47861 -1.01371 -7.60866
-1.01417 4.8073 4.55575
-2.17304 2.65208 19.4615
1.28468 0.937159 -3.61935
0.648621 -6.56476 -6.46629
-18.1216 29.4102 2.43111
2.27716 19.6318 53.5958
-2.85261 5.32517 -8.01253
0.420233 0.776626 0.707397
0.188891 3.71229 -4.66566
-7.90982 31.0161 28.8788
0.15112 2.83164 -0.794137
-0.0898422 -2.78525 -1.62291
1.06269 -2.20133 -9.41762
-9.45544 26.5876 36.3889
-1.89736 -7.35033 8.77379
-4.1986 6.15359 0.759999
-0.651518 0.372255 8.26457
1.71682 5.77004 -3.51214
0.127509 -0.73793 -4.65558
1.08263 -1.34547 -8.56575
-1.03679 -3.96447 -3.48331
1.25489 7.01875 -3.48093
-0.120895 -0.191015 4.93153
-9.63432 6.83906 3.52636
-1.05066 -1.3029 5.57504
0.446481 8.1808 -2.94096
0.442167 5.60344 7.68126
-0.223627 -0.112364 7.68466
1.47834 7.04545 -0.785601
-25.2062 30.2564 17.9351
-1.32779 -2.60187 -1.62339
-4.67523 -5.66368 -1.32299
-12.2174 6.27721 -4.69934
0.163062 -6.20134 -5.77915
-1.35261 -7.68155 3.11194
0.786639 1.60255 -1.57621
0.719452 -1.31193 -1.6714
2.38027 -7.24755 -13.8701
0.178556 6.09448 4.0376
-0.118706 0.42459 -1.96795
-0.358994 -3.03817 -7.59058
12.5748 2.28051 -15.4368
-0.730546 -0.776946 1.97081
1.31579 6.45823 2.24868
-8.83924 8.42475 -1.65844
-37.8849 11.0504 -8.21955
-75.745 33.0019 -35.9695
-15.6049 68.8844 5.0721
-1.27379 -2.35241 -2.01465
-22.0495 23.2349 -19.5245
1.62545 0.350805 -9.74781
0.121242 2.54157 0.140352
-1.54012 -3.18609 -0.768953
0.294961 2.19333 3.718
1.05909 5.35093 -6.60536
-0.471214 1.67094 -1.32407
1.03062 -5.50876 -9.35508
-175.604 28.0515 -8.43361
0.45906 6.66453 -9.18196
1.03565 4.96692 -5.16424
-0.354573 2.02426 -2.71565
-0.445298 1.02919 -0.477219
-18.1493 27.5109 19.0325
1.03426 -6.75418 -12.7495
0.104308 -4.97046 -1.06622
1.62634 1.69042 -7.14627
-0.148652 -0.736228 -5.29871
-6.33453 10.2563 0.504086
1.94349 5.24975 -2.77998
-0.650768 -4.19755 1.51336
-12.995 -4.41579 0.371665
-0.400861 -1.87275 3.40208
-0.707446 -5.55515 -6.52321
-1.07274 -4.59551 5.81424
2.15669 11.0762 1.19929
-19.9379 17.7038 0.669605
-7.6065 28.535 23.3555
-1.32334 0.139921 0.215452
0.420735 -0.769403 -0.725735
-0.783028 1.81716 11.0827
-2.49694 9.62701 38.8331
-0.768141 -6.03451 -1.45199
-6.12389 8.46089 -2.59481
-18.9573 7.33031 -10.4842
0.157829 16.246 4.73647
-0.141234 -3.78655 -1.6477
0.554073 1.00056 -1.97914
-3.53169 12.5617 0.19008
-0.181483 6.87736 7.53223
-17.75 11.2357 10.5268
-1.34656 -5.2777 -1.03298
0.437307 -1.59495 -0.751499
-3.52512 -4.38758 6.04692
-11.1605 41.5896 29.4326
1.90925 10.0418 -0.142511
-0.716676 -1.91474 -4.14732
-21.498 30.339 16.8223
0.953787 -4.18767 -7.39369
14.0153 17.3031 59.9796
-3.75135 1.84786 -5.91165
-1.80959 -4.41779 -0.390414
-0.217331 -3.45646 0.532553
-0.680934 5.31314 1.68643
0.212824 4.92678 4.60565
-18.3474 49.5972 28.0073
-0.143823 -3.69263 -0.104869
-85.2885 18.2396 -23.2773
0.169678 -2.5596 -1.05142
-0.828985 0.759253 3.1766
-8.76867 18.0915 12.4005
-8.77427 27.4698 23.262
-0.340639 0.108444 0.973665
-26.3361 7.56449 14.1313
1.59291 9.49922 3.74239
-1.0022 -5.32235 -2.43493
0.449515 5.51614 -0.815547
-19.2203 57.5739 15.0386
-3.4111 -1.52326 -6.26884
-20.566 10.3542 -8.3958
0.400748 -1.93582 -0.473918
-4.33277 -8.18857 8.42661
-0.694414 4.62333 3.16169
0.0973567 5.44124 3.12742
-0.778968 -16.8172 -1.85137
0.141371 -4.60233 -8.53731
1.70737 4.14727 1.2126
-0.92153 0.201531 5.16825
-1.2644 2.30845 11.4281
0.771741 -5.19803 -12.1848
-3.9989 5.33579 -7.37193
-0.721641 -0.447441 0.0520395
-25.9714 13.0044 32.561
-0.179728 3.79796 -0.362418
-15.8035 20.902 16.0516
1.38961 3.01564 -7.71134
0.204302 -1.65957 0.832292
-37.8497 9.562 4.66993
-0.671584 -0.758069 -4.98048
-0.469806 -2.00849 5.51363
1.11517 8.71966 -2.91799
-2.24385 25.6772 54.752
-1.00235 -1.2968 -1.33501
-1.05811 -2.8094 1.17908
-8.8809 19.2918 29.1859
-18.4796 22.6851 15.7754
-16.9366 4.24378 1.26106
0.742093 8.80435 1.90193
-7.86092 -0.544386 -6.89647
-19.3404 28.733 14.8386
-0.39036 0.45298 -0.655369
2.52268 20.9986 50.6164
-4.8786 3.49191 -2.80664
-16.4071 50.6629 11.8224
0.109234 -4.38595 -1.38489
1.64823 2.22977 -6.70503
1.045 8.26664 -1.95568
-0.442892 -1.21139 6.59601
0.440552 3.44799 -3.99969
-0.439654 5.31976 7.88662
-1.58664 -3.14479 -0.996725
1.00723 7.41761 5.22013
-20.5096 16.6892 22.9219
1.91527 9.6716 1.5904
-2.13074 0.907572 -3.33157
-0.770087 -5.55061 -4.67078
0.688647 -1.35676 -0.764212
-1.02769 0.706823 0.227405
-1.04803 -0.649958 2.40463
-4.71587 5.04295 3.00248
-0.447839 -5.57113 -4.91681
-1.9737 1.10034 -3.17504
1.35195 -0.0762816 -5.2407
1.96258 7.64486 -2.27933
-0.460135 -3.46439 -2.55596
-4.31787 -6.81825 8.04573
-112.584 66.7594 -61.1755
-0.456124 -2.56171 -1.59749
-0.171348 -2.83549 1.90844
0.21384 -1.86132 -9.13296
-0.154127 6.10941 0.118037
-1.68483 -5.93808 -1.70697
1.87493 8.33714 0.775894
-1.33812 -2.11766 8.23716
1.53161 4.63454 -0.728346
0.187513 -1.96474 -7.26153
-28.074 6.06605 16.2093
0.932881 1.04134 0.163785
-0.689604 -1.66952 -0.798474
-37.9061 33.1753 2.60397
-1.54659 6.80527 4.68697
-12.8759 13.1183 -6.34518
-9.78007 16.5791 46.7898
-0.678905 -3.00629 1.6538
0.457009 0.719171 0.187907
-1.29283 -1.2904 -0.854178
-0.767529 -1.64457 0.134931
0.125834 0.186594 -4.62843
-3.46012 -2.14088 1.83828
-0.498906 1.05673 9.17709
1.26462 2.88631 -10.8648
5.29183 15.4416 49.9958
1.4274 -0.720509 -8.63289
2.01339 6.37299 -3.38292
0.472977 -0.234682 -4.78048
-11.3374 -7.77581 -4.12748
-0.408884 -0.755556 5.55181
1.08942 7.5503 -2.89555
-9.71406 4.4938 -5.25571
-0.655095 -3.39721 -4.70672
-1.33721 -1.64964 9.18279
2.03812 7.74429 1.51674
-7.10897 82.116 50.6299
0.20518 12.0171 -0.993146
-0.451892 -6.83929 -5.0162
-48.4822 18.4585 -44.8936
0.125279 5.26756 7.95268
1.09541 4.98944 -6.80277
-0.399055 1.99508 -1.31155
-22.1509 19.777 19.3487
-28.3794 62.0245 40.5586
0.445054 6.84948 5.33088
0.541272 1.06429 0.704643
-1.27215 -1.6606 -0.0951735
1.02074 4.36969 1.13216
1.00283 7.0868 -1.05676
-0.410441 -0.192962 7.2635
0.488412 4.0648 -4.01187
-0.401633 4.60932 7.84463
-0.142461 1.00025 0.547733
-0.148792 -0.41028 2.21416
-1.24581 -0.259679 -0.264881
0.473199 -0.416938 -0.452906
-0.419376 -1.07795 -5.47742
-0.415531 1.00611 0.518066
-0.457336 -0.464601 2.21327
0.157742 3.6829 -5.88666
-16.9451 17.8118 10.9171
12.7574 -8.72455 14.8595
-36.3517 7.97833 19.7294
-4.28431 2.61025 2.9344
-0.672317 -2.951 0.180972
-1.33498 -1.05165 0.450376
-0.0406162 -1.08143 -7.14953
-0.734119 -1.01136 0.476873
-0.77833 -1.36251 0.457512
-13.0061 27.8594 57.533
1.04964 -0.156296 -3.80394
0.187895 3.76321 -4.28237
-1.72909 -2.50585 12.7795
20.9904 17.2212 14.114
-15.9038 35.509 60.1841
-0.403936 1.55432 7.39728
1.36749 -0.814425 -9.11782
1.97111 6.53153 -2.94766
0.421937 -0.16327 -5.22383
-0.414324 -0.646948 6.19519
1.06524 7.69959 -2.25545
-1.34454 -3.66349 -2.52186
1.28126 8.02903 3.65276
0.813098 2.83224 0.195534
-0.970368 -3.33145 -0.758664
1.55106 -0.450236 -7.1094
7.1337 -9.84788 -0.493763
1.37405 6.10772 0.388089
-11.4665 3.06163 -4.30726
0.734263 -3.17258 -5.43707
-0.102284 2.29218 -6.28562
1.33737 4.62448 -2.0074
0.435075 4.0358 -2.2084
-69.1247 12.7077 -14.8681
-7.28034 -1.63804 -2.30861
-0.739841 -4.2408 4.42517
-2.4922 -4.65286 4.78264
15.1436 23.8101 58.3768
-1.10851 2.58698 -0.627332
-0.423205 -5.29586 -6.78342
0.11848 -3.42937 -0.736327
-0.660511 2.54979 -1.38346
0.749256 4.26991 -6.65029
-1.03218 -1.48685 1.22643
-15.9737 19.2362 16.978
5.04973 19.0675 52.8919
-0.458048 0.42963 -0.227606
1.11709 -6.25675 -12.3226
-0.159148 0.999087 6.70094
-7.91912 106.896 49.3942
-1.06908 -1.13855 0.25385
0.162083 -2.22328 0.509414
0.140414 1.38424 1.77795
4.96238 -0.994821 -2.86252
-58.6525 49.5311 -38.172
-0.407904 5.62342 5.18392
-2.43058 -8.97652 9.15843
-0.325562 -1.07235 0.25077
-0.462032 0.481461 2.53641
0.725746 5.30248 3.74487
0.24738 7.41961 2.19048
-16.7642 -6.87957 5.99266
-0.656953 1.8185 0.738101
-14.4461 19.8561 16.2822
-4.40011 -3.09498 0.445307
0.496509 1.02301 1.90453
0.70979 3.16982 2.51233
-6.4812 62.5203 -12.0574
-76.9006 -11.2869 14.3192
9.83036 0.00555462 24.4056
-9.47963 30.8377 40.3019
0.127445 -2.85609 0.214357
-20.216 -8.36091 3.79787
-11.5195 68.297 55.4765
-0.0700444 4.20356 4.42889
0.15339 3.37812 -0.786258
5.22583 10.595 0.599867
-0.739008 5.25542 4.68824
-1.61708 1.69425 -3.77062
-0.0630014 -5.04181 -4.42216
1.02026 0.133485 -4.63549
-5.7611 -1.83076 -2.53675
0.727724 4.95893 4.02142
-15.1258 24.5372 17.8443
6.27903 -35.4726 -31.1001
-58.2131 82.5938 26.5712
-8.26366 112.7 85.6149
1.18001 -11.5546 -1.45747
-0.966222 -3.26134 0.823639
-54.3546 54.5956 27.1649
-0.999263 -1.64691 -1.64731
-13.5453 25.4688 18.9705
-13.6901 11.4961 -5.39886
-0.0913667 -3.20393 -0.822917
-1.02506 5.37657 4.79062
5.04462 10.5953 0.599658
-1.81515 -3.21691 0.845657
-47.8494 5.74343 -4.3054
-0.167749 -0.433482 -4.58426
-5.50673 5.04019 -1.22076
-0.701241 -2.29887 7.31364
0.884253 9.17179 -0.984914
-9.74198 16.1054 29.285
-0.427706 -3.39924 -5.26788
-1.24756 -0.712965 -0.735576
0.439811 0.175842 0.194769
0.188612 -3.09815 -1.88225
1.70342 3.50342 -6.08656
-7.65754 6.99211 -5.83237
-10.6282 12.7021 3.25367
-19.6082 -4.94636 11.1032
0.164322 2.5298 -5.81711
-0.751544 3.23182 9.73167
2.04463 3.87702 -2.41348
0.521127 -2.80389 -5.57134
1.07889 7.0474 3.71229
0.46126 0.482475 -1.26161
-1.60311 -6.5511 3.52855
-1.22121 0.620562 0.23133
0.428091 -1.35845 -0.805514
-0.715597 -3.52567 1.30006
-0.0650248 1.96696 0.0447146
-1.29682 -1.56887 0.397415
-0.774051 6.60771 10.3216
-0.691559 -1.39631 -0.721101
-0.703344 -2.80824 1.57319
-5.42341 -3.81789 -5.05365
-0.679286 -1.39818 -3.43501
1.05551 6.80457 1.73185
0.392979 -0.461895 0.137159
-1.32323 -1.0047 0.751566
0.102963 -2.86673 -1.38182
-3.35146 -4.63868 -1.44547
0.729972 -5.16979 -7.70981
0.187743 3.17847 3.44716
1.08517 0.710302 -4.36348
-0.150978 7.8387 6.24993
-7.07724 17.0699 13.9852
0.163732 -1.5889 -0.759995
-1.0361 -4.65654 -7.18951
-40.2928 24.2329 -28.5705
1.03666 6.75827 4.53694
-5.56593 -12.4241 15.9756
-21.1751 6.59296 1.39276
-0.0543429 -1.58095 -8.96408
-10.0918 32.7086 65.6271
-1.0246 -3.11157 1.32635
-0.154043 11.1498 8.4951
-22.6879 25.6057 10.1886
1.66551 10.6928 -0.368881
0.98971 -0.816201 -5.90588
-19.3168 70.7246 76.5731
-73.2416 11.5157 -48.2278
-0.981041 -2.2807 1.35115
-9.84145 83.0955 5.99585
-1.03238 -0.817163 -0.996733
-22.0259 23.6367 12.2405
0.746457 -3.91668 -6.83051
-20.9176 -61.2521 92.4134
0.161692 1.8913 -4.73468
-12.446 82.8039 47.4737
0.122985 -3.1853 -0.829381
-14.8332 24.2917 17.2511
-0.128136 -3.48345 -2.31279
13.6614 11.4106 -6.9743
0.0758663 -8.84905 0.0945553
-0.164996 -4.88094 0.0936166
-6.18854 7.16349 -0.904074
-0.690758 1.65402 5.25938
0.181101 7.13246 -1.29736
-0.0970939 5.52587 6.39134
1.04139 6.1137 1.49992
1.12618 4.65885 -1.06461
-2.5499 0.566516 4.13626
0.806103 0.382382 -1.6202
-14.5188 50.8512 5.14956
0.182106 2.22047 2.24138
-9.04871 78.4177 50.685
0.163398 0.711166 -0.237732
-1.86078 -6.89464 4.68517
-9.70432 78.354 37.4293
6.27811 52.3632 80.0081
-23.283 11.6923 11.4949
-21.6342 18.0989 -15.8917
-23.8806 3.14795 -14.9984
-0.734806 -4.60083 -3.20088
-1.0639 -0.206821 0.0696181
-0.41013 -2.48509 -1.06316
-0.453319 -3.98886 1.34987
0.865725 5.24362 2.5671
-0.731656 -2.79199 -1.91564
1.58815 9.13068 2.23659
-1.07815 -4.90598 -4.06218
-7.3562 10.8472 -4.69239
-0.139331 0.409276 -5.22092
1.34514 6.3473 -2.97636
0.250504 -2.27542 -0.729514
5.02336 8.17574 -15.4085
0.134291 -4.06236 -0.156897
-15.4388 21.5051 16.2247
-14.4303 17.0002 46.8288
-2.5361 -13.6135 -9.23356
1.66702 1.89164 -5.52212
0.16704 -4.63274 -2.50393
0.745944 3.15002 -4.95704
0.159502 0.436245 -2.85607
-12.3989 84.4784 45.7307
-0.444743 -4.07599 -1.65807
-15.9726 28.2012 54.3168
-0.457986 -5.64092 -1.29526
-14.6681 18.2948 49.469
-3.70792 8.28606 3.34273
-0.47026 2.60366 10.968
-1.00122 -4.44588 -1.69785
-6.46502 1.046 -4.48649
-12.4676 8.66337 -6.5717
-10.4602 82.1162 20.3335
-6.31424 10.5808 -0.288159
0.444097 -1.30983 -7.92731
-0.179984 -2.63773 -0.0558721
-27.4406 5.24773 15.6535
-12.9967 83.3239 21.898
-13.9518 47.4628 30.9007
-0.72445 -3.77192 -1.68855
1.9031 8.62153 0.518962
-1.31528 -2.62848 7.89978
1.02593 -0.168281 -4.34122
-1.66649 -7.32804 3.44683
-11.8488 7.36966 -2.87134
0.270719 3.93434 -3.44259
-1.8628 -6.00198 -1.68255
-0.952094 -2.04422 -4.31323
-14.2681 15.258 46.0905
-0.0872657 -0.485161 -7.33907
0.524221 2.20404 -7.39693
-15.7092 16.5881 7.73612
1.37698 0.997634 -7.8866
-0.109898 5.9772 -0.0494259
0.515704 1.32021 0.723667
-1.33001 -2.00764 -0.125121
9.76089 12.2663 47.9334
-0.947509 -1.90295 1.87492
0.410043 30.1332 59.8283
0.453581 1.63955 0.834333
-1.26053 -2.19987 -0.190483
0.190851 -0.732901 -0.164742
-1.62212 -3.35132 -2.24983
-6.1333 11.0461 49.72
1.06969 7.56684 4.0046
-18.1415 26.4479 12.8417
0.721862 4.3852 3.09649
1.94653 3.84161 -5.84347
0.429485 -2.86754 -2.30601
0.780068 8.94271 -5.64004
-0.702044 -1.98805 2.83259
-0.981944 -5.5823 -7.00686
0.44616 -3.23267 -10.8815
-13.6559 12.3828 -8.56644
-74.2349 46.6298 -11.9556
-16.5003 89.2464 102.031
-0.441539 -0.796753 1.14419
-1.34686 -2.45125 -1.88691
-9.02996 18.6627 22.6107
1.01226 7.99111 0.787754
2.36205 8.47379 2.46266
-24.0859 -9.78152 -0.896367
1.18173 0.0818939 1.32694
-1.03717 -1.67251 0.146041
0.193517 -1.62703 0.380598
-1.94861 -4.3338 4.63877
-0.703971 7.0169 4.75007
-12.4914 39.955 19.2243
0.415202 -4.61774 -1.5868
-17.1707 -4.7734 7.43394
-14.2556 57.7752 5.48276
1.01414 3.23817 -6.07057
-0.404295 3.75779 -1.92351
-3.08697 7.73773 4.21712
-18.7394 33.3667 15.0763
0.189747 -2.54443 -0.516352
-0.466013 -3.42272 -1.97156
1.41792 6.73783 -0.456279
-0.0931191 0.243687 -7.68985
-0.683997 -5.51928 -4.07836
0.164457 -1.90751 -0.714584
-0.453441 8.22898 1.48551
-8.58113 9.03338 -0.568378
-0.437623 -0.0369107 0.735193
0.740202 0.12994 0.677742
-0.999202 -0.699477 -0.122411
0.495292 2.25314 -5.22621
-8.27398 0.569107 -1.18304
0.421733 1.59653 -7.71665
0.846289 3.73821 1.35003
-18.7449 48.5486 27.5182
-0.154163 6.4818 4.89396
-2.15643 -7.92408 9.46231
-1.31547 -1.3415 0.189706
-33.3908 34.2609 -6.60654
-0.0490296 -1.73015 1.71971
-1.33562 -0.53239 -0.44434
0.438331 -0.176745 -0.176441
-1.58918 8.87885 18.6158
-1.93049 -12.0225 0.913571
0.159306 -2.61162 -1.67672
-0.432741 -4.6569 1.70392
-5.54362 -1.26889 -2.80119
-0.79912 1.0755 1.69522
-0.714529 -0.493561 1.07756
-0.0625523 -2.28451 1.35549
-0.103343 -0.685651 -1.0105
0.627714 -3.23616 -9.1993
25.3221 -3.78424 -11.4018
1.31938 8.27759 4.29709
0.0668135 3.65385 8.48626
-5.25194 -1.01407 -7.60833
-13.6222 52.6584 35.5382
-0.389687 1.28301 6.48375
0.787705 -1.00858 -8.89362
18.8682 13.9022 -2.40069
-20.8381 12.8614 -10.3213
0.713082 3.4127 -5.03602
-0.414227 -4.57026 -3.48939
-0.9432 -5.50005 -4.36966
-157.596 -14.9672 14.9493
-15.3956 19.5705 46.2148
-20.4359 49.1516 31.1598
1.71734 9.63951 1.91445
0.150485 0.701177 -4.64355
-5.24832 4.98563 -1.21507
1.60895 6.70243 4.97948
15.1021 13.2598 -10.6063
-1.01995 -2.57072 -1.40343
-3.36224 4.98433 -8.86207
-0.149974 -0.663943 1.71114
-29.8597 9.98945 0.0163162
0.241948 -6.27604 -12.0393
-7.94835 8.5039 -1.73212
0.953189 -8.33792 -16.339
-4.63966 -3.07821 0.405153
0.268891 1.1892 1.98983
-0.139734 -3.46437 -2.50739
-0.760736 -4.2987 -3.46403
1.38263 -1.95619 -9.72727
0.22964 3.73211 -5.21224
-0.830222 4.80009 9.12091
9.71726 -4.33335 -3.9976
-14.749 15.8098 21.2313
-6.66514 -9.75624 -2.31039
-7.93466 0.16145 -3.20598
-13.6564 50.4314 5.18508
-0.479788 -4.36206 -1.71715
-5.50103 9.74552 -0.126674
1.3518 -0.452147 -7.99003
-0.530628 -0.983971 5.00993
1.08064 7.86135 -3.37734
-1.06865 -5.72674 -0.978638
-0.0801145 -0.751405 -5.52236
-13.9285 17.257 21.3186
-1.43758 -7.04839 3.78853
-9.71649 98.8707 43.1849
0.761501 1.10214 -1.05773
-13.4127 38.8406 -0.787412
-21.4606 -7.18416 -2.43152
-0.315315 5.41153 -0.864088
1.09606 1.33966 -7.41285
-10.6462 17.6262 21.2296
-1.0078 1.27887 -0.091017
-13.5532 80.7214 48.2381
0.567886 -3.70992 -5.82714
-4.99637 6.84322 0.710902
-0.730821 1.08946 4.66759
10.1347 -3.35287 4.72358
-16.0906 9.61294 -1.26981
0.254593 9.29271 1.74248
0.72396 -3.76741 -4.92522
2.23805 2.98333 -3.02054
-1.83833 -10.2985 2.31084
1.61645 2.14285 -5.35875
0.154242 -4.39205 -2.87042
-10.0777 52.3895 21.1858
-0.141561 1.05074 7.07108
-0.12409 -4.13882 -3.72698
-1.27945 -4.89444 8.2418
0.400744 -3.43413 -1.95046
-2.17972 7.67206 4.29451
-0.16697 -0.977807 2.23054
-18.1011 44.6164 6.5458
0.204247 0.13937 -6.49052
-0.340004 2.50756 -3.66772
0.990654 4.36425 -4.34604
-11.4344 0.855922 -5.28121
4.60185 18.6502 4.41141
0.450439 2.28335 0.477353
-1.30957 -2.86409 -0.502194
1.12522 5.5743 0.797309
-21.9582 28.1254 7.07719
0.205787 -2.93859 -2.74309
1.68259 3.79566 -5.26875
-1.56704 -8.96947 3.46544
0.443318 -5.79826 -4.06535
5.86508 -0.494551 2.32306
-51.9805 19.9801 21.9766
0.159375 -5.80555 -7.04069
-1.94315 -8.71145 6.40082
-1.23554 -0.46462 0.0174567
-1.33206 -1.85353 0.146817
0.1021 -2.2358 0.774248
0.850291 3.11074 0.181993
-0.157382 7.01103 6.15947
-0.955435 -1.64796 -4.31938
0.692091 1.04871 0.693883
-1.03279 -1.67033 -0.0752837
-0.725705 1.05709 9.1767
0.146671 0.710048 3.7385
-20.2522 1.09985 0.059106
-10.5625 21.9328 15.6633
-20.8009 8.98553 -7.655
1.3123 7.92949 4.15438
-1.24599 -3.65823 -2.18009
-8.83256 22.4905 21.8366
-0.724543 -3.15449 -2.86636
-1.38383 -1.28744 10.966
1.94819 7.49039 3.59962
-0.490281 -4.03715 4.12526
-0.0686367 5.63839 4.57835
-36.054 28.5599 -23.8723
0.14971 -5.48702 -7.07469
-1.88029 -9.14532 6.50801
-0.630834 -0.550706 6.28101
0.809611 7.41821 -2.26043
-1.04877 -6.96593 5.32699
-8.78547 91.1595 60.4045
-6.74283 9.67961 3.996
-0.648774 -5.87207 0.924484
0.116994 -2.5125 -8.54027
-16.9469 -0.464914 -1.80596
0.488548 6.5427 5.58677
1.65932 2.52309 -6.52435
0.117327 -4.04795 -1.62247
0.751122 3.62171 -5.86752
-1.3316 -0.267909 1.3874
-0.668159 -4.06409 3.71915
-4.42711 8.97977 0.530048
1.05912 0.486097 -10.607
-9.23939 14.5617 11.2139
-1.02122 -2.80718 -1.58336
-0.408181 -2.74585 -1.54841
2.94368 7.53551 -0.302015
-0.128715 -3.71874 -3.17276
-1.89958 -2.67809 12.9895
-44.8031 41.1537 -10.7214
1.09435 2.9339 -4.79549
-12.3937 12.1887 -1.36301
-1.07373 -8.99391 0.117811
0.17862 -2.56429 -1.37213
-0.757181 -1.70461 -0.969495
-0.720834 -3.1761 1.31894
-0.428603 -3.42425 0.987156
-0.471428 -1.94912 -1.30446
-7.90755 -3.36041 1.67829
1.07517 -2.27608 -9.96375
-20.182 -3.6747 0.491334
0.15429 -0.0939151 2.54768
0.709585 1.6815 0.755931
-1.02746 -2.17284 -0.161896
-19.2588 40.6381 -2.24753
0.401984 10.5055 -6.04644
-0.92284 -3.81149 2.20008
-19.9558 26.9518 13.6286
-9.48554 30.4171 40.9833
-19.3943 41.3064 8.45304
0.139831 -2.49702 0.80329
-0.147783 2.29416 3.35878
0.690299 7.9534 2.81702
-9.42903 2.03181 -1.20036
-111.686 86.2621 -81.6494
7.38802 -4.43862 18.5488
-7.33785 -3.11743 -5.61005
0.168574 4.93179 2.33216
-19.9852 2.3687 -9.73353
-0.655248 5.15228 3.91678
0.194275 3.44665 -0.234973
1.04512 4.30828 -4.10976
-7.02655 5.29509 4.43396
1.80325 3.13174 -4.60483
0.418266 -3.42724 -3.46881
-75.9768 61.0188 -37.6541
-0.738939 -2.53249 -3.79091
-1.41003 -0.85488 10.1419
1.96918 6.83735 2.64718
-0.482043 0.800831 0.985837
-2.45736 -5.45924 3.94827
-0.464691 -0.671948 1.72264
0.192574 -2.58294 -4.39332
0.812725 5.20404 -3.18221
-3.06676 3.48688 -2.33226
0.146854 1.30356 4.0544
-10.3459 22.8537 42.2595
-0.716798 -4.58402 -1.72605
5.00243 -2.22813 1.34684
3.18065 -13.2002 -25.5053
0.724125 4.0067 2.29897
-66.0808 17.8435 -38.2366
13.6895 16.9579 -11.3309
-18.8573 57.5733 15.0393
-0.435153 1.3681 -7.44827
1.03241 5.41249 -0.713949
0.515841 -2.18119 -6.74591
-0.736069 2.40702 8.47504
-20.1577 57.2173 34.8062
0.150634 1.28446 -2.89167
0.15875 -2.47499 -10.696
-15.7581 29.256 54.9274
-0.130933 -4.67381 -1.92336
-8.81818 -2.23836 1.05952
0.141936 -3.43987 -9.40639
0.250659 -2.25768 -9.17324
-0.141935 -5.81554 -2.16425
-0.429613 -1.50391 -12.5101
-0.989197 -1.95346 4.57762
0.433376 4.94508 -0.449098
-12.968 9.9077 -5.47617
0.418833 6.40288 1.92344
0.347676 -0.0816455 3.34067
-4.99628 5.95049 -2.81571
-9.0928 11.755 25.029
-0.430188 2.29264 -1.31296
-0.432703 -4.83503 -6.1769
-3.3599 -6.7905 21.7867
-11.7731 32.2845 23.5483
5.93449 93.2887 28.2063
0.403742 -1.05829 0.156833
-1.28746 -5.03642 -5.61125
1.95431 5.86312 -3.53244
-87.7326 58.0191 -50.0215
0.152511 -5.56242 -4.39727
-1.94637 2.65171 19.4619
-2.49581 -5.99403 7.41878
-0.133652 -2.30518 1.67126
-17.8257 14.625 25.0783
-14.1779 11.1931 9.75117
0.508916 3.96184 0.118747
-1.35743 -4.6731 -0.790978
0.8812 -4.88031 -8.35293
-52.6938 43.6941 -17.0889
0.444104 3.42512 -3.1444
-23.5758 42.6359 1.70852
-0.646504 0.859773 4.66826
7.95115 19.2222 55.6505
0.179916 9.5305 1.72663
0.760318 3.73816 2.2754
-135.763 0.700832 40.0274
-0.134188 6.46429 4.13191
1.05884 2.5446 -6.44196
-0.134028 -5.21472 -0.736261
-13.9799 58.4115 6.68864
-21.7952 26.0367 13.792
-6.02004 8.94738 -2.97065
-0.745857 3.45183 3.49156
-14.2865 24.411 1.65365
-0.142513 -0.45565 3.3972
0.145571 -1.07402 2.50545
0.0874095 8.51156 9.3448
0.165737 0.416825 0.223174
-8.8783 6.88926 -2.51128
1.32848 8.25105 3.14663
-1.29073 -4.00047 -3.13447
-4.03136 2.37751 -5.91585
0.740404 -4.31645 -7.36186
3.80443 -16.2042 -31.9302
0.464252 1.63391 -0.780527
0.543805 3.14368 1.59344
-0.439731 7.00932 4.69767
1.61711 8.80625 2.8112
-1.02689 -4.69837 -3.44772
-0.647086 -2.50473 -1.35521
-0.219987 -0.831243 -3.04913
2.55331 5.06166 3.22757
-8.26588 29.3332 29.1407
-0.185565 3.84203 10.5978
-1.61299 2.25929 -7.11639
-0.0902665 -4.34607 -1.09531
-1.06635 4.10572 4.86194
0.486267 -0.106204 -9.21016
-6.35296 9.42676 -1.21058
-0.729997 -5.53709 -7.0254
-19.0205 7.84172 -4.61992
-0.730739 3.63464 9.37819
-0.404793 2.94636 -4.25994
-4.59274 -1.61349 -2.34028
-0.398551 5.8795 3.83844
0.58754 4.23463 2.60006
-7.01727 -2.5485 -5.26315
-0.680153 -4.60125 3.74006
-28.733 9.82582 -6.38096
0.719297 2.28476 -6.78957
-0.347077 0.463807 0.317756
-2.52627 -5.84015 4.53687
0.162653 6.47546 4.94069
-0.722242 2.23434 -1.01906
-0.180121 -5.60498 -6.47602
0.205158 -2.84319 -2.52674
1.62632 3.71547 -5.54075
1.71667 -3.53684 -10.1431
-7.32401 -2.26707 1.56819
-0.44336 6.42056 1.92415
16.3336 14.748 49.0368
0.523385 3.75387 4.32499
-0.979273 -3.97664 -6.4506
-1.03918 1.35092 11.0088
-15.1875 20.9285 16.6473
-1.42389 1.04193 0.346487
0.379722 -1.64352 -0.426972
-4.31566 -1.84156 -5.97831
-0.0617181 2.47939 7.3755
-8.26398 20.4486 -16.03
-1.02695 -2.61997 -3.7848
-14.2906 17.3047 21.3095
-1.37133 -5.74575 -0.934381
-0.7145 -2.00971 -4.33295
-1.33407 -0.0522077 9.47595
2.02573 6.06858 1.99621
1.03446 5.86429 2.85095
0.761033 4.04214 2.56561
-1.04652 -2.46427 -1.93457
-16.6308 25.3713 13.4104
-5.28001 -3.79976 -5.22401
-0.424102 -1.46424 -3.80206
13.0706 -12.7347 -62.1087
1.41869 5.14779 -1.02372
-6.42763 -4.77817 -4.56118
1.02451 6.46578 3.19137
-0.184442 -2.27284 0.198143
1.47039 -3.53958 -12.24
-4.82668 7.49054 3.11691
-22.0549 19.3396 -11.5085
-11.5455 25.1689 56.6775
0.802679 4.67359 2.84178
-0.405958 -0.387073 -4.29588
-0.999526 2.40478 0.454062
0.766312 -3.19601 -0.411427
9.15106 -1.92643 13.1686
-1.05986 -2.8322 1.24542
-1.036 -1.25602 -1.06227
-18.0615 26.0854 18.0285
-1.09424 2.21334 9.92068
0.23975 -1.65937 -8.00967
1.50505 4.86167 -0.284674
1.02224 -2.905 -7.26622
0.0931704 8.57777 3.19062
0.765255 7.34206 1.94063
-0.424375 -5.22824 -7.33354
-16.6339 50.6633 11.822
2.29574 20.9991 50.616
-13.6492 89.4959 52.3849
1.71393 11.6556 -1.84796
-199.634 10.2726 5.62225
0.145464 4.87247 6.56515
-8.58876 3.33711 2.46723
-0.44538 -5.78689 -2.16993
0.172764 6.78902 6.16117
0.830871 3.45865 6.84945
2.25807 10.1492 -1.53477
-0.959051 2.03161 0.40952
-0.984071 1.90068 1.28032
-15.071 17.4408 39.7111
1.38418 1.904 -7.32535
-0.228577 4.92331 -0.790191
0.512057 3.15504 -6.63693
1.42248 9.45238 2.24145
1.40168 5.94158 -4.9206
-0.18236 1.05482 -3.11382
-0.426823 -2.65972 -6.40942
1.03623 2.29593 0.18522
-0.807509 -2.84826 -0.795671
-0.670728 -4.25593 1.68462
1.7496 5.43097 -4.33084
5.53962 18.0178 56.6707
-0.130825 -1.53418 -2.26614
0.424821 -4.87947 -4.95578
1.13123 2.7218 -2.56286
-1.00407 -8.72582 2.35575
-6.03115 19.08 3.2479
0.4369 4.37176 4.99816
1.08497 2.55129 -7.06594
-0.394759 4.29799 -0.973296
-0.303423 5.86111 1.20916
0.130003 -0.77263 2.8068
-5.94347 11.648 -6.56778
-21.3109 16.9111 -12.8735
1.9702 6.18547 -3.47771
-76.638 4.52736 -4.9834
-0.389014 -2.61112 -7.69365
-0.0824113 -4.67765 -3.40796
-3.40144 -3.12985 -2.1011
-2.48753 -2.21896 1.61116
-21.4975 19.7578 17.3675
-0.459211 -4.65015 -6.11973
-36.7749 20.3882 -26.9718
-0.732006 -2.79727 -1.43667
-4.08027 7.46109 -2.1729
-0.629038 -4.35861 1.12332
-71.3378 -21.9909 5.41834
-0.671211 -2.89075 -2.62276
-0.448717 -0.783819 1.95455
1.06853 4.40495 -4.97334
-0.413517 2.49978 -3.11924
0.417292 6.07663 7.13918
-0.49192 -4.07848 -4.06141
0.545655 5.30925 -4.03366
-0.112486 2.91697 -3.48801
0.803991 -3.08291 -7.3518
-0.319307 3.40915 8.04231
-1.00067 2.54564 -2.81585
0.474286 4.34554 -5.20346
1.26683 3.22013 -5.82763
-0.133089 3.76714 -2.23588
15.4489 -9.04231 4.92531
-0.4612 0.745122 -1.3991
-20.4402 38.8937 25.9567
0.219465 -1.08291 0.175974
-23.8224 -8.32681 -8.53315
-0.706672 -1.00694 2.24356
-0.117516 3.11333 -2.50025
1.32346 3.68418 -5.5377
4.89028 4.65024 -1.8675
1.08478 5.84119 -4.0234
-0.395421 1.03543 -4.03755
-0.610036 -2.5234 -5.45579
0.248417 1.23535 -7.21743
-34.9327 34.3516 -13.153
-0.744279 6.1634 7.01906
-4.34423 5.36747 1.24031
12.8418 -16.4497 -0.296221
4.51568 -9.31687 -17.6515
-0.944805 -1.94981 1.67747
-0.907642 9.63406 21.4366
-1.04299 -3.97702 -1.68426
-16.0269 37.3095 17.8665
-5.71216 11.036 -5.31068
-9.93496 80.0683 37.9045
23.5938 15.9741 12.1359
-1.84813 -3.19851 1.06714
-95.4843 42.2385 60.4596
-8.18427 -5.08893 -0.943919
-2.87554 -7.3969 15.2493
1.33357 7.04377 2.87158
-1.22025 -2.7523 -3.37015
0.169974 7.08527 -1.03944
-10.6565 62.0372 6.74426
0.527112 -0.464595 -1.34261
-6.72959 -3.06653 4.63166
-4.66761 3.04377 0.301594
0.179532 -1.61371 -2.90265
1.59384 10.3433 3.36625
-1.04798 2.00874 12.3815
-13.9234 16.3445 22.5313
-0.04461 -1.7462 -6.78862
-7.56882 79.0621 53.7602
0.14072 -6.5327 -4.69513
-37.6768 4.58043 -1.69125
0.758752 1.30718 -2.75537
-19.5586 24.9419 8.55561
-0.655631 2.20146 -0.459363
-16.342 7.61084 -6.68263
1.34105 -2.82207 -9.7762
-16.4481 15.3328 -12.2138
-2.94276 8.74053 3.52866
14.7629 -12.1464 2.78026
0.456559 3.12406 -4.6531
-0.110925 4.9856 -2.8829
-0.99122 -5.66099 5.85082
0.769892 2.31277 -5.20774
-0.430636 1.13732 -1.00449
-11.8526 -1.88001 1.65296
0.416534 1.93711 2.78565
-0.371929 8.33325 3.52705
-0.610825 -1.50364 -12.5103
1.6252 8.85071 2.25349
-1.00048 -4.6361 -4.11852
0.750872 4.93055 -3.46862
-8.78018 31.5355 -5.29682
0.992684 3.73539 1.06888
-0.163783 2.12684 1.33669
-25.9061 24.2887 13.5869
-1.88633 -7.32396 7.30395
-0.662769 0.767836 4.42783
-10.3438 0.609984 -10.1643
-3.36589 3.54407 4.88334
-0.707328 -0.523635 1.6051
-0.00424917 2.95194 2.75705
-1.04587 -2.28006 -0.635715
0.703909 1.64408 0.144456
-12.0831 7.79546 -4.09054
0.160627 -7.56778 -5.17805
0.799628 0.130625 -2.1987
-0.169934 8.52624 6.04525
-9.69158 -1.02648 -6.75472
-1.12811 -9.06338 1.92317
0.432692 -4.64323 -4.67206
-14.5489 42.5007 20.8134
-0.445958 1.35702 -2.52179
0.512429 7.27628 6.41014
-30.1617 9.53273 37.3373
-9.96123 1.35732 -8.42194
-20.8465 38.7196 25.589
-0.963323 -3.77592 -6.23809
0.426992 -1.98585 -0.6692
-8.17117 16.6426 49.5754
-12.3661 43.3527 17.1614
-0.123437 3.44606 3.58307
-3.76331 -4.92159 4.3821
0.164498 4.02803 6.46464
1.61235 10.5558 -1.98491
-0.672542 -1.70337 -4.06524
-5.60207 0.953181 8.66401
16.6372 17.913 17.1254
-17.5751 29.874 -0.660637
-10.3247 14.8991 28.5708
-1.3127 -5.48181 -1.27815
0.135282 -4.51366 -5.02473
-7.08847 110.564 67.0517
0.776183 -4.10879 -7.68072
-4.98011 74.0193 15.956
0.511767 4.40234 -3.77301
-14.9037 56.6222 3.33558
1.40124 3.22232 -4.24189
-0.125955 3.67801 -3.84757
0.660632 -5.59772 -7.0658
-0.766288 -4.68886 -5.2013
-2.16784 1.84864 -2.8603
38.2726 -11.082 0.948967
1.29056 10.0424 0.766854
-21.0741 16.2849 23.7379
2.30315 0.582253 -7.44725
-4.96142 -5.64026 -5.48889
0.0482851 12.634 41.602
-0.132373 -3.18541 -4.02963
-0.746657 -3.43606 -2.55561
0.567807 1.86212 0.19254
-1.30356 -2.52367 -0.719265
-0.0512249 -5.63472 -4.42171
-8.50245 21.8065 26.8569
-0.42111 -2.19358 -5.45406
-0.131076 2.00595 -1.03409
0.815211 6.80499 4.90691
2.25823 7.89521 1.14753
-1.09624 -1.861 8.46579
-0.362858 -1.50048 -8.51124
-28.0604 5.49689 7.02303
-15.0701 14.9875 24.2829
-0.637554 5.80159 1.10653
-3.33034 -2.26475 0.334672
0.736662 -1.01452 -0.805421
-4.66054 -7.98201 7.78376
-1.0739 0.574918 0.134475
-0.704745 5.33098 1.14406
-0.685145 13.3269 10.3987
0.203021 1.61052 3.13836
-7.87701 7.80466 -2.71169
-19.4583 26.5875 8.9581
-0.426874 3.73839 -0.0905619
-0.364028 5.17753 2.31682
-6.37561 6.16692 1.93921
0.470992 4.10266 -5.28114
-12.5428 15.3171 21.7198
-0.148205 4.04784 -2.18519
-0.429736 4.74507 9.15887
-1.9351 -1.90966 14.7163
-0.785895 -4.93607 -4.05459
-22.077 1.58956 5.44071
-1.04101 -6.25675 4.7481
0.09437 1.49813 7.08334
1.72987 7.99754 -1.422
-3.71254 -7.97963 7.92726
-20.486 29.4039 17.5139
-7.34143 8.55659 6.97483
0.752477 1.01382 -6.75335
-14.2355 18.9511 19.1518
-17.6439 24.6949 11.46
-0.395292 0.996978 3.39204
-1.54199 -10.5792 3.06245
0.42502 -4.03236 -3.7481
1.95643 -1.22399 1.35447
1.14115 9.51473 1.95595
2.94838 35.8375 63.6745
-3.98473 92.9924 59.6674
-0.158371 4.64686 2.9277
-71.1921 14.901 -30.7719
-8.25632 38.3302 30.8176
0.790543 5.59021 3.47928
-0.449513 0.992447 -2.81173
-2.23351 4.01063 -1.28617
-0.647717 -2.53493 -6.84695
0.123848 4.38768 5.91746
-12.9384 47.4605 35.641
-1.03484 -2.8913 -0.987774
-8.01967 -8.22928 0.628219
-18.1433 18.2893 22.5874
0.419356 -3.71509 -1.67715
-0.42444 2.85357 -2.23047
1.0823 4.01505 -5.86852
-0.613663 4.56447 -0.154923
-4.36507 107.061 56.4416
-2.66776 0.205595 0.330283
-0.775637 1.01588 -0.407642
-4.25209 -5.88839 5.83911
-0.730425 2.50564 1.97734
-21.948 30.7602 19.5426
0.452725 -4.36475 -4.65832
-1.0005 -2.57649 -0.742932
0.756912 1.89409 0.165562
-13.1239 17.9732 18.1747
0.838646 0.42486 -2.19725
-0.146287 6.72271 0.79129
-0.0453526 -3.1392 0.44298
-102.426 12.5565 -30.6928
-34.9316 26.3198 -13.016
-0.360361 3.55444 0.921745
-1.32919 -2.8672 -1.01729
-1.04463 -0.14671 4.73055
0.406205 7.14228 -3.81021
1.33119 5.98056 -4.32465
-0.142645 1.03387 -3.75175
-0.230931 0.429159 -0.227078
5.27653 19.0672 52.8923
-14.5217 13.0713 44.5955
-0.411896 -2.50228 -5.82298
-15.4411 16.6704 21.8662
-15.427 37.0424 19.2334
-1.34815 -4.0455 4.29633
-0.776054 -4.68955 -2.84524
1.15479 10.9097 -0.143406
-12.0827 40.6077 29.6291
-1.62488 -5.015 -0.423075
0.181248 -1.1146 1.28925
0.17852 0.452774 1.3721
-7.91714 9.11584 -1.14796
1.05958 4.31586 -6.75596
-0.46035 2.53079 -1.32778
0.497758 10.0702 1.08914
7.65205 -0.192181 -6.37593
-3.50082 -6.38522 6.37758
0.124612 -1.61459 1.37201
0.805617 5.41285 -0.714338
-0.616365 1.36837 -7.44848
-19.0391 57.5737 15.0388
0.76208 2.52799 0.216476
-1.02633 -3.14839 -0.796534
0.128558 -1.38762 1.64438
-0.684524 -0.969946 1.7732
0.699477 7.95568 -6.83518
0.15953 0.0921141 1.0329
0.000748873 3.92449 0.0806342
-1.5937 -4.71224 -0.805833
0.19447 7.95708 3.36224
-25.6793 24.2883 13.5873
0.103769 -1.93928 1.34706
0.782545 2.26469 0.196161
-1.02979 -2.86796 -0.793853
-4.82188 -2.9367 -3.71659
-0.0512902 -0.455112 -2.18545
0.466986 9.45211 2.22356
0.29956 6.52083 2.70775
-9.97185 8.52282 -2.24554
-0.998039 -2.859 -5.49449
-0.0911896 -4.01952 -1.02844
-0.673027 1.06948 4.01951
-0.722234 9.01849 13.3039
-34.7059 34.3513 -13.1527
-8.8394 -3.34489 -5.45231
0.757076 4.95045 2.18088
0.849434 3.35778 -0.0638413
0.192666 0.184963 0.648456
-1.60633 -4.61636 -1.02085
-1.04447 -3.50181 -1.34469
-101.638 59.0337 -68.4476
-0.448275 -7.37963 -14.8477
-0.463217 -1.32209 -4.31161
-1.06567 -3.07891 7.68523
0.520696 9.99375 -0.663579
-0.0554134 -4.0018 -0.137234
-12.1779 17.8583 47.1745
-11.4577 16.6986 27.0648
-0.975702 4.25412 3.9559
-13.6284 46.3239 4.06796
1.06455 6.74223 3.42348
1.06674 -1.09116 -6.7063
-7.62106 9.40774 2.03742
0.548198 0.210297 -1.5504
-0.0829596 -4.10947 -0.470182
6.43913 -2.41556 -3.44695
-1.0442 4.39144 4.33356
0.84532 5.24777 3.13552
-0.0687983 -5.46162 -7.85568
-1.02393 -2.49257 -0.448777
0.754647 1.98577 0.46666
0.78712 0.372623 -1.97946
-1.3229 -6.57844 2.9338
0.480586 -4.36289 -4.92827
1.86102 11.2757 3.90646
-6.73884 -2.84293 -4.62238
0.760584 4.67114 3.12864
-0.122002 5.42493 3.24865
0.549576 8.53793 0.497563
0.748344 -1.30372 -9.41267
0.204538 -3.80239 -8.25857
-0.0763506 -4.33943 -3.22026
-3.61833 63.8932 1.98055
-13.6057 10.3504 -2.93748
0.393311 -4.36474 -4.34961
12.2075 9.91685 9.9713
15.4464 19.8376 8.00374
-3.47462 3.21167 1.39628
-0.0626897 -2.55653 -8.51067
0.207174 1.64562 -7.71679
-11.3133 21.2015 43.633
-0.673599 -2.79165 2.48197
0.75686 0.486417 -7.9491
0.835029 5.24343 2.84954
-11.2508 16.2091 12.125
1.07435 -4.60066 -11.7921
4.46528 7.17003 10.567
-0.187655 4.99546 3.34895
13.023 -16.4499 -0.296004
-0.778513 -1.97814 1.7266
-0.726432 9.63379 21.4368
0.237538 5.52281 -3.01566
-1.27844 1.45527 -4.87654
-6.12528 11.6484 -6.56825
-19.8524 12.6987 24.4496
-1.33005 -7.37843 3.29037
-47.7923 11.3303 -44.627
-7.92747 11.8476 45.0109
1.1877 8.1787 3.21638
-1.84717 -4.64947 -0.786567
-0.0525093 -3.75448 0.159662
1.29389 7.92771 3.13983
-52.9496 24.8674 -31.3628
-1.28219 -3.7287 -3.18696
-1.8275 -5.48882 -1.33506
-14.7258 17.5067 21.8625
-1.07142 -2.8786 -0.503342
0.795053 2.25366 0.447969
-2.23963 8.32305 1.34929
-1.06375 -9.74545 2.14697
0.479502 -4.07405 -4.92707
-50.2617 21.771 -20.1922
-3.38873 -2.54419 0.323944
-0.189695 -3.15762 2.57572
-2.79602 -5.76271 6.46589
-9.77865 14.9006 24.3328
0.52399 -3.47832 -4.61925
-16.1373 26.9477 14.4025
0.129299 0.163327 -4.92864
-0.0909837 -4.37084 -2.87488
-0.624818 0.663625 5.75307
-14.1714 7.23452 -9.73662
-0.437309 -4.6719 0.140002
0.402497 7.8647 5.52366
-4.0553 -9.02366 -1.11317
-0.0726292 6.62811 -0.481511
1.38362 0.0828707 -7.69771
0.432054 -1.06991 -1.31863
0.76597 1.90703 -0.129455
0.703643 3.47173 2.23401
-0.391075 -5.24586 0.0708534
-35.79 -4.4775 3.52343
-0.43284 -3.74765 -2.25515
-0.441587 -2.89322 1.31215
-0.456525 -1.36947 -1.08194
-12.8198 17.6768 -0.644516
-3.10473 1.75394 7.64
-4.62458 8.14656 -0.709961
0.0827767 -4.94089 -1.62772
1.67642 1.7479 -6.36461
1.03551 7.71199 -1.69267
-13.0644 8.35841 40.2722
-0.465323 -0.751978 6.79408
-19.2782 45.9281 27.8079
-0.440804 -1.09285 -0.694475
-4.04054 -1.41115 -5.38131
0.169315 4.09815 0.716649
-1.59575 -4.57804 -0.142976
-0.440701 -2.22962 0.172311
-0.715391 -1.81066 0.442179
1.22375 6.25526 -3.46457
-0.138731 0.734851 -4.65062
-6.94599 21.5702 25.9914
2.4404 4.25979 -6.39408
-4.29518 -6.71521 8.43264
1.34901 6.18897 7.6265
-19.6507 10.2612 -5.7872
-16.2295 2.80055 -5.07612
-6.11418 16.0683 18.5737
-0.374727 -1.7434 0.52299
-16.072 69.5772 35.7492
0.514324 -0.481006 -8.51443
13.6844 16.2377 -45.1573
0.450832 5.24489 7.69802
-15.7366 13.6136 -7.20091
0.14256 0.498655 -4.06991
-18.3739 41.8938 26.7159
-1.34112 0.97925 -1.07925
-8.88289 0.951095 -4.53507
0.204398 -6.63207 -13.3962
-0.675088 -6.84253 -6.33299
-0.365198 -3.77491 -7.07966
-0.904318 4.00696 -0.3017
12.6639 19.9883 54.4381
-20.554 16.2942 16.001
-11.4523 35.1545 -10.549
-0.15127 -0.196217 2.84272
0.759066 2.54697 -5.24322
-11.8436 -3.42546 -5.924
0.486557 3.47021 -4.65665
3.83699 3.99115 -2.69135
-0.425737 5.19641 8.52234
-8.04693 24.9607 24.7521
0.432647 2.59741 -2.26719
0.303632 -6.13481 -3.16006
-22.0717 32.4468 21.1005
-1.57076 -8.57376 2.54561
-0.0714964 -5.48625 -2.20085
9.75301 6.38941 46.0285
-0.602276 -0.365524 -4.81242
-3.74489 -1.78387 -2.39963
1.16035 -0.313975 1.13284
-0.953143 -5.69584 3.9861
0.685081 0.478952 -0.41802
25.504 -3.78465 -11.4014
1.12773 -3.02991 -9.1972
-5.25715 -1.07103 -1.93331
-15.4968 13.5275 2.45626
0.729734 5.26986 -2.25459
18.1488 99.9203 -125.117
0.188707 -5.08174 -5.20682
-0.170593 -3.15552 -6.02642
1.01029 6.46493 3.40094
-0.756329 -4.54668 1.50426
-17.0277 71.8828 38.6705
-7.71548 12.1821 -1.88038
-0.133713 2.24939 -0.435216
0.856977 6.35753 4.34583
-0.0918836 0.104033 -2.84563
0.225585 -9.6022 -12.2053
-0.989867 1.60168 9.6691
1.08216 9.79213 2.5863
-52.6325 15.7399 -13.215
-0.408464 -3.47076 -6.696
-1.05251 -4.9891 -2.21657
-3.8634 7.50334 3.11037
-5.78578 -7.33897 -3.6493
-0.951263 -5.20512 -4.11242
-2.48055 1.28494 -4.03691
-1.02338 3.91004 6.4948
0.243446 -3.8146 -8.83822
-23.8704 25.6741 6.58799
-17.5194 11.9924 44.2826
-0.728389 8.55769 7.1836
-11.3361 7.01512 -3.16125
2.2104 7.8755 -2.80288
-1.02273 3.90368 1.6122
1.76587 -2.69291 -8.39136
-15.3956 15.6872 21.2303
-0.153527 -8.40836 -2.61248
4.68402 6.55813 -0.93198
-4.90852 6.80026 -2.60301
-3.41707 28.5661 65.0982
-36.1094 17.6854 -15.1609
0.174473 -5.14895 -8.86561
-0.755063 -2.50492 -0.270885
1.03534 1.94467 0.692784
-4.95352 30.1665 22.9362
1.88494 9.70271 2.47456
-15.4782 43.2566 19.6173
1.38745 6.7555 0.762106
-8.82598 19.9522 22.6941
-0.694081 -5.53897 -3.81641
-0.116483 -3.40357 -0.52497
-0.4129 -13.3179 -9.80821
4.63519 -3.68079 -1.65844
-0.140425 1.71992 -0.187521
0.816622 6.91095 3.96784
-56.6124 27.4555 -21.4308
0.435579 3.80576 3.19726
-2.79167 -1.21633 -1.22657
-19.4085 26.7448 15.1515
-18.6996 40.6432 -0.731149
-0.426328 -3.62946 0.7937
-0.44127 -2.22725 -1.63805
-0.16324 5.84048 5.85753
-21.0366 30.0617 16.6191
-1.98041 -8.2807 8.9226
1.42424 14.3085 1.31264
-0.471577 4.35702 8.51277
-20.0467 60.9451 45.4729
-8.01376 18.8399 23.143
-1.02269 -1.86335 7.70945
-3.39912 -7.55846 9.29196
12.6658 8.51435 48.5407
-22.0033 33.5088 12.1412
0.1334 9.11684 2.30608
-0.756323 3.23919 1.73372
0.185077 6.96741 4.69279
-2.44571 -0.777723 -6.05584
-1.54691 -5.58165 -0.6938
0.142058 4.90444 0.091512
-10.6035 17.016 15.3025
6.35187 6.99446 -7.03081
-9.66794 20.0336 16.6999
-0.942952 -1.35923 -4.16263
0.181424 7.58343 5.19343
-22.3836 -2.19344 3.11093
18.6701 -1.58186 -2.57597
1.13934 8.04876 8.10647
-17.2281 48.3244 14.5826
-1.83937 -5.93489 -1.71269
1.3125 8.24701 2.85735
-1.30224 -3.94794 -3.50746
-1.37972 -3.43306 -1.06097
-17.8734 40.1892 28.2139
0.745006 2.30386 -5.56703
1.66718 0.976499 -6.08246
0.117059 -5.48421 -1.92083
0.494313 3.177 -4.93811
1.65104 8.34326 0.768718
-1.61848 -2.10044 8.2548
-0.165233 2.26073 7.83826
-12.9264 26.3954 54.0129
-0.145422 0.746798 -3.44581
-143.376 -36.1765 3.12172
-3.80694 8.78921 4.92232
-0.430454 -2.81242 -6.22757
-1.3303 -4.62999 -1.03659
-0.735509 -1.92908 3.12241
-0.740813 -2.59083 -5.04519
-13.0636 -2.91395 -6.20071
-0.164661 -0.676204 0.523742
-44.2769 37.634 -15.1237
-18.5507 29.1695 13.7544
-7.66356 7.93352 -2.07518
0.443948 1.6426 2.2415
-4.12651 1.96068 -1.46465
-0.134112 3.17612 -3.44077
1.48085 3.71636 -4.6291
0.488343 3.06284 -1.3895
-6.53577 8.5876 -5.0723
-17.2461 1.68497 4.60365
-0.682858 -0.694561 -3.70006
-0.490022 -6.08962 -1.63866
-0.160506 7.28849 5.88491
-6.92006 -2.84266 -4.6226
1.63408 11.2762 3.90604
0.744215 2.56803 -3.77196
0.179308 -5.24325 -3.80373
-0.462231 -4.06202 1.12892
-0.423458 -2.50498 -1.39644
1.03028 1.03597 -1.34917
-21.3534 13.5411 3.19529
-5.22159 -4.18237 -1.76291
-43.541 1.53521 -2.7751
1.43753 7.68998 1.00452
-8.85888 7.31152 -0.503869
-0.615819 -2.06321 0.803242
0.755207 7.96324 1.96438
1.09401 -1.89942 -11.068
-0.337768 -1.27606 0.162882
-0.35669 0.0800457 2.47495
22.1106 1.65032 -6.85066
-10.0729 3.64283 -9.74854
-9.44071 20.285 25.9292
-1.23063 -5.33017 -7.08898
-1.03352 -1.85457 0.128983
-5.23441 8.52455 3.54579
0.734379 7.37465 1.67101
-1.98148 -4.04547 4.11297
0.118791 -1.92036 1.02932
-1.96361 1.80289 -0.778841
-0.366974 -4.54261 -7.37451
0.74825 7.42838 1.36226
1.10112 -2.55976 -10.38
0.738003 2.82738 0.762397
-0.975414 -3.36907 -0.214671
-0.143032 -2.8379 -1.3929
-1.0005 5.57951 5.18964
-6.41508 6.60171 -5.71357
-1.0165 1.28684 0.576747
-0.13182 -1.99116 -1.30577
-0.132225 -3.43541 0.979561
-20.7784 43.0944 -4.61726
-12.7515 25.0614 18.75
24.7572 -1.82308 -10.6621
-18.5482 55.3334 37.0013
0.222436 -1.3106 -8.335
-19.3602 19.928 12.6665
-3.67767 2.86488 -3.71956
1.11598 0.0778079 -6.12254
1.91735 -11.024 0.359383
-0.112728 -3.78244 -1.07673
0.179629 -4.3152 -10.3021
1.7542 2.80019 -6.75116
0.158844 -3.75088 -1.3278
-15.8419 26.9857 53.6731
1.63529 6.49491 0.436969
-0.107471 -4.93719 -0.797197
-24.7013 24.5077 14.2317
1.06724 7.68241 2.84734
0.450484 -0.800883 -7.10748
0.890227 4.59549 -7.99113
-0.652566 2.18097 -0.200431
-2.47988 1.29408 0.724932
0.435538 10.0775 5.21814
-18.3909 29.0019 19.8618
-0.138376 -1.02847 0.756288
15.3771 -10.614 1.14726
-0.360817 2.17426 -5.10058
-0.381261 -5.05839 -7.27881
-16.0487 12.9296 28.0804
-19.374 18.6663 20.4257
1.12221 6.18933 7.62612
-19.8319 10.2615 -5.78742
-1.48815 2.19689 -3.06992
0.228088 4.63247 -4.91718
-0.434254 0.734132 7.88524
-0.120113 -1.13025 -5.8356
0.440114 2.61141 -5.58871
0.409158 -2.27996 -0.717231
-21.7387 38.9065 7.287
-18.4064 33.2831 14.915
0.582059 1.53637 0.504351
-1.32657 -2.25219 -0.405727
-9.16307 -0.937536 -3.15405
17.9049 41.6537 -23.6733
-0.14387 5.62648 0.841675
-12.0794 -1.87965 1.65257
0.177246 1.94953 2.80925
0.50268 -7.89757 -11.9995
-0.447476 2.75348 9.16846
-8.08941 31.4465 28.8269
-10.0241 16.2452 29.8345
-0.323841 5.07599 8.29668
0.0812168 7.74845 6.97911
0.111255 5.86245 6.38785
-15.4781 11.5504 10.4494
-20.869 8.84903 -5.13564
-25.9074 11.4892 -20.5916
-0.116502 3.15 8.36207
0.166566 -6.03648 -7.76385
1.69701 9.50037 -0.851249
0.161855 2.89519 7.51951
0.741642 10.6727 -0.149148
0.887468 5.77955 2.9181
1.05727 -1.631 -8.29479
-8.49268 29.3336 29.1404
-0.164734 1.95722 7.08327
-14.7356 27.5097 56.259
-0.630479 0.160399 -4.90933
0.8133 6.73792 -3.16444
0.232586 -0.503654 0.482073
-9.43223 17.1984 24.849
-0.140153 -1.95541 -8.85221
-1.03341 -3.53296 1.30648
-1.01861 -1.95372 -1.02672
6.24613 21.8864 -2.54664
-1.3239 -3.9996 -2.61671
1.27144 8.23782 3.74836
-3.61403 -7.37164 7.92997
-22.6328 15.454 1.40419
-13.1095 77.3622 59.1063
-19.36 3.72703 2.89296
-1.95768 3.5641 -10.9915
-6.66995 1.16996 -9.4081
-2.0157 -1.33597 -0.479093
-0.154024 -0.441704 0.504506
0.992305 -3.71568 -9.71491
-20.2204 -2.14979 0.114816
0.12869 -1.63074 2.21029
-19.0466 -1.14077 11.7669
-19.3804 36.7192 24.9176
-0.76752 -5.21618 -2.27735
1.63358 8.60635 0.816516
-1.27049 -0.984872 -0.718093
0.461342 0.438079 0.172282
-76.8716 25.895 -35.4681
-5.23296 -7.84678 3.24388
-0.137512 -2.91029 1.11527
-0.137816 -1.23224 -1.42043
-0.941403 6.91376 5.22059
-0.421669 -6.14164 -1.04118
2.90068 12.0055 -8.66423
-6.60468 -1.33972 -2.92911
-18.967 -1.61873 -4.14459
-1.84892 -3.35097 -2.25022
-2.2304 5.34067 -8.4338
-24.1632 9.25185 37.5173
-0.0590361 -3.11676 -1.8179
-0.179333 -4.55153 0.348581
-0.428512 -1.09123 -4.29859
-0.168155 -3.65824 0.757928
-18.4728 40.6428 -0.730771
-1.83822 -4.58932 -0.135822
1.03908 6.51623 -7.10684
0.166521 -3.77636 -7.59218
-89.3206 66.4576 -47.1283
1.32121 2.26142 -7.31081
-0.131904 4.63321 -0.740675
-1.31486 -0.440455 1.31802
-21.4158 13.8365 -2.45436
-7.80629 5.20065 27.3249
0.512892 2.87893 2.0164
0.481235 1.29234 -0.42713
0.409138 -4.35701 -4.06224
-9.4576 7.98753 4.79745
12.1292 11.9581 48.1385
-0.471542 -4.96709 -4.67128
-5.76915 -2.14054 0.0968943
-0.41028 -7.73126 -6.14961
-0.137942 6.40999 1.95244
1.40666 1.91534 -7.61389
-0.141958 4.91654 -0.421716
0.50392 1.32455 1.69316
-1.6502 -5.79343 3.91465
0.414956 -0.181047 1.00859
0.158152 -2.52038 -10.958
-0.166415 -5.55514 -0.536394
-0.163148 2.51985 9.91748
13.4346 11.4109 -6.97469
-0.427467 -4.82714 0.165805
-0.437776 -3.49392 -2.29117
1.64427 3.54652 0.0432652
-0.0443563 -4.069 -0.768523
-1.0497 4.42223 4.50736
-14.8478 8.57433 -6.04689
1.9208 2.74688 -4.34004
0.430724 -3.79368 -3.76124
-0.467807 -5.28382 -3.80708
-18.1389 15.514 25.7924
-143.739 -36.1758 3.12102
-7.95033 0.310477 -2.62597
0.15017 9.10134 2.76273
0.456971 1.91295 4.57889
0.176312 1.42881 -6.78323
-1.05125 -9.29641 2.48956
1.17579 3.06638 -2.12315
0.480859 -4.60623 -5.24006
-0.776574 -5.34527 -0.8613
1.11796 4.62991 0.269864
-12.6728 82.8043 47.4734
-0.119371 -1.61537 -4.58767
1.66283 9.20497 -1.65378
0.143665 2.6686 6.89932
-19.914 17.0653 24.6622
0.859194 10.2722 -1.05075
-7.96247 24.5842 26.5613
0.452845 3.08843 -4.05924
-15.7299 56.4746 3.04604
-0.439311 4.70381 0.0925759
0.447423 -4.00606 -1.59308
10.3932 1.30396 -43.3576
1.93802 2.46897 -6.5444
-0.726481 -6.10598 -0.976874
1.62502 6.53615 -0.176768
-12.3983 9.37927 38.8421
0.225654 -0.102631 -7.9871
-0.0542202 -3.14898 -1.6708
-2.02921 23.4597 46.858
-18.7401 49.6447 32.2065
1.69329 4.07458 -6.07913
0.179374 -2.55082 -1.91695
-17.2546 71.8833 38.6701
-7.94242 12.1826 -1.8808
-8.52718 -1.10415 -2.69344
1.0222 7.39745 2.8266
-12.4966 15.1818 -5.05661
1.15602 -0.13497 1.32026
-0.716451 -0.784809 0.205624
-14.4772 8.463 40.2085
-0.666939 0.625617 2.54094
1.97487 11.0766 1.19881
-0.738774 -6.70451 -5.21798
-14.8099 14.9849 24.2343
-19.3521 41.3996 8.39303
0.0915269 -2.61528 0.40217
-0.468248 -3.2581 4.67811
0.431734 3.16253 -2.82789
0.745153 -5.1148 -8.63177
-0.124994 -3.74523 -1.95759
0.280389 -4.30358 -9.53223
-1.65343 -3.40392 0.76729
0.167527 4.67738 7.41851
-9.93806 21.9709 16.0019
0.116082 -5.50424 -0.771866
1.63296 1.08463 -7.33339
-56.8393 27.4559 -21.4312
0.136191 3.80771 3.23706
-0.710135 1.96705 -0.173428
0.183655 6.80794 4.00966
1.36692 0.76386 -7.37118
0.803614 4.96686 3.12528
-0.189462 5.14914 3.24459
0.238986 -5.31045 -4.7161
-1.29716 -8.50469 2.03416
-30.9598 5.39187 12.8126
0.39994 3.43495 -2.29171
-0.759888 7.37951 6.17822
1.3888 -10.4647 -17.4561
-1.32849 -1.69193 -0.860372
0.48702 1.14574 0.25976
-26.5632 7.56496 14.1308
1.36612 9.49957 3.74201
-1.27893 -5.35978 -2.45966
1.67117 0.544044 -5.7852
0.258395 -6.09727 -2.25479
-1.86313 -8.66992 1.66238
0.187354 2.45436 -3.08504
1.02089 6.10447 2.85887
-0.37643 -3.08906 -1.41755
-1.32973 5.2288 5.17216
-12.2825 68.1038 32.596
-0.930123 1.96428 4.33717
-6.39699 7.3139 -1.89021
-14.7456 50.8516 5.14918
-0.0764367 -1.88077 2.30167
-6.38314 9.65851 -0.468228
0.508289 -0.45118 -8.25689
-8.25859 8.77061 0.430873
-0.133464 -0.495554 -0.10603
0.233345 -5.89809 -12.0059
-15.7882 46.8238 9.33205
-2.10902 -1.22421 0.304517
-11.5514 49.0849 -9.21836
0.774197 -0.650512 -3.78625
2.24313 5.78172 -4.43897
-0.959036 6.13598 3.25446
0.84804 -2.11217 -7.03918
-15.706 71.3004 37.4632
-18.4892 24.4347 11.5232
0.508824 6.37254 4.37027
1.02407 -7.8039 -12.8146
0.768298 -0.791516 -8.28309
1.05575 -4.68809 -11.0275
0.872494 5.1645 2.07446
0.200841 1.952 -4.29257
1.14132 10.3816 -0.719297
-1.00424 -1.70182 3.13185
-0.705302 4.1038 2.7432
-30.1173 15.8693 -10.5492
0.188133 2.7398 6.55132
1.66827 9.45759 -2.02676
-1.29491 -0.151771 7.64326
0.948562 5.45004 -4.86952
-0.490485 1.31354 -3.12881
-2.83237 -6.53747 4.97504
-21.707 64.2534 -5.15072
-14.8433 66.9474 9.65579
-82.2457 65.3797 14.0318
1.0362 7.66917 3.34527
-0.143793 6.46538 1.32168
-8.74095 8.38148 -7.69169
-1.84473 -3.38644 0.822268
-71.1607 4.39436 -6.10095
-34.8519 2.62782 -1.99403
-0.258677 8.2557 9.62745
0.451295 45.9593 -4.44888
-24.7166 7.60316 12.1725
-19.0721 38.2808 13.9367
0.441354 0.444293 -5.85184
1.33325 10.3835 0.0774196
-20.8172 32.1044 14.3799
-0.756814 -0.153135 -0.132527
-0.161526 -4.62146 0.1267
1.05217 5.46444 -8.01206
-0.426659 1.29547 -0.154578
-0.442059 2.93745 2.10858
-14.2505 8.46262 40.2088
-0.444913 -0.695772 0.121644
0.188704 -1.98369 -1.0619
-20.2302 35.312 12.9677
0.18887 6.25589 10.6591
-0.930726 -2.77832 1.54759
0.698398 0.72943 0.157989
-1.03865 -1.34432 -0.782801
-6.58898 -2.4946 -3.3512
-0.955262 6.60798 10.3214
-8.18488 -2.75178 -3.6087
-0.736857 -4.38178 -0.41154
1.01554 3.69109 0.493002
74.8726 19.0248 -115.356
-0.775447 -2.87428 -0.958498
-0.148018 -3.66011 -0.467468
-0.0797217 4.43259 10.0601
-6.03555 -2.34525 2.45844
-0.764548 -4.94144 -4.36612
8.823 0.105817 10.5533
8.04029 -22.9564 -41.529
0.156451 1.33118 2.93109
0.44423 1.28477 -1.27177
0.709438 -0.141723 -1.63168
-0.366414 8.13148 2.63518
-34.0055 -10.1552 9.37066
-1.35229 1.18636 9.8508
1.42425 2.10526 -0.854058
-0.689027 1.68952 -0.224235
-0.761374 3.05453 2.31279
-0.621462 -2.56571 3.06418
-1.024 -6.12921 -6.67497
1.02568 3.21592 1.63868
-1.75498 -4.69877 12.2245
-7.04975 -2.23478 -4.19822
-4.9608 12.7972 3.53208
-3.32542 0.77606 -4.17493
0.218926 -4.64399 -3.76302
1.61185 1.91154 -4.29189
-8.25636 81.9734 55.9876
27.3906 -4.06362 -18.7264
-11.7705 -1.21632 -1.96687
0.450413 1.3031 -0.764389
0.450733 2.89407 1.5916
-0.739395 -3.68006 0.778836
-19.6354 26.7452 15.1511
-0.659679 -2.28211 -1.60454
16.3441 26.2719 63.7085
0.422042 -1.10565 -0.0665427
-0.165308 -4.06003 0.370578
-1.83711 -5.00027 -0.415779
-1.64139 -5.59848 -2.26999
0.144742 -0.503585 3.17906
-0.487959 5.85791 5.82326
0.849411 -5.50849 -9.3553
0.804397 3.13961 1.04444
-1.04639 -10.6425 2.85351
0.553051 -3.17231 -5.43729
1.01367 4.60848 -1.99092
-0.443886 -1.9261 7.92861
1.0606 8.92534 -0.373863
1.12708 10.3225 1.87176
-76.0938 -8.75545 -9.52337
-0.127436 8.08656 1.74443
-0.451706 -0.332649 -2.60736
0.666109 -2.23661 -1.69503
2.25859 4.26019 -6.39456
-4.54767 -6.7278 8.45395
-15.1502 14.5082 26.7587
-0.711767 5.5119 3.67171
-1.60745 -2.50196 1.36984
-11.0306 12.0992 27.8233
-0.426038 -0.130174 -4.3157
1.03743 4.30041 -3.7134
1.3421 10.3172 -0.41469
0.175979 -4.6097 -6.7325
-12.1642 4.59386 -5.54827
0.408377 1.92281 -4.05064
0.145217 1.30378 -5.83164
1.71602 5.20733 -3.82319
0.196129 -1.49932 -4.254
-0.636485 0.475417 -4.89284
0.768706 6.43802 -3.17967
-0.46856 -0.726697 -3.75064
-17.5417 75.7873 42.4382
0.464816 9.38324 -0.249508
-0.4004 -3.74583 -1.97511
1.06845 7.29218 3.71336
0.454171 4.98384 0.183439
-1.31536 -5.56793 -0.732347
-0.118811 -1.05108 2.48658
-16.9588 0.72946 0.930649
-4.61733 1.66704 -8.21305
-0.104672 -4.33944 -1.62665
1.0287 7.00283 6.04259
16.6036 13.4075 56.3264
0.399075 1.04331 -5.83016
1.37867 9.46958 -2.19425
1.34012 10.903 0.134217
-1.2473 -6.73098 -6.15818
-208.088 92.5418 26.6726
-0.0340379 4.30863 8.74643
-6.70893 -1.11564 -7.83848
1.91391 9.45565 0.763792
-1.286 -3.59492 8.16154
-7.95907 37.2252 27.5072
-4.55321 1.35182 0.984269
-18.7546 35.2521 2.90353
-1.98722 -2.51394 5.42713
0.186884 0.206707 2.62065
0.122567 -1.32413 0.137737
-1.30697 -3.55038 3.65247
-17.1181 25.7238 18.2175
0.0773951 -6.13033 -1.11643
1.59722 0.436536 -6.91562
0.110445 -1.64547 1.97865
7.4053 16.7736 51.7236
-16.6569 -0.535133 -7.59472
9.52688 -20.1441 11.25
1.98333 4.14303 -5.31838
0.463572 -2.54539 -2.87519
-20.6199 23.1541 -2.74773
1.03052 1.03797 -3.12535
-0.957244 -6.93855 1.60784
-0.442296 -2.84817 -5.24926
-0.4643 -3.42249 -5.84737
-9.25239 5.80412 27.7538
-0.154379 0.11207 -3.761
0.162059 -4.11063 -3.39629
1.63712 2.50303 -4.64428
-0.217946 -2.86255 -5.56186
-29.4932 8.70045 -7.64119
0.544157 1.07272 -6.90532
-1.00591 -16.8167 -1.85179
1.67931 9.44661 1.34442
-1.02772 -5.18727 -4.91317
-0.268685 -4.10103 -5.66863
-1.61149 2.67514 -2.45255
0.105207 1.32008 7.41553
1.7391 8.0805 -1.14203
-16.6285 38.985 5.70587
0.174707 -0.713958 -2.33298
0.174835 -2.31559 0.226015
-0.121298 -1.92211 -4.63251
1.05617 -0.212698 -8.58663
-0.951473 2.90161 10.5874
-25.5536 -9.30443 9.97657
1.77482 6.93713 -3.44934
0.200439 0.582189 5.0235
0.436626 -5.30021 -5.85293
1.18482 2.56149 -1.63346
-0.116845 -2.16988 -4.30058
1.06084 5.87737 -4.90444
-0.441991 1.02584 -3.10272
-13.6373 69.2505 39.104
-89.5174 111.014 6.65868
2.86286 -0.224889 -5.35766
-0.727901 -2.67931 -6.42802
2.53561 4.91409 1.99052
-0.173386 -0.740113 -4.35104
1.67367 8.27287 -1.30974
0.134783 1.60761 7.0399
0.824836 9.52341 -0.629836
-1.01415 -1.68033 9.17861
2.21933 7.74402 1.51695
-0.453835 -3.43738 -4.69519
-52.7678 24.867 -31.3623
-1.01833 -3.74354 -3.16655
1.33267 6.81067 -3.41389
-0.135305 0.147055 -4.64066
0.460723 -10.1673 -14.7833
-0.493221 -3.39862 -4.92571
1.84906 7.01011 -0.809745
-19.0589 17.7694 47.2919
-76.6224 3.76022 -7.54337
-1.04011 -3.75518 -3.47234
18.3988 -1.87957 -4.38298
1.41365 1.34136 -6.18355
-1.39383 -4.87354 -0.718729
0.781726 3.75526 1.95431
-13.2686 37.5523 21.7699
0.773366 -4.7102 -8.16258
-7.92933 19.3947 21.767
2.2506 7.33286 1.60592
-1.02179 -1.37409 9.06373
-0.154175 -0.46286 -4.04938
0.737638 1.1115 -9.72266
0.816719 9.12059 -0.353949
-0.933304 -1.70658 1.96798
-1.35114 -3.54014 0.458447
-1.25175 -1.91555 -1.83405
-4.96439 -2.15305 -1.37353
-11.246 32.9106 -1.91984
0.171144 -3.44659 -9.67022
-0.198954 3.34412 11.2645
-0.093103 -4.66326 -1.71413
-39.5627 54.5199 -7.14452
-17.8282 15.9554 23.6049
0.194007 -4.36477 -10.049
0.142538 -4.9754 -7.68507
-0.112992 -3.21531 -3.68928
-11.2588 39.9651 26.319
-27.6235 2.18478 -1.86499
0.752545 11.8584 -0.167808
-0.705399 6.74962 4.92479
0.19005 1.92231 -1.02717
-5.16167 3.82644 -4.9594
-0.116514 -3.4581 -7.0928
-19.6597 34.9061 15.0164
-22.3896 30.9069 19.9885
0.27921 -4.6739 -4.35256
1.35835 4.49782 -0.694126
1.73007 13.5532 44.9562
1.07223 -3.32938 -8.53163
-7.07769 0.972972 -8.33275
-0.0907246 3.8773 6.80217
18.5771 27.7034 63.1293
1.07209 7.26995 4.04069
-0.0139848 -7.08939 -11.2346
0.705771 4.04306 3.08769
-0.46157 -3.16305 -2.84238
2.93819 5.64313 1.7418
0.180845 1.65532 -4.62042
-4.55338 6.06592 1.08663
-1.25311 0.506828 8.46565
-0.42037 -0.42928 -4.04261
-55.7449 63.0836 24.8535
-46.4549 14.9177 18.1412
-36.4932 56.6908 0.0393713
0.4585 10.7159 2.02888
0.672429 4.98871 0.203787
-1.05721 -5.49304 -0.792588
0.13893 0.116287 -6.73846
-8.27496 27.4373 29.345
-91.6713 81.2005 -66.7039
3.12747 12.0052 -8.66384
-0.170119 -6.14069 -1.12406
0.413043 -1.01049 -0.540376
-1.22302 0.50068 0.511199
0.157979 -3.34326 2.00037
-1.96716 -2.65941 3.07577
-0.788806 -4.98243 -1.67882
-0.177905 2.88262 9.78966
0.732256 0.411884 -4.60631
-13.038 17.9266 20.4293
1.61939 4.60957 0.89616
-0.163069 -5.15604 -0.212567
-30.9494 3.85257 0.218799
-3.0193 -1.38047 -4.92947
-0.423976 -5.20417 1.3783
0.732897 -0.129438 0.131791
-2.86879 -7.90873 7.73888
-0.755779 6.37875 6.79594
-30.6856 26.56 -20.8034
-0.148815 -5.87884 -0.812925
-0.747311 -0.818319 -3.57137
9.79835 -25.78 -9.95462
1.10287 1.03588 -6.76646
-0.0825847 -3.9949 0.145295
-1.83091 -4.85683 -0.710036
0.422464 7.71533 0.397916
0.502751 6.13905 -1.92861
-22.7577 28.0751 18.6575
1.43298 4.8619 -2.50411
-0.180944 2.04523 -5.4807
-8.91785 3.21247 1.15783
-6.0629 -7.27508 -3.38949
-0.77582 1.84861 10.2481
-0.783334 -6.06918 -0.747504
-10.5589 77.4409 52.3814
-17.866 41.7644 -1.28777
0.575805 2.77746 1.43475
1.08525 6.15006 2.58068
-9.12632 20.6095 20.7994
-0.422226 1.95825 10.2878
-5.88169 -7.27534 -3.38927
-1.04005 -4.87908 -2.01706
0.424127 -4.57581 -2.86497
6.83343 11.264 44.757
-4.33571 2.44081 -1.43402
-0.136463 -3.12136 1.09542
-0.148924 -1.55748 -1.42179
-0.701924 6.71186 4.37147
0.0969521 2.01954 -0.435519
-0.0730794 1.77623 1.78719
-11.5456 30.8179 9.39641
-11.5224 23.679 17.6609
0.187719 5.24432 0.415514
-1.6298 -5.80162 -0.451818
-40.3576 25.1982 15.7333
-1.5663 -3.80878 -1.75928
-0.427564 7.71336 5.18923
-0.448685 -2.79392 -1.41189
-0.394977 -4.35081 1.11025
-61.1279 -9.28736 8.86838
-0.921427 2.23654 4.27433
0.75405 9.36217 0.376535
-7.83151 -1.00128 -8.27566
-0.763802 2.59571 2.1464
-0.415991 -3.7657 -3.18103
0.14349 6.1795 1.04316
0.40729 -3.68018 -10.0082
0.142296 4.61148 -1.38536
-123.601 13.5263 15.4528
0.551503 -2.78474 -4.93197
-1.56086 -0.0518479 9.47556
0.407915 -1.66197 -0.148962
0.125887 -5.27164 -8.62485
-0.722805 0.7829 0.911659
-5.62685 -3.10485 0.179286
-6.76261 14.7526 3.41704
-0.684556 -0.650847 1.7334
-1.53953 -1.93781 2.25089
-0.00547718 -8.63482 -6.09405
1.50848 4.17392 0.538
-0.105105 -4.60837 -0.471791
-0.671042 0.45332 3.46027
1.09232 7.39645 3.16735
-1.30966 -8.70574 3.09217
1.65765 2.21216 -7.02501
0.0884414 -4.32433 -1.07329
-1.59668 -1.59807 1.98082
-1.04671 -6.65817 4.524
0.209398 0.71748 -4.01586
1.07867 9.12795 -0.418795
0.333221 7.32891 -7.64808
-1.09951 -0.521031 0.681647
-0.968608 1.01026 2.08748
-3.45552 7.69644 -1.22363
0.498517 9.54371 2.70294
-16.9435 59.7015 37.9243
0.153489 0.708083 -3.16611
0.462516 -1.99859 -7.35765
0.760925 4.35514 2.83854
0.769446 1.01561 -7.9247
-0.761769 -3.47944 2.4647
0.109831 -0.775717 4.59851
-86.2614 67.1067 -38.851
1.9886 8.15909 -2.75398
0.446515 1.64221 5.44341
1.13897 9.46082 -2.21598
1.04579 10.8984 0.118299
1.05306 6.46337 -3.74697
-0.376469 0.42387 -4.39345
-15.5459 23.4302 16.8596
1.63842 0.328075 -8.50776
-0.715358 -3.1486 -5.2737
-0.156766 5.84043 4.00039
-11.9251 27.05 -4.09536
0.206451 1.91004 -4.96107
-0.14097 -0.129551 -3.79847
-0.696382 -3.47521 1.73159
0.155458 -0.709585 1.66767
-3.46883 -7.29123 6.03966
-6.75515 4.38505 -7.43314
-12.7221 41.2594 62.5651
-0.943158 -5.91311 -1.60677
-2.16601 -1.66643 1.81689
-17.1982 3.58066 0.590613
12.4389 8.51484 48.5404
-44.2488 11.4456 -13.8574
-0.680162 1.07862 -2.58282
-14.8528 33.3984 23.9247
1.3604 1.57786 -5.00456
0.787081 7.60489 -0.0363998
-0.744889 -0.684343 8.24585
2.22606 5.55486 2.63175
-19.6178 54.0638 35.5327
-0.442529 -0.51883 -3.77055
2.04424 3.57282 -3.86998
17.6189 20.6414 12.6177
0.438746 -3.17754 -4.24201
0.0961236 0.406767 -5.24903
3.50318 1.06144 -3.23031
1.35657 7.32356 1.61977
-9.13734 1.04156 27.5112
-0.162075 -2.63127 2.3091
-0.124327 -0.992004 -0.226776
-2.16902 -7.48404 4.72363
0.778132 -1.2093 -0.566311
-4.61223 -7.65032 7.44827
-1.00183 0.805169 0.396786
-0.662384 -2.56898 -7.71269
-4.25044 -2.7864 -3.23651
38.9979 -2.10739 1.18614
-1.5878 -6.86406 3.03718
-0.999266 -3.47517 -1.06599
-7.94106 19.6629 21.9239
-0.914858 -0.907251 8.74462
2.26348 7.1965 1.35904
-0.468447 -2.926 -4.96021
12.1833 11.2696 49.2845
-11.5379 92.8731 85.1028
-1.32549 0.829909 10.6953
-8.81556 3.33747 2.46685
-199.815 10.2729 5.62204
-3.75251 1.24844 0.721738
-0.32159 -4.41814 -7.99806
-11.8331 49.1053 43.8882
-0.72505 -3.96953 -2.22574
-0.175803 -3.35312 -6.16975
-6.21438 -7.67874 -2.14584
3.52353 -19.6156 -15.4465
-0.772419 1.61942 9.18538
0.730188 -0.156624 -1.94162
-7.32281 9.74644 -1.8169
-1.62042 -7.36968 3.69503
0.549917 1.43668 -0.98282
1.06202 10.0707 -0.444345
1.53371 3.82317 -0.00858708
0.124864 -2.79894 -7.95673
-0.449186 1.97791 9.19618
0.192561 5.27655 6.64577
-0.0712861 7.08682 1.65731
-4.96988 6.47534 -1.30292
0.75761 1.30777 -7.91862
-45.4005 36.6062 -19.9307
-0.622156 -0.449044 -5.86296
-14.5445 17.5064 21.8627
-1.61782 -5.46647 -1.28669
1.34673 0.110423 1.58548
0.721221 3.16881 1.94325
-1.30107 -4.03993 5.50819
-0.433918 1.02029 -5.38974
1.03145 5.84278 -2.91101
-13.0253 7.95822 -3.35
1.21798 5.83449 -3.21964
-0.125977 1.026 -4.89629
-0.392438 -0.725725 -4.26614
2.35439 4.91435 1.99031
-0.397161 0.703823 -5.2534
1.07966 6.17492 -2.81754
-12.4442 0.812362 -12.4052
2.86663 12.0388 -0.118196
-10.28 39.4714 29.4302
-7.25119 24.8908 7.90231
-0.716927 -2.23804 -4.31386
0.263697 0.438707 -6.45541
0.461827 0.42736 -8.20274
0.434958 1.10558 -4.30577
-9.98913 98.9353 46.3834
-2.25617 -7.86645 7.65506
-0.108339 6.50939 6.71811
0.210966 0.439311 -5.55681
-0.467651 -1.97379 6.56224
1.07485 8.81681 -2.03062
-0.18344 7.81715 3.17715
1.05892 10.3996 0.463722
-0.356665 4.87042 8.53808
-0.158085 -0.174209 -4.34473
-0.790063 -1.87422 7.6211
0.828148 8.85406 -0.729301
0.741335 10.447 1.63665
0.469576 5.57221 -1.57281
24.473 -2.88579 -8.37698
1.42982 4.39809 -2.30111
-0.0958992 2.48101 -5.74894
0.854856 -2.80842 -9.74635
-8.96062 9.26107 3.08691
1.4579 5.75389 -2.44059
-0.121923 1.0437 -5.54748
-0.433757 -2.5466 -4.01347
-19.0684 51.6798 36.3745
2.16521 10.314 0.466111
0.470414 11.2174 -0.447071
-15.8944 13.8612 9.32017
1.36542 10.0173 -1.12305
-0.138629 -3.17301 7.24169
20.2438 16.269 14.5662
-0.00689163 0.473976 4.25291
-0.679882 -0.165318 -3.86296
-0.117109 -5.22472 -1.06427
-5.55088 0.240084 -4.95916
0.499531 -10.9527 -12.789
-0.441574 -2.51169 -7.09586
-13.372 80.7212 48.2383
-0.662422 -3.68583 -5.17472
-1.32304 -1.86064 8.46541
-8.23843 7.09038 -0.412838
2.07702 7.89548 1.14732
1.08001 5.2947 -3.14481
-0.384256 1.73024 -4.94563
-0.694849 -1.89512 -4.60391
4.04899 53.1879 81.6675
-22.5166 3.67083 6.75323
-13.1116 14.6292 22.2247
-0.600231 3.01764 -1.51769
0.779081 3.66571 -6.52015
0.134286 -4.02663 -1.05204
-1.28016 -2.83672 6.69459
0.476436 7.1111 1.64951
-1.94552 -4.21075 3.43909
-24.1214 62.3454 38.8313
0.144223 -1.65911 1.65371
2.2508 9.19648 -8.40295
-1.01561 -3.09071 -0.976825
1.33389 5.96476 0.222144
0.142521 0.796212 -3.70162
-4.37659 0.738449 -4.25681
0.476763 -2.80558 -5.85382
-6.07159 -6.23149 -2.61665
-0.668507 3.04555 9.35038
-0.448284 0.766313 -3.43169
-13.9821 52.1727 9.87094
-0.729976 -2.88058 -6.22411
-143.558 -36.1761 3.12125
-4.03373 8.78956 4.92194
0.434879 2.23722 -4.34837
1.04626 1.95962 -7.08276
-0.407879 -2.5309 -6.10309
-1.37313 -2.77283 -1.41167
-1.77052 0.74641 -6.48343
-0.135704 -5.81863 -1.62338
-0.663678 -0.737031 -4.20912
0.164152 8.49328 3.76257
0.137858 4.71043 0.375675
-1.57115 -5.1569 -0.538354
0.182502 0.67583 1.35378
-3.31095 6.3007 -0.637333
-6.12036 10.2697 5.4265
-7.69326 36.4667 29.258
-1.68284 -3.59536 3.65151
-0.0730572 -0.789278 -6.7706
1.71756 11.3613 39.8539
-0.0899856 5.02345 -2.29469
1.43539 1.89739 -5.79506
0.751183 7.87034 -1.0882
-0.768988 -1.02285 7.42244
-7.30607 0.241948 -2.82177
0.162397 2.31361 2.92214
-12.0689 -2.332 1.69132
-0.387843 -2.1463 0.330475
-0.131926 -4.92057 -1.08911
-0.722087 0.161068 4.0806
-0.443162 0.646472 0.201997
-4.06823 -7.60458 7.51278
-8.16424 14.5141 39.0812
0.0841411 -4.65554 -1.34318
1.68519 1.98317 -6.69902
-12.8675 12.2471 23.2726
-0.432684 0.736743 -0.739437
-10.1228 10.2563 -3.08942
0.259739 4.62353 3.66569
-18.7165 26.3501 12.1151
-0.758562 -4.03313 -1.11758
-0.0834091 -4.34325 -0.757116
-11.2117 63.2747 29.8719
-0.115865 -3.12137 -1.4112
-1.03556 5.24556 5.1697
-3.37767 -2.51327 0.195314
1.34955 0.398596 1.51645
-11.1204 25.698 16.8187
-0.98773 -0.884774 6.53086
0.46288 7.57044 -1.87901
-8.03711 20.0639 24.3834
0.453712 6.5453 5.87239
0.464582 2.88318 -2.22472
1.96138 7.97264 -1.62775
17.9675 99.9206 -125.117
-91.8525 81.2008 -66.7041
-6.83076 94.7193 50.8272
0.427514 -0.491383 1.60856
-1.50565 -5.55164 3.45823
0.740811 0.477719 -7.33628
-13.3411 73.3991 33.3538
-14.2092 9.62291 40.5625
-0.140378 -5.79749 -1.90596
0.247066 -2.36481 -9.48523
6.4665 -5.27904 2.84712
1.54303 -11.5552 -1.45678
-0.507332 -3.09665 0.735146
1.64491 9.63282 3.81658
1.13795 6.67862 2.03025
-9.14912 19.9846 21.332
-13.9299 76.7105 68.1986
-1.01294 -5.47219 -2.45005
4.581 -23.5695 -39.4098
0.124644 -5.48596 -2.57525
0.641186 4.37129 4.99854
-5.84994 19.0797 3.24811
-14.5999 42.9973 20.9882
-0.424334 1.8693 -2.48617
0.468659 0.764224 0.441961
-2.8313 5.37584 -7.63577
0.451483 6.74152 6.48562
2.87146 5.11676 -1.90162
1.34679 -1.30367 -6.03772
1.12523 2.17732 -3.39756
0.256636 -6.54671 -12.7144
-43.5923 41.9395 -29.7571
-1.06614 -4.31585 9.53345
-0.385715 -4.16337 -7.69976
0.546164 -0.168045 -0.733725
-0.65557 2.37575 0.198843
-23.6313 14.3442 24.4656
-1.0179 -4.09556 -1.09738
1.42083 5.80962 -0.534398
-5.50303 3.41633 8.41261
-0.157882 0.916252 -7.75977
-4.62949 6.78284 0.257387
-1.29705 0.914268 7.57199
-1.02922 2.4514 5.09279
-0.155936 -5.83385 -1.07948
-6.16396 100.502 37.3506
-6.21704 1.50618 -4.1528
-0.7127 -3.71781 -1.99582
-5.33527 -3.65131 1.91114
-1.55059 4.70236 5.75183
-6.91701 10.0173 -0.346318
7.4437 -3.34449 13.8817
0.498301 -0.731754 -1.06733
-21.8626 23.8168 15.025
-8.23024 -8.21102 0.62842
-18.37 18.2897 22.587
1.08352 -2.65232 -8.15503
-0.456488 -5.81487 -1.09305
0.439128 1.06664 -5.55509
-13.3568 17.1634 21.4153
-0.109928 -2.46369 -3.81395
-6.18046 5.79917 -2.14743
-18.3595 17.1087 21.7111
-0.756818 4.63423 9.42037
-1.34513 -2.84984 1.29747
8.96985 -1.92616 13.1684
0.784244 -4.25694 -9.11872
0.427251 5.48044 0.088189
0.373199 -0.775828 0.731845
-17.218 45.4581 27.2882
0.461204 0.790757 1.91566
0.118339 -1.85416 2.8022
-19.0723 -0.619307 11.1852
-9.47327 12.2227 -4.61745
-118.02 90.9733 17.6587
-0.785111 -4.88809 -2.85112
-0.93551 -1.05936 2.25465
0.743993 -4.23941 -8.5589
-40.8823 -19.0751 16.9846
1.59011 1.8312 -4.1874
0.257874 -4.63009 -4.07399
-43.1355 28.5607 -13.1643
-0.139616 -3.41575 -7.33284
0.762938 2.69556 -8.0563
-0.619474 4.37885 -0.191334
0.96635 6.41879 -1.39689
-5.8866 2.84978 9.49463
-0.312248 0.463568 -6.84617
-22.923 26.566 17.6202
-1.61949 -3.23197 0.81948
-19.9476 -6.90533 -1.59327
-0.153448 -5.02277 -6.97783
0.179373 1.6969 2.84821
-0.172448 -6.14325 -5.64651
0.168503 7.06441 5.88644
20.2212 22.113 13.8172
0.783938 4.31882 -5.22138
-0.77387 2.54528 -2.81546
-0.940234 -0.770973 1.373
-0.11552 -1.99877 1.67146
-5.54322 7.70398 -1.70777
0.761895 7.92805 1.64217
0.708302 1.01601 -0.136297
-18.1661 17.336 17.3175
-2.55406 -1.62551 0.195253
-9.93474 16.1564 26.5012
14.5862 3.5282 29.4389
-1.34652 -0.217908 13.0607
-15.0169 33.3678 55.293
-11.2743 2.45349 -8.28975
1.09688 -2.55096 -9.5119
0.785948 7.4336 0.529033
0.150294 8.15631 2.47193
2.28177 -6.72729 -3.08116
-0.121599 2.84449 5.88744
-8.77207 4.59188 -3.22745
-14.3264 15.7697 -10.2776
-0.702122 -4.58389 3.56368
0.764761 5.86568 -1.96135
1.62597 8.57554 2.2493
-0.998899 -4.36642 -3.98341
-0.430084 0.532489 -3.35839
1.02633 6.477 -4.52363
0.503325 -1.30404 -2.90211
-11.8571 78.4346 48.3737
-0.99926 -1.85808 -0.878411
0.725577 1.35808 0.140616
-1.00111 1.90827 9.67341
-32.5406 -1.38814 3.16387
1.10491 -0.772872 -5.50491
-16.0054 36.5716 25.4076
-22.0644 30.0964 19.5341
0.484943 -3.78101 -4.62054
-1.00132 -9.94518 1.99927
-6.1279 -4.80211 -1.64651
-8.76193 33.8044 29.8024
-0.41361 6.4502 7.6278
-20.8438 35.8372 8.19005
0.51087 2.0005 0.782085
-1.26311 -2.44721 -0.251367
-8.49774 18.547 21.0445
1.63159 8.28015 2.25786
-1.02845 -4.02705 -4.01164
-22.3671 26.2489 14.7242
-0.448532 -0.137837 -4.00112
-0.739463 7.95231 1.6274
0.517025 10.3791 1.80923
-1.93116 -3.35145 3.30355
-10.2227 35.5816 41.8064
-17.3609 34.6368 23.9671
-0.240868 -0.702525 7.25579
-0.914096 -1.82832 7.87492
0.460092 8.85913 -0.356372
-0.701124 4.85333 1.73805
-2.58801 -1.10856 -1.74185
0.18649 5.17456 4.72866
0.21936 -3.23232 -10.8819
-0.754096 -2.67938 2.44713
0.772046 0.0936987 -7.99345
-2.58667 2.43648 -6.71841
-0.20222 -4.41856 0.180137
-1.86313 -5.18013 -0.780809
-2.32732 7.46916 3.69418
10.3712 7.97587 49.3634
1.02378 4.69676 -4.93028
-16.8813 46.9915 12.6651
-0.49107 -0.480334 3.40708
-14.5133 24.4113 1.65327
-0.450284 0.799712 -2.82547
1.72052 0.00275851 -10.0802
1.69372 8.11993 -0.736059
1.69794 4.55446 -6.2689
0.253604 -1.99517 -1.89514
-2.20946 3.83512 -1.28492
-0.704822 -2.87207 -6.83518
0.538634 1.0587 0.432906
-21.7568 49.5807 23.2023
0.504466 1.64291 -0.136477
-19.6753 58.9441 37.3685
23.2869 24.6951 60.3978
-0.148957 -3.73611 -1.31433
-2.05166 -3.81565 4.12677
-6.18814 6.60123 -5.71316
-4.62682 0.150387 2.63447
0.825353 6.50284 1.06331
-11.744 49.1226 19.7025
-5.95352 5.79869 -2.14701
-18.1327 17.1084 21.7115
-0.44916 4.68892 9.5112
15.8909 14.3994 -9.04202
-7.05786 94.7197 50.8267
0.182679 -0.544987 1.62155
-1.05573 -3.53379 -3.74937
1.32977 6.42593 -3.75826
-0.137178 0.435519 -4.37431
-0.438494 -3.20484 -5.33607
-0.420651 -0.188224 -3.85526
0.173618 5.52928 -1.07954
-50.1538 46.6329 -30.8992
-0.691808 3.1808 4.83127
-15.1518 12.0754 28.1596
0.154118 6.9296 1.25281
-7.32668 10.8827 25.237
-13.6597 31.1972 56.7834
0.491135 -3.51384 -4.3672
0.181081 0.144563 -5.19829
1.14581 10.1034 0.791277
-15.0828 46.8606 9.92541
-0.163576 8.30546 2.83697
-0.419822 -1.71398 6.83547
1.10241 8.57384 -1.5572
1.63263 4.09924 -3.10112
0.11936 -2.40262 -4.84895
-9.53658 9.72597 3.24503
0.738215 5.2499 -2.51284
-5.82897 12.3729 -1.06252
1.11805 -3.17423 -8.83501
-3.17218 -7.55894 9.29237
-13.9543 21.7832 15.936
-0.979676 6.82532 5.16296
0.592694 8.89332 -0.224445
-16.5696 3.57672 -14.3928
-7.98144 18.8162 22.5656
-1.01038 -2.00886 8.28952
-21.4019 6.59332 1.39237
10.0193 18.3176 52.8235
1.03475 0.442873 -10.0786
-18.4502 62.602 46.0523
-0.528312 -1.67492 7.73003
2.75887 7.62221 0.139916
-20.7902 39.5288 16.1337
1.09011 8.5694 -0.732516
0.11299 0.224156 -4.46327
-1.02667 0.51471 -3.80365
-3.01185 -6.67994 8.01611
-0.446841 -2.80564 2.49051
-0.338238 6.31334 -0.155471
1.07382 0.416422 -8.02945
-8.24341 28.5516 23.8356
0.166427 -1.01233 1.67262
-1.01783 -1.62238 -1.40643
-23.303 63.5819 41.2204
-0.971072 -3.1705 0.963274
-20.6934 70.4698 78.2003
1.3185 6.13568 -3.81848
-0.0872642 0.782288 -4.34384
-14.1609 86.8306 16.4876
-1.85094 -3.15296 1.36798
-7.40158 80.085 43.5487
-0.13232 -0.828258 2.21005
0.425567 -1.91615 -2.21646
1.57304 -0.833645 -3.37487
2.20583 7.03489 -4.01731
-11.1614 7.92003 -2.03641
0.882371 3.38825 0.189874
-0.919816 -4.03203 -0.825309
-1.60772 -5.22328 -2.34167
0.125103 -0.715805 -5.22753
1.68752 5.88855 -2.76939
-14.0068 28.3955 55.8609
-1.56646 -11.4994 27.5483
-0.376271 5.23955 -0.473179
1.06988 1.56215 -7.59081
0.138933 3.46891 -3.12046
-52.9206 43.6944 -17.0893
0.675506 4.88902 -3.14973
-8.85294 43.4982 17.1823
-9.2713 6.83839 3.52705
-0.455434 -1.2812 5.55053
1.14713 8.19426 -2.87756
0.837698 4.94217 2.85354
0.153979 1.83099 0.986888
-9.94556 24.7561 22.3412
-0.396362 -2.27773 -0.759608
-0.118032 3.96461 6.702
-8.45243 31.4472 28.8262
-0.101453 4.9468 -0.179778
-19.3488 15.1496 11.1962
-0.130116 6.36988 2.26622
0.121604 3.10991 -4.33562
-18.2289 12.3273 34.7104
0.488796 -5.3009 -7.02733
1.00188 2.54771 -0.385636
1.96215 10.2942 -1.30119
0.404597 3.78786 6.98812
-7.02638 -1.98071 -0.675961
-22.9039 9.8383 -5.85883
1.11446 11.4755 -0.685983
-1.06493 -2.60543 2.22
0.511747 0.154883 -8.28422
-14.8631 53.0932 36.0953
-0.754851 -4.24275 6.10475
0.495987 4.60864 1.11297
0.72793 -4.02099 -8.33364
0.516388 -1.05755 -1.66595
-19.032 40.6378 -2.24715
-0.770959 -3.74297 2.25776
1.01801 1.65247 0.759168
-0.778003 -2.17056 -0.164571
-3.97155 -1.78351 -2.39996
0.530481 4.82104 5.40907
1.98532 11.6536 -2.94044
-15.1674 6.81147 -5.56289
-1.35594 0.468621 1.65064
-4.36209 -9.02139 10.198
0.550372 -1.06788 -1.96087
4.8952 7.80904 -4.74213
-0.408165 -2.32586 1.68176
-19.8108 19.8217 -11.6719
-11.5058 91.3195 44.6352
-7.62837 80.0854 43.5484
-21.4211 59.9763 11.9835
0.13847 2.25296 3.34765
-0.157192 -3.86679 4.12387
9.4208 -0.886988 -6.85942
-7.62586 -2.21817 -3.67991
-3.77775 2.67056 -1.9737
-14.0083 28.926 21.2115
-28.2416 5.49716 7.02282
-0.773437 -2.64426 2.3207
1.01874 0.375921 0.677655
-0.640444 -0.955023 -0.275259
-16.331 23.8088 16.7646
-7.26481 29.8376 8.01486
0.751765 0.141644 -8.2864
0.996832 5.55937 2.83299
5.00685 -4.04266 0.852729
-1.61764 -0.576397 -0.405631
0.180467 -0.151468 -0.163871
-9.1631 6.88553 -3.44091
1.0808 8.26625 4.04052
-0.433241 6.96971 4.93894
-23.8705 25.1678 -1.11356
0.495686 3.21354 1.32833
0.495228 -5.15959 -7.71149
3.48957 0.51521 -3.29794
-34.9577 5.60215 -1.29242
1.05831 11.4437 -0.114818
-5.293 2.68254 -2.2123
0.163235 3.12984 -3.67812
1.66835 2.21626 -5.88354
0.187588 -4.34809 -2.31102
0.772182 3.46424 -5.20961
-0.0385954 -3.78422 -9.16078
-0.674581 1.02916 -2.82552
-0.424908 -3.50816 1.33705
-0.118363 4.3453 7.06964
-8.6506 31.6364 29.3081
-14.3242 4.46956 -5.96038
-0.445229 -1.92375 -1.0712
-0.738892 -2.62748 -0.986672
-0.63902 -4.05747 1.38252
-7.24139 -1.44973 -5.16901
-0.83957 -10.6997 1.29727
-16.3591 -5.26628 7.63162
-1.92579 0.067614 0.960463
-3.68372 9.31188 -0.0263191
1.37187 -0.618842 -9.60765
0.854698 1.23871 -1.73114
0.205887 -6.49282 -5.84395
-9.84711 55.3946 19.2122
-0.0583078 7.31546 5.57494
1.63807 1.3734 -6.20592
0.105823 -5.25955 -1.94863
0.714728 2.64574 -5.53194
-14.2614 1.36329 4.3557
-14.1111 76.7108 68.1984
-1.34154 -5.43784 -2.47452
1.41811 9.63318 3.8162
1.09856 4.70476 -0.461533
1.10369 6.10153 2.00472
1.34821 3.79047 -0.953412
0.721278 -3.9633 -6.57176
-0.0541493 -0.47425 -2.90451
-8.17658 25.1791 21.8983
-24.1355 22.8885 10.2996
-32.7854 15.8587 -25.3722
-0.792353 -4.65848 -2.6111
-14.3107 0.957832 3.06977
-1.28 -5.73524 -1.45347
1.36058 10.1833 4.99809
0.781872 -3.77013 -7.56254
-0.931001 -0.847673 -4.01226
0.161732 0.745416 -6.12852
1.53306 2.26469 0.125648
-0.0995693 -2.78861 -0.762964
-41.2473 10.278 0.887192
-11.186 20.1759 5.01264
-0.953412 5.56795 4.64578
-0.740768 2.24526 3.87149
25.2679 -3.92964 -9.86579
0.828509 -3.47501 -7.32912
1.3642 4.36808 -0.141447
-6.25247 -8.65625 -3.21692
-6.72296 -1.95916 -4.35028
-1.35859 -4.32695 11.8057
0.138504 3.24213 -5.85176
-1.33697 3.70685 -2.12256
-6.00913 1.33291 -0.762168
0.460417 0.740457 -7.25851
-22.756 19.2542 15.6227
17.613 -2.43996 -3.02857
-6.58382 19.2248 20.1922
-82.0609 4.83164 5.65079
-117.838 90.973 17.6592
-0.499703 -4.8609 -2.85002
-5.25869 -7.35636 -4.40128
-24.7741 -2.43554 5.71546
1.31487 8.79465 -0.151174
0.43032 0.401061 -3.71154
-0.47679 -3.45429 2.26139
-0.403868 -1.85353 -0.219725
-6.99893 -8.62375 -0.532232
-1.29475 -2.77193 2.5178
-13.7481 76.7101 68.1991
-0.709857 -5.50544 -2.43395
-0.465168 2.83928 3.67859
-14.2689 9.09523 -3.31324
-1.50859 -5.755 -1.45824
-14.5376 0.958311 3.06936
13.2473 -6.1263 22.1968
-0.744031 -6.44759 -1.1077
-0.755022 1.58644 10.7044
0.773769 4.6628 -4.35978
-14.0712 30.6162 57.9962
1.64076 3.49916 -4.95635
0.167288 -3.097 -3.18059
1.02846 -3.72501 -7.02607
-7.92157 48.1363 68.7605
-0.147515 -2.80662 -1.943
-1.82568 -5.14033 -0.565586
-0.14828 -4.3317 0.35308
21.7423 -5.32102 19.1483
-12.9597 8.04509 -1.09243
1.62869 6.19623 -0.424864
0.152763 -0.520055 -7.62583
-0.190722 2.85332 5.55374
-12.2672 -1.67376 -3.8532
0.166417 1.65719 -2.53146
-5.20632 105.29 73.9223
1.09784 -2.81434 -8.81665
-22.4588 28.5165 19.2198
1.63816 4.25784 -3.13644
0.141938 -2.19685 -4.8917
-7.61595 22.1985 24.9581
0.743423 5.53268 -2.54237
-0.457235 -5.51713 -1.10561
0.69817 2.23997 1.06973
-0.0899432 -6.08541 -1.91879
-0.716146 -1.07709 -4.62887
-0.3891 1.65187 -2.47254
0.431604 6.97901 6.45921
-0.715838 -0.637494 -5.10875
1.35973 5.3668 -4.04617
-0.107425 1.65574 -4.08189
1.91005 9.11457 1.30021
-8.84003 20.4821 23.9884
0.216027 -8.66261 -14.7038
-0.765363 -5.02434 -4.9243
-44.5761 41.1532 -10.721
-1.67278 -2.67845 12.9899
13.6463 2.82931 -44.1185
-1.04622 -2.31061 -3.97987
0.265404 10.4706 0.552998
-15.468 -4.62506 6.61059
9.66594 11.0422 46.6904
-1.02965 -0.801976 0.7103
-0.45433 -2.27013 2.20517
-9.20913 21.1968 21.978
1.09067 5.4586 1.28092
1.17971 4.11199 -0.987834
0.468968 -3.74072 -6.57404
-1.55616 -5.06223 -4.8876
-11.8516 9.65712 5.42939
-1.01134 -3.38101 1.0252
-0.77738 -0.938456 5.64301
-9.98614 34.4149 7.44827
1.05645 7.12071 4.25713
-0.429344 -0.84025 2.17095
-9.98654 17.3231 24.8355
-0.397263 5.78261 3.25152
-0.728992 -2.18431 0.0951737
5.43653 18.0119 54.2956
0.171557 -1.16234 -1.25784
-0.394862 8.01474 3.89088
0.465984 2.22135 2.53094
-1.57486 -5.3177 -4.72498
-43.0842 8.42376 -30.1011
-9.07807 9.72148 -5.13849
0.730831 1.59687 0.422027
-1.03822 -2.2791 -0.395049
-0.0993328 5.75689 7.95389
-24.6001 5.10454 10.3463
-0.738981 -2.28187 1.98099
-0.719152 -0.728373 -0.475119
15.2649 7.08543 9.17565
-5.87891 1.02441 1.08796
-25.9458 15.0851 -17.5907
-30.0105 5.02653 3.53146
-1.59254 -3.51736 5.33199
-9.16536 -2.08531 -2.60498
-0.456282 1.38026 -1.95242
1.0183 5.52084 -6.24756
0.419357 -2.18632 -1.44141
1.15034 9.53616 1.76872
2.78994 7.08293 0.175721
-0.568406 -1.02628 7.56002
1.02999 7.88657 -0.716912
-16.3718 41.8273 -1.1838
-1.0166 1.37814 9.85558
0.481735 2.28925 -5.51314
0.791995 2.18535 -3.54648
-7.75432 25.2062 26.0152
0.456468 0.413739 -7.06964
-0.0738771 5.03395 9.97688
-16.0671 14.9316 -10.7023
-0.382844 1.35545 -5.58533
-7.38915 22.1982 24.9585
0.858281 3.85344 -6.0824
2.5089 4.8084 1.34856
-0.188142 -0.741392 -4.94087
-4.26328 5.33496 -7.36883
-1.10447 -0.4068 0.0217575
0.590529 -5.19776 -12.1851
-6.64561 -6.1433 -2.86413
0.103289 -2.81466 0.456594
-175.839 69.7564 -86.4926
3.73157 7.97256 -5.77695
-0.731111 -1.23257 2.61177
-21.1576 28.0527 -1.7604
0.125871 -1.64912 -9.09786
-1.29905 5.27825 4.8025
-0.430866 -3.1561 -0.971169
1.48686 -1.12451 -7.0883
-0.128737 -2.32476 -0.129719
-4.97046 -4.59642 -1.54234
-64.4093 67.5513 -16.1555
-0.93907 6.07541 4.01073
38.3996 -14.0218 -5.10961
-0.748324 -1.67705 0.996618
-48.0307 5.74369 -4.30562
-16.073 30.6098 -1.06107
-13.9457 45.2105 13.1125
0.180388 -3.81713 -10.2709
6.75158 5.19721 -9.70976
-0.344394 -0.433173 0.84365
-2.21555 -1.21307 -0.017043
0.464677 5.59535 6.10789
-1.57307 -7.66437 -8.68671
-4.91263 -1.98165 -1.08269
0.00054732 -1.14527 5.19927
-16.9467 13.438 -9.30276
-0.128014 -5.02682 -7.3929
-0.351918 -3.41341 -0.0829438
-8.83559 12.2765 -0.243843
-7.94983 8.02456 -2.1931
0.182758 1.69878 2.55973
-14.3952 44.0626 19.4088
-4.66611 -4.07582 -5.14238
0.138767 1.95004 -3.70598
-20.0475 14.383 11.1552
-12.5236 4.61449 -5.72414
-0.51574 -3.38988 8.34816
1.05339 10.3091 -0.143092
0.501308 -1.64946 -5.7033
-0.722781 1.96951 9.55828
0.197642 1.39465 -4.62242
-24.1377 66.2423 -13.9042
-0.354252 8.87993 15.7231
1.0995 9.72934 -0.980069
-7.9301 -0.551781 -3.19115
-0.163396 3.64667 -2.41056
1.3231 3.15457 -5.47492
-0.749936 -2.8852 1.94902
0.733842 0.439684 -8.58517
-0.134928 1.00535 1.74663
-3.69563 -7.29087 6.03927
-119.268 28.273 45.9511
1.07245 5.89736 2.02504
-0.425762 -3.08116 1.61569
-0.442882 -1.65448 -0.786901
-8.46615 23.8401 19.605
-0.463901 -4.33505 -1.38241
0.149991 1.66524 -6.82666
-0.731051 -3.23831 3.11097
-0.951244 3.40274 5.18731
-0.130903 -4.9163 -1.3353
0.448111 -4.27921 -9.13129
0.123475 5.51027 0.119127
0.248512 -0.767857 0.724104
-0.675064 0.793302 -3.45177
-0.0431684 -7.12728 -4.10896
25.077 -5.28285 -12.5161
0.593098 -4.59767 -10.0398
-15.6564 19.3929 18.8555
0.168078 10.1935 3.11426
-0.717441 0.17702 3.28361
-0.136353 -0.984219 2.00048
-17.466 99.0755 -36.1819
-1.00354 -4.97517 -5.18931
1.64412 9.15022 1.08613
-0.69817 -5.38218 -2.71143
-1.95134 -7.72212 8.64801
-0.0380678 -3.05005 -9.73165
0.472882 3.76408 -5.20135
-0.126298 4.4482 -2.16293
0.0976905 -4.32599 -8.56697
-21.1812 20.6221 13.9674
-0.15456 -3.72434 -2.86601
0.143084 -2.2268 -0.438215
-17.5199 -7.15623 6.05198
-0.466827 -0.979253 2.02602
0.285811 -2.92604 -2.29208
1.67575 3.82617 -5.8169
-9.95729 8.48322 -3.92379
0.144088 6.50085 4.63104
-0.70182 3.84418 1.56403
-1.6149 -5.5106 -1.05192
-1.03555 -5.30949 -1.23012
-0.401843 -4.9583 -5.81543
-1.9691 1.57179 -2.16743
-12.1868 28.055 20.7812
1.99331 13.4893 2.8835
-19.6494 50.6298 31.0852
-0.185959 -4.16221 -4.38848
1.01173 7.35835 5.00044
-19.1135 28.7325 14.839
0.969209 8.80388 1.90245
2.5423 15.4139 -6.51532
-7.63413 -0.54474 -6.89608
-0.0550839 -1.92035 1.02276
-0.162552 -2.20035 1.87482
-5.62405 16.3995 17.227
-10.9793 -4.59301 12.5108
-5.57128 4.67046 -5.51343
-0.183866 -0.75428 -0.378445
1.0579 5.93362 -4.44537
-0.446821 0.983034 -3.75446
1.69699 10.995 -1.58528
0.123247 4.25212 6.78655
0.466181 -12.9162 -18.8596
-5.18869 -2.72742 -2.56259
0.151908 1.33667 -3.4547
-9.9234 2.05013 -1.14824
0.441784 6.72797 7.71002
-19.8793 32.4091 12.615
-14.4655 41.9988 19.2808
-6.4912 0.309632 -2.89888
-2.83704 -2.94547 18.5011
0.422307 1.28955 4.86803
-8.55758 4.66495 26.8068
2.0295 5.78096 -5.67671
0.50409 -0.844956 -2.51908
-12.4742 8.00965 -1.14337
0.979742 6.43533 -5.00484
-0.421326 0.467917 -3.1646
-0.674294 -3.24054 -6.49218
1.03116 6.12554 -4.99149
-0.442607 0.733926 -3.11959
1.36716 -0.976986 -7.9833
-9.36434 -5.55081 -1.37325
-8.84951 30.8589 34.5548
-0.725463 -2.863 -6.41396
0.280404 -1.7526 -2.04587
0.734132 1.95233 2.30671
-21.1027 31.063 20.745
-37.3066 3.25175 1.1456
-0.680445 -3.15626 -6.10799
-1.08668 -4.61406 -1.04152
-18.2446 27.117 18.8582
-0.975601 3.54236 10.6368
0.576083 4.02658 -5.93403
0.429246 5.88186 0.23437
-1.2724 -6.4186 -0.877684
-14.7909 17.5362 13.9334
0.789769 -0.200747 -2.57094
-1.54967 -2.25089 -0.328414
-5.47957 78.2563 -0.346902
0.47872 0.327296 3.44663
0.4857 1.02149 -4.55784
-11.7914 -1.15956 -5.95384
0.672644 3.4379 4.60421
-0.180783 -2.27885 -6.08383
0.185501 -5.85664 -5.33701
-1.37685 -8.08376 2.5387
4.11472 12.9455 1.92915
75.7618 -8.43321 -55.0147
-18.1224 16.8748 24.5595
-0.471 -3.67909 -2.54079
-3.39981 5.3871 -6.76523
-47.449 34.5767 54.5908
-20.5715 51.5389 28.9963
-1.02799 -3.10107 -2.29529
-178.965 103.886 10.9717
-0.46469 7.04669 13.4144
-0.421802 -1.00887 -3.7895
-6.84457 -1.98112 -0.675486
-1.25473 7.25437 7.556
0.445825 9.82895 -0.101399
-0.170536 -0.214641 -5.80439
1.77098 7.77921 -2.77351
0.118973 1.03516 5.56813
1.67043 4.77952 -3.71469
0.150127 -1.92599 -4.33302
0.749728 5.87281 -3.1744
-22.2128 32.5539 21.5977
83.2346 11.865 -55.526
22.385 20.1218 6.62188
-0.118403 -1.40266 -5.2809
-1.53195 -4.06574 5.25019
-0.724674 -1.09565 -4.28379
-0.123492 -6.02364 -1.60012
4.41781 11.9112 42.9308
-0.152483 -5.56146 -7.68021
0.676782 5.78709 -0.582057
2.49468 4.86846 0.528341
-43.6378 25.6123 21.4787
-13.9069 17.379 21.7259
-0.0858487 -0.703593 -5.87343
0.764134 10.9197 0.104388
-0.754052 2.3236 3.93125
-3.43282 -7.37191 7.93019
-18.3574 71.5418 81.5671
-0.58082 -5.29839 -5.13692
-1.92937 1.26094 -2.78132
1.37265 10.6826 1.61307
0.793039 4.04322 1.66178
0.715221 -3.13904 -9.44194
1.31811 -1.65572 -9.44288
1.01823 8.26533 0.485154
-0.746938 -3.41189 1.01495
-0.645699 -1.9517 -1.33773
-76.6362 3.36383 6.84143
0.527531 0.802715 -6.7795
-0.614218 2.84656 -2.16412
0.827244 4.03586 -5.82806
1.52311 2.80083 -6.53449
0.141797 -3.75956 -1.64284
-1.29347 -5.88302 -1.64967
1.63969 10.6337 4.31889
-1.05477 -6.30653 -1.84472
-0.113065 5.51452 -0.803159
1.39909 1.3796 -7.44108
1.61203 8.93616 4.75048
-1.04382 -4.59117 -1.69186
-0.159271 -1.08701 4.07709
-10.5727 22.8541 42.2591
-3.93349 -0.808712 -6.55209
-0.745217 -1.32645 -4.33515
-0.686887 -0.846336 2.1509
-1.67953 -1.42684 2.97491
0.16571 2.56822 -5.54058
-9.75568 23.3532 -134.879
-0.96156 8.20013 1.728
-66.1462 -1.69267 0.207251
-0.433809 -2.25475 1.93637
1.10825 10.1208 -0.189317
1.31918 8.00613 4.2617
10.9744 17.4189 58.1278
-6.77554 1.60456 -4.10059
-1.36152 -3.76822 -2.00259
-23.5203 -6.01159 0.728974
0.999818 5.825 3.1203
-2.15341 -1.94058 13.9579
-22.6428 22.5411 14.3143
-99.4357 -6.40791 -3.99496
2.25505 9.99853 -1.90222
-20.8744 0.151093 -1.10122
0.122438 -3.18912 -0.086167
-0.11451 -2.2747 -1.30352
26.6597 17.0305 63.4949
-0.137714 -3.70537 1.06829
-0.93737 6.16708 5.38098
0.708072 8.75944 3.35144
-8.93068 18.4239 26.168
-5.14528 15.0644 10.9494
-0.658304 2.88021 4.37269
0.462058 -2.55244 -11.0114
-3.4574 24.5953 16.5921
-0.0957202 4.69369 8.87748
1.71282 5.22861 -4.65963
0.234355 -1.4539 -3.41753
0.828104 6.39049 -4.13464
-0.0650582 6.36666 8.14578
-15.7586 11.724 2.02566
-18.7075 48.3929 30.7617
-5.60079 14.7349 25.9147
-8.92643 20.5543 18.5325
-0.713041 3.21416 9.256
-2.28336 -4.7379 5.3224
-12.4892 10.1777 -4.61457
1.06848 -1.10743 -5.80064
-16.9528 88.3918 53.0755
0.589466 -2.93494 -6.16048
-0.163846 -1.98353 -6.15744
-0.0804469 -1.89495 2.6423
0.469872 7.40504 5.20766
10.066 10.7581 17.4604
0.252096 7.61298 1.93659
-0.440027 1.41564 0.0353637
9.7668 4.87911 6.22906
-2.47372 -4.90332 5.08191
-0.468162 4.99209 -0.71875
1.04637 1.89353 -7.31784
0.434786 8.00658 -2.56331
-1.02527 -0.955882 5.73484
0.430646 3.70488 4.61691
2.05655 10.242 -3.61036
-0.453781 9.79095 42.847
-0.119562 0.482724 -2.94126
0.735849 8.2687 6.87287
-0.429402 -3.14282 -6.77862
1.39652 -6.50086 6.2379
1.66291 5.29868 1.86397
-10.4801 77.7577 54.8303
-0.932883 -1.12606 -4.20629
-14.4789 34.3413 25.2048
0.722734 5.53851 7.09139
-0.783743 -2.24612 3.81515
-14.5131 15.204 46.1132
-0.760885 -4.8886 -2.01873
-26.0823 44.8416 -3.8446
-0.71487 3.03735 11.6469
1.05422 4.73012 1.70902
0.409808 1.94389 -2.75316
-89.7708 79.0513 50.9963
0.818373 9.137 -2.23609
1.66426 7.87863 -2.72318
0.196383 1.46027 5.5931
-15.1126 33.6635 18.7696
-7.41912 10.358 -3.7328
-12.1497 7.8983 -2.35199
0.47353 2.77788 -5.84921
-14.4916 16.5027 21.872
-0.965566 -5.27031 4.64924
0.44435 6.54631 8.66621
-22.3354 3.67057 6.75344
0.15648 0.134773 0.460012
-1.59385 -4.54874 -1.28896
1.66528 -1.05882 -10.0405
1.38547 8.81289 0.959337
-4.84641 7.18207 26.5029
-12.961 36.8325 25.9911
0.155639 1.64304 -2.84398
0.120686 -3.18923 8.64833
87.54 24.7352 -59.5421
0.133517 5.25667 7.3789
-15.9938 14.3548 23.9385
-1.946 -7.6067 8.76044
-10.0631 38.6194 22.2656
-17.2457 17.0931 22.2537
-4.93261 5.68171 -1.70099
-3.35414 -0.994915 -6.4288
-0.117031 -1.68208 -4.33663
-21.127 22.5607 15.5914
-28.0446 66.3954 -7.44005
1.52448 9.1167 -1.36738
0.11166 2.63602 7.09182
0.816719 10.4028 -0.684579
-1.05788 6.88016 8.10819
-17.5338 59.8241 37.2247
-19.0551 36.6448 13.6058
0.440224 1.95645 -5.56189
-8.16133 6.47319 26.5139
0.437718 -0.729442 -0.470666
-1.20704 0.254801 0.357505
-0.953167 3.85713 3.12561
-0.712476 -3.42527 0.830445
6.24975 -5.09186 2.7442
-0.130017 1.38129 6.77327
-1.23269 -5.5572 -6.69677
-15.4237 68.8841 5.0723
-0.938098 -4.06203 1.98311
-3.46086 2.76322 -1.66087
2.04133 16.7533 54.3867
-1.54541 -4.42477 -0.393551
0.209589 3.8432 0.44758
0.16923 2.19737 -1.90364
-0.449968 5.32056 1.69686
0.441638 4.90714 4.62883
-1.83084 -4.62807 -0.506492
-0.142734 -3.72246 0.424216
-0.133198 -2.21991 -1.90871
0.437783 -3.70064 -3.39434
-1.04501 -10.1123 0.815109
-6.80602 -0.511141 -0.815228
1.36416 10.0326 -0.794541
0.426514 1.67299 -4.37356
-0.668841 0.428945 6.1986
-20.9813 36.1933 12.5235
-8.7989 34.0823 34.1702
-3.15924 -7.26434 8.35521
-0.957417 7.03002 6.06799
-1.89851 -3.74286 -0.649352
-18.9834 19.8375 9.19056
-12.0741 10.8722 1.23661
-0.0671849 -2.87797 0.247952
-1.37329 -7.05502 6.43869
0.178169 -6.81026 -9.0157
3.66832 7.62802 11.9481
-0.920898 -1.77101 0.984901
0.743061 -3.68081 -3.37571
15.8256 -11.3642 9.07183
-7.13658 110.915 45.0653
-0.0850611 2.8041 -4.08177
1.47119 4.05538 -4.08285
0.152921 5.03359 9.97726
0.130875 -3.19297 -0.455645
-0.109381 -9.32932 -7.18746
-1.67588 -2.85888 1.34857
0.176089 1.11961 2.21752
-5.19119 -2.1527 -1.37392
7.71652 29.9572 -0.521012
-0.449098 0.166606 0.138964
-0.454392 -1.38586 -4.96925
0.445249 -0.680091 -0.138177
-3.09486 -2.71754 -1.72178
-0.752432 4.93879 3.43549
-0.213312 -8.61678 -6.6161
4.15265 -9.3162 -17.6522
-1.57626 -1.94698 1.62789
-12.9687 14.4432 22.6863
-0.634536 3.09521 -1.29217
0.757627 3.84632 -6.73754
1.74374 2.65185 -7.34863
0.0880676 -4.06182 -0.771631
-0.0913228 -0.201241 -5.53533
-0.622032 -2.04302 6.53949
0.83959 8.82629 -1.98123
-13.887 17.4486 20.1354
-0.173101 -0.47594 -4.33643
0.862979 9.17831 -0.742838
0.8095 1.16727 -10.1484
-0.713738 -0.520533 -3.78345
-0.195449 -2.08058 -7.16711
0.982545 4.65301 1.97423
-10.0379 73.6921 49.3765
-0.16476 -5.58718 -1.08682
0.138482 -2.55102 -10.4398
-0.130323 -1.06764 -2.95077
-1.04311 7.41557 6.71421
-1.56344 -7.29879 6.19309
2.14261 6.54903 -3.74468
0.845084 -0.27907 -4.32241
-0.0930847 -3.46329 -0.995656
-6.15564 -1.05484 -1.6728
0.437295 4.05197 4.94673
-0.385957 6.2472 1.30593
-0.995269 -3.55134 0.0964244
-1.05045 -2.06937 -2.3707
0.793137 -1.08004 -4.92448
0.451019 0.434643 -6.45853
-2.01673 25.6767 54.7525
1.32194 8.90685 -2.86894
0.727832 1.65037 -7.066
-0.655218 -3.91635 3.33963
-20.2198 12.1324 -14.2589
-3.03078 0.206266 0.329596
-1.35681 1.06825 -0.426289
-16.4289 21.4454 15.404
0.828765 2.51227 -6.98385
-1.33415 -1.62615 6.2313
1.62352 8.82032 3.37442
-1.07577 -4.70623 -2.85898
-6.23808 1.04552 -4.48607
0.698211 2.54968 2.23836
-13.8377 50.4317 5.18488
-0.715843 -4.43584 -1.72803
0.783565 7.94634 -1.4564
-0.743626 -1.06281 7.08951
-0.100958 4.88757 -1.83546
1.38524 1.89078 -6.16678
-1.01174 -1.12115 -1.28698
-1.06942 -2.59613 1.13134
-0.361797 -0.918572 -3.05929
-1.04915 -4.41747 -0.382625
0.872948 3.67892 0.505928
-0.0381719 -2.86185 0.72383
-0.933402 6.94724 5.44837
-3.15709 -7.40278 8.96598
-1.87056 -1.36108 3.26597
0.409626 2.81824 4.0762
2.84273 4.62578 -3.36644
-0.409249 7.33345 2.19138
-1.03182 -2.56646 8.94186
3.43284 -29.6377 -33.0771
-0.490696 -3.98901 -1.97285
-0.15964 6.99888 10.1888
-0.164201 -1.02112 -0.445655
-0.730293 2.06674 9.95663
-0.0544764 -4.89567 -1.61414
2.00676 9.78397 -3.04319
0.439767 3.13187 5.2608
0.741259 5.18625 4.68633
-12.1703 60.3288 24.6612
1.12995 2.98607 -11.8375
0.706981 9.37887 6.06361
1.69742 8.54057 0.143178
-10.0725 36.4876 37.7435
-6.70832 -7.61085 -1.7042
-1.05398 -1.87951 1.26745
-1.0063 -0.507692 -0.922425
-22.0107 23.8184 12.2651
-0.966685 3.46941 3.50376
-0.712257 -1.05827 -0.469687
-145.12 22.7784 -67.7342
0.737626 0.107222 -8.57189
-17.0241 52.12 29.0384
-20.9051 24.589 7.83795
-0.405271 -5.09336 -6.91732
-0.0749574 -1.32528 2.78056
-0.71547 -2.86223 -3.19567
-10.9742 11.9764 3.60548
0.177168 0.778822 -5.23814
-0.530944 -2.21169 6.86272
1.07723 9.20064 -1.58886
1.83541 3.84051 -3.80977
-16.6175 38.4426 26.5958
0.491567 -2.83951 -4.37254
0.202589 0.788777 -5.58279
-9.84627 6.88261 -4.94468
-7.60574 37.4602 27.7072
1.32366 -2.1834 -9.40932
-13.5672 66.1109 11.474
-16.3172 14.1225 43.6891
-1.94111 -1.60141 2.92543
-1.80578 -1.83949 2.53611
1.86687 0.651693 -9.94053
-20.002 47.1053 25.4928
-0.450374 0.799234 8.23499
-1.67062 -7.02336 8.91959
-0.972517 -5.73519 -3.43215
-41.7629 0.454901 -5.87822
-0.136411 -3.18674 -2.82062
1.66363 6.31893 -1.23535
0.227002 -0.092119 -6.75886
-25.5074 6.10011 -13.0278
0.509105 51.809 -182.533
1.45863 7.26623 -0.636357
-0.15371 -0.556326 7.63113
2.2542 7.65163 0.788943
0.450428 8.4515 -0.126996
-0.428082 -0.798327 -4.03986
-1.04094 -2.64848 7.93816
0.535567 9.55487 -0.315245
2.23476 8.00535 -1.38987
-74.2536 23.268 -37.3983
0.739098 5.34077 -0.56932
1.54274 4.11132 -0.987148
0.183496 -2.55557 -7.00053
-50.5577 26.9044 -36.3121
-20.2999 15.3017 25.909
0.154845 9.48375 2.29333
-0.655337 0.877086 4.15691
-0.42065 -3.42332 -0.563913
-1.58228 0.781984 3.05701
-3.15851 -1.70131 1.05619
-0.998071 4.59445 4.099
-1.30913 -1.54993 2.49452
-0.748702 4.67995 13.5015
-5.1748 107.658 49.28
-0.0979078 -1.3757 -0.747332
-8.95214 8.03246 -4.95214
-21.1931 19.3533 18.9519
-0.167421 -4.96679 -7.88493
-0.128029 -2.76004 -3.40706
3.47811 29.0108 59.7481
0.120874 -5.1785 -7.85572
-12.4187 60.7851 12.551
-7.0449 6.41469 10.1328
-0.187081 -2.52789 -1.89089
-0.14389 -2.0032 1.86684
1.01417 3.73365 1.98031
-13.0419 37.5519 21.7702
0.975322 5.95905 5.32756
-2.14484 0.0132738 -12.4714
-0.168369 -0.460861 -0.394223
-8.28508 55.4934 -2.29985
-7.64045 1.41338 -7.42776
-0.166058 -3.47425 -2.00668
0.297836 8.55876 1.25043
-12.396 63.2036 30.0152
-1.34852 -3.22099 -1.64598
-0.440913 -2.1995 -1.88518
-37.0017 20.3885 -26.9722
-1.06598 -2.77919 -1.46508
13.8972 15.4606 47.9176
0.0949691 -1.93375 1.88216
1.08252 7.97564 4.25573
-7.00234 1.60491 -4.10098
-1.52371 -3.76085 -1.90627
-0.388832 1.35265 -4.60769
-16.0858 6.63148 -10.8257
1.05974 5.54588 -3.45768
-0.858977 0.53315 8.04904
-4.04042 6.23006 0.572554
-0.737697 2.55596 11.194
-0.759966 -5.54076 -1.61463
-0.458013 -1.29912 -4.12861
-38.0502 -4.19187 4.36967
0.492093 10.1421 -0.415418
-0.772872 -0.865398 10.7135
-0.159036 -0.373949 -6.42379
-193.323 16.1177 -57.8763
-0.0580538 5.96545 8.56629
0.135008 3.14924 -3.16481
-0.426791 -3.78212 -1.09085
1.69041 -11.0236 0.358965
78.1254 7.57277 -51.1175
-16.7391 15.3758 24.6108
1.84368 4.37276 -3.41449
0.494286 -2.30244 -4.55862
20.6979 23.145 -27.0528
-2.90307 2.43273 -6.44886
-1.2991 -3.94753 -1.71454
-0.135398 7.41921 5.22189
0.802265 2.83746 1.06341
0.212124 -3.43748 -7.61125
0.432104 7.90787 6.14912
0.731991 4.36419 -4.33055
-23.2255 28.6895 20.6282
1.06746 0.583317 -2.91916
0.420295 1.30633 -3.18689
-9.65583 2.03216 -1.20075
-1.03413 0.0792586 7.73329
-69.9055 1.53314 -3.34392
0.480415 5.46543 1.8234
-13.6516 80.7373 19.0414
-0.67763 0.10057 9.48089
0.227425 7.12802 -0.40365
-1.29144 -0.0175968 7.93927
0.136754 5.85373 1.94419
0.11358 4.37686 -0.379019
-4.27924 -0.830032 -5.21582
-0.457803 -2.83483 1.91187
-3.72855 -0.695033 -2.62972
0.75127 6.39954 -1.42002
-6.11353 2.85026 9.49422
-1.23581 -2.58144 2.24499
-0.144893 -4.62739 -0.151822
-12.9732 2.12939 1.98969
-25.3564 17.3889 -5.34061
-21.3517 56.4024 38.5497
-1.34749 -3.75824 -1.32413
-1.04752 -3.69584 -2.21881
0.430726 -1.93169 -0.163188
-15.2204 7.5739 -6.55576
-21.4628 -8.73785 2.29049
-1.57845 9.22454 18.4436
-1.52829 1.1895 9.22691
0.409475 -8.97927 -17.9097
-0.421038 -4.67795 -2.00878
-6.73075 11.2546 24.4978
0.744547 7.10893 -0.765267
-0.73036 -0.071654 7.68742
-1.04964 -3.50064 -2.00826
-14.179 91.8521 51.9854
-0.741376 -3.49231 -2.27957
-0.457991 -3.10163 4.02398
-21.3769 4.83131 -11.5739
-0.723635 -2.30681 0.764519
-16.0653 -5.1756 6.62399
-0.489424 -10.6084 0.579
16.1426 -10.6339 9.34348
0.19616 -1.9137 -3.79622
1.7167 4.7166 -4.25348
1.00622 1.65196 0.138647
-0.726801 -2.24849 -0.667417
-0.688505 -3.72076 1.74796
-1.32003 -7.63259 2.91723
-11.5606 6.94248 -2.20612
-3.38429 -2.36 2.68546
-0.951266 -2.6787 2.44796
-0.416508 -4.06604 -6.75014
-0.0841878 -0.351282 3.1059
-0.364499 -3.49315 -1.04593
-0.368543 -5.02749 1.33733
-0.432551 -3.16442 -3.50716
-1.2343 -3.14467 -2.90938
1.3018 7.30831 3.40043
-3.82818 -9.02413 -1.11264
1.62989 0.189669 -7.6317
-1.51123 0.72478 10.154
-0.705278 -2.81604 -4.30738
-0.991547 -2.32424 -3.8363
1.07438 8.49815 -1.35819
0.0101627 -5.20202 0.802058
18.1316 41.6533 -23.6729
-4.61676 -7.49836 -11.288
14.1135 9.99679 -33.236
-0.943159 -1.88853 -4.15006
-0.141362 -2.81625 -3.19126
0.4438 5.6652 1.28581
-8.25189 10.4403 21.0137
0.877852 -4.32939 -10.405
0.125173 4.68688 9.73436
0.0866488 -3.44811 -0.12582
0.613342 -2.17535 -1.40849
-4.50692 -6.77753 8.32124
-1.64754 -3.17413 1.03203
-0.00925644 -3.25168 -0.0600188
0.736323 3.77962 3.39249
57.4964 73.6273 -18.2745
-0.120136 -3.45908 0.17666
1.80263 9.12436 2.22457
-6.74901 -0.648671 -6.48463
0.726643 2.5529 1.32663
-0.0163437 -2.88297 0.473115
-13.9366 22.7905 58.7766
-3.14104 -7.34242 8.51672
0.872987 16.3997 31.3515
-3.46642 -1.85718 -5.77748
-14.2073 36.526 25.597
1.35918 -1.1124 -10.0285
-7.09935 108.97 53.9096
-0.0928638 -2.8869 -8.24456
-15.0988 10.0961 -5.53045
-16.267 64.8425 44.3016
-1.60268 -4.58451 -0.48046
-0.398511 -4.14049 0.308765
0.147077 4.43223 10.0605
0.0937098 -3.65323 -0.415739
-1.59153 -2.3377 1.4295
-13.0331 37.4351 60.2387
-0.950989 3.21536 9.7638
-6.41881 -6.14365 -2.86374
-1.58624 -3.75653 -1.29648
-1.2645 -3.48886 -2.52004
-11.529 58.0756 25.5067
1.39117 7.58893 3.72148
1.39427 -1.03884 -9.1358
-4.57102 5.36783 1.23992
-13.0191 32.694 23.5703
1.06134 8.78587 0.142183
-7.36678 -20.0993 57.4286
-0.44912 -0.469829 6.14053
1.1047 7.41666 -2.25454
0.0931922 -3.16332 0.170857
17.5731 5.47699 32.7395
3.7464 -24.02 5.89469
-0.425244 -5.43058 -7.34114
-14.1659 12.4165 23.3199
0.205286 -1.21502 -4.98862
-18.8099 24.4252 3.95404
0.153112 -1.62264 -2.1957
-1.05859 -0.758525 1.04413
-0.44043 -8.61631 -6.61664
-1.26886 -2.37861 2.33348
-15.4824 16.5878 7.73651
-36.6817 -1.41512 5.68486
1.3101 1.33792 -4.95187
0.73456 7.36232 -0.148528
-7.62318 20.1637 22.7135
-0.749382 -0.460041 8.20259
0.459826 9.19287 8.23607
-4.00853 -0.956834 -2.29131
-18.6388 68.4432 46.1628
0.883581 2.55265 -0.722005
0.140794 2.59308 -2.81784
1.0534 -1.70959 -8.79659
-40.7094 41.8489 -0.112744
-8.06669 12.8576 -1.88459
-13.9572 69.0427 19.248
-4.32323 -2.15754 0.932506
-0.744239 6.15238 6.79942
-17.4638 44.4881 23.8057
-9.55172 14.9001 24.3332
-2.533 -5.7496 6.46957
10.4343 27.9892 60.1533
-7.3598 -15.1866 47.8545
-0.702424 -1.00444 2.01162
-10.6486 19.8205 19.7335
-1.62786 -4.36473 -1.35145
-3.16909 2.25052 -6.76052
0.205162 9.72748 5.49664
1.32334 7.99643 6.85579
-19.5093 0.0484241 3.34316
-13.7955 18.7009 50.8049
5.89547 -0.553342 -3.73609
-6.47538 0.306216 -2.63016
1.63962 9.15921 2.79586
-0.994913 -4.95113 -3.46763
-0.0794454 3.09511 -2.31838
1.36306 3.7948 -5.80195
-0.450226 -0.754392 0.497881
0.466014 4.85783 1.91751
-25.374 27.0381 15.0592
-0.168163 -7.73177 -6.14913
-1.56617 -0.990666 2.32431
-0.163192 4.26566 -1.89974
0.542856 3.68804 -5.50365
0.28455 3.9805 2.63972
21.4345 -2.16651 -12.2748
-0.440568 4.89769 9.58128
1.03546 5.7134 -5.55932
-0.39599 1.0919 -2.56735
-3.60313 3.04122 1.81145
-0.659651 -2.47382 -7.11015
1.10482 9.72164 -2.22548
-7.62301 15.3143 47.4315
-8.96778 10.2946 -0.0276993
-0.382671 -5.14836 -0.221709
1.35547 4.59996 0.817399
-30.3885 9.53309 37.3369
-1.05434 -3.11445 6.34849
70.6804 -48.0257 -64.0347
9.18505 -1.7074 8.02645
0.157447 2.89184 -2.8485
-0.704836 5.89725 6.73116
1.33056 4.37605 -5.49833
-0.148817 2.6365 -2.53492
0.48813 5.42419 -4.86974
-0.69571 1.16627 -1.02607
-7.34382 10.2397 21.7174
0.144502 7.56558 5.06945
-0.769931 2.44656 1.48465
-7.97703 27.8036 21.9715
0.472251 3.13582 3.67714
0.431198 -6.63243 -13.3958
-0.448288 -6.84289 -6.3326
-0.923057 1.17986 -1.03798
2.25791 9.54429 -2.47564
-0.941855 2.47808 1.48494
-4.94675 1.04296 -2.81389
-0.0101987 3.4171 -4.46013
0.520259 4.5927 -3.17316
-0.144511 3.58349 -4.98632
1.43238 3.38661 -3.24787
-12.4936 14.9018 18.9208
0.492515 0.479375 -7.89743
15.7649 -9.61191 5.36182
-0.15847 1.29718 -1.02001
0.49005 4.43408 2.23615
2.99944 -13.2 -25.5055
-1.10646 -2.40565 8.40592
-17.2673 7.87586 -17.4416
-3.74021 3.36232 1.24306
-0.304915 -2.25442 -8.60058
15.5381 -9.61155 5.36143
-0.42185 1.3139 -1.01344
0.470335 7.34922 4.99832
-0.724829 -1.07693 2.45476
-15.3892 51.7629 5.09457
0.314942 2.22964 0.106841
-1.31593 -2.91408 -0.729592
-0.118492 8.53058 4.38394
1.47249 -1.52399 -10.8688
1.02345 1.63715 0.360918
-0.702085 -2.23924 -0.398531
0.738977 3.7434 -5.51281
0.134632 -3.98987 -1.93924
-15.3225 9.32674 7.04877
0.13938 1.56795 1.01256
-8.52538 22.9482 20.7261
-0.439621 -2.53827 -1.92787
-2.74009 -18.9226 12.6994
-0.657427 -4.62149 -1.40589
-6.03711 0.711802 -4.59653
-1.53076 -2.6707 -0.9495
1.29652 7.3718 4.97603
-1.28643 -3.17215 -1.28602
1.96392 5.49738 3.22329
1.04353 8.59792 0.176163
-19.0512 9.77578 14.8955
-1.28545 -2.82549 -2.20552
-15.1142 50.8847 7.28174
-0.378688 -1.96352 0.212781
-0.1604 -4.32386 -8.83771
1.67627 2.7883 -5.65065
0.241603 -3.73625 -2.58112
-114.851 64.5706 -40.3612
0.779048 4.06356 -4.99723
-2.27359 6.9496 3.72867
-0.391518 1.93295 -3.19123
1.054 4.94377 -4.90447
1.95568 3.75229 -5.58914
0.384383 -2.87381 -2.53997
-1.22489 -5.70572 -7.04792
-0.171419 -2.27766 2.25361
-94.3526 58.9606 -7.7371
-0.166412 -0.700569 -0.215202
0.173421 1.30855 -6.44281
10.3636 8.90806 50.0533
-111.051 57.5541 -33.4733
-0.362829 1.22769 -3.78652
1.05086 5.42964 -4.20046
1.9201 4.37364 -4.9189
-27.4474 7.51981 -8.10552
0.521179 -2.30517 -3.14295
-1.86384 -5.39277 4.98682
0.210105 -0.695445 0.157691
-17.2499 8.11589 -3.59662
0.39734 5.81797 8.8081
-0.871238 0.441383 0.451695
-4.3394 -7.8948 7.47596
1.06171 5.51233 -8.24817
-36.6672 -5.13377 7.11169
-18.3725 49.2758 34.8833
2.92168 11.411 -4.4229
-8.85796 21.8917 19.4046
-106.266 92.4101 2.35816
-0.00750309 -2.54519 0.801643
-2.69471 -29.3967 -0.151796
-2.00125 -7.76307 9.09459
0.138659 -7.05161 -9.65061
-6.76052 -7.54405 -2.082
-0.424787 -3.52028 -1.36184
-1.21549 5.05242 5.31771
0.753322 3.75258 2.81424
2.24001 10.4109 -5.61445
-1.0207 1.62052 4.35261
-1.59318 -3.52888 0.559653
0.128321 1.94998 5.58554
-7.83995 7.66786 -5.36336
-7.84981 15.3146 47.4311
0.836221 9.81003 -2.32177
-0.693127 -1.07432 1.40432
-24.3623 22.8888 10.2992
-0.741704 -2.75349 2.27508
-0.445709 6.07991 7.78208
-3.96631 -2.25912 0.228229
-19.5552 18.6665 20.4255
-16.2753 12.93 28.0801
0.738657 0.454891 -8.22864
-1.26014 -2.7278 2.72107
0.159868 0.410544 -7.75631
-0.739925 -4.28737 -2.88884
-19.9626 4.34331 12.151
-0.0530361 -0.832452 3.22542
2.04102 3.5922 -7.45495
0.43894 -3.1406 -0.787937
-0.677114 -1.71259 1.38903
-50.5184 26.9759 -20.8367
0.759042 4.64036 -3.78484
-13.7398 25.7458 53.2635
1.9644 8.59713 -0.18353
1.60045 7.69248 2.29923
-8.56837 7.37148 -1.69571
-0.400519 -1.98575 1.8593
-0.46606 -0.486217 -0.456611
0.168263 5.60263 0.792248
-1.55324 -6.20109 -0.261994
-0.718117 -2.21364 2.2531
-0.71901 -0.695121 -0.130474
0.219829 -2.59911 -12.2116
-24.7404 11.5584 35.9483
0.469084 4.32724 0.806414
-1.33401 -4.90259 -0.245995
-0.153924 6.36728 3.70908
-21.2788 22.9816 8.01524
-2.22362 0.0218762 -0.935564
0.736372 3.76398 2.51581
39.8401 -23.3935 -3.58315
-1.02268 4.6733 3.80537
1.03502 -2.26615 -9.19644
1.74748 4.87101 -2.71023
0.203354 -1.54581 -5.36602
0.767446 6.18543 -2.23815
1.39992 10.0012 1.26388
38.3449 -15.1443 2.10661
-8.87401 19.146 19.1939
1.3283 7.62607 4.33836
-1.34616 -3.49901 -1.97995
93.2395 21.2981 -36.1485
-0.678797 -2.48468 1.56164
-0.700784 -1.02835 -0.776437
-3.96269 -0.594557 -2.88356
0.779431 0.0665126 -8.79593
0.498774 -1.62771 -1.68655
2.01431 5.0984 -6.36949
-10.9212 8.08651 -2.16958
-0.761707 4.97918 2.45063
0.165729 5.36803 3.71011
0.43087 9.19876 2.2883
-0.4562 1.05149 4.04389
-0.167443 -2.52429 1.60747
-0.108409 -1.14594 -0.648117
1.31021 0.138545 -8.77853
0.739319 6.17336 -4.00437
-0.628611 0.729898 -3.97448
10.0524 14.6916 41.5762
0.234381 1.66568 -6.97627
1.00895 0.487516 -7.60988
-0.385319 6.45891 -0.314779
-18.4928 32.8332 13.0557
1.92346 4.56667 -5.56266
0.432814 -1.99309 -2.50243
0.389428 9.73114 6.0861
-6.24828 13.7404 2.09097
-0.0961418 -1.97862 3.18177
-0.42742 -5.59366 -6.73686
-14.0165 23.5083 16.6476
-0.143413 5.57282 1.05909
-9.78889 27.9636 34.4736
0.870706 -3.71099 -11.5609
4.08775 -0.292293 -0.678686
-17.5273 16.139 -10.9763
-17.4705 27.6263 11.7512
-0.438865 4.05092 3.79875
1.94735 8.1697 -2.58775
0.430607 1.64076 5.84331
0.183584 2.8089 -3.77801
0.478503 -5.58335 -7.65272
-9.10982 0.951572 -4.53549
1.02546 -1.02041 -4.39353
-48.1067 15.4625 -9.47461
-0.130804 -3.37614 1.94754
-0.163212 -3.39672 1.66857
-0.0790511 -1.85862 -0.795589
-2.45449 -7.02989 8.2461
-18.1118 19.9649 18.4111
-15.1312 48.1471 12.5841
-3.14449 -2.04988 5.43442
-1.02559 -4.38299 -2.34136
1.62447 8.48116 4.00439
-3.36627 -7.78015 8.50039
-0.614501 6.5542 5.45897
-2.75147 -8.01782 8.82765
0.175038 2.23618 -1.63931
-0.958381 -2.34593 1.97247
-1.90807 1.03968 7.87457
-19.454 16.7568 23.2188
-1.58788 -4.12972 -1.26116
-1.61776 -0.274568 -0.304219
0.174473 -0.415368 -0.0930785
1.04735 7.92198 4.16229
-1.27444 -0.467954 8.65381
1.79142 11.1121 1.26293
-21.5141 29.0486 11.19
-3.74684 2.6132 -1.36567
-8.58292 38.2874 28.2814
-0.368133 4.54661 0.476404
0.440552 5.50201 5.91063
-1.61869 -2.44233 1.94007
-22.5781 -2.05967 3.19254
0.518949 12.1864 -0.155469
80.2363 27.9315 -47.2149
-23.2499 59.3519 42.8018
-7.86551 32.3522 65.6993
0.836794 4.70303 2.58555
-52.5647 9.93972 1.01412
-0.145158 5.48849 3.63875
0.446958 4.90754 1.06659
-22.6104 -2.19309 3.11054
-21.4807 37.6362 11.7558
-20.2752 11.6043 -0.897107
0.830377 4.95872 2.54536
0.743672 4.54443 5.26653
82.0518 0.854401 -69.3932
-1.01272 2.06515 12.1474
1.07042 -4.96808 -11.4314
-7.39233 35.2515 29.0175
-1.37283 -4.61237 4.11878
-4.02547 -0.636148 -2.31267
0.1834 2.36318 -6.55587
-2.18147 -4.82805 4.53379
1.62807 -1.90745 -0.36193
-0.102226 1.29922 0.56777
-2.20981 -4.31234 4.38578
1.88519 -2.7062 -8.93285
-10.2766 2.99753 -7.68635
12.6502 9.5284 48.992
-11.1712 11.1824 -4.00142
-0.119455 -2.02938 0.739552
-2.8212 -7.93394 7.36282
0.720184 -0.0588337 0.426973
1.41889 6.66735 0.0736364
-17.4232 4.5514 -13.7454
-5.79293 -2.23103 14.5441
-2.44045 -7.98342 6.99534
24.3979 -5.03721 12.6083
2.07672 1.14896 -7.50428
-1.64038 -3.56751 10.285
1.59274 9.59764 2.95588
-0.967879 -5.17804 -3.4931
-1.26955 -0.536173 2.66793
0.148132 4.44067 10.385
0.142574 -3.79487 -0.834059
1.6296 0.97782 -7.91655
-15.3965 22.8647 16.4523
-1.88302 -3.10267 2.2436
-0.932079 -3.31984 3.24137
0.548061 1.09534 -7.28807
-0.719266 -3.3417 3.24232
0.542142 -1.35129 -2.55788
2.55031 15.6684 2.05553
-0.662536 -3.61861 3.47048
-55.0098 27.8982 9.24251
0.727367 1.33209 -7.06798
-7.29593 24.4663 25.903
-1.06039 -3.68008 3.77001
0.442555 1.40589 -6.74245
-4.02396 -9.29125 -0.871464
-0.124232 6.62896 -0.712777
-0.415808 -3.46147 1.62487
-0.466595 -1.93745 -0.834222
-58.8474 -4.4594 -7.57428
-2.13242 -5.51623 7.29525
-0.487988 -7.01382 1.89667
-8.56279 2.23849 -1.59634
-0.239434 5.99965 5.04948
-2.14289 -8.47915 9.39883
0.175959 1.04469 -5.57001
-13.7017 17.2566 21.319
-0.73651 -5.75578 -1.0433
-0.760904 2.35565 10.793
-9.76603 27.9247 23.4528
-1.62971 2.61655 4.91639
-27.3414 3.04252 4.66998
-0.402892 3.6817 6.73332
-7.30462 0.97345 -8.33317
-12.4646 39.3265 1.27732
0.178006 -0.238908 -0.400761
0.151857 3.20433 -3.45273
-3.30381 5.21615 -8.3329
-0.089542 -0.442945 1.02992
0.165566 3.38099 -1.35147
-10.9847 63.2742 29.8723
-17.2536 22.292 6.44391
-0.147287 -2.2569 0.732004
-0.772628 -6.24291 -9.90357
0.135567 -7.41807 -9.6681
0.213984 -4.53779 -11.3568
-8.6088 12.2761 -0.243456
-0.134861 -3.42526 -0.0923423
-0.056038 4.68715 9.73415
-28.0204 3.97299 -1.28135
0.55055 5.3032 -8.4493
-2.71133 0.842279 1.40083
0.471274 1.38946 1.04828
-3.99488 0.205048 -4.74958
-0.347566 8.61662 2.89109
-0.330233 -1.69148 0.127497
9.80758 14.8771 50.1916
-0.974814 -4.74495 4.49056
-7.97921 16.0741 26.4412
-44.4755 11.446 -13.8577
-0.0974618 -2.57965 0.420331
-0.94313 7.29441 5.75768
-3.14354 -7.01119 8.59405
-18.7425 19.9147 18.048
-1.32216 -4.07014 -1.10726
-23.8582 14.3447 24.4652
-0.99721 -4.25264 4.65141
1.05432 -1.69172 0.388373
-2.23421 -5.16255 6.28515
3.45572 -2.33699 2.13487
1.34814 4.59903 -5.2317
-0.148703 2.29486 -2.81557
-10.8499 -4.54433 -6.44359
-15.2902 28.2204 14.9409
-1.65561 -3.73008 1.12234
5.38872 -20.9955 21.1833
1.30284 8.90614 -0.456191
-22.6375 24.2147 16.5696
-37.0416 -2.95483 4.35806
-1.50776 -2.29595 -1.49749
0.192127 -2.26405 -0.224542
1.14538 1.3555 5.78073
-0.459782 -3.69913 1.35532
-0.712072 -3.70997 1.3262
-0.441486 -0.504678 1.41398
0.106919 -3.43566 -1.62468
1.6564 3.10447 -6.38525
0.217265 5.84818 4.01126
-16.1042 23.8084 16.765
-7.03802 29.8372 8.01524
1.01364 0.119286 -8.28182
-0.369827 5.03891 1.86231
0.795799 6.45911 5.22209
39.3672 -12.867 -8.59856
0.433229 3.05546 4.23263
-2.77179 -0.768049 -0.233427
1.04178 1.35425 -7.63735
-0.417108 5.4472 -0.350962
0.210935 2.51285 -7.00247
-1.95333 -8.67702 9.72799
-0.499217 2.27433 10.3504
-0.318281 -5.85833 -0.771816
-0.345365 -0.670668 0.705895
-0.363995 0.738759 1.93297
-3.64154 -8.7377 8.83083
-25.9249 19.9939 -18.4338
-22.6407 25.8658 11.9589
-23.7898 109.118 -38.602
-22.1206 44.9892 13.7384
-8.42971 12.8583 -1.88527
0.208558 4.67614 -5.40899
-1.34651 -4.65472 -4.37416
2.76941 15.4135 -6.51479
1.43245 8.83595 1.95955
-9.98248 23.3535 -134.88
-1.32164 8.25797 1.60024
-105.191 30.6815 -40.7176
-3.3593 1.89525 -3.06865
-0.444122 -2.20812 -4.3096
0.570481 -4.6924 -9.69598
-10.0857 37.0545 26.7923
-21.0571 14.256 11.2918
-1.86106 5.43712 2.10764
1.35451 0.490545 -9.50836
0.52101 -3.78459 -4.93503
-8.04184 27.8367 22.465
-3.09559 -7.90837 7.73849
0.421839 -0.191963 0.118785
-11.7184 10.4252 21.6591
0.440275 1.30113 2.5931
-2.64728 2.54147 -1.12498
-0.309736 8.79437 3.86941
1.24091 5.35053 -6.60489
-0.161852 1.74562 -1.36705
-14.2531 2.43235 5.8729
-1.24642 -4.3849 -4.01553
1.40559 8.59023 2.25641
-0.111998 8.55035 5.86753
0.163103 -7.79073 -5.59477
0.781359 0.133469 -1.94009
-1.94064 -4.08731 4.35388
-8.8561 16.5965 26.518
-1.30599 -1.13226 0.234819
1.06347 0.445511 -8.20813
0.726458 -5.80657 -7.3072
-0.474141 -2.76002 2.27016
1.16552 0.110691 1.58526
0.780442 3.73321 1.06901
0.182418 1.05848 -5.31481
-14.8666 48.1892 9.18771
1.1363 10.9577 0.74728
-0.180127 7.34984 2.83278
0.445833 -2.54035 -4.30822
1.63046 8.55445 2.8497
-0.934666 -4.31157 -3.50044
-0.431164 -3.44084 -2.79568
-0.730057 -3.81046 -3.77309
-9.4342 5.80453 27.7533
-0.398626 0.0934835 -3.78435
5.00545 14.6395 52.648
1.01388 1.86821 -8.26026
-19.9658 56.5862 13.6739
1.64511 5.60297 1.75585
-0.966601 -1.34495 -4.64841
-2.82923 -0.715093 -0.927957
-8.29735 -5.15645 -0.485604
-16.8957 3.72631 -16.2329
0.508782 3.08261 3.41521
0.185027 8.62627 2.92475
-7.88619 0.962762 -2.6576
0.164249 2.27293 -2.60255
-0.758471 6.38244 6.42757
0.520749 2.83906 -5.23908
2.24504 0.443328 -7.77201
0.431339 6.15642 0.730534
0.704393 -3.7438 -9.72062
0.544406 1.38595 0.434154
-1.24788 -2.03467 -0.495613
-0.143455 1.37132 -2.32486
-0.0558899 9.36931 3.70272
-1.08391 -2.57031 9.66767
-0.0213795 3.07356 0.649718
-8.27387 24.9611 24.7517
0.158587 2.57949 -2.28651
12.989 19.2672 55.2839
1.05726 -11.2943 -17.493
1.52105 -1.07134 -7.70482
-9.17852 -5.4249 -1.65449
52.0268 18.5591 4.22275
0.419 -0.990955 -7.32719
-0.633629 -4.03544 -1.29699
-13.6647 19.1109 17.5482
0.148663 -0.786209 1.91764
0.105091 0.368209 4.74371
16.6862 17.1108 -55.5712
-32.2598 36.6097 -0.599484
0.145806 0.75576 0.69341
-1.66561 -5.30218 -1.08033
9.53409 12.2666 47.933
1.5247 -9.13102 -18.9497
-0.405893 6.19937 4.66149
0.482707 4.12051 1.70068
-4.81904 7.273 -0.942254
-3.6966 -6.98574 8.7921
-0.371153 2.0066 2.55121
-9.98028 21.4126 33.5731
0.459 8.33352 3.79476
0.735671 -1.64573 -12.6794
-0.485176 -2.27736 0.750013
0.960728 3.19335 -6.65055
-0.400636 3.68902 -1.38512
-18.1427 -5.88851 7.11916
-0.103247 4.64202 9.20685
-8.55419 32.0504 31.4925
0.216718 7.62981 3.42017
17.5908 18.9921 17.5644
-8.85439 21.395 2.2594
-11.2788 91.319 44.6356
-19.6296 19.8215 -11.6717
-14.9391 50.4906 6.55173
-0.0140906 -2.32485 1.10671
-0.63682 -4.65483 1.06038
-9.7997 67.5278 38.6715
62.2653 64.4111 28.3498
0.24945 0.120193 -5.52423
1.08176 4.47158 -3.52798
1.8968 3.26075 -3.93889
0.477856 -3.47565 -4.06489
-3.75918 -6.42428 -4.87597
-8.89115 11.0768 -1.75525
-0.665584 1.59712 -1.70868
-0.0181506 -6.20108 -5.77937
0.174702 7.11742 5.59463
-4.36599 -0.890667 -0.905285
-1.54699 -4.64948 5.26223
-7.65144 6.2715 -3.89985
0.49133 3.45033 4.03189
-19.6093 52.0145 33.7352
-1.0766 -1.70968 11.8145
-0.458025 -1.36395 -5.24803
0.997588 4.02593 1.09551
-4.06776 -6.18448 7.84593
-0.732077 0.282418 -2.97316
15.0818 -8.62232 3.54699
0.270835 -0.991183 -9.22347
-56.1319 5.60046 13.309
-0.165144 -2.20724 -0.403355
-0.0766102 5.94956 9.93194
0.164865 -5.9002 -10.8587
6.44476 1.4675 10.0567
0.401147 -2.21654 0.736525
-3.03273 -5.90855 7.12854
-12.1613 21.9531 50.4064
8.26103 28.7454 61.0989
-0.417751 8.19851 6.9673
-0.544618 9.63338 21.4373
-0.432726 -1.99734 1.64971
-10.0632 -5.18477 -3.66974
-14.1236 17.5737 16.7672
-0.454276 -0.455601 -0.705851
-3.83732 -6.98399 9.37536
-4.79905 7.22509 0.500977
-40.9494 28.1169 -5.25776
-16.0028 -7.66351 -2.25717
-0.75683 7.74797 6.88197
-115.677 22.1813 -43.9019
-1.62485 -6.11076 4.59455
0.527697 0.212741 -0.0951029
0.69684 -1.36779 -2.81439
-0.0669427 0.487765 -3.40951
1.3917 6.3994 -4.76842
0.433365 -1.69356 -2.18916
-1.01211 1.96269 9.56755
-0.41997 -3.18306 -6.49746
-2.4538 -7.34228 5.06998
-13.2186 13.27 7.3984
-0.36503 1.01182 8.25547
-0.179201 -3.45564 1.38223
-0.122902 -1.98428 -1.10415
-0.938008 6.37146 4.97478
-0.396005 -3.71136 0.990026
-0.446053 -2.24773 -1.32547
0.143988 -3.23249 2.48954
-1.88908 -2.73801 2.46167
-100.033 -17.4253 21.6577
-1.8861 -2.82905 2.27075
0.502214 -5.2361 -6.71449
-13.6762 32.8574 54.3548
0.16082 -7.13674 -4.39789
5.55741 -1.50231 2.0138
0.859286 0.759471 -3.2026
0.780322 10.5142 1.32349
-24.9821 21.3228 15.8883
-13.6422 16.7198 35.7176
-0.783878 -3.20449 2.52944
-50.1307 -2.37349 -3.69424
0.738053 0.452076 1.96416
0.47426 -1.63571 -1.97216
0.728917 -1.54773 -1.34695
-4.58711 -7.47638 8.14048
-10.6539 -3.79618 -9.04034
0.141127 -2.94618 -0.120071
-0.764698 -0.431903 10.6648
-0.149443 -0.217523 -6.48313
-23.5326 23.6718 12.1353
-9.98267 9.95854 -4.59862
0.181461 5.01748 5.30181
-1.67975 -3.3735 0.999299
-9.15336 20.5547 18.5321
-5.82773 14.7354 25.9143
1.0226 6.2073 5.00327
-1.58235 -1.92606 -1.4914
-0.629285 -5.19931 -7.31794
15.4077 17.8524 54.6507
-0.382502 3.17568 2.00771
0.429396 -3.8201 -8.85892
0.20342 4.55918 -2.59256
-9.68764 17.3002 19.8943
-16.1 35.152 19.6432
0.14478 -0.136211 1.0805
-1.87686 -5.79306 3.91432
-1.81632 -4.44819 4.9231
0.171984 -1.64242 0.107939
1.85928 3.49245 -4.92202
0.430197 -3.14326 -3.17145
-0.725434 -3.76695 -3.43284
-24.605 28.9906 19.6706
1.85679 11.6582 0.937862
-23.8165 20.5265 15.9533
0.189297 6.47206 0.757624
0.445549 -3.48973 -9.67311
0.149327 4.9173 -1.68756
-5.22252 0.782537 -4.24536
-0.745839 -3.40597 2.35101
0.908749 1.3268 0.706114
-0.76998 -2.00994 -0.155478
-20.6486 12.7602 26.5763
-1.31244 -7.71316 5.42662
-2.86031 7.73736 4.21745
-0.0293103 5.25568 0.526755
0.206385 1.62234 -3.47836
-3.0574 -0.678083 -5.59714
-4.40002 0.150029 2.63486
-1.55494 -3.8463 4.05489
-0.147099 -1.04964 -6.44503
-0.45262 -1.39855 -3.43467
-31.0375 4.77318 -23.5003
-5.19791 -3.84463 -5.01582
1.07802 8.35733 4.55109
-7.03792 1.28026 -4.4961
-0.40324 -1.33515 -0.726363
-11.7463 68.2973 55.4762
-0.398871 -2.81999 1.59454
-3.74397 -0.693407 -2.73151
-1.02714 3.76182 3.74629
-0.698101 -3.80904 3.99348
1.71164 3.29697 -5.75439
0.192205 -3.46437 -2.31327
-2.15429 -4.31732 4.61766
1.64651 3.42827 -5.35871
0.219786 -3.2129 -2.77567
0.743995 4.61101 -4.70376
-0.163571 -1.70679 -3.59055
-4.93679 -3.97943 -5.02442
-1.55874 -2.33071 4.75477
-4.91848 15.0641 10.9498
-1.55449 -4.7072 -2.89194
-8.23949 23.8397 19.6053
-0.0941507 -1.54498 -0.819268
-0.167325 -3.11063 1.64113
0.172417 -6.48761 -10.5248
0.172258 -1.64397 -8.85582
-14.577 44.063 19.4084
-4.90181 -4.05157 -5.18809
-0.12672 -1.67754 -3.75438
-0.125173 -1.73982 -1.01092
-0.184122 0.405273 4.66841
3.25831 5.64566 -11.898
-0.177017 -3.09195 1.30803
-13.9381 21.8457 15.8815
-0.914503 6.79902 4.92635
0.182324 -1.64894 -8.57036
-3.13 2.43321 -6.44928
-0.424784 -3.48645 2.49433
-2.79047 -6.35233 5.49499
1.37334 -0.62105 -6.6219
-1.08529 -8.90047 1.81724
-109.98 106.948 -75.7683
1.16287 2.87658 -2.84445
0.401165 -4.9104 -4.65324
-47.7501 -18.7086 12.6231
-0.171737 0.776522 -2.85289
-1.96163 3.80785 -1.28568
-0.45917 -2.88912 -6.81769
-1.04255 -3.63781 1.34851
0.185607 -1.03197 -0.685301
1.05611 7.36046 4.5569
-1.51154 -3.25397 -1.65347
-0.763648 -3.72716 0.979148
37.4414 -20.2351 -0.888086
-0.714809 -2.26207 -1.3171
-0.713743 -0.501134 1.86349
0.140098 9.27454 5.66179
-1.51968 0.674486 2.34834
-1.55117 -0.865801 0.54605
1.31829 7.10078 1.94095
-0.401536 11.6733 7.84981
-0.741991 9.71136 4.81915
-9.12187 37.0735 27.1774
-46.0465 14.5654 -26.4652
2.38232 8.49125 -0.566877
-0.99402 -1.94567 3.10925
-0.450374 -1.28979 2.26663
-6.34983 14.3299 2.83871
0.223313 -2.57574 -2.55401
1.67433 4.13953 -5.42834
-0.691788 -3.13329 2.0053
0.901915 1.05824 0.433707
-0.699973 -1.64274 -0.427418
-1.64175 6.77985 4.27224
-0.399234 -3.10398 1.92725
-0.449377 -1.61416 -0.454356
-0.993783 -4.36805 1.99881
-4.95424 7.09932 0.421822
-1.55584 -4.6021 -1.7464
-0.745711 -5.01886 2.07636
-14.4205 38.8533 27.5259
-8.17663 -3.3804 -5.78777
-1.57502 -4.51109 5.72389
-18.0515 64.1922 38.7076
-16.0598 61.1916 1.30436
-13.5378 19.6918 18.1357
0.116299 -1.32588 2.54023
-0.950338 -4.13592 -6.054
-14.7627 2.25568 -0.724122
0.149339 0.14427 0.191791
0.534612 -5.08725 -7.47622
0.993876 2.77456 -0.112637
0.164321 3.53305 -4.02418
1.9677 10.7363 -1.10604
-73.0641 84.1669 -4.18802
0.362119 3.96175 7.21033
1.06937 3.60427 -9.84044
-9.14478 3.21295 1.15741
1.06499 11.8132 -0.423883
-0.62574 5.32322 7.90135
0.765149 4.24526 1.38751
-89.4526 22.5519 -31.3414
0.150188 5.9492 9.93232
-9.6565 28.8139 20.4762
1.88966 4.36202 -5.44692
0.471159 -2.21616 -2.5313
0.17146 1.39911 -7.04093
-4.7478 -0.638335 1.94394
-0.749507 0.521787 -3.77299
0.888919 6.38386 -4.2804
0.251842 -1.30817 -3.06352
-1.03132 -1.89344 -1.71173
-0.940311 -3.38861 0.838064
-1.04411 -3.70417 1.04453
0.707074 3.99974 3.47997
-0.104097 6.29367 2.91606
-1.83238 -2.87782 1.32518
0.097204 -0.369832 -1.84225
-9.76369 9.72644 3.24451
0.481915 5.24332 -2.52807
-0.173815 0.171414 5.63264
-0.668595 -1.64077 6.80088
0.76497 8.58416 -1.58949
3.28778 -0.054836 -2.34574
-2.24937 -8.97678 9.15864
-7.38912 2.96714 0.987776
-234.444 14.2792 97.8824
2.79113 2.47402 -9.44709
-0.459238 3.50296 2.29319
0.134423 -0.344805 -3.37256
18.1422 -12.3334 -20.7867
-0.419423 1.98542 -0.132842
0.458141 6.70982 4.08504
-3.16667 -6.81069 7.46997
0.403269 -1.31119 0.388013
-1.5711 -4.69046 4.70109
1.0597 4.04588 0.422566
-54.706 5.44515 5.94676
-0.150064 -4.3306 -7.07568
-1.65016 2.32476 -1.07516
-1.05288 -5.57205 -6.46369
-0.669748 -1.81078 3.33657
0.759301 -4.00243 -10.3272
0.441653 5.87719 1.35708
-0.488677 4.4576 8.92291
-208.315 92.5422 26.6723
-23.6347 -2.91712 4.56919
-0.0522926 -6.56915 -4.25721
-8.52474 20.9681 26.7771
-0.41209 -4.77645 -7.85103
1.03654 -0.0958203 -5.05909
-50.8263 49.913 28.6784
-83.8228 6.23865 15.1777
-1.29465 -0.228992 1.12454
-0.173289 -6.18995 -5.3117
-0.688136 1.58581 -2.24859
0.176087 7.03616 6.09603
-0.13791 0.70789 -1.88436
0.43125 3.37163 0.364595
-1.33969 -4.02945 -0.459087
-0.755473 1.35133 0.757051
1.12619 -2.08012 -0.090753
1.44437 0.544399 -5.78559
0.155907 6.46628 5.55521
-1.37409 -3.6678 1.34828
-53.5492 -2.21398 1.5628
0.402179 6.35776 -3.67791
20.8804 33.9648 -39.6043
-20.141 18.0837 20.8588
-1.05163 -2.26565 11.3631
-0.446739 -1.88607 -5.87808
-1.04836 -2.51584 1.92386
0.697768 0.476292 0.388251
-0.987436 -1.04729 -0.488199
-1.81441 -2.45116 1.41324
1.37199 6.39695 -4.08044
-0.0808864 0.501109 -4.06388
-8.23382 9.72848 -4.04384
0.170929 -2.55525 2.98602
-1.91806 -3.37604 2.20772
-0.122304 2.85724 -1.30974
-0.152905 4.3185 1.05872
0.720492 5.91983 5.32668
12.7619 19.2677 55.2833
-0.346054 -0.216199 1.7288
0.1496 -0.815828 2.54184
-1.50198 -1.2281 -0.890068
0.141215 0.674079 0.184259
-18.6247 30.165 15.8179
-0.770593 -0.769657 2.40766
-0.660138 -1.23314 2.07252
-0.146017 2.83285 -2.24536
1.36588 3.95757 -5.85179
-19.6638 8.67241 14.7273
-0.398579 -0.217119 -5.497
-13.8111 35.361 26.4613
-17.2615 16.1804 16.2061
-1.66283 -1.04164 0.454075
-0.166802 4.9089 4.85571
-14.839 66.4396 6.34778
-2.29848 -1.22383 0.264692
-0.0599278 -3.78042 -7.6071
1.59691 2.37184 -4.46542
0.258967 -4.32866 -3.7691
0.719693 8.2178 -5.456
0.19387 0.425115 2.23149
-1.95481 -4.82842 4.53412
-1.56123 1.11319 2.57687
-1.51119 -0.57476 0.00388249
-20.0034 35.3116 12.9681
0.415668 6.25553 10.6595
0.494768 -1.90681 -1.04895
5.56993 -20.9958 21.1835
-1.3329 -3.7572 1.13818
-1.67957 -6.89491 4.68538
-8.82192 78.4173 50.6854
0.491696 0.714138 -0.183292
0.416731 2.23134 2.21231
-0.77526 4.06865 -0.0565554
1.6107 2.31345 -3.90139
0.278964 -4.37606 -4.03336
-1.85386 -3.67221 1.66104
-0.106254 2.56842 -0.800615
-13.1412 27.882 63.8868
0.77627 6.19393 4.62546
-0.736887 1.31519 -0.998765
-0.138288 -6.36826 -6.46806
0.225177 7.39108 4.99192
1.41466 1.31164 -6.46267
0.766557 7.42264 -1.56259
-0.646142 -0.456894 6.70613
-0.430956 -4.9552 1.5912
2.8449 21.1181 14.587
-0.4067 -3.43865 -0.791678
-1.83173 -3.73949 1.40389
-0.766802 1.37263 -0.754405
0.741325 -6.9684 -13.0252
-2.63649 -3.03231 -1.67534
0.16073 7.47019 4.74721
-0.751534 2.80604 1.69027
-9.18075 76.2954 22.0271
1.43332 1.38909 -6.72957
0.744154 7.43295 -2.00363
-7.6334 20.3246 24.347
-0.762035 -0.402765 6.4927
-10.054 34.9786 6.5794
-22.0505 32.9624 12.6354
3.76289 -0.801517 -4.00849
0.513279 -1.33963 -1.9647
-1.04053 -1.39159 0.161881
1.32193 0.355021 1.18811
-6.65705 9.16441 -0.640348
0.438829 -5.82753 -5.26382
-1.06591 -8.04391 2.47288
-19.9453 87.3986 87.6837
1.07937 1.99247 -2.24077
-9.15911 -63.5171 77.0338
2.1868 9.69549 -1.6735
-0.955039 2.14781 0.450346
-3.10087 -4.14514 4.61245
-15.7088 62.2827 16.6137
-6.12304 14.3295 2.8391
-0.120824 -1.2977 2.31201
-2.25123 -6.17867 4.68339
-0.132457 0.162588 0.406714
-48.413 24.117 17.184
-1.57867 -3.41787 -1.07278
-0.934683 3.40895 9.41803
-6.36559 -5.95 -2.54295
-0.0296801 -1.43712 1.35098
-9.64818 16.7405 25.7128
-7.36781 -1.43194 -3.38825
39.14 -12.8665 -8.5991
0.234256 3.06775 4.21331
0.455174 6.84407 4.6633
-23.5815 2.33847 15.4071
0.936634 -3.2396 -12.6356
-0.966802 0.116204 10.9355
2.31025 0.857078 -8.48579
-13.4328 31.1967 56.7838
0.722975 -3.4894 -4.34503
-1.03281 -5.24894 -5.16937
1.66831 9.44777 1.05266
0.183657 6.71848 6.49265
0.209879 0.728652 0.438982
-3.01251 5.37611 -7.63599
1.32207 0.710843 -5.06461
-15.4766 10.0358 -5.53432
0.405476 -1.34285 -0.158868
-5.75991 -1.94964 -5.56774
-9.96942 9.73363 -4.20024
0.220107 5.25327 4.92517
-50.1609 41.3074 -9.40655
-0.460614 0.197468 3.36768
-165.948 68.5881 -110.007
-1.27303 -3.82524 5.16177
-8.19806 16.9232 25.7052
-0.773575 -0.755508 1.09478
1.06354 2.22628 -0.703372
0.442182 -5.67178 -6.83944
-17.7606 59.8245 37.2243
0.730192 -5.77792 -7.85508
-8.49198 1.27349 -2.32156
-12.3678 61.0471 -4.61435
0.25932 2.82406 -4.62918
1.07178 11.1343 -1.06971
10.9475 31.5018 63.0256
-0.0465458 -1.60232 1.35606
-13.9575 44.6709 22.007
-0.642265 2.23259 -1.91185
0.742746 4.65466 -6.12774
0.212238 -3.089 -1.35512
1.1673 8.21345 3.72903
-3.75206 -4.3871 6.04651
-0.124945 4.14007 1.7892
-0.483489 -7.49781 -6.15722
5.8707 -8.84362 2.07462
1.82439 3.51253 -3.99309
0.441168 -3.15658 -4.06484
-1.06651 -10.6993 1.29685
0.476645 -5.34006 -7.4232
1.02757 2.53459 -0.127451
-8.18926 24.5846 26.561
0.199792 3.08513 -4.03018
-0.0657702 5.93563 3.86453
-6.79033 -2.54898 -5.26273
0.788645 4.32554 2.52356
-15.4679 11.7884 7.1226
-19.1136 15.2061 22.2828
0.30388 4.98059 0.39233
-1.27862 -5.58399 -0.470187
0.707799 -4.06375 -8.57208
0.474021 7.62402 -2.4718
-1.00837 -0.611676 5.8913
-13.3387 14.6297 22.2242
-0.162432 1.32913 -2.5167
1.93048 10.2771 1.0575
-1.36017 -4.33328 8.62967
-0.746238 -0.169381 0.788755
1.93359 8.30114 -0.0297245
1.92287 0.147617 -9.30873
-3.42983 -10.5622 15.3834
2.91015 35.0968 66.4439
0.427356 7.01659 4.89595
-2.20225 -2.80522 -1.45942
1.01586 5.24813 3.13977
-5.56363 -2.35666 -3.34808
-0.738153 -1.69449 1.69244
0.718445 4.6343 -3.43722
-0.13353 12.6344 41.6016
1.6199 3.51296 -3.99361
0.145874 -3.09291 -4.08955
-16.0688 14.4593 25.3598
1.03418 -1.39328 -3.96678
-145.994 66.3288 -49.2757
-20.8759 14.2557 11.292
1.64749 0.34899 -9.50212
-1.67985 5.43686 2.10785
0.157501 -0.204602 -4.66752
1.6926 6.37642 -3.45007
-6.35312 19.2958 22.4656
0.39185 -4.07221 -3.46761
0.178335 -2.74115 -0.553909
-20.7582 3.25391 -17.5155
0.123256 5.16082 9.99282
-3.71014 5.33701 -7.37632
-0.465231 -0.492478 0.119694
0.492452 8.2367 0.397202
-10.0601 74.9621 5.34935
2.75926 10.8154 -3.61152
-10.2581 46.7985 39.2079
-0.407528 0.967928 2.64643
-8.25245 98.1801 83.0973
-23.3202 9.57125 -10.2799
-0.641038 -5.21558 -5.53826
-2.2343 1.39095 -2.61669
-0.124295 -1.03795 -4.92065
0.101706 -4.99455 -0.155847
0.774852 2.97383 -7.36161
0.853772 22.226 47.929
-16.089 32.6633 -3.14056
-1.37025 -0.161033 0.411187
0.135398 5.83665 1.03506
-0.73103 -4.07212 -4.04685
0.16575 5.92426 8.52724
-15.2419 68.8838 5.07276
-1.08469 -5.55727 -6.71804
0.74318 -1.90798 -9.43188
0.471896 8.00515 0.416584
1.20282 5.32194 -2.44515
-0.140446 1.75167 -5.50742
0.484614 6.47701 -1.99577
0.7892 4.38355 1.12219
-23.8351 32.2389 19.5023
0.152227 0.750834 -3.44337
-0.43516 3.04338 7.10806
0.143491 0.458892 4.24235
-8.85328 92.9882 46.1123
-2.84227 6.51982 1.96883
-6.68953 14.2686 1.90144
-0.438192 0.423288 8.16439
-14.5195 16.178 46.7893
-1.04864 -3.44227 -2.86176
1.90796 8.89235 0.453449
-0.680887 -4.55904 -5.97253
-1.30936 -4.60749 -4.13879
0.550692 0.147917 -0.747275
-20.4017 24.3407 11.9856
0.433042 1.68658 1.6071
-22.044 25.0828 12.0802
1.65918 3.38625 -3.24748
1.07592 -4.47475 -4.37793
-3.74238 2.29233 -2.76515
-0.174843 -3.19951 -2.60164
29.0231 20.7087 -10.4572
-1.35565 8.55751 16.8885
-1.3723 -3.20197 6.21779
1.94412 3.48332 -3.44406
0.51771 -3.14998 -4.62657
-23.5631 109.118 -38.6017
-6.90441 4.89234 3.23118
-2.8367 1.44994 1.05961
-23.7479 25.5538 11.8222
0.88391 7.01986 3.5606
1.95838 7.27525 -3.48196
-1.61495 -1.24033 0.161491
0.411908 3.17587 -3.08025
-1.2572 -1.20693 -1.28846
-7.39085 28.9643 22.5821
-1.35161 -2.82372 1.14495
-0.066237 -2.56457 -3.13376
-44.9739 2.28789 -4.35778
-1.00328 5.84469 7.01491
0.43499 2.19256 3.71774
1.31313 7.91124 2.88165
-1.27159 -3.741 -3.46355
-1.81204 -5.69202 -1.52125
-0.0695241 2.56682 -3.70609
-7.94791 21.953 26.3618
0.503995 5.69653 -3.82348
-0.434425 -0.993263 -5.92388
-0.97617 -1.5693 2.27769
-2.24108 16.493 1.22225
-0.108576 5.01626 0.737646
-8.82354 11.4807 7.03464
1.45259 3.40053 -6.45935
-0.148918 3.47945 -1.62302
0.446983 4.10821 1.36966
-1.73646 -8.63787 3.61355
0.476358 2.48271 -1.0663
0.803407 -5.79755 -10.2153
-8.81223 1.48273 -7.47672
1.05321 -2.16872 -2.95359
0.0607781 -0.909394 -3.5491
1.67844 5.64828 -4.62906
-1.3464 -5.25606 4.59395
0.157736 1.36845 -3.7537
1.12836 9.84179 -0.270265
-1.02336 -3.28407 -0.558996
0.790624 2.54462 0.455643
-38.6363 38.2503 -13.3133
-0.746185 3.65024 2.32664
-2.82563 -2.43935 2.85138
-0.671456 -0.14613 -3.18893
-13.0818 17.7678 20.9949
-0.132151 -5.20697 -0.498349
-0.736175 -4.65913 -3.44346
-1.82579 -3.3651 0.977976
0.443616 2.55074 3.22163
-13.603 17.3977 21.9494
0.188643 1.00805 -6.18358
-0.467683 -2.59154 5.75123
1.14789 9.32866 -2.53673
-0.676964 -3.79491 -2.26196
-1.34323 1.21307 5.15698
-11.9592 -8.37181 -2.0536
-1.07499 -1.26921 7.58953
-46.0335 27.5002 -4.43708
-0.738421 -5.80349 4.45106
-5.56613 -2.23139 14.5444
-2.25924 -7.98369 6.99555
1.3271 -0.0722282 0.808437
19.5804 22.2454 15.0116
-0.770337 -5.6218 -3.47918
-0.750364 -5.22861 -3.75684
-41.5817 0.454639 -5.878
-0.757507 -5.76668 -3.4791
-4.93538 21.2745 4.78528
2.53232 10.8159 -3.61193
-2.23142 -0.746292 -0.575147
-0.463709 0.0464179 -0.1378
0.456919 8.58255 4.05057
-0.685513 -0.499434 1.44459
-0.652247 0.941219 1.41969
0.731793 6.52084 6.1547
-2.20823 -2.21469 1.3303
-8.5436 6.93126 5.42829
0.204457 1.36774 3.45515
0.164675 1.5673 -5.86986
0.229419 2.61181 -4.33532
1.37927 7.57748 1.32013
-1.8392 -1.77687 8.78423
-0.155491 1.08571 5.56718
-11.7621 24.9125 66.1547
0.499433 3.43253 -5.46865
1.372 2.14444 -6.24505
-0.131634 4.65969 -1.8451
1.32353 7.01606 3.42643
26.0123 25.1956 -116.655
24.9843 -1.82356 -10.6615
0.431974 -1.3526 -8.30253
-0.431919 -2.62613 2.44188
0.68973 1.35651 0.459102
-0.982253 -2.02752 -0.453151
-22.5694 21.9626 -5.64932
-1.6193 -1.27767 0.353087
-0.363546 8.39462 6.1215
1.13428 7.0481 2.85282
-0.0279671 10.3027 0.958384
-2.24634 -4.67714 -1.6703
0.402234 -5.54532 -4.37856
1.15664 2.22964 -3.20367
-3.69394 -4.49991 -4.72207
-0.964203 -8.26709 1.52748
0.445887 1.98563 2.54044
-0.406058 8.22537 3.7597
-0.218662 -3.16723 5.4532
0.173712 4.02607 -2.17863
-69.3514 12.708 -14.8685
0.464243 3.76634 -3.42649
0.39931 -4.99645 -2.00044
-1.58708 -9.70376 1.47077
17.9373 18.9198 16.3917
0.750926 -4.60923 -7.914
-0.560562 -1.89064 7.63759
1.04561 8.91092 -0.752226
0.123778 0.420202 -4.36216
1.08679 10.4058 1.61054
-0.0354019 8.09125 2.04425
-22.7569 26.7657 19.4951
1.40333 6.07441 -3.15203
-0.107728 0.678885 -4.9953
-3.39993 1.35584 -2.83026
-1.50518 -6.34954 -0.4326
0.149181 5.9022 0.41224
0.453655 -3.99109 -9.48936
0.227686 4.43965 -1.85487
-4.57578 3.0453 7.96681
0.830357 -0.439708 -8.30672
-6.15648 9.65815 -0.4679
-17.7842 28.15 14.0353
-0.611412 4.34014 5.93952
0.467416 1.28677 -7.95029
-2.29947 -5.84051 4.53726
-14.4661 9.52037 23.555
-0.0919335 0.477327 0.33074
84.4492 40.3588 -34.5898
1.3827 6.70253 -4.04793
-0.138805 0.148151 -4.07739
0.497136 4.5733 -4.11431
-10.1122 7.93971 27.5227
0.402455 -10.0124 -14.2843
-0.364151 -3.44334 -5.51055
-0.448462 -4.33988 -3.44505
-0.127859 -0.143193 0.0919519
-0.680751 0.812012 -2.64028
-0.133017 0.221194 -0.47051
-77.8067 47.9805 -16.081
-0.132478 1.71559 1.98747
-5.53467 13.815 47.8561
0.434351 5.2728 3.39564
-8.60137 31.1695 26.3247
-0.181454 3.72152 3.97752
0.189715 4.70626 1.87489
-0.725884 5.50938 4.31365
1.39497 2.81982 -4.34301
-0.965575 -3.7459 -6.40449
3.74117 3.48087 10.9185
-0.341545 -5.14136 -7.68272
-14.3627 17.506 21.8632
-0.404385 -0.442864 -5.8312
0.489162 10.6339 0.183488
17.6339 -14.6651 74.2597
-1.29498 -2.57376 -0.934855
0.473665 0.723151 -7.67802
-12.6463 50.854 36.9918
2.36531 1.86954 -7.16796
-6.14142 16.3923 18.7397
0.707775 4.6815 3.38746
0.582392 0.107739 -1.2744
-15.1413 9.32647 7.04897
0.501144 1.59541 1.03784
-19.9079 -4.87228 3.10194
-0.110176 5.06758 8.29109
-12.7785 8.04482 -1.09222
0.123961 -0.897565 -2.63199
0.175907 1.28977 4.87803
-8.78438 4.66531 26.8064
1.08722 8.79303 0.433034
1.31867 -1.03871 -9.37603
1.42868 5.11278 -2.78308
-0.0453453 1.57555 -5.24039
-17.2444 36.9218 25.5818
-0.387695 3.50217 -1.62318
-9.05033 11.481 7.03425
-3.34788 -6.81042 7.46976
0.215029 -1.29183 0.374084
-12.4751 86.1424 43.1233
-4.72497 4.38515 -3.804
0.870293 1.29326 -2.11538
0.174289 -6.46404 -5.22105
1.91156 9.44664 1.04382
-6.65876 -0.922468 -7.65032
-17.8849 19.9645 18.4115
-2.22769 -7.03025 8.24649
-14.9044 48.1468 12.5844
-0.0092237 7.42266 6.13284
-1.35667 -0.331745 10.891
6.50233 -4.28857 -0.411332
1.06061 -2.33599 -7.32053
1.35007 2.58265 -3.95299
1.64205 7.79487 0.114351
-2.47009 3.17068 -1.87564
-1.00005 -3.55283 -6.16811
1.32992 0.810614 -3.54896
-0.752126 -6.76997 1.36571
-11.5258 59.6211 33.0125
0.774606 3.40826 -2.84805
0.164583 -4.27152 -4.55457
0.466103 2.0291 0.437675
-1.2651 -2.50547 -0.518928
-2.52606 -1.09732 0.0971267
-6.11126 129.621 115.861
1.02016 6.79416 5.46966
0.108865 2.01372 0.0246454
-1.50501 -2.47414 -0.639362
-7.97374 80.6088 45.9924
-0.161474 -1.32552 1.05517
-0.0885072 0.0738603 1.65459
-10.7485 14.0223 0.362491
1.36172 0.0583043 1.05547
2.18585 9.44677 -1.67161
1.33042 0.142218 1.3074
-0.696006 -4.82874 -0.0427946
1.04022 4.31853 0.752128
19.5511 6.15038 -58.5933
-17.5379 3.8481 5.86384
0.146039 1.04297 -2.59041
0.85007 6.18722 -4.91822
-0.665709 0.764831 -3.15263
-8.52541 20.158 26.9406
-0.065846 -7.13637 -4.39823
1.36688 1.91195 -4.29232
-0.755639 -0.943287 8.75971
-0.643458 3.7295 -0.732552
0.77292 3.04767 -7.36549
-1.30413 -2.26746 5.87381
-1.32546 -0.532127 0.325591
-1.3161 1.05755 2.12274
-0.766208 3.49084 3.1831
-0.0966291 5.06592 -3.49049
1.41013 1.94907 -4.71379
-0.71023 -0.998685 8.51852
0.181377 7.92192 6.71738
0.469931 2.90163 -4.89678
1.40741 1.60506 -5.58597
-10.9515 -1.56092 -6.85214
-0.0837003 5.19416 -2.51165
-1.92822 -5.65978 4.36752
0.228319 -0.424481 0.817737
0.144541 5.8706 0.209733
-10.6219 7.5615 6.55923
-4.71815 6.17521 2.81364
-7.41781 -1.34173 -6.50863
1.37915 9.664 2.24796
6.18623 7.47027 3.67011
-19.3533 62.2276 38.5605
0.118804 0.856719 -2.60625
-13.6765 61.5948 12.7134
-0.729029 8.09585 6.35701
0.475988 -2.2301 -8.79256
-0.350258 3.1463 -3.43788
1.05104 3.81512 -4.62693
-19.9882 19.1532 15.1197
-4.35345 1.96116 -1.46507
0.392806 -4.03148 -2.8938
-0.731013 4.25863 9.74291
-3.98868 2.25735 -1.20359
-0.122915 3.42235 -3.42402
1.44989 3.5506 -4.6564
19.8584 15.5844 59.1736
0.801594 5.17643 -4.61592
-0.686597 1.60169 -3.38672
-8.246 27.7073 22.9559
0.2357 -0.156194 0.787935
-1.95938 -5.97566 4.48518
-4.0301 2.4028 -1.17495
0.156935 0.762908 1.04352
-3.1226 5.21589 -8.33268
0.491903 -4.17216 -0.283171
-15.2119 21.5046 16.2251
5.25016 8.17538 -15.4082
-79.942 10.943 41.6355
0.417882 -2.00645 -3.41396
2.00816 4.59786 -4.67192
0.511565 1.63248 0.142082
-1.30685 -2.36436 -0.625914
1.3821 -2.33585 -10.8925
-3.38429 8.15222 -0.279563
1.058 -0.0799014 -2.33286
-1.33004 -0.835656 0.499153
-0.426083 -4.02273 -1.0976
0.173631 -2.22449 -8.58935
-22.3965 28.7712 15.6801
-1.3008 4.33249 4.89285
-3.38631 -1.83118 0.0840514
0.125072 1.04985 -3.13879
0.943459 6.77522 5.90568
0.179143 2.07402 0.423466
-1.53906 -2.51577 -0.528127
-9.69887 14.955 9.97798
0.145599 0.442291 -3.81395
1.04522 8.85392 -0.133468
-2.17403 -4.26669 9.63125
1.04838 10.2342 2.18723
-0.144201 0.472954 -2.48477
-2.03457 -1.13347 -1.64345
5.16121 19.6662 51.6827
-1.96537 3.50559 -1.0927
-0.427504 -3.17146 -7.06514
0.718208 2.01134 -8.29544
-7.94892 1.70758 1.93179
18.1305 44.2865 -15.3338
-0.755036 -4.49279 2.25733
-0.453575 -1.95727 -3.74416
-21.1818 13.793 -5.89935
0.531484 10.6792 -0.168814
-4.97474 -0.637855 1.94352
-8.7564 24.8716 21.3251
-8.23557 32.178 0.901004
-0.134712 2.4959 1.66556
-20.6728 3.63745 6.4691
0.471632 4.39234 3.83116
-48.7633 25.3107 -38.8172
-0.149181 2.00843 -1.67769
1.43366 -7.7549 -13.9184
0.724309 6.80305 5.45913
0.44959 3.43948 4.59872
-0.382527 6.6375 1.68041
-2.5549 -2.67743 1.07888
-8.8283 31.17 26.3243
-0.478614 3.72049 3.96459
0.175156 1.11745 -0.478373
0.232377 2.546 1.87926
0.79377 8.56089 -0.456922
-0.782535 -1.76083 7.82427
-0.0166375 -1.44281 -9.18087
-0.222558 -7.1239 -10.3147
-16.2656 11.5228 10.5981
-61.0538 1.35212 -3.28982
0.487524 -2.60766 -9.17994
-7.72593 107.139 84.0834
0.250091 7.31538 0.120725
0.156498 2.1885 -0.233866
-0.772828 6.35316 4.16585
0.47879 8.27252 0.0802498
-23.8146 5.41808 2.66254
-0.66312 -6.09309 -3.23794
2.62084 6.99138 -1.10911
-1.00334 -1.97457 7.45409
-16.5632 3.54729 -13.2652
-13.6418 102.282 43.6868
10.0354 8.19053 -5.38471
-0.140631 6.7447 5.85822
-0.972863 -3.95511 -2.21711
-2.46431 -6.80802 8.36136
-117.187 69.0168 -38.6613
0.754595 7.40947 -0.803635
-0.710829 -0.487248 7.53892
1.054 3.46492 -1.03181
5.49001 -17.23 -45.9369
1.67225 0.492689 -7.67874
-1.58989 0.574065 10.1935
-6.31813 -9.92967 -1.89723
-51.1755 14.232 -13.4003
-7.62029 12.2837 -0.646875
0.417736 -2.51813 -0.753902
0.203866 0.494428 -3.45802
1.96421 9.14456 3.83877
-5.48883 -7.26579 -3.93483
-0.724094 -4.97127 -2.45677
1.05925 10.2801 2.44776
-0.99651 0.513964 -0.584135
0.43621 2.57833 -4.36774
1.61856 7.57148 1.33466
-1.66287 -1.72494 8.86809
-0.447185 6.07333 8.22054
1.44421 11.0764 -0.609042
-2.5073 1.78391 9.54097
-9.24143 9.13601 5.26062
1.09519 5.81844 -4.68408
-0.445061 1.01152 -3.45513
-0.108554 0.76417 -2.22777
-0.382295 -2.87762 -7.37313
-15.4622 16.2179 23.1403
-0.968012 -3.03952 -5.70406
-19.3145 25.4331 7.44232
1.10294 4.35179 -6.47876
-0.484299 2.47643 -1.63281
22.9538 -5.66379 -13.3813
-26.1517 19.9942 -18.4342
-4.66501 6.29218 0.497817
-1.28861 0.575644 7.97933
-0.112799 0.796054 -2.58093
-2.35765 -0.447033 -0.648389
0.487942 4.60241 5.63529
-0.418451 5.61037 0.838457
-8.26015 88.9265 35.3533
-6.04761 4.81222 -6.99597
-12.7464 2.12904 1.99008
0.124947 4.92591 -0.186998
0.180555 6.39911 2.22697
-2.58065 -2.17423 -4.0499
-0.429161 0.769728 -1.91097
-0.618529 -2.70321 -7.55296
-0.342956 -2.30439 -6.74477
-0.932272 2.81218 9.72622
-17.5179 68.0849 80.2572
0.492794 -6.81929 -8.82327
0.855974 6.11819 3.16123
-9.44576 8.71766 -2.54696
-1.21094 -0.367892 2.72032
-0.0964924 -2.50022 -1.11335
-0.645265 -1.00483 0.922646
-3.081 1.37167 0.586043
-0.742492 -1.89739 4.92522
0.735938 8.85577 -3.51552
-14.4681 77.6752 35.0453
-1.81448 -0.335425 12.4219
0.17147 1.27335 -0.820912
0.217436 2.92353 1.59535
-0.834287 -2.69884 4.03511
-37.5803 8.16456 22.5368
-9.78365 16.8709 25.5564
-15.2201 44.3476 11.3776
-0.10817 5.5654 4.10996
0.769634 3.1641 -0.0958785
0.818835 4.59613 2.22265
0.463896 0.461566 -6.74807
-17.1518 12.4783 19.2516
0.153224 0.720161 -5.00126
-9.12002 9.21941 1.42762
-54.9858 -9.40714 9.41128
1.9578 7.8968 -1.9424
0.424257 1.39722 6.5798
0.531911 -2.8169 -4.66214
-10.3777 8.85799 -4.45012
-0.139494 5.92627 0.429145
-7.96995 17.218 27.2163
-1.04428 -3.50848 3.66157
1.17286 1.35557 -6.4213
1.03117 -1.42995 -3.7831
0.774807 -2.52647 -5.59261
-17.852 56.5627 39.7429
0.163277 -0.206622 -4.35021
1.77959 6.5497 -3.74536
0.172837 2.00626 -5.9081
-1.21436 -0.505089 -0.877972
-10.7244 -1.56139 -6.85161
0.162405 -4.97105 -2.4794
1.65949 1.63406 -5.576
1.05656 7.71066 -0.677589
2.8209 6.62556 0.0627566
-0.377197 -0.720933 7.56808
-2.4288 3.40437 0.114838
0.772081 2.54835 -7.34885
-40.5844 25.1986 15.7329
0.157444 5.51247 3.69718
-0.478116 -0.219163 1.04479
-1.00687 8.51876 1.13204
4.0232 -2.46879 -19.8542
0.450355 -5.8341 -4.75786
1.07912 1.91369 -2.85154
1.34821 -1.63289 -6.79236
-5.78729 1.49714 -3.5327
-0.462223 -3.97615 -2.48193
-0.448524 0.0552149 7.63845
-15.2527 27.2451 51.8601
-7.97567 20.4691 21.1996
-0.922746 -0.246241 9.74336
0.188656 0.484709 0.375068
0.106359 -1.05167 2.23567
-1.93398 -4.95908 2.90019
-0.134838 -1.28718 -6.39596
-16.6909 55.5689 28.339
0.840473 5.54896 3.15137
-7.65873 7.6676 -5.36314
-2.22327 2.13232 1.19122
-14.2393 9.52001 23.5554
0.185627 -0.0813318 0.406856
-1.85846 -5.74012 4.70854
0.185677 1.29551 2.11989
0.529019 -8.53973 -11.3153
0.78761 8.53759 1.68204
-5.62843 19.044 2.91569
1.07264 4.53306 -5.59994
1.9755 3.5299 -6.05402
0.406124 -3.13511 -1.94853
1.58816 1.34674 -7.43423
0.134476 -5.22046 -0.773998
0.75257 2.52511 -6.73379
-0.159053 -0.174904 -0.101983
-0.71452 4.96975 3.23823
-0.115041 5.28468 -2.70836
1.35907 1.63229 -5.31875
-16.6304 75.3211 38.1351
1.7129 2.43921 -5.45708
0.213144 -3.99794 -2.57709
-18.4685 57.9629 42.6865
0.397224 -2.80688 -0.792383
-1.64331 3.34759 -4.92434
-0.15979 -3.16848 -3.1087
-91.997 66.3146 9.40907
-16.0572 10.8244 3.39507
1.03576 6.74099 -3.71452
-0.450026 0.194415 -4.36336
-8.87031 30.134 33.4437
-0.739586 -3.44108 -5.1919
-23.4817 9.67023 40.1848
1.33113 -0.752347 -7.99785
1.6297 0.375462 -8.03192
-24.1743 5.5904 1.90879
0.0909267 3.56931 10.3602
-34.3376 13.3886 -30.0812
-6.1765 -5.95288 -4.57077
-1.24108 -3.43013 -3.13187
0.0862593 -13.1173 -11.1693
1.31024 7.66134 3.11303
-0.0506106 7.93635 6.78117
-4.62391 4.8079 -3.27998
-6.74617 28.1861 25.8608
0.147374 -7.06045 -4.56779
0.882984 0.766609 -2.9043
-1.24562 -6.78308 1.80004
-0.171408 -6.45705 -5.31249
-11.8345 26.5418 20.2476
1.39858 -1.04971 -8.56651
-0.500197 -0.447358 5.43033
1.03159 7.23708 -2.85762
-8.67259 1.36929 -2.79336
0.463179 -18.6554 11.2207
-0.999462 -3.13469 -4.72672
5.5419 18.5618 1.21313
-0.364966 -2.68084 -3.41897
0.099394 1.60738 9.59079
0.817863 1.34672 -7.65282
-0.665735 -7.27805 -5.91533
-6.77048 18.3096 19.0971
1.48212 7.39973 -0.149351
0.75307 -0.429379 -7.30058
-0.712088 -2.58885 -4.08525
-0.123127 5.30701 -0.790225
1.38716 1.65769 -7.33211
0.187983 1.06809 -4.56465
-0.484514 -2.46837 7.29422
1.14368 9.46561 -1.01352
0.227663 1.03759 -4.26663
1.0422 9.44601 -0.686601
-24.7168 82.8775 53.7438
-23.479 69.6575 39.5268
-0.125047 3.63753 10.0762
1.52423 3.86442 0.432183
-0.0662137 -4.32607 -0.467666
0.134857 1.05043 -2.80962
2.84764 6.99102 -1.10872
-28.6418 -9.90873 11.5362
0.501566 -2.4674 -6.64173
-0.979399 -11.2645 3.97071
-16.7322 21.3839 15.2441
0.514666 2.55701 -6.71152
-0.992895 -4.83596 3.63607
0.172882 2.93105 -4.8685
0.466602 -5.59607 -6.43143
-0.107277 1.64244 -2.4785
-0.422248 -2.08022 -7.1675
-1.6243 -5.29571 4.93167
21.8018 31.4062 -47.6145
-0.134566 0.529293 -3.17896
0.429748 6.11025 -1.03299
-17.497 69.3744 37.4116
-0.946048 3.16516 10.0115
0.48002 2.51746 -3.03614
-0.421931 6.13578 7.03431
-1.53287 -1.81917 0.179248
-12.4443 6.27769 -4.69975
1.61293 1.66776 -5.30334
0.13641 -4.8949 -2.86342
0.729993 2.83568 -4.65178
-0.0738208 1.60792 7.03957
-11.855 8.68379 -6.65277
1.71428 5.73531 -3.66335
0.118751 -0.734541 -4.37661
-0.825574 -0.136971 5.34143
0.799262 7.01262 -3.11389
-22.0771 22.6433 11.5328
14.0416 9.84204 -33.8486
16.9076 46.4394 -4.82861
0.681096 1.06757 0.446004
-0.92264 -1.70929 -0.377599
0.565095 3.1521 -5.58772
-0.955595 -5.47821 5.00448
1.15235 0.381796 -4.97088
1.44882 9.47477 -2.98094
0.417449 0.18001 2.62781
78.4522 8.71572 -42.6135
1.12729 7.80828 -5.36283
1.37409 -1.33007 -9.69938
1.03457 8.4345 0.668828
1.26318 7.29896 4.32851
-1.35835 -3.06438 -1.90486
1.65577 6.09517 -3.09655
0.149484 -0.415615 -4.95891
-13.862 41.9014 18.3677
-1.32397 -6.3498 -0.432385
0.446168 5.90066 0.388913
0.770369 -4.04587 -9.51738
0.435907 4.45911 -1.8921
-0.0899497 3.67098 -5.40929
-17.5515 28.1495 13.9785
-0.41899 4.34805 5.92929
0.822087 -0.136926 -3.1085
-12.4393 15.1874 -5.3422
-2.61872 -7.82072 6.79987
1.18854 -0.182345 1.08822
1.44971 6.39075 -3.51333
-0.127759 0.412661 -4.66586
-0.507303 -3.20009 -4.89853
-1.90621 -5.86145 5.47282
0.181208 1.04705 -4.95897
-7.74501 7.81479 -6.05572
1.05519 1.30091 -10.5289
-0.480702 -2.52455 6.99939
1.11202 9.40837 -1.32
-0.0503881 5.63143 -2.85422
1.32298 1.36216 -5.2162
0.736417 7.37228 -0.457803
-0.732699 -0.524012 8.00408
-11.8568 32.9405 24.2353
-0.0179997 -0.211624 -9.27439
32.4741 2.7409 -105.716
2.53513 10.7713 1.1825
1.4556 2.7697 -5.034
1.05934 -3.77443 -10.0321
-0.416295 7.34093 5.5184
-10.0289 55.395 19.2117
-0.0872428 4.16062 5.16459
-0.715197 0.774152 -1.39445
1.11253 -2.07439 -8.68959
-16.0426 -0.912185 -2.01472
-0.129573 1.97207 -0.126233
0.78974 6.67077 4.08832
0.535314 3.44993 3.18122
0.721708 1.05572 -0.454742
0.727334 2.58627 1.89607
-16.125 11.815 -10.67
1.01855 0.470777 -3.74954
4.64447 11.9108 42.9312
-0.936298 -3.43661 -6.53159
-11.0237 -4.80088 -7.45842
-0.145075 1.98747 -1.88672
0.699429 6.77154 5.89876
-0.724119 -3.1705 -3.65457
-3.42429 4.20599 -1.09789
-22.0227 17.5578 -16.0011
3.71209 2.90496 10.3002
-0.420731 -4.79155 -8.16055
-0.385961 -4.9647 -7.93194
-9.21284 19.6796 17.82
1.08387 7.08042 5.60372
-9.13395 8.03286 -4.95261
-21.4199 19.3537 18.9515
-1.12973 -0.332228 10.8914
-0.393697 -0.206924 -6.13687
0.431331 5.26678 -0.758814
2.2971 4.3972 0.144202
0.797513 2.81926 -6.97865
1.09206 6.75828 2.85178
-0.122228 7.22504 1.99762
0.556581 2.21132 -7.02628
-20.1962 56.6376 40.8405
-0.155877 -3.73222 -3.72227
1.22999 6.9792 -8.05005
-0.157194 -0.143923 0.436057
-3.84944 7.17252 -1.07305
-0.38673 -3.87371 -9.48601
1.96524 0.838697 -7.67929
-0.689312 2.55657 3.68197
-23.3085 16.8909 5.17858
0.550236 3.45788 2.84155
-0.448778 6.64518 3.49858
-8.13807 8.88096 26.681
0.722457 -2.80876 -4.94843
0.170663 5.24519 -0.400527
0.135353 6.73257 1.92516
-0.941516 -1.03851 -4.00446
0.425261 3.40604 -2.57226
-16.5623 20.5419 10.849
0.783727 6.39891 4.08249
-0.417335 1.65618 3.12336
-5.76628 7.03696 -3.1832
0.42407 8.56312 3.19768
1.40385 0.344138 -8.66844
-15.7277 23.4306 16.8592
-0.126366 6.12846 2.21294
-1.03812 -6.79097 3.67937
-9.72017 1.35599 5.38162
-0.459812 1.10448 9.67869
0.821076 -1.91001 -5.89074
-8.58738 19.7521 18.6253
5.2013 14.2928 49.7031
-0.384387 2.17268 9.59773
-0.190749 -1.09315 -4.64808
1.79653 8.42701 -1.5797
0.141419 1.95396 6.73981
-0.860681 -2.99541 7.28427
0.85189 9.71613 -0.94033
-24.3645 66.2426 -13.9046
0.733426 -2.55513 -3.45209
-0.726827 5.56543 4.68189
-10.9592 20.1755 5.01302
-0.0529178 7.19679 -1.23031
-4.63312 -2.75475 5.17739
-18.1412 29.1372 10.6955
-0.264655 -2.59813 5.75634
5.37427 22.0487 58.3551
1.37337 9.34548 -2.49907
1.44005 -2.04779 -8.09573
-24.1708 0.18121 7.52356
0.988076 6.18211 3.48307
-20.5904 32.104 14.3803
1.61132 10.4089 0.0934964
-0.17341 -4.90894 -6.73943
-1.52509 1.57506 -1.43403
-23.171 17.3229 51.654
-0.159825 -0.747531 -4.0741
-0.703114 -2.67925 7.93257
0.778628 9.3984 -0.319805
0.79451 1.43264 -9.85111
0.435159 6.10006 -1.30201
0.463552 7.62176 1.06424
-16.9147 12.8509 9.86618
-13.6583 -4.54028 5.90936
0.744435 -2.25221 -9.99818
-0.67108 -0.405921 -4.02362
-15.7458 28.2008 54.3172
-0.134132 -5.56651 -1.37631
-13.1317 57.7184 -6.77307
0.214568 -2.61938 -10.016
-0.680118 -0.128858 -4.01722
-0.165514 2.91486 10.8383
-0.0817457 -5.14968 -1.29436
-22.305 29.1173 14.2339
0.183578 -2.88701 -10.0515
-0.130169 10.5582 0.565237
1.13446 7.64958 3.14438
0.986797 -6.47137 -12.144
-6.35772 -5.95262 -4.57099
-0.459766 5.4884 7.90245
0.683592 4.5904 -2.76858
15.1501 -10.6135 1.14684
1.35665 11.5847 -0.541019
-13.8366 37.42 -0.710658
-17.2337 68.8482 39.6154
0.785801 6.68972 -3.49307
-0.645841 0.149361 -4.61324
1.44179 0.721458 -8.25678
0.154566 -5.02065 -7.42663
0.841881 2.7925 -0.0695515
0.747965 4.40264 2.21913
-8.00702 9.72813 -4.04345
1.66928 6.34903 -4.12073
0.180751 -0.106 -3.98288
0.440622 0.217726 -7.04141
-8.63607 32.436 32.1145
-0.0574253 5.17187 10.0103
1.84688 10.5137 1.67139
-10.33 0.962634 22.7088
-1.35637 -2.53663 6.95945
-16.9661 15.3762 24.6104
-20.2265 21.0512 17.3965
0.777153 3.50945 -6.1005
-1.65522 -1.35962 8.96613
1.60888 7.39607 1.26052
-0.998692 -3.20821 -4.86691
-0.688377 -7.6645 -5.94348
-0.696858 -2.78631 -4.1687
-9.41439 14.1773 -3.46337
-13.2648 17.9269 20.429
0.439265 0.395568 -4.62332
1.40383 10.3402 1.38653
0.765207 3.77534 -3.70827
-27.8861 9.43865 -8.75285
0.286379 -4.1064 -3.72314
0.699534 -3.20636 -4.89236
-0.148068 2.28611 -5.50668
1.41892 4.73455 -2.4875
-13.4089 78.9155 4.93964
0.145589 1.31253 -3.12895
0.4586 -2.30806 -6.44781
-0.757649 0.447313 -0.496459
20.8097 24.9459 59.9353
0.14335 8.29314 4.27002
-2.46174 -4.19213 -2.02791
-6.14227 9.51059 -2.11022
-10.3616 -0.864714 -6.81062
-0.745919 3.91547 4.04356
-0.921063 2.96121 2.08059
-6.81796 6.41421 10.1333
0.142577 2.83405 -1.94834
-0.0791538 2.05878 1.36476
-3.72776 -6.38474 6.37716
0.462172 -0.691858 -7.5924
-5.23594 7.02735 -0.876061
-21.643 75.7327 43.5366
-1.80459 -6.76448 9.40058
0.725678 6.4564 5.5011
0.433115 3.12714 4.62329
-1.25244 -7.23412 3.91838
0.708027 2.79079 1.61263
1.90947 9.4134 2.46211
-6.6641 -0.932383 -6.11998
0.909263 3.37888 -7.86681
-0.388847 3.48982 -0.13525
-4.64547 7.49027 3.11712
-21.828 19.3391 -11.508
-11.3186 25.1684 56.6779
-2.18418 -2.85226 1.1519
18.4602 14.1741 -1.5324
0.189991 1.91053 3.06219
-3.16131 3.66337 -2.66538
0.295812 8.11424 1.44252
-1.00919 -2.74126 3.62623
-9.75739 5.34696 5.17168
-16.5165 14.2082 13.1892
-0.383407 -4.42879 -12.8719
1.0372 0.96451 -9.52225
-26.7799 -1.44549 1.76913
1.05489 9.12199 -0.117015
0.189766 8.50544 6.64102
-105.412 19.0504 28.5258
-8.55433 16.8612 20.5257
-1.63942 -3.79756 10.2064
-0.937695 -3.48484 -6.72623
-0.404994 -2.22471 -4.10262
2.1301 10.0205 0.46746
0.514867 10.9806 -0.362826
-1.03882 -3.2135 -2.52553
7.04481 12.7613 -2.48854
1.12662 1.05754 -4.62973
-0.737536 -8.26745 1.52782
1.33813 2.24968 -3.22141
-3.48182 -4.46283 -4.5903
-3.94298 3.50002 -2.96027
-0.0224435 -5.03976 -2.42699
-1.56619 2.02382 5.46412
-7.52294 0.918287 11.0795
-1.03024 -0.200007 -6.44045
-1.01274 -4.06537 -6.62212
-2.55831 2.45636 -1.35911
-16.6732 51.7683 31.3334
0.721697 9.35199 0.246659
-0.722508 -1.10394 6.14846
-9.42963 35.5705 61.8062
0.741425 7.93273 -2.23522
-0.470002 4.66194 1.05892
-12.742 14.4428 22.6866
-0.512302 3.06428 -1.32643
0.147619 0.76067 -5.83585
-0.23626 7.53846 3.49949
1.10081 10.636 0.100507
1.96529 7.8931 -2.8119
0.453262 1.4233 5.58683
-0.477231 -2.3089 6.22648
-0.415924 9.471 16.9013
1.05831 9.12034 -2.24561
1.06823 5.07976 -3.78061
1.80748 3.70705 -4.37563
0.475849 -2.75461 -3.78159
-1.65215 -1.59649 8.62851
1.63305 7.68342 1.03098
-1.01437 -3.4432 -5.14168
-33.4244 20.3231 -9.62006
-9.09724 30.1345 33.4433
1.0459 -1.63023 -10.1227
-0.120471 1.89187 5.32331
-24.4432 14.204 28.6
0.744779 8.23906 1.03423
-0.420183 7.87055 4.93873
0.974039 -5.85255 -8.65062
2.22852 14.7143 0.344004
-21.3977 32.3446 15.6272
2.51511 5.52042 1.68529
-0.125947 -1.29636 -4.61749
-16.2574 13.8619 9.31949
0.796313 10.1622 -0.901707
22.7303 19.3677 13.6138
-8.27692 34.3419 33.0153
-0.072161 0.715773 5.20039
1.22813 6.14559 -4.96649
-0.112688 0.744392 -3.12288
-19.5961 -5.92949 7.20521
-0.461488 -2.8086 -6.38862
0.444793 -1.35227 -1.33265
-23.5472 9.57172 -10.2803
-4.35611 2.8046 1.99244
1.84509 4.39497 -3.68249
0.504862 -2.28205 -4.29236
-14.8499 18.2952 49.4685
-0.717025 2.52413 10.8717
-0.7589 -5.59865 -1.25026
-9.34483 5.64225 -5.09319
-36.4744 42.1217 -12.4196
-1.36749 4.18314 9.71267
0.792269 -7.03821 -14.0382
-0.0800937 -6.48747 -5.84905
-15.4819 62.2822 16.6141
0.449886 4.97405 2.45416
-21.7075 37.6365 11.7554
-20.502 11.6047 -0.897494
-14.2608 50.2549 2.57014
0.404029 2.83642 4.93411
-6.76288 8.58807 -5.07282
-0.40124 -2.48715 0.0575173
0.725272 8.71471 0.60703
-1.61475 -5.14259 5.81187
-0.171786 0.457702 -0.438678
-12.6914 39.3269 1.27694
0.763777 8.21073 4.31211
-0.0552605 1.97588 1.95484
0.506816 4.90065 3.39219
0.137215 3.2168 5.55906
1.68378 9.67097 -2.86524
-0.470446 0.478223 -0.428316
-3.64219 2.40345 -6.04907
-2.23494 -4.19248 -2.02751
0.467158 8.316 4.28722
-0.115979 2.6514 3.09818
-19.3736 11.2719 12.0563
-22.6164 30.9072 19.9881
0.733244 2.24133 -7.30569
0.48186 -5.8053 -6.74734
-0.987883 -7.93107 4.11393
1.07549 1.87181 -0.775
-1.35767 -4.99334 5.74277
0.194634 3.1526 -2.82257
-0.383636 0.108333 0.683307
-0.439611 -1.34474 1.95585
-3.96303 -0.860909 -6.00864
-0.752488 -1.31768 -4.11712
1.07292 8.89336 -1.00065
-5.84286 -11.2981 13.9186
-0.485391 -1.94034 7.34328
-0.47614 -1.87732 -3.39526
-1.21043 6.3621 7.23659
-17.5529 8.68473 -7.85877
-0.491069 -3.46022 -6.49706
1.42897 6.80573 -4.96123
-0.138481 0.110431 -3.13871
1.04561 -4.08285 -9.7297
1.38004 -0.518357 -8.53184
-5.63412 9.61559 -0.71532
-0.120225 4.44507 5.5365
-0.455479 -0.202231 -5.80194
-0.380851 4.98861 8.89902
-3.21999 -4.37064 0.350533
-10.0336 16.3903 30.5832
-0.740529 -1.40954 -4.63646
0.450052 1.04082 -0.171345
0.512997 2.51544 2.26552
-0.735797 -2.18427 5.86904
0.833249 9.17261 -2.68283
1.52408 7.9703 -3.15251
0.1746 1.37028 5.32261
-0.135115 -0.464245 -6.12631
-15.9503 63.6704 -1.01648
1.34962 6.1886 -4.11821
-0.103131 0.773774 -3.99737
0.518723 7.30273 -3.39126
-0.444884 -2.86207 -5.56228
7.8609 -4.21144 -11.5504
9.80847 11.5643 49.0685
-0.983796 -1.42658 3.02867
-1.02852 -0.235282 0.871364
-12.9277 2.70054 23.9465
-0.817093 -8.55886 0.335255
15.762 -12.6127 9.36494
-0.128926 -0.460362 1.36616
-55.4034 0.100749 -3.78813
-0.170837 1.10366 1.28791
0.470995 5.86181 4.05598
-0.337328 2.76558 -0.241598
-193.096 16.1174 -57.8759
-14.8705 15.6553 8.76811
-0.830277 -2.37078 9.17441
-13.963 15.9159 23.7662
-0.0163621 -1.88437 -7.85491
0.784172 1.61198 -4.12546
0.14328 -6.12381 -3.48913
-0.11016 4.71586 0.0869737
-14.3531 55.7813 16.1669
-32.7674 -1.38778 3.16348
-0.128214 1.65964 6.73246
1.12704 11.2365 0.396916
-21.762 24.8397 9.68543
-3.13915 11.2385 46.2843
1.18016 9.66866 -1.92683
0.180502 1.25396 -5.63452
-0.0214626 6.8453 -1.72156
1.32862 0.179893 -6.4965
-0.960376 7.38071 6.15913
1.07055 2.75938 -6.7723
-83.5958 6.23818 15.1781
-1.04813 -0.186802 1.0857
-0.751917 -5.86132 2.865
2.89927 -2.2123 4.99423
-40.5719 28.9332 20.1968
0.398511 6.7944 5.51951
-48.9901 25.3111 -38.8176
-0.379191 2.02084 -1.68932
0.446355 1.68805 -5.54479
1.93341 1.54621 -4.55509
0.416721 -4.88819 -3.49388
1.07132 2.89168 -4.11749
1.29443 6.72018 3.68937
-18.3922 9.52839 -11.9344
-1.24248 -2.48173 -2.61697
-8.63104 17.0757 25.9336
-1.54116 -3.71559 4.95093
-4.13814 107.06 56.4419
1.19131 2.23749 -8.08799
-0.421151 4.61064 -0.203627
0.947704 0.440282 -8.57028
-15.909 23.4309 16.859
1.06082 8.63226 -0.0988775
-10.3125 37.0548 26.7919
1.0734 0.500144 -9.52015
-0.226504 8.2285 1.48593
1.10519 10.0075 2.24689
-0.0130057 2.02296 5.95526
-9.833 74.9616 5.34986
0.779368 8.32132 0.479294
1.06669 -1.63091 -9.4941
-7.37679 19.1369 20.934
0.781779 6.70751 -1.91835
1.76741 5.55622 -2.60114
0.139794 -1.04246 -5.61385
2.9397 0.366339 -7.28619
-0.35599 5.52307 0.113547
0.129944 4.09744 -5.28026
-16.6208 32.6874 9.04319
-1.68159 -6.00224 -1.68233
-1.1482 0.724105 10.1547
-6.47941 -8.65577 -3.21733
1.44638 8.59019 1.94825
-7.21813 -0.120948 -6.69308
-14.2562 79.1799 43.0806
0.142737 4.98121 0.726722
0.120216 3.45554 -1.66495
2.25253 6.06822 1.9966
-0.427153 -2.00824 -4.35976
2.11574 9.7782 0.148102
-1.04003 -3.8188 7.7494
0.491937 10.6357 -0.806282
-0.145817 3.52672 0.955499
1.32235 4.98896 -6.80235
-0.177824 1.95017 -1.34127
0.788581 6.79551 5.30913
24.8502 -5.2825 -12.5164
-0.10613 6.22597 1.33354
27.1637 -4.06314 -18.7269
1.81576 3.51994 -4.3711
0.471148 -3.25199 -3.82045
1.10251 5.27246 1.32287
1.12141 3.79083 -0.953801
1.06584 0.0620341 -5.4531
-0.471636 -5.94099 -1.52809
-1.95233 0.746812 -6.48391
-18.7781 38.5759 1.52426
1.89935 10.035 0.46383
-115.942 5.72614 -22.5098
-0.785072 -6.06215 -4.98426
1.02772 -11.1353 -16.0118
0.142439 2.54741 -3.7305
0.453395 -11.0841 -16.7359
-7.05002 -1.48907 -0.115336
0.579839 -5.88308 -7.738
0.174697 2.25295 -2.26745
0.241729 3.7241 1.06208
0.186932 2.27798 -1.33395
-0.706569 6.47823 5.2004
1.04016 6.4466 4.67508
-1.52035 -2.20251 -1.5603
-1.67312 -3.68414 0.76489
-1.07791 -7.63309 2.9177
0.475892 -6.19094 -5.62293
1.08273 1.63053 -2.01125
0.166733 1.89877 -4.04666
1.12828 10.3002 -0.410702
-15.4268 2.04261 3.18585
0.185131 9.12114 4.97818
-1.38246 -3.28367 13.6882
1.23719 4.05029 1.09532
-8.76873 22.643 22.2726
-0.70116 -2.87164 -3.39088
-13.8848 28.1433 20.3624
-0.327287 5.97383 2.11125
-2.44772 -9.20737 -2.74546
-0.164705 -1.32785 -4.33864
0.119976 2.27471 6.90794
-0.83873 -3.07939 7.68565
0.728546 10.0625 -0.73954
0.212724 7.73782 0.406149
-7.94446 2.08135 -0.0697736
1.4802 -2.48771 -10.8945
1.06303 7.28727 2.00524
-0.44548 6.89022 0.471632
4.05183 3.85919 10.4233
-0.141787 -5.43831 -8.1565
1.13469 5.85489 1.31697
-2.22217 7.57094 15.419
1.15191 10.0181 0.150595
-0.142668 8.34046 3.49151
1.0608 0.302216 -11.5665
-0.425474 -1.65114 6.12778
1.01921 8.52166 -2.22787
-11.5714 33.0123 20.9087
0.225284 0.100775 -5.82828
0.391064 -1.05599 0.447519
1.65434 19.729 -8.4568
-0.100778 6.39295 4.29267
-14.474 -0.775328 -8.65665
0.538904 5.14355 -4.60417
1.44368 4.07058 -5.23896
-0.149549 2.89112 -2.83575
-0.307899 -0.662884 -6.62671
0.70669 -0.465266 -1.34022
0.174003 -0.454364 -5.85489
1.25078 7.59013 4.70629
-17.78 13.0467 27.5552
-0.0635631 -7.79036 -5.59511
-37.6581 -10.4561 12.6897
-0.683958 2.29326 6.62855
1.91222 0.839586 -7.94202
-14.3726 27.509 56.2596
-0.210115 0.177794 -4.94569
-12.1265 79.4288 48.0322
0.459464 5.61972 -5.34294
1.22683 4.26029 -5.74895
-0.149684 2.55674 -2.24178
1.92425 5.94927 -4.91425
-18.5163 26.9837 12.5134
0.487418 4.01292 3.43665
-0.391069 -5.76374 -6.98064
-14.8396 21.3009 17.5181
-1.01395 3.30868 2.02746
-17.1635 46.4367 29.8283
-1.22371 -2.99474 7.28358
-17.8967 65.7444 37.4139
-0.438366 -3.11033 3.46217
-13.0419 4.23958 5.10361
-0.767366 4.59563 4.06541
-0.943348 -4.93616 -2.4759
0.469208 4.68653 1.89786
-12.5521 50.8919 6.99263
0.45279 3.27447 -0.308235
4.66872 6.19271 44.3915
0.712034 5.37183 6.15409
-4.56904 -8.39368 6.88764
-1.05735 0.185938 1.08807
-2.55633 6.77801 -7.21122
-0.132695 -0.0507077 0.754711
-1.91482 -1.19713 -0.217139
-1.92726 -2.58383 2.21924
-14.2377 23.5164 16.6515
-0.445091 5.57271 1.04255
0.410249 4.52359 5.29414
-7.29169 85.523 51.0122
-0.123457 1.3332 6.48232
1.08395 -1.00904 -8.86758
0.447769 3.98401 -3.48894
-0.764727 -1.01857 -1.0691
-0.738233 -2.56143 1.34248
-0.749482 -1.9819 -1.928
-0.732263 -3.5042 0.56239
1.69327 7.70822 3.14517
-19.642 38.6587 25.9985
-1.05307 -3.43972 -3.12909
2.3526 5.76866 1.40782
-0.479315 -1.6225 -4.93167
1.40733 -0.204582 -7.34896
0.24004 -2.28423 -2.19287
0.937804 -11.4963 -17.0215
-4.58605 0.129334 -0.874144
-11.8996 79.4283 48.0325
-0.649314 1.35193 -2.85021
0.803109 5.43225 -5.17715
-1.3287 0.0209502 11.9803
-4.59819 3.6336 1.18971
0.76735 9.27126 2.30689
-9.34387 17.5357 21.2035
-0.113945 -2.33868 -3.13857
-1.01146 6.08948 7.06362
0.516995 -0.729824 -1.6133
-17.521 32.1423 9.14476
1.33096 -1.45143 -6.47615
1.91574 9.7266 0.769096
0.263727 10.6169 -0.161681
-21.4086 13.7934 -5.89973
-0.3595 -2.25648 3.47026
-4.13796 99.9652 53.6336
2.24765 6.3802 3.09848
-0.991637 -0.431421 10.6644
-0.407401 -0.204541 -6.49463
-0.780388 -1.96642 -5.50627
0.503671 1.88657 -7.67871
10.0251 -25.7803 -9.95422
-0.42902 -0.78956 -3.50491
2.20827 4.63319 2.73314
-0.307124 -0.476832 -3.4688
0.454759 10.6658 2.59449
0.0493472 0.0734466 7.51536
1.61946 6.88956 -0.625201
1.66489 -1.49166 -8.62272
-0.177055 -0.162174 5.57886
-10.9594 80.1697 23.0143
1.37409 7.06067 -2.77583
0.86996 -0.746508 -4.6655
-1.04234 -3.23336 -3.04978
-0.710514 -0.304422 -4.26577
-0.159431 -5.52665 -1.62679
0.257588 -2.52011 -9.71998
0.762448 4.41091 -3.78041
-4.75318 74.0188 15.9564
-3.14028 -8.21854 8.01355
-0.998693 6.26617 6.31309
-17.7645 32.4653 -1.47102
-6.07564 -4.64883 -1.42402
-0.762683 4.67095 8.30149
-0.0449883 -4.03409 -8.30085
-22.5327 10.2505 9.93807
0.111427 4.03127 -4.36775
-0.180683 -0.49692 5.37483
1.30535 7.31662 -3.08317
2.31464 6.07641 -3.6275
0.880521 -0.445431 -4.22809
0.116202 -7.61792 -4.18604
-12.0752 7.54798 -2.80882
1.65626 7.6921 0.848434
-15.3581 21.7703 47.6424
-0.988968 -3.37082 -5.53868
-9.06013 72.1 38.1838
1.06004 -0.206804 -7.64576
1.14903 2.67956 -2.49305
0.392947 -5.27103 -4.92768
-7.76946 19.1417 22.2238
-16.419 3.8084 -14.43
-26.4139 30.0198 8.57019
1.33047 10.1139 1.90146
-0.448469 -4.60091 -4.90037
-1.86237 1.96915 -3.09204
-18.9239 21.4315 65.8829
-14.8004 45.4093 12.0703
7.37438 11.9014 48.7252
0.486213 1.97976 -7.04065
0.424835 6.3494 -5.39657
-73.4813 14.9174 -52.5207
-1.05678 -12.0345 -17.4635
-0.146151 1.62141 -2.32273
-8.55247 11.2033 -2.36346
1.03851 4.93747 -5.8767
-0.460693 1.87297 -2.22344
-0.304804 3.37966 0.055897
0.453524 6.77377 6.18103
-19.9694 56.6373 40.8408
0.182519 3.96862 -3.71384
-3.09056 -0.380746 -0.718155
0.807812 0.443351 -10.079
-18.677 62.6024 46.0519
-0.730669 -1.34451 -1.14988
10.62 1.30361 -43.3572
-1.26757 -4.56923 3.12843
-3.93742 -0.816251 -3.04278
-0.754686 -2.86971 1.27122
0.0158219 -2.49913 2.49523
-10.3074 15.0809 25.6167
-0.764076 3.70404 3.94953
-16.812 25.3716 13.4102
-5.52811 -3.75657 -5.25135
-25.7093 2.30739 -30.2902
1.99912 5.55534 2.63133
-0.659371 -1.46326 -3.74786
1.6193 8.28667 2.58634
-1.03575 -4.04675 -3.76775
-1.86997 3.34796 -4.92467
-0.391714 -3.18051 -3.04648
-0.693042 -3.1497 -3.52718
0.733755 -3.76109 -4.36201
1.41112 4.1077 -3.09765
-66.9555 26.0177 -26.1109
0.703955 6.20531 0.452588
-21.2374 53.6993 37.6491
3.15041 7.16339 -0.115539
-10.3587 8.05211 -5.94491
0.477498 -2.85002 -10.0419
-22.0781 29.1168 14.2343
-0.956615 4.90441 3.43488
-0.423468 -2.55548 -3.16793
-1.5531 -5.38066 6.3621
-0.967605 -1.13455 6.99234
0.491396 7.90024 -1.47335
-0.0490678 0.0141387 -6.10081
0.470833 -5.14347 -8.87626
1.02021 -10.65 -17.2425
0.188442 3.13721 -2.571
0.752323 8.80331 0.162728
-13.2459 32.6943 23.5699
-0.752665 5.62445 6.45086
-19.3281 0.0481579 3.34337
-1.52836 -4.46437 -0.241082
-1.04517 -0.707556 7.47084
0.522655 7.56603 -0.982121
-5.26076 -1.3178 -6.01977
-0.456453 1.08878 4.95647
-19.0899 70.7242 76.5735
-1.2809 9.37933 8.61868
2.01245 10.658 -0.417493
2.13044 5.55555 -2.60046
-13.3199 87.5736 15.063
0.813807 -1.10356 -5.57135
-0.461684 1.39427 9.79918
1.03936 6.66303 -1.97071
-1.24167 -4.99263 6.50673
-17.5757 9.5705 -4.6623
-15.3806 36.116 17.3202
1.0783 10.9804 -0.36685
-18.4231 43.9605 27.0137
-0.462698 15.6402 50.3898
-0.694491 -0.44585 -0.447706
-0.782677 -1.9059 1.8806
-11.7884 44.7272 31.9365
-0.0947148 0.184624 -5.46862
-0.989558 -1.1582 6.58673
0.55968 7.93466 -1.96535
0.487704 9.4017 0.449182
-13.9446 7.23416 -9.73623
-0.362601 0.650497 5.78114
-11.2577 12.0997 27.8227
-0.698407 -0.145841 -4.31437
0.14669 10.3296 1.50634
-5.61449 0.248261 -4.35997
1.45862 3.48046 -4.43122
-0.124889 3.47217 -3.71446
-2.22068 -11.4947 3.04091
-0.117636 -5.34579 -1.70174
-17.8849 13.9208 25.0699
0.736522 5.78608 -3.66739
-0.682381 1.00779 -4.40629
-0.986213 -2.63373 -5.12976
-0.20419 -9.12727 -4.26386
-5.55624 -3.64175 1.92113
-0.778787 -1.40659 3.52461
-2.1183 2.4219 -2.14596
-0.710621 -4.0838 -5.89516
-1.63541 4.36158 9.65026
-0.760864 -1.61593 -1.40457
11.1641 26.8959 -17.9683
7.1245 8.02079 45.4687
-12.7348 43.0677 14.4278
1.34392 -1.66674 -8.87087
-1.03305 1.62079 9.19968
-6.44132 -7.67826 -2.14626
-0.95037 1.29999 3.65747
-18.065 25.0139 11.8988
0.783101 5.83404 4.04674
-0.106192 2.81466 -0.228666
0.750319 9.88182 8.54713
6.12493 6.99494 -7.03123
0.543292 5.87445 6.14296
-1.4341 1.73812 -2.75662
0.234582 5.14556 -5.17147
0.893358 32.5309 -11.2339
-0.113523 -5.19552 -7.37099
-1.51729 1.47217 -0.705835
0.470398 9.4297 2.48012
-0.351416 0.770159 3.75518
-81.6829 21.2683 -29.4714
0.444659 -6.26593 -12.1142
-20.5351 64.9533 47.8828
-8.89207 31.9905 33.003
-0.659854 -1.63989 -4.9104
-5.21957 27.8726 67.8309
1.62834 10.0271 -0.79079
0.135814 3.33583 7.52785
-151.294 58.8179 -64.4623
0.765671 11.1886 -0.0775641
-0.793926 -1.32279 -1.33744
-0.769647 -2.85878 1.17923
-0.91525 -1.73834 1.722
-20.0772 38.893 25.9574
-1.24341 -3.26438 -3.02908
-8.78429 7.66913 -2.54416
1.31261 7.35456 3.13133
-1.0528 -6.13445 -5.56348
1.7633 10.2576 0.742675
0.46272 0.717208 -8.23234
-16.7087 23.2421 16.5537
-0.394271 -3.42183 -7.02963
13.6703 15.4611 47.9172
-17.2343 25.8236 9.97335
-0.083608 2.24819 2.00623
-0.158403 0.746648 -0.493308
-15.7173 31.4102 56.4218
-0.163642 -2.67453 -3.43614
-0.173944 1.03529 4.93744
1.67553 6.56359 -1.65501
0.194802 -0.167907 -6.46593
-0.737671 -0.660123 7.44717
-17.7239 34.6375 23.9665
0.79414 7.61756 -1.01573
0.459522 -11.4699 -15.8408
-0.426791 -1.9664 -4.10412
0.1471 -4.41693 -4.93619
-0.190601 -3.74381 -6.499
-0.0538644 -4.15204 -9.13882
11.0118 -4.98524 -22.928
-0.358565 -2.77414 -7.64406
-3.54155 127.624 101.025
-21.1694 73.8034 42.2303
-3.07569 -1.26886 -5.97289
-0.372298 -5.30735 0.476167
-1.40003 1.29911 -2.83227
0.232666 5.62008 -5.34333
-0.96278 -2.16285 1.70848
-1.28123 -5.53489 6.75643
-12.6378 0.637828 -8.98559
0.176778 -1.70801 -1.04916
-0.126205 -1.6149 -8.55505
-0.10932 -2.93516 -5.01381
-1.081 -5.03137 -4.91791
1.6076 9.1423 1.34753
-9.02124 20.4824 23.9882
-21.8374 30.0959 19.5345
0.707241 -3.79474 -4.63132
-12.414 14.3973 18.8302
1.39322 4.05039 -2.90034
-0.156607 -4.42915 -12.8715
-23.5112 -2.87571 5.43121
-0.365629 -4.69852 -7.06148
0.451071 4.27387 -3.20257
1.422 3.29918 -3.7723
-0.0439597 3.69917 -4.29845
-0.753544 -3.73075 -6.76659
-7.93591 10.0876 0.183848
0.75158 -1.67894 -8.49993
41.9312 28.4938 72.5696
-9.75563 80.946 56.7036
-0.445268 1.96836 6.74964
0.546831 6.83788 -2.84634
1.35549 5.60739 -3.51588
-0.120365 1.3773 -4.57295
-0.428445 -4.92581 -3.78681
-1.07079 0.0818324 6.68659
-0.462071 6.77045 5.85078
-13.8686 102.282 43.6864
7.12846 12.5281 47.0954
-0.135099 6.13637 6.72357
-1.27669 -5.11969 -3.18732
0.477672 6.17908 6.74212
-162.166 -17.1539 -9.85336
1.0755 4.3072 -5.21831
-0.351555 2.58142 -2.92047
-10.3444 6.20135 26.2926
-0.743906 -5.26839 -4.32802
0.142241 2.26974 1.96245
-1.29259 6.78208 4.07814
-0.0828918 4.77049 6.18108
-8.5201 31.9189 28.2796
-0.35643 -1.75684 -0.242195
-18.1181 28.6124 14.273
0.723969 2.29947 1.61401
0.739168 0.763839 -0.719257
-10.8005 8.01536 -2.69654
2.66903 1.12138 -9.33446
-0.74128 4.89011 2.3454
-0.670387 1.62061 -1.06366
-1.02457 -5.35161 -6.69921
15.2057 17.9529 55.3951
-17.9617 26.9842 9.35268
-0.743366 3.1659 1.23105
-0.133547 2.56131 3.68024
80.1413 2.36086 -50.8525
-12.1686 -1.99711 1.21367
0.243672 1.97396 2.59566
-0.71955 -1.6497 -4.35711
-10.5624 43.8015 41.3186
0.159109 3.108 -1.35952
-21.9843 -19.9103 1.73151
-21.0718 27.3899 12.2968
0.172436 4.62396 1.07023
-0.741639 5.5594 5.19118
-0.366412 1.33438 5.24837
0.546677 8.77164 1.12361
-0.0738978 0.682706 -6.18695
0.121112 -2.00528 -3.40226
-8.61135 10.3522 5.2539
-0.442123 1.00184 5.30123
1.48156 6.4618 -1.93692
-0.166361 0.522297 -6.0892
-0.933489 0.340781 5.70429
0.487328 7.1276 -1.34126
-1.06243 -0.0279019 7.00568
5.7373 22.048 58.3558
0.386374 2.80756 5.90779
1.95018 9.47036 -2.52782
-0.115653 6.18163 6.44075
0.738272 5.56889 4.30504
-0.138475 4.65382 1.83582
-0.132843 3.11463 -0.563505
-0.0427081 -3.72791 -8.10729
0.718568 3.378 -4.38588
0.207434 0.437741 1.68666
0.15466 -1.03521 1.03253
-0.995602 -3.23132 -5.4072
-0.131738 8.47923 3.44149
1.04401 9.68551 0.152285
1.35295 -0.209785 -9.15725
-0.456911 -1.44807 6.09706
1.01585 8.28877 -2.27806
-0.707999 -3.48981 -1.10182
0.429238 2.32313 -4.6826
-22.6324 10.7599 -5.50373
1.3738 10.6338 -1.05588
2.27827 5.28435 -3.28556
0.794742 -1.33854 -4.90657
-1.83529 -7.35079 3.64925
0.182412 1.378 -1.02573
-0.432596 3.21998 4.83569
-49.927 46.6326 -30.8988
-0.702232 7.26354 4.92872
0.424507 -1.33119 -5.54727
-10.2899 -5.18441 -3.67007
-0.727221 -0.460134 -0.743477
-0.684682 -2.46522 -2.53349
-14.1033 43.7058 19.8769
-10.9751 37.9382 27.5745
-1.05038 -0.867148 7.57796
0.561409 7.594 -0.857994
2.46499 2.98285 -3.02012
0.563251 9.21711 1.73843
-0.428218 1.06527 4.69701
-16.8174 60.4038 44.404
-0.128547 5.8816 0.199176
0.484659 3.0531 2.05167
-0.387797 6.97017 4.45153
0.485132 2.89462 3.13304
-13.6867 24.8002 58.2038
0.167395 0.975081 0.647521
-1.98933 -5.56884 3.23762
0.12847 -0.462167 1.90738
1.04382 -5.99202 -11.275
-33.6906 31.9205 14.2497
-0.394965 4.08267 -0.355913
-21.4901 11.8632 9.52823
-19.8195 42.1598 25.1664
1.02845 6.74421 4.03515
0.117541 -1.70246 -0.193808
-0.714784 -3.45299 -2.80672
-1.01334 5.28619 4.93016
-0.132542 -3.22121 -0.910939
0.50998 -1.89179 -10.3928
0.280042 7.93419 1.40521
1.15826 3.11525 -2.03752
24.154 -4.12033 -8.48629
-0.482307 3.66655 2.3008
5.82963 4.27993 -3.23086
1.01491 -7.87227 -12.3401
0.971649 -4.59177 -7.89324
18.1641 18.9195 16.3921
0.439338 6.41494 4.10968
-0.959453 -1.64462 -0.808984
0.685024 1.05142 0.165494
0.404248 1.39276 1.39793
0.407081 -0.225925 1.28326
-0.0561067 -4.59965 -8.56751
-2.52896 7.63945 3.59553
1.63924 3.2043 -5.16093
0.28236 -3.43281 -2.8594
0.747375 4.32032 -4.7484
0.21308 1.40905 1.42102
0.170414 -0.135681 1.29306
-0.49031 4.62844 3.16794
-0.768672 -1.36004 0.185357
-3.47591 -5.76542 -5.73791
-0.123579 3.10221 -3.64148
1.44446 3.70772 -4.37632
-13.2302 29.1098 1.77721
-15.5272 8.38363 -10.0012
0.142726 -2.52188 -3.77956
-1.94821 -12.0152 3.21089
1.65297 4.13521 -4.30345
-7.05209 37.2715 28.0663
-0.730552 -4.93015 -6.43161
-36.1578 17.0456 -23.2473
-0.144454 -6.12515 -5.09758
15.059 -10.0064 3.66082
-0.664714 1.62346 -2.42071
-15.1305 56.6225 3.33521
-0.334141 3.68237 -3.7888
0.272788 4.43028 -3.65507
-1.29365 -2.61878 7.62723
1.95294 8.6153 0.166711
0.142354 3.31282 -6.78455
-8.12036 24.0191 29.1631
-1.25843 3.58037 -1.3675
-0.704828 -4.38408 -6.15311
1.67048 4.07023 -5.23856
0.165348 -2.52532 -2.91343
3.97292 8.64868 2.19298
-16.8848 -0.550487 -7.6036
0.473058 -4.97219 -5.76566
-10.3082 -1.53745 -3.41984
1.34858 0.537089 -7.34668
-0.0183625 6.50475 -0.622432
0.510873 1.6245 -6.79671
0.673225 -0.993922 -0.540839
-4.56606 -7.89443 7.47563
-1.06156 0.456493 0.466266
-20.4832 38.9663 8.34858
-8.7946 7.98632 12.474
-4.64905 -0.905868 -6.53678
6.74585 22.3286 -7.85244
-0.652351 -5.71009 -6.75966
1.75244 5.08642 -4.50309
-1.2901 -3.33426 -3.90083
1.36603 6.24421 -0.114742
0.348494 -0.410812 3.38854
-13.3572 18.7981 19.0086
1.08478 6.7183 -1.60361
-0.412839 0.0310147 -6.5636
5.2693 -11.4394 -22.5098
-7.88522 5.34826 -8.00104
1.64343 10.9036 -0.194525
0.20055 4.36187 8.26989
-11.1024 8.08678 -2.16979
1.36694 10.3596 1.03587
-0.708391 -7.39838 -5.46906
-7.07488 10.0753 -3.68557
0.101387 0.744505 4.69208
1.58346 7.43735 -3.66792
1.05469 -0.496489 -3.75474
2.57787 -6.42065 -16.1438
-16.2602 77.7606 46.0843
-0.441878 -3.76793 4.34793
-9.97665 14.2916 22.7084
0.47668 2.52626 2.57421
-11.5798 29.3854 56.1984
-0.442185 7.63574 3.65902
5.4921 7.26424 -3.98824
0.152925 1.96765 2.3035
0.214784 1.65052 2.2682
-0.23558 15.6397 50.3903
-44.4582 37.6343 -15.1239
-18.7776 29.1699 13.754
-0.817984 1.96246 1.85542
5.85598 21.7564 -4.73654
-0.396857 -1.41975 -6.08759
1.27911 5.46396 -8.01164
-0.163753 1.31069 -0.137241
-9.77824 37.4257 34.0153
-2.13889 3.56436 -10.9917
-0.132768 2.88471 2.14165
0.462547 4.13525 3.18245
-45.4687 23.2197 -16.6446
-0.45678 6.09382 3.21097
0.827462 12.1813 0.454827
0.504149 -2.73307 -7.45465
1.07044 5.06576 -0.0372126
-13.6532 44.2674 15.915
-7.79272 -2.13236 2.97876
1.37958 -3.34856 -11.3075
1.1216 6.46015 2.28028
0.450331 0.467332 0.378409
-1.24999 -0.913696 -0.556028
-1.32662 -2.46715 1.99773
-19.1623 30.527 15.9012
0.207451 -9.82427 -15.6531
-0.749555 -3.84572 -3.96161
-2.76487 -8.48675 8.11063
-0.717258 5.78505 6.24599
0.170145 2.83728 -2.23405
-0.389358 -2.55792 -7.27459
1.05103 -4.04866 -9.43328
0.674148 0.74154 -0.15751
2.59727 -0.0715831 -0.330751
-17.3714 28.1491 13.9952
-0.173838 4.34124 5.93226
0.482755 -0.0792309 -4.93108
1.93683 6.37284 -3.13468
-11.4643 8.55723 -2.92532
1.05546 -1.58918 -5.23178
0.446302 -2.84123 -8.81761
-3.74926 2.33055 -1.96043
1.04027 5.28538 -3.97984
-0.401829 1.70876 -4.07968
-1.05104 0.945907 12.2294
-8.2391 7.55538 42.7
1.68206 -5.49106 21.3027
-0.721987 3.99765 2.58182
-70.0481 22.853 -37.5718
-1.63787 1.28806 -2.79221
-10.5112 0.962906 22.7086
1.6821 10.5009 1.69141
-0.972367 -6.41411 -4.61489
-87.7255 53.402 -19.7668
-21.9731 26.7948 14.2568
-0.970884 2.60595 3.43893
-1.96216 -36.5727 64.048
0.168426 -6.71842 -5.50574
-0.413502 -14.4555 -3.443
-1.02512 -6.60466 4.22377
-10.2911 17.1385 21.3058
-8.90374 -0.9385 -6.69484
-1.35501 -2.60113 1.13046
-5.35134 -0.46721 -4.15051
-22.3829 23.2744 12.5637
-1.25198 -1.14212 -1.28413
0.346885 3.74822 7.32745
1.98588 10.3694 -1.12995
25.4625 19.5363 11.198
-84.7458 51.4408 95.3378
1.41124 5.67729 -4.64972
-0.0677332 1.35034 -3.46675
-0.346732 -2.29564 -6.0969
0.420865 1.94127 -4.6785
1.42606 10.345 -0.978501
-32.1875 40.165 -20.0087
0.0354281 -1.4472 -6.13975
1.65003 5.24424 -1.90959
1.01076 -2.51854 -5.60953
-16.5992 7.47595 -2.63525
-8.87912 31.1619 37.5806
15.7137 8.9769 46.8612
1.37525 4.46741 -6.00217
-0.0646737 2.52166 -1.96762
-12.2368 82.1546 48.5865
-7.85552 24.8923 27.9006
0.551347 2.87091 -5.56138
-8.33169 20.0587 17.8364
-0.151772 2.56921 8.51863
0.460104 3.18662 -3.71556
-0.464649 5.6073 7.58776
-0.40651 6.05403 6.14583
-0.144779 6.15805 1.91538
-18.3998 50.5516 1.59463
1.6422 5.88712 -4.66585
0.105868 -0.732257 -3.49054
-0.744281 -3.18428 2.31847
-0.753844 -1.67254 -0.0541433
-0.0907506 -4.15071 -8.58838
0.77496 3.77624 -4.67332
-0.438484 8.79003 5.79394
0.705918 6.4529 -1.94374
0.137649 -1.35923 -5.52032
0.48058 5.4703 -0.442111
0.519585 7.06204 2.00394
-0.62237 1.60594 -2.81705
0.821909 5.22346 -5.34503
1.65414 3.96702 -5.81988
0.256628 -2.54477 -2.16789
-0.777598 -6.77146 -6.17162
-1.64843 2.02708 -3.49403
-0.225474 -8.79969 -6.61109
-1.58385 -2.17321 1.56692
-0.411668 -3.46389 -3.11466
0.149895 -7.18044 -13.9824
-1.33323 1.35132 -1.71311
1.93446 10.5418 0.346367
-0.696049 -6.41875 -5.83254
1.62576 7.92999 2.22521
-1.01573 -3.83274 -4.01275
-1.08 -2.30522 -2.58932
-1.59625 -10.895 4.65838
0.418724 -3.80348 -5.18453
-0.704577 4.01036 9.95092
-0.747012 -2.32359 -3.83228
1.91314 10.0505 0.748931
0.253881 10.974 -0.139289
-1.0014 -2.89863 -4.9124
0.568124 -7.37361 -12.9394
4.40423 -4.19198 14.8148
-6.37843 7.81938 2.5897
-0.101887 2.06905 6.20917
-36.1285 24.9561 -22.4316
0.817464 -0.0073508 -3.46043
-0.161361 -0.675563 4.34776
1.41479 7.77906 -4.14041
1.10032 -4.25182 -9.14377
-11.2291 19.847 18.7531
1.37906 -4.05618 -9.4814
1.05113 5.86655 0.534919
-46.9061 30.7593 -37.657
-47.9152 -4.9856 28.5111
-15.1485 78.9346 74.1343
0.40709 -3.21208 -7.96231
1.32402 -2.67021 -6.83209
-7.72097 21.9525 26.3622
0.784616 5.60835 -3.80257
1.67952 4.31886 -4.37425
0.12897 -2.34234 -3.72698
14.2684 9.84169 -33.8482
-0.922038 -1.6139 -4.63783
-0.343542 -3.40306 -7.31452
-43.3624 28.5611 -13.1648
-0.622495 4.08606 6.93348
0.775436 5.43099 -0.539987
0.144261 -2.247 -7.04123
-0.935289 2.44601 8.28355
-1.09006 0.731003 -3.66531
0.538755 6.06403 -4.27239
1.33438 4.93349 -4.93625
-0.106878 1.91846 -3.12621
9.7348 23.1423 -21.8843
-4.85629 6.78319 0.256999
-1.52628 0.922811 7.5599
2.64466 5.11712 -1.90201
1.04947 -1.35785 -6.05654
0.703473 -1.64514 -8.33046
1.33695 5.4993 -3.77775
-0.152573 1.34633 -4.33855
0.590769 6.84947 -3.19943
-0.457433 1.99119 7.0446
0.787214 1.04516 -1.94979
-1.36209 -6.96429 2.86715
-0.0621734 -1.35888 -5.83311
-8.3433 10.1266 0.478022
0.459423 -1.6878 -8.31289
-8.22546 23.6708 21.15
-0.0975697 -1.81106 -2.23772
0.739215 -11.6562 -17.4448
0.43583 -1.33749 -8.45183
-1.27656 -1.67905 1.27378
-0.359133 -0.444096 -4.55068
0.599111 10.5145 1.32328
0.729584 0.14319 -1.61562
-0.153524 8.62102 5.67531
0.1203 -5.78008 -1.30511
1.71081 0.696126 -6.82661
1.02511 5.57898 7.14719
-6.65819 60.3952 21.5806
1.68038 11.1967 -0.483207
0.131017 4.65397 7.92593
0.401089 -6.46439 -5.22066
1.02161 1.32289 -2.15453
-0.646514 6.09182 7.39687
-7.32786 3.34674 1.61678
6.75229 -4.33895 -0.425342
-0.747763 -0.801453 0.471061
-8.74329 33.3757 31.5982
-1.00352 -0.456041 -0.779666
-0.658271 -2.51738 -1.97783
-0.0936927 -4.889 -3.83739
1.6258 6.99325 -0.822685
-19.2857 17.7697 47.2915
-0.951228 -0.858148 0.250909
-0.414278 -0.229096 -0.142178
0.438768 3.73348 -0.266903
-0.733788 6.77452 5.81299
0.146306 1.96966 -1.91028
-3.52424 1.84739 -5.91113
14.2421 17.3027 59.9799
-1.94277 -4.66641 -2.13825
0.733224 -2.36918 -7.47782
-7.01484 10.2882 -0.238986
1.34286 5.53763 -0.166847
-0.435483 4.70199 1.68664
5.86815 29.2962 61.4281
-31.7465 13.9452 -13.2456
-0.414229 3.24049 -0.858528
0.447021 5.5335 4.5777
0.20509 4.77851 6.78068
1.63072 11.3115 -1.75341
0.159754 -1.40311 -0.430447
-1.58582 0.789666 0.343337
-14.8915 9.20514 6.96703
-22.9322 26.4775 16.4431
-9.58254 24.7554 22.3419
0.70224 1.93175 1.01461
0.730818 0.404118 -1.32267
-1.33352 -6.53209 3.43871
-5.25064 0.448079 -4.68385
7.04206 -0.595079 -5.94381
-17.4611 25.8239 9.97297
-0.413022 2.33458 1.91595
-0.415727 0.767657 -0.531371
-0.420818 -1.62381 -5.91557
1.10774 2.2244 -6.13057
-0.314349 4.68255 -1.91906
-29.2207 8.69989 -7.6406
0.246248 3.33624 -5.45879
-1.08272 -8.70622 3.09259
-4.34981 2.93808 -4.2521
0.248137 3.15825 -4.83176
-0.156415 -12.8509 -14.3219
-0.412788 2.24115 7.81454
-0.0368649 8.46325 -0.163965
-69.0542 72.737 9.22457
2.22307 10.0495 -0.35872
-12.9278 38.8183 -0.684004
1.34813 4.95538 -0.805676
-0.0914474 1.86825 -7.46404
-6.79163 88.1905 49.5374
0.475073 6.14999 -0.120445
-0.438229 2.62013 4.13819
0.464706 7.57643 2.30223
0.15369 6.4345 4.14242
30.546 23.2814 -121.252
0.212825 -0.746376 -1.95035
-10.4813 10.5496 -6.30133
-8.90992 3.94525 1.81557
-0.21942 -4.17011 7.12757
-29.8572 22.2105 -24.8221
-0.121534 5.29228 0.12796
-15.2207 54.2333 15.7602
-0.846789 -8.99439 0.118228
-0.440486 5.28645 0.150103
12.5158 18.491 -22.4341
-5.87213 26.184 22.2669
0.131978 5.85075 1.39554
-0.631758 4.47017 4.93922
0.20583 4.34696 -1.04387
0.0711345 -5.72008 -0.569481
1.63174 0.810973 -7.67874
0.459481 -3.98788 -10.3252
-21.0442 2.80813 -1.34749
-7.37209 -3.50382 -5.4432
0.212384 5.19951 2.15897
-27.7936 3.97263 -1.28096
0.142172 3.88148 -0.279715
-20.8729 65.2971 40.8658
-0.710079 4.94919 4.04651
17.2793 13.6476 -5.60745
0.478629 -4.61837 -11.3311
18.1049 -2.62984 -3.87396
1.11029 0.862197 -6.82844
1.08849 10.2874 -1.01225
-19.687 17.0649 24.6626
0.755353 7.87822 3.38984
-19.2991 -0.618949 11.1849
-0.150455 2.25556 2.861
-6.7748 -3.99023 -5.15573
-11.5304 17.8561 34.803
0.868959 5.81041 2.56722
2.52944 10.0451 -2.65477
-14.8444 17.4404 39.7114
-0.779418 1.92212 1.29432
-0.14889 -5.80312 -7.00618
-0.726802 1.95306 -0.393462
0.0570306 -0.0219275 6.18716
-22.6497 12.5039 30.4499
0.191432 6.74681 4.42911
-15.0189 40.8136 -3.5363
-1.59491 -3.17478 -1.97466
1.03624 7.29944 4.3281
-0.362358 -4.27234 -8.58775
-24.1564 30.8611 1.94616
0.137982 -2.61535 1.86821
0.175478 -1.03271 -0.548386
-15.3771 -2.65674 -8.60712
-1.02246 4.59315 4.37275
1.61214 -3.75719 -10.3885
-51.3374 47.7625 -30.3913
-5.40199 -4.01102 2.48524
-7.94451 16.6422 49.5757
-0.680779 -1.50921 4.16129
-0.473412 8.22982 6.64279
0.718485 -2.19984 -4.95811
-11.5615 2.3609 -3.79153
-1.3578 -2.17406 1.59673
-13.9434 21.1795 15.8429
-1.00096 6.108 4.88684
-8.15563 85.5657 1.05971
-0.191475 -3.68348 1.33988
-1.46514 -7.5368 5.72252
-21.7888 21.6014 -4.97825
-0.0741452 -2.1722 -1.14623
0.553853 4.31074 3.53617
0.147721 4.66453 3.97765
2.23256 9.77896 -3.04919
-0.983614 2.30815 1.93123
-8.54213 0.815695 -4.13196
0.441529 -6.52014 -12.6973
-0.327374 -7.02076 -6.92054
-1.02413 0.766171 -0.472383
1.04472 4.84284 1.13835
-9.14581 9.96786 -0.363823
0.179008 6.41268 7.86926
-0.736031 -4.69842 -4.67439
5.64842 4.2802 -3.23107
0.787973 -7.87179 -12.3405
1.66339 5.86424 -2.58645
0.135016 -0.719486 -5.53489
-23.4534 36.0481 -12.3296
18.4374 45.0204 71.5636
0.174736 2.60883 -2.51521
-17.5377 32.4649 -1.47064
-0.740153 6.23716 6.37944
0.716924 10.6583 3.048
-0.106389 4.6313 1.04895
-0.156216 3.11655 -1.33481
-0.757566 -0.98349 5.00951
-3.36422 2.79581 1.61401
-115.214 64.5712 -40.3618
0.215956 3.93671 -4.99839
-0.455532 4.08638 -2.47106
0.248738 5.37611 -4.01595
0.917841 4.03 -4.62569
-0.378549 2.96224 -3.47585
82.0258 24.3787 -31.6492
0.416153 5.89627 7.29389
1.72744 6.53082 -2.18053
0.142526 -0.175053 -5.83967
-0.755345 -0.657088 6.75941
-13.2913 8.35889 40.2718
0.77144 7.671 -1.6294
5.88416 -19.8704 -40.6516
1.38152 0.729021 -6.46214
-30.1308 -3.81262 6.15887
0.477045 7.4242 1.37837
0.797352 -2.51895 -10.3526
1.38827 4.77793 -1.6419
-0.099389 2.36878 -6.59884
0.44101 5.83334 -0.995263
-0.670706 6.64373 3.51066
0.427725 6.74544 0.499531
-15.7615 13.6857 2.25762
0.460335 5.20591 -1.90803
0.474457 4.30364 2.85228
2.27445 7.56379 -1.11099
-1.00025 12.4101 9.21559
-3.82041 -2.49403 0.510811
-0.068423 5.88217 7.3196
14.0322 -8.72414 12.154
-0.971831 3.17496 1.94443
-2.46085 -8.62335 8.9009
-0.332939 5.82051 5.58128
0.753061 -5.62826 -9.69109
-0.475903 13.2179 9.90628
-0.36929 5.32568 0.898928
0.100613 4.40259 -5.9389
-19.3673 26.1776 4.66628
0.926936 3.11634 -6.49294
-0.366827 3.75891 -1.71238
-1.38734 -2.07996 15.0307
-23.8277 0.116078 -10.2696
-0.749891 -1.6967 -1.84488
-8.52695 22.3713 28.8675
-1.6772 1.78263 -1.59752
-0.134899 -4.86521 -6.39237
-0.65947 2.82533 -1.01646
0.808918 -8.48659 -13.4283
-24.6256 25.3592 -5.44985
-0.6943 4.21111 1.36938
17.8479 24.6565 58.6931
0.278555 5.94465 4.83978
-0.688294 4.13532 1.37495
-13.6505 1.20189 -8.75314
-13.3273 57.6578 19.3173
-0.124905 -5.13645 -6.56281
0.768275 2.55202 -7.59442
-16.3482 21.5923 16.052
0.644037 4.26386 -6.92507
-0.689683 2.58202 -1.04055
-13.9224 21.5906 56.6349
0.148531 6.23732 4.87659
0.583706 3.72315 2.56139
0.70091 2.89361 2.19501
-9.42454 1.84108 -4.26657
0.729838 1.3301 -0.116095
-8.70087 9.29697 -4.83029
-25.4237 29.1518 14.8267
0.517591 2.88033 2.18376
0.506505 1.32876 -0.0874306
12.4786 8.53681 -8.37766
-15.3963 37.323 17.3121
-0.30339 -1.24792 -9.8229
0.597255 8.64825 -1.12789
-1.03477 -1.63545 7.29369
0.511678 4.6334 -3.73635
-24.4606 5.50095 2.35614
-1.85519 5.59803 0.969726
1.34926 0.417328 -8.20034
0.826559 6.44666 -3.44376
-0.627634 0.47987 -4.62716
0.423207 5.81539 1.0452
7.32632 14.984 8.89235
-96.1268 56.2143 -32.0485
-0.0759754 -4.99328 -8.33149
-16.9606 13.3615 -8.50754
-17.9081 19.5382 18.8244
-47.2534 43.0893 27.9832
-0.456421 -3.17474 -4.74295
-15.2532 30.2013 20.7415
-16.3315 50.8086 12.3155
-13.4323 40.2842 64.1118
1.0392 1.43026 -3.44007
0.74995 -1.56837 -5.22619
-0.0742285 0.165455 -5.16547
1.30995 6.88603 -2.98141
0.854306 -1.08241 -4.61154
-0.765047 -1.46017 5.96806
0.776085 8.1663 -2.49599
1.05734 -0.168803 -8.78541
-0.163909 0.418209 6.37042
1.92355 3.00071 -6.98803
0.427513 -3.3985 -1.07287
-0.321026 4.65863 -2.38946
0.289974 3.54377 -5.25105
-0.936957 2.21232 -0.20666
1.11297 -7.45036 -14.382
-0.437057 1.69173 -2.03147
0.484371 7.0294 5.91215
0.783512 4.29409 -5.82562
-0.0462449 4.30157 9.6865
-16.6457 18.3476 17.5613
-15.3991 85.0595 44.6259
-5.54272 9.37178 2.68288
1.66393 0.827207 -7.97535
0.0650056 -5.70817 -0.0340134
-0.714071 5.09501 -0.611381
0.787883 1.94661 -7.29188
-0.0902793 3.70096 -4.94511
1.38822 3.16426 -3.13934
12.7749 32.1985 -24.5842
1.33832 10.0401 1.10313
-16.6246 23.9325 13.2009
0.497002 0.18598 -4.95742
1.32713 8.63423 -1.376
1.6264 3.12952 -4.60831
0.184928 -3.37089 -3.5396
-7.25335 5.29545 4.43357
0.730533 4.29027 -4.06427
-0.177056 4.32476 8.01095
0.791438 -3.55441 -6.89873
-0.110343 3.18374 -2.89191
0.571861 5.02231 -4.59513
5.78475 3.80859 -3.47249
2.05387 4.98095 -5.68731
0.544727 -1.65195 -2.54529
-3.69035 1.10719 -2.41656
-0.732688 -5.54855 -5.56169
79.7231 -0.550642 -49.0819
0.536304 3.73311 2.8391
2.0314 10.4112 -5.61479
0.114483 -3.71318 -2.90025
1.65001 2.79443 -5.2846
-16.0252 1.93595 8.52743
0.664355 -6.26847 -12.0988
-26.4453 44.8422 -3.84527
-84.1389 8.52098 29.1144
8.56024 20.725 -18.8936
0.44753 2.88417 4.64928
-0.367644 7.21314 1.54671
1.28037 7.6784 4.90264
-1.27481 -3.46612 -1.36757
1.64538 8.755 26.7313
-0.647092 2.00333 -1.30735
-1.05078 -2.31837 -1.98017
4.70008 10.5296 47.4236
1.67863 8.94827 -2.60178
0.163324 2.25499 5.79846
-0.413656 -2.63051 -2.20836
-21.4489 21.9698 14.7041
-0.435188 -2.30849 -3.72583
0.452176 10.996 -0.155011
-1.60404 -0.916034 9.10216
1.54759 6.98002 1.72208
-0.950541 -2.80069 -4.72923
-1.24389 1.84215 -2.57662
0.166856 4.91873 -5.61631
-22.0912 21.9935 16.1761
1.63224 6.46163 1.38178
-0.922689 -2.11436 -4.87464
-0.938858 -1.32768 -4.29136
0.573608 -3.23894 -12.6363
2.6397 8.40452 -3.89242
-0.737714 3.35502 2.4194
-0.374501 -2.82821 4.06587
-18.408 57.1971 33.3321
0.463984 -2.04239 -10.0255
0.245249 7.84 0.95192
-19.9643 74.5023 47.6088
-0.497135 3.76178 2.50065
0.494179 6.38502 3.73782
-4.85071 4.80826 -3.28037
0.714734 -2.75478 -3.38949
-0.0802779 1.86079 -4.08044
1.49195 5.02338 -4.15343
-0.970872 -3.14021 -3.53795
1.01395 6.75998 -0.455385
-18.424 48.2065 27.1279
-17.2217 5.89193 -3.95167
0.460299 -1.04246 -7.10409
-9.91643 2.87181 -8.54457
-0.143662 0.98237 2.58808
-10.0313 46.7981 39.2082
-13.327 42.2547 19.1405
6.42778 0.155792 -32.6713
1.29318 6.98259 -3.08218
0.875278 -0.86891 -4.37464
0.783875 10.3536 1.00819
-1.04813 -5.09499 -5.74798
-2.43695 1.62191 -2.13866
-0.390552 8.05371 2.62587
1.16459 -0.130974 -6.1723
-1.03889 -4.95045 7.67063
0.508022 11.7952 -0.667509
1.35319 10.7742 -1.32381
-0.159666 -3.81713 7.082
-0.354458 -3.05535 -4.28377
-19.5253 30.5277 15.9006
-11.5416 24.9486 18.8628
-18.0495 36.3492 3.85132
-0.695361 0.554235 -2.88311
-0.947527 -3.2761 -6.63369
-43.5842 20.7692 -16.4662
2.21375 3.78957 -5.61471
0.694345 -2.84663 -2.55548
-12.071 1.93173 -10.2424
32.2472 2.74136 -105.716
-0.398134 -6.51692 -5.31815
2.26205 10.7003 1.11566
0.148834 4.6457 -1.64025
-0.749983 4.19904 5.48596
0.123434 6.16069 0.747567
-0.985803 -4.16275 1.16267
-4.39039 1.66657 -8.21263
-10.4709 84.5185 18.4863
0.436929 -3.72559 -9.78915
-0.680735 -1.88257 7.90463
0.746041 8.90153 -0.359511
-0.17446 -0.146364 -4.01888
0.780306 10.3316 1.85468
0.744014 5.81791 -3.44319
1.64504 4.59491 -4.08513
0.132081 -1.93604 -4.10644
2.14422 3.75425 -6.09498
0.62211 -2.83612 -2.00022
-1.3607 -11.7046 1.29557
0.164167 -2.25414 -1.62872
-1.04451 -1.98386 -2.76736
1.71727 6.1142 3.43235
-0.339218 -0.496678 5.37466
1.04863 7.33039 -3.16227
1.30171 -0.984696 -8.22318
0.457888 2.30646 -5.81528
-0.386993 0.099194 -3.46318
-18.1813 57.1967 33.3325
-1.50991 0.0212203 11.9801
-1.64641 4.40249 10.0092
6.52492 5.19757 -9.7101
0.121476 3.1034 0.509534
-1.59266 -3.87156 -0.548746
0.178266 -0.708022 -4.93413
0.824031 7.14441 -2.66359
-1.2389 3.15678 1.93893
0.165771 3.23801 -0.825614
0.122154 4.66785 1.76383
0.143992 -3.68791 -7.85795
-0.0784566 -4.40736 -3.45455
-0.113504 0.994252 0.677043
-0.0768974 -0.502854 1.90867
0.138672 -0.857244 2.18233
0.877523 5.81949 3.16314
3.43978 11.016 -2.70863
-100.902 91.7304 -54.1406
1.2168 22.2254 47.9296
-14.5081 21.2824 50.8512
8.81232 -1.67231 0.562064
-0.125683 -4.12425 -8.98356
-40.5684 10.3867 -29.7594
0.767107 3.7897 -4.98439
-3.06894 6.52019 1.9685
0.849966 5.88661 3.79387
-0.180251 -5.82116 -5.33226
-8.77927 11.2036 -2.36384
-1.20868 2.07905 4.71707
-3.44693 -4.37016 0.350117
0.00290632 1.95737 9.77666
-6.77184 7.31607 -1.71064
-0.709583 -2.13805 -4.90654
0.424814 -1.01735 -7.93714
15.9733 18.9281 6.65688
23.4723 23.229 60.1717
0.173213 2.53476 -1.62592
0.473188 7.35154 1.66724
1.35215 5.88517 -3.70086
-0.139704 1.05881 -4.26381
-2.90451 4.8332 -2.02814
-47.2445 38.6604 -44.4199
-0.381795 -3.0755 1.30549
-0.476941 -1.69453 -1.01961
0.132528 -0.720011 4.91591
-5.19682 6.47582 -1.30333
-0.404992 3.32183 -2.30354
1.04778 3.48812 -5.83926
1.98761 2.24189 -6.57486
0.441153 -4.35958 -1.62911
-0.650343 -4.77419 -8.21534
3.48515 2.90545 10.2998
-0.738283 2.51547 0.451931
1.03268 -3.12101 -0.465928
-3.6519 -7.02598 8.4693
0.731126 3.75716 -2.89019
1.55191 2.44382 -3.38534
0.294967 -4.1407 -4.76708
-59.5443 63.762 -37.9394
-1.048 -2.94039 5.74033
-11.8442 1.93138 -10.242
1.77573 4.8787 -4.98426
-0.751871 -5.72838 -6.9755
-2.53563 -4.87964 5.7716
-5.18054 -0.94097 -0.463142
-0.723831 2.20689 9.67721
-17.7737 25.9942 17.7986
-0.126206 1.0225 -5.3618
-14.2336 28.3959 55.8605
-3.60422 -4.52104 10.258
-3.65138 3.48561 -0.657006
0.44739 5.77859 6.82877
-1.61667 -3.32649 9.50977
1.65147 9.41747 1.89831
-8.46014 5.67102 -1.48131
-0.459818 -3.72347 1.62861
1.07265 -2.56052 -3.57753
0.167287 -1.29374 -3.95152
1.69112 5.21462 -4.01751
-9.7505 10.1169 5.56833
0.514047 4.87444 -5.00997
0.445035 -2.52112 -8.84451
-5.99969 134.309 95.6925
2.3437 23.38 4.57922
0.495877 5.17141 -5.25753
1.04397 4.70593 1.30666
-0.0682021 4.43784 0.00643725
-14.0206 22.9271 16.9544
-0.0385526 4.98091 1.3184
-0.104741 3.39992 -1.03823
-0.451038 -1.10369 -0.960942
20.8398 -29.1404 16.2039
-0.421 -2.56247 1.41429
-2.08497 -6.10311 13.3568
-5.54072 8.8843 25.0817
-0.70522 -4.97937 -4.68822
-0.116262 -2.50071 -2.98334
-0.936591 5.95492 6.82125
1.76142 6.10108 -4.0667
0.19168 -0.453862 -4.07002
0.763556 7.30766 -3.41397
1.05291 -1.03632 -7.99268
-0.144749 1.31042 7.40013
0.769131 -1.90731 -4.71611
-0.412043 -1.87509 -4.91949
0.161787 2.00352 1.39265
-4.62133 3.61019 -2.77106
-11.9344 21.9526 50.4068
-2.85152 -5.90882 7.12875
-18.4118 5.04361 0.997409
10.0637 5.14136 1.78842
-0.718801 8.3178 4.95921
-0.0919235 1.44355 -1.26941
5.25471 18.0123 54.2952
-0.461741 -1.62733 -4.65785
-22.398 26.6042 16.9896
1.6732 6.36611 -0.712393
0.149804 -0.280858 -7.36181
1.39938 1.59424 -6.7779
-64.5238 8.80331 -19.0954
-23.301 71.3165 53.3793
0.463481 -2.17672 -10.3838
0.19789 7.6455 1.30451
0.234931 6.12937 -1.03193
-14.2208 37.109 27.1894
1.31806 -1.64889 -8.54851
-0.47684 0.213825 -5.10027
1.04293 6.8458 -2.92059
0.729859 6.379 -2.20174
1.66565 5.2533 -2.78121
0.161652 -1.44835 -5.29343
0.772604 7.9508 0.122619
-2.4767 4.05288 -1.32464
-0.137732 -0.785634 4.6076
1.35288 7.57551 -3.72105
0.849746 -0.2633 -3.82903
0.775912 -0.151828 -2.8208
0.922828 5.14575 4.93601
-9.14591 21.5571 18.5163
0.181781 2.82514 -1.63183
0.544026 0.710694 -7.95018
2.16451 6.71639 1.85373
-5.84257 2.75692 -1.66795
-0.465741 -2.54144 -4.37683
1.66502 0.831353 -7.37852
0.136883 -5.85385 -0.849742
-13.0729 19.6879 18.2041
-0.0946343 4.79212 7.30556
80.5639 0.176327 -55.4171
0.116447 -0.460739 1.33468
10.4796 33.9273 63.9869
-1.9844 -5.55112 3.77066
1.92488 4.55398 -6.26848
0.48265 -1.94575 -1.98612
0.683197 3.51513 -0.923719
5.26307 -17.2295 -45.9374
-5.19198 4.31269 -2.0291
0.172773 1.36079 -4.09089
0.067274 -3.81762 7.08241
0.725129 2.23298 -7.01568
1.10238 7.37806 -3.62723
-0.699918 4.03444 -0.320723
-21.717 11.8637 9.52782
17.9034 -6.59764 -5.58915
-11.25 44.2956 3.81815
0.723771 -2.6039 -7.89564
-0.00960814 2.24395 -3.9869
-8.01706 21.8702 25.8768
0.489623 5.83306 -3.42873
81.7879 7.23231 -46.9823
1.70855 10.3338 1.04296
-1.60039 -4.33233 8.61937
0.466924 6.50768 2.81426
-9.7769 8.47351 -2.26294
1.03599 4.41704 -4.66093
-0.402237 2.55604 -3.5109
-12.4893 113.343 95.8893
-18.6041 23.8183 16.5236
-0.728435 -5.36621 -6.37081
0.151342 -8.3194 -13.4392
-0.746364 -5.14053 -1.59569
-22.5563 0.317353 3.75436
-0.472864 -1.64707 -1.36297
-0.401324 -3.11316 1.13711
1.2578 7.88007 -1.72108
-17.2345 34.434 24.4218
16.4104 17.9134 17.125
-17.8019 29.8744 -0.661018
-22.4104 24.2142 16.5702
0.0906271 2.27359 7.85427
-36.8146 -2.95531 4.35848
1.6699 8.83631 -0.501785
10.6459 -2.87289 -11.2023
-8.55569 23.4526 20.4155
0.78274 4.64683 -4.95304
10.1444 7.97625 49.363
-17.5623 27.7446 16.1129
-0.408733 4.02491 7.83147
-18.9046 45.9379 30.5357
-3.72457 9.84094 0.53719
-0.418117 -1.99012 -1.63278
6.43096 -5.09213 2.74441
-0.390545 -3.53652 0.832232
-1.51841 -2.89181 -3.10648
1.09953 7.04784 3.14216
1.33227 10.5981 0.699113
-1.32779 -6.4272 -5.53823
-21.6628 30.7894 19.4093
-13.2573 31.8464 56.1955
0.729062 -4.32217 -4.95748
1.34894 3.45199 -2.51493
0.169132 -7.01156 -10.3935
-0.166363 -2.5787 1.36005
-0.155686 -1.13743 -0.955348
0.445809 6.95458 4.69795
17.2361 27.168 -56.8648
-16.2042 51.1318 38.448
-0.0643492 0.144861 1.28973
-0.125355 -1.93297 -6.49863
0.742717 5.03925 -0.015974
0.179119 -2.87673 -7.37186
-0.778615 3.98304 7.47108
-17.2901 15.1415 11.1942
-0.967757 -3.0366 6.75911
-21.903 4.62368 3.45937
-1.55104 -3.83189 6.09877
1.03768 2.88679 -10.8652
-0.418915 1.96046 -0.411075
-2.21971 1.08701 0.423505
0.128087 4.10937 2.79395
0.506633 -5.97088 -11.9666
-0.742804 4.63807 3.83333
-13.3305 15.1753 -9.45747
0.240771 5.47566 2.67323
0.185053 -2.9083 -8.93033
-0.0518104 -5.27469 -2.54662
-69.5425 1.53249 -3.34324
-0.984205 5.93714 5.6141
-0.153526 -2.57233 -1.65957
-1.92317 -5.02407 -0.279623
-0.110633 -4.02036 0.646473
0.44884 6.41188 7.32011
1.04459 4.65056 -4.71286
-0.388569 2.12279 -3.50347
-1.95441 1.83324 -2.86769
-0.427781 -4.5739 -5.2727
-0.138411 -1.00599 4.62415
-12.1636 25.8636 19.0833
-1.28399 -3.52437 6.21061
-0.179469 3.69013 5.48565
1.06029 -3.51945 -9.76872
1.94796 9.95521 -3.16792
0.391327 3.43921 5.2717
-0.37456 6.65994 1.05085
-0.426964 -3.00471 2.7597
-24.9714 -3.6144 0.530074
-19.5303 79.8925 108.512
-0.416838 0.521791 0.160493
-8.58077 8.38924 -2.2573
-15.1625 51.7625 5.09489
-0.445766 -1.09979 2.47452
-0.132405 3.15371 5.3395
-23.5304 6.60837 1.7626
0.761278 6.91279 1.11687
-0.369028 3.77262 7.24603
1.4593 3.88244 -4.07662
-0.138401 3.05127 -4.04798
0.526372 4.93404 -3.45433
-7.83441 35.5237 26.0513
0.780954 6.71696 -1.69309
1.66695 5.59894 -2.22381
0.198022 -1.10134 -5.8069
1.7175 9.72347 -2.48912
0.165554 3.26035 5.88768
-0.0447351 -6.56367 -4.01292
0.736954 6.23325 -0.111608
1.57506 4.9549 -0.80526
0.174355 -1.75726 -7.40201
-1.0431 2.07612 7.95915
0.220228 2.63447 5.18474
0.165109 2.19754 5.29172
0.192309 1.29476 2.55
-8.22365 27.8371 22.4645
0.21053 -0.181956 0.130506
-17.1856 0.729816 0.93026
1.34516 4.7095 -1.10388
12.2088 17.957 5.38093
1.69 8.63915 -3.2251
0.119351 1.96281 5.27963
-0.460036 0.997281 1.74382
-0.432516 -0.439363 1.04169
0.130684 1.05538 3.72885
-3.01791 1.4502 1.0594
-0.751703 -2.31763 4.55295
0.708172 9.06353 -3.68933
-0.175593 1.02824 3.9987
-4.95942 -1.22518 -5.3811
6.73105 5.85423 12.8432
-0.0735687 3.56145 -4.68013
1.33908 3.40485 -3.36964
-14.5085 10.2768 3.60013
4.64621 10.3452 28.3935
-0.227732 -2.15316 5.67613
0.326088 1.91577 6.18725
1.97707 8.41654 -2.21525
-20.5195 6.28211 4.13578
-22.1697 10.2498 9.93875
-2.74815 1.53619 0.995809
1.39391 9.38931 2.52273
0.71186 3.48719 2.48835
0.162813 8.94708 7.05165
-0.158291 5.55179 5.53294
-9.3308 10.2952 -0.0283819
0.763233 4.63092 0.758033
-1.21477 3.2992 3.53815
-0.124182 2.28414 3.13409
0.816693 3.75506 1.64961
-2.30009 0.0215645 -0.136145
-18.7485 48.469 27.1205
-0.130639 6.48274 4.62643
0.857289 2.20059 -0.792444
-20.9904 13.5405 3.19597
0.183405 -5.58397 -6.81464
-0.0903348 -2.48497 -4.72987
-0.091238 3.46213 5.84633
9.77744 5.94176 -7.27704
1.12585 -3.14096 -9.50452
-0.0408182 -2.28428 -7.35177
0.214562 -5.78436 -4.07064
5.63828 -0.494193 2.32267
-0.804803 5.94247 11.8947
-0.763134 -2.37896 -2.27613
0.751441 6.20733 4.9805
0.667355 34.5856 63.9284
-0.143881 6.1103 -0.109216
1.36333 0.767697 -7.95007
1.62613 7.63512 1.63057
-0.92489 -3.37806 -4.64476
-0.735341 -3.20954 -4.88505
14.8447 12.888 2.66411
-0.627278 -1.51588 -5.17927
22.6445 25.7819 -4.04916
5.2702 -8.0947 -3.09286
-7.00116 7.99086 -2.02343
0.1581 3.12252 2.17816
-43.3488 24.9214 15.616
-19.8565 58.9444 37.3683
0.151571 1.70711 -0.185209
0.748757 11.1821 -0.480827
1.63453 10.0966 -1.06934
0.162153 3.35777 7.34657
0.161489 2.84518 -6.22123
-17.0494 21.0314 14.6033
1.90618 9.71045 1.3102
-2.21755 1.10141 -3.15978
-0.76956 -5.51981 -4.93734
-1.00891 2.27871 -0.931016
-0.402871 -5.58044 -6.52852
-0.791349 -4.63961 -3.74307
-15.7765 34.0663 11.2233
-1.08803 -6.80787 -4.56488
0.630342 2.31702 -2.54826
0.719173 -6.40964 -2.77671
-1.3322 -8.22357 2.31915
0.129081 -5.52343 -4.97972
-0.158212 -2.63971 -6.42263
-8.11529 9.77298 2.3723
-6.46139 22.2025 24.1299
-15.7414 70.0243 7.12276
0.144837 -3.17925 -9.39842
-0.122715 -4.92276 -1.9986
-13.0131 79.1451 49.8072
-0.440981 -5.51915 -7.01199
-0.111292 -1.88318 2.85265
-1.09752 16.1093 12.6732
-1.07313 8.00248 3.57975
-0.70734 -3.76935 5.56774
-43.3376 42.5808 -25.9315
0.510758 7.35558 5.59346
1.01907 -7.03856 -14.0378
-0.34925 1.31323 -1.58955
-1.39815 -3.79407 10.5984
-0.733515 -3.4342 -6.52976
-0.0755961 2.18544 4.41834
0.803912 -2.95906 -9.17672
1.64549 5.14743 -1.02333
0.151492 -1.45313 -7.04669
-0.79443 -5.46678 -5.28018
-8.83873 28.1364 33.3253
-1.36122 2.2585 -2.34616
1.914 9.69797 1.01619
-16.2538 46.8233 1.07243
20.9286 8.77811 -14.7629
-0.0904731 -0.411404 -7.04237
-0.181343 -6.59776 -4.59549
0.13231 -2.90252 -8.26236
-14.8255 41.7111 -0.977767
-5.8529 6.91009 -2.23968
-0.47711 1.57404 4.04991
-7.00688 20.3243 27.9841
-0.139598 -0.460841 2.79288
0.217552 -3.23356 -8.48671
-0.0476759 -4.89218 -2.887
-15.6414 66.8231 9.46796
-6.38866 4.70346 -4.47604
-1.03626 -0.810261 -1.56791
-12.5423 88.8762 34.285
-2.32577 2.34139 -2.36607
-0.705945 -4.34796 -5.93367
0.331709 -7.18084 -13.9819
-1.59429 4.1835 9.71228
-0.706759 -4.83215 -6.18957
1.91162 9.13325 0.143336
-0.473389 -3.72938 -6.73185
-7.9188 24.1224 25.3918
0.467052 3.45292 -2.81548
1.30977 2.18327 -3.38296
-0.0864153 4.63081 -4.52712
-0.403119 5.17317 6.64673
-0.466826 -3.80882 -6.16545
-16.9432 21.5011 16.9545
1.80724 11.0758 -0.608359
-11.2886 40.6058 30.0592
0.925823 3.77703 -4.00806
-0.340761 3.09317 -4.04771
0.172483 5.05382 -3.45063
-1.04433 -8.33025 2.81858
0.433028 -5.50782 -5.56838
1.0819 2.28703 -1.88952
-1.65709 3.45166 -1.03789
-0.134348 -3.09249 -7.08139
1.5373 1.6084 -3.76059
0.214484 -5.01407 -4.39896
-0.075479 -1.7132 -6.51358
0.758165 1.30227 -2.60019
0.130453 -6.39149 -4.83243
-0.947045 -6.0659 -4.97003
-24.7446 -3.61476 0.530466
-19.3491 79.8922 108.512
-8.40486 27.8373 22.4643
-0.144484 0.42206 0.208417
1.31509 9.4115 1.05977
-0.468013 -3.99625 -5.92022
-19.5959 -7.03247 7.99899
-1.93708 2.42163 -2.14575
-2.99721 1.37144 -2.75174
-1.3205 -5.25398 -5.21772
0.39325 -4.6497 -4.0935
-20.5138 -1.6698 9.55777
-1.29725 1.24705 4.75575
-4.6554 13.1675 3.11197
-6.17583 -0.99428 -5.85525
-9.05962 17.7653 36.323
0.446803 2.00175 -5.2586
1.33003 10.2942 -1.74275
-1.15197 -8.00729 2.32335
0.447732 -5.88803 -4.96195
-4.29909 3.76486 -3.33257
1.09978 1.91361 -2.61084
0.434978 -5.21929 -5.51809
1.0628 2.54062 -2.05075
-13.1231 4.39719 -6.36711
0.848825 2.23981 -0.446635
-9.75362 21.4122 33.5734
-0.674575 2.73932 4.88546
-53.2222 7.48752 2.18842
-10.8754 70.7446 7.80323
-0.102333 1.98501 2.5652
0.775694 8.31254 3.77505
-8.64418 19.9518 22.6945
1.62757 6.74611 0.771673
-1.56607 -0.773846 8.13003
1.39279 9.97587 -1.32907
-32.1095 13.9459 -13.2463
-1.0826 3.04701 -0.824329
-6.85321 37.5758 28.4361
-0.395955 -4.7427 -6.67364
-7.67459 21.4279 21.7382
0.466689 4.31197 -2.84801
0.949097 5.03018 6.89796
7.93021 13.8865 14.4626
0.418113 4.35069 -2.61175
0.773283 7.41286 2.59362
-10.3546 70.9964 48.6667
-0.430795 -4.63447 -6.47934
-0.123877 -1.01716 3.4853
0.736476 4.37637 3.4711
0.950658 -1.19733 -5.38278
24.2487 0.78209 -7.0027
54.4816 60.4432 16.2254
-6.81618 38.0216 28.6373
-110.888 -16.2873 27.6483
-1.9167 2.38361 -1.16566
-0.372465 -4.30972 -7.03665
0.438874 4.05844 -3.1355
1.35985 2.74966 -3.86174
-0.0526676 3.99069 -4.34619
-7.93915 24.0188 29.1633
-1.03163 3.58001 -1.36711
-1.06685 -2.61913 7.62762
2.20833 8.69016 0.190217
-0.485769 -4.35201 -6.19966
-2.84484 7.9934 0.990666
1.30236 2.88681 -2.89183
-0.0838612 4.09656 -5.26048
-1.34896 3.39784 -0.983112
-12.4903 28.7548 21.3669
-0.705417 -4.36183 -6.38223
0.454482 4.62557 8.91712
-0.342128 -2.09006 -2.81286
6.86026 20.5416 50.413
0.146475 6.07821 6.13397
-94.5794 58.961 -7.73748
-0.444109 -0.716811 -0.189815
0.728652 -2.56524 -10.0653
-27.519 2.07032 -0.222225
-23.5364 27.0679 17.5537
0.492727 5.84262 -1.36663
0.408858 7.32266 0.965606
-32.441 36.61 -0.599689
-7.04329 38.022 28.6368
-111.115 -16.2869 27.6479
-11.6256 84.0625 16.4013
7.96451 21.4135 57.2271
-3.11765 0.440449 -4.4433
1.30716 6.44227 3.43398
-10.3134 62.7437 -2.97356
-0.423216 -4.65675 0.322249
-8.2485 12.858 -1.88506
-14.1384 69.043 19.2478
-40.9365 41.8494 -0.11326
-1.32628 -3.49362 1.28553
-1.28496 -2.01391 -1.0919
27.1618 23.4701 58.705
-1.02453 -4.92076 -4.71221
12.756 2.28025 -15.4366
-0.13479 -3.05041 -7.64525
-8.14028 37.2255 27.507
-0.38524 -5.28452 -7.0626
-0.138583 -11.5272 -12.6914
-4.94066 0.855241 -2.88473
0.455155 4.92659 -3.22923
1.47239 3.84118 -3.81046
-0.124523 3.11363 -4.28854
-0.445687 -3.71895 -6.45413
-61.8844 -5.18942 -0.482596
0.179175 -1.68561 -9.67153
1.10243 -1.59947 -9.12422
0.834628 6.79948 -2.26279
-16.7095 4.24331 1.26159
-18.2133 22.7129 15.8244
-23.5877 5.41761 2.66296
0.756133 8.26573 0.118381
0.831247 1.95343 -0.458182
0.728636 -1.69464 -8.83908
1.25768 1.80548 -8.24754
5.23239 14.639 52.6484
-0.445527 1.88581 6.33966
0.494849 1.96764 -0.693599
-0.429131 6.75293 4.72922
0.480439 3.35616 1.69306
12.1427 31.9846 -22.3897
-8.67615 21.8913 19.4051
3.14834 11.4106 -4.42257
-0.109086 0.466874 3.06618
1.03572 -8.48694 -13.4279
-8.12688 84.6393 45.8193
-0.45999 2.81861 -1.0095
0.468048 5.83533 4.936
-5.44886 18.186 10.8873
-0.729581 -5.81062 -3.6528
-8.98085 17.5351 21.2042
1.44913 9.2266 2.32663
-1.34571 -4.88117 -4.06688
0.431291 -0.680299 -6.15303
1.92848 5.889 -1.85227
-0.741346 -3.03989 -5.70372
2.06424 7.39615 0.542632
-15.5525 43.7279 20.6519
-9.73464 35.6353 36.0791
1.9176 9.46808 1.62537
6.6326 -7.15926 -12.1046
-0.740898 -5.20862 -4.65417
-7.47139 35.523 26.0519
-1.04511 -6.79702 -4.47668
1.61187 10.7414 1.39607
-1.60769 1.28565 -2.58452
-0.961529 -6.47182 -5.03212
-7.87596 27.8051 21.8671
-10.8431 77.7584 54.8297
-8.56781 7.98596 12.4744
-1.01932 -1.59728 4.87817
-7.00725 9.68149 3.9962
0.389688 -4.33659 -3.77714
1.32311 0.66441 -6.2933
2.59518 10.805 -0.685464
0.729491 0.364173 -6.24562
-7.3107 -1.29295 -8.08172
1.36193 9.62009 0.781712
-1.25122 -5.57597 -5.44813
-6.17191 19.2955 22.4658
1.29109 9.48494 0.814318
-6.66597 0.0493362 -0.589538
-1.27679 -5.17814 -5.5538
0.772537 3.11296 1.31554
-0.157543 6.99659 4.93468
-19.0289 -3.08873 0.741613
0.832921 1.61503 -1.04047
0.247992 -6.10244 -6.45485
-0.112346 -1.84778 -4.85244
0.727652 -3.42048 -3.72142
-57.406 30.598 -28.7124
1.46223 4.40895 -3.65692
-0.0755503 -5.23035 -3.80586
0.118986 -2.80099 -7.6638
0.592523 2.7513 -6.95912
-16.7244 21.2523 15.3553
-0.435323 -5.49801 -5.86136
-0.172161 -4.69163 -6.44806
0.826704 -8.90716 -13.4439
-18.4068 -6.58732 6.61967
-0.671124 3.10005 -1.09704
-2.56473 -1.21681 -1.22615
0.167909 5.5407 4.88828
-1.0527 -5.73141 -6.42519
-0.122665 -2.84555 -7.63394
-17.2525 20.9687 15.9977
-42.4064 6.99205 -11.8147
-0.691758 -4.43192 -0.124165
1.01509 3.79512 0.732892
-1.05224 -8.14254 3.19473
1.02527 2.29001 -1.64742
2.0388 0.989035 -2.17329
0.433824 -5.58699 -5.79289
0.429899 3.32662 5.84759
1.17093 11.2717 -1.96389
-0.73206 -5.1936 -3.47604
-30.1409 10.2284 -19.6629
-0.701203 -4.68001 -4.05528
-0.448361 -5.32645 -4.33111
-0.755234 -6.95007 -5.14753
-20.1239 47.5534 31.9964
-0.959572 -5.75283 -4.68042
-19.8946 41.2677 26.5534
-19.894 33.1249 17.1221
-16.5383 80.3931 45.5654
0.193198 2.84523 -4.31705
1.02806 2.23587 -0.449973
-0.734652 -4.93855 -3.72786
-0.13414 2.82615 -3.74023
-15.7543 8.38409 -10.0018
0.591944 2.55489 1.17818
-1.05477 -3.74391 -2.79982
-0.822301 2.45508 8.81499
-9.09558 29.8304 31.0363
0.429977 1.96872 -4.28786
1.39723 10.3529 -0.778578
-1.72388 -5.21437 13.2869
-1.64098 -3.01168 9.9637
1.61708 9.12601 2.5386
-0.974882 -4.95377 -3.71904
0.493429 -8.06663 -10.7255
1.662 12.6653 2.67975
-41.8561 -10.2822 15.0113
-1.93645 3.32635 -2.65718
-0.394835 -3.2097 -5.583
-69.4424 41.0782 -61.8839
-22.022 26.0371 13.7917
-65.5591 71.2765 -14.6167
-0.125194 -2.83597 -2.33822
-3.18951 -8.94657 8.23465
-0.941094 5.48486 6.24165
-13.4481 35.3603 26.4619
0.440978 -5.21241 -11.7186
-0.729833 5.55716 3.57923
0.25007 4.69775 2.93066
-0.0856383 8.94193 4.42123
-17.2451 61.0509 71.55
-18.5609 21.4308 65.8836
1.32461 -5.55235 -11.5493
-18.905 30.4585 16.2077
-14.1541 40.9915 24.254
0.38926 -4.96599 -4.37717
1.14537 2.87161 -3.13171
-2.18631 7.62007 3.56213
3.45857 1.60875 -10.9574
0.169652 -2.02377 0.54084
-1.8801 -4.11861 4.51816
28.1454 14.8389 -90.0955
-0.387825 -1.68346 5.27592
1.1429 8.48168 -3.24091
1.83319 8.58068 1.38075
3.2059 -29.6373 -33.0775
-0.651685 -4.01798 -1.98236
-1.26371 0.970568 4.97292
-0.402089 -1.95438 -1.96124
-0.43146 -3.45547 0.566726
1.68156 3.24704 -4.30174
0.164949 -3.41072 -3.67565
-0.77975 -4.06453 -3.1649
-12.3572 11.3477 -4.3317
0.534243 -4.07849 -5.77601
1.33964 -7.45073 -14.3817
-0.629478 4.33437 9.44251
-0.29231 3.81638 10.2315
-7.32768 10.2364 40.8312
-1.85117 2.19756 -3.07061
-0.353386 -4.45918 -5.01271
-9.75659 -27.7804 -29.2936
0.138486 -1.97113 -11.1167
-21.0793 7.57121 21.548
-0.99543 -2.89641 -4.23419
1.6557 3.81663 -4.06167
0.11152 -2.85778 -4.0457
9.84932 7.3729 -0.918234
25.1537 18.71 60.7076
-0.486769 -4.0748 3.81267
-0.111054 -0.451389 -5.57454
0.114577 1.45818 5.85991
-0.68104 -2.12198 6.41921
0.811468 9.18984 -2.06068
-20.1531 70.2883 17.1673
-0.387977 7.73451 3.16858
0.822463 10.6581 0.502818
1.64068 5.22748 -1.28603
0.160479 -1.32933 -6.75851
0.549787 0.978932 -8.29755
-0.132942 -2.28555 -7.02941
0.192899 -5.79092 -4.20532
2.16707 10.0315 0.189128
-1.07195 7.7355 15.5558
0.746943 2.5235 -4.93323
0.121264 4.30228 7.03535
1.73028 10.9357 -1.23132
13.7504 9.99745 -33.2367
-10.9112 82.2061 53.7683
1.34699 -8.25551 -15.4777
0.302494 2.75126 7.05253
2.02415 9.39982 -1.35632
-0.427466 -2.21837 -4.60155
-1.26113 -1.60846 11.8723
-0.673729 -1.38815 -5.21383
-0.132147 -2.85604 -7.35994
-1.32751 -8.57573 1.36092
1.52627 1.4885 -4.18317
0.217375 -5.21572 -4.0835
-0.73203 -2.24485 -4.60384
-1.01587 -1.95491 -1.87262
-1.0492 -3.51567 0.516419
-0.915292 -5.7496 -6.28779
1.65996 9.99674 0.187505
0.0476338 3.69946 5.47649
1.57318 10.2716 -2.99764
1.05265 2.53875 4.94907
-19.8934 5.82615 -12.4262
-20.2205 24.3404 11.9858
0.686002 0.166247 -0.760347
0.848166 -2.26359 -5.87492
-0.110144 -11.3098 -13.9972
-8.86865 29.8299 31.0367
-0.718386 -3.66373 -2.77369
-0.144 -5.56403 -6.77641
-0.689734 2.28417 -0.72091
-1.04044 -5.31144 -0.983481
0.215534 0.420677 -8.24109
-16.938 23.6071 16.7429
-2.26151 -1.13299 -1.64387
4.93427 19.6667 51.6823
-0.68449 -3.17029 -7.02509
-15.7627 16.0013 22.9674
-0.399295 0.409918 -2.47624
1.35189 3.82357 -0.00906098
-21.7248 30.3394 16.8219
0.726848 -4.18719 -7.39411
1.42659 3.13617 -4.60124
-0.169825 3.74539 -3.51036
0.562706 4.30516 -4.01163
-0.033838 -7.06019 -4.56801
-0.68328 0.798801 -2.81749
-0.0971385 -2.25686 -2.8896
-0.959956 6.15787 6.84105
-2.99687 -6.79118 21.7873
0.548227 0.997099 -8.5485
-16.6976 23.045 17.0384
-1.00206 4.069 -0.0569442
-15.1177 16.6251 21.7508
-0.163352 -2.50188 -5.83541
-1.30716 -8.33985 2.83917
0.258601 -5.53801 -5.57075
-14.862 25.6772 63.9286
-25.0342 11.8677 5.11184
0.462871 3.1178 2.16303
18.1719 -1.87909 -4.38339
25.49 -3.61011 -13.2341
0.786683 8.64834 2.19267
18.7039 2.70703 -4.60514
-5.70892 5.15221 -1.15787
-2.21984 13.5026 6.54584
4.33604 10.0577 -9.26322
0.431931 -1.45767 -9.14819
17.6109 -0.402493 -2.46387
-5.86583 2.32031 -5.28036
-0.162329 5.2802 1.89246
-13.917 11.4966 -5.39927
-0.440061 -3.17089 -0.799167
17.3672 -0.030653 -2.11638
0.42011 -3.23794 -9.19472
25.1409 -3.78398 -11.4021
1.03652 8.22568 4.31103
-27.7492 1.81817 -3.81397
-3.18707 2.55666 -6.0607
-1.52743 -3.96494 -2.0823
0.731456 5.81582 -0.972151
1.63458 4.72156 -1.70735
0.123324 -1.96469 -6.47398
0.47479 -0.1433 -8.75458
25.026 -0.774704 -11.106
-0.466331 -1.0209 -4.03522
2.22894 10.3053 -0.760036
-18.3492 16.8752 24.5591
-0.738825 -3.69632 -2.56107
0.721504 0.791067 -6.76466
-3.02605 7.99367 0.990455
-21.541 35.2055 12.4101
-1.0316 5.94283 11.8943
-1.05076 -2.32372 -2.19271
-1.02906 1.38198 7.36002
1.11824 0.358372 -5.15713
-7.24558 27.1607 27.6652
-0.362777 16.2014 9.48749
0.160026 10.0131 1.31779
-11.213 78.7504 50.2141
-0.123163 0.808154 -0.662164
0.74917 -0.207315 -8.27362
-0.393832 0.384551 6.99305
1.92735 9.15529 1.02559
1.37573 9.27445 0.565469
-7.77726 37.2248 27.5076
-1.27493 -5.09464 -5.74837
1.6396 10.3821 -0.787662
0.109233 3.6883 7.60435
0.724094 11.4793 -0.105731
-35.1844 5.60252 -1.29275
-8.25035 26.0534 23.6724
0.224352 1.5983 -1.02502
-5.21218 3.99176 -4.93919
-0.424636 -4.62005 -5.965
-16.5962 11.8122 3.02741
-36.7365 33.7933 -24.8343
0.266675 1.43968 1.05756
0.216107 -0.116477 1.59242
-0.00319956 4.28004 8.12891
1.62895 3.07559 -4.83566
0.219276 -3.50981 -3.09788
-0.195807 -4.67798 -8.27672
-0.107088 2.26458 0.0916156
-2.26743 -4.17752 4.82029
1.10837 3.15672 -1.64642
0.482031 -4.6407 -5.74751
17.804 -7.89289 21.3277
0.1929 3.66925 -5.45681
0.936209 2.58295 -6.23743
-0.389991 4.26601 -1.90013
-0.438052 -4.32397 -6.38388
-19.0794 34.5171 10.675
0.431311 4.01707 -2.49316
1.3314 2.86165 -3.08377
-0.0804801 3.92868 -4.97081
0.824113 -4.28783 -8.83857
-20.1441 -5.29376 4.84728
-0.400406 4.78637 6.32278
0.140221 -4.09483 -8.56669
-0.0839409 -4.06976 -2.90248
-0.134836 0.683745 1.30601
-2.23937 -5.55489 3.77786
-19.6705 15.5268 23.1564
0.808548 9.41415 4.99941
-1.84092 -5.35822 -1.21758
18.4358 13.3951 -1.81118
-14.6509 52.0394 4.65208
0.229481 1.04275 2.83005
1.16461 -3.66527 -10.4437
1.37068 8.55286 2.55388
-13.1277 2.74274 -2.40061
0.781986 3.75318 -4.40839
-49.0521 66.8571 -15.0546
0.193206 7.11947 18.902
-40.0012 9.69384 0.171327
-0.39037 -1.70643 -3.59094
-5.15121 -3.96293 -5.02171
-0.408424 -1.01452 0.946486
-0.0413071 -3.35349 -10.3274
-0.735764 -3.76428 6.80222
-19.7868 26.4272 7.28602
0.720068 3.11302 -6.4948
-0.677921 -4.13208 -5.66141
-4.72641 30.166 22.9367
-18.9627 14.7689 24.9297
0.204726 5.851 6.98796
-0.0840566 -3.68918 -7.84792
-10.8558 9.73647 -4.14944
-0.706646 -5.09319 4.6695
-1.03912 2.08108 8.4823
0.714414 6.04719 -0.756815
-15.361 38.1143 27.0987
0.184085 -2.87302 -8.57147
-0.0137906 -5.22222 -2.74618
-0.707264 -3.77874 -6.18086
0.0908685 -1.11236 4.83492
-13.62 7.7721 -2.2302
-0.111544 -7.10939 -3.85522
0.758207 6.10108 -4.28559
-0.658006 0.795242 -3.63615
-1.62338 -6.76475 9.40079
-0.160944 -4.27375 -6.7276
-1.67957 2.34924 -1.20712
-1.52327 -3.61515 7.79704
1.75272 9.77888 0.147419
1.74079 10.9298 47.8885
-96.6883 30.6454 -55.5138
0.706785 0.455127 -0.136594
-1.25653 -5.44008 -7.38198
-0.352635 -7.1336 -3.86161
-0.13563 1.30837 4.93148
-13.8012 7.77237 -2.23042
-0.758922 -3.79278 -3.16938
-1.21824 -6.8899 -4.9642
-4.03696 -8.74809 11.689
1.25055 -0.0471137 -4.52753
1.94306 7.77725 -2.83987
-0.417778 -3.4876 -1.63405
6.10285 7.27637 3.32968
-15.4612 54.6071 11.7075
10.3615 -3.35323 4.72397
-56.2404 23.9126 -1.9601
-13.6396 38.8411 -0.787819
-21.6874 -7.18381 -2.43191
0.780555 1.3384 -7.35402
-0.67201 -4.32623 -4.33768
-17.2763 21.0318 14.6029
-0.151615 -2.5227 -6.09546
-0.697491 -3.82 -1.03645
-0.738966 -4.94572 -3.44625
7.02885 5.86031 4.7421
-19.5266 4.74232 12.3357
-0.463818 -4.05484 -3.21006
-7.65803 15.5215 1.86607
0.446641 -1.94972 -1.69469
-14.8373 24.7966 17.0789
-5.00301 8.83889 -1.32495
-16.3584 55.8538 13.487
-21.4617 29.1038 15.8772
1.08113 -2.83273 -8.57242
1.62239 4.38131 -3.39802
0.163944 -2.24827 -4.56831
0.532871 0.966485 -7.93064
-10.3046 52.39 21.1854
-0.374094 1.0882 7.05556
1.15802 -1.07067 -7.70551
0.180894 0.415332 4.02609
-8.42609 7.8784 4.91922
2.27013 5.52084 1.68486
-0.422393 -1.37335 -4.62801
0.725666 -1.08748 -8.27635
-0.414631 1.39906 6.96466
0.489278 2.28281 -3.7867
-14.8823 8.32335 0.318561
1.38583 10.6194 -0.111886
-0.405094 -2.53969 -5.58143
12.7313 6.62386 -2.36067
0.537281 7.03394 -3.34457
1.33405 5.95871 -4.12443
-0.144479 1.04136 -4.03464
-13.2775 70.5052 13.5203
0.507565 7.76741 0.791502
17.0179 24.4952 -59.4489
-9.6391 18.9036 22.6892
-0.0529538 7.60318 1.03345
0.733859 0.473139 -7.60313
-40.3356 22.5242 -25.807
-0.354009 6.14171 -0.0931623
1.0511 0.753884 -7.92229
-15.7051 43.2571 19.6169
-9.00719 19.9525 22.6939
1.66547 9.70321 2.47413
0.467383 2.54827 -5.87631
0.447609 -1.39821 -8.95319
-0.768435 1.56685 6.37969
-6.43384 9.7228 -1.12316
0.495757 -0.472566 -8.85526
1.02904 6.75611 -3.1247
-14.5544 27.5094 56.2591
-0.456244 0.167511 -4.91255
0.186305 8.02307 -2.56221
-9.36787 2.60193 -2.43784
-0.39616 4.31071 -1.34362
1.08567 2.56453 -6.76096
-28.0679 9.43905 -8.75332
-20.5397 35.2491 15.133
-22.5922 20.1611 15.9839
1.08532 8.24302 1.29633
-18.8244 65.0662 44.7601
2.14304 -35.3537 -27.6135
34.5934 24.7754 66.2837
-0.747298 -3.42173 -4.93262
0.233923 -10.1669 -14.7837
-0.0337993 0.592529 -5.60823
-0.127391 -2.27227 -6.7401
-89.5441 79.051 50.9966
1.57154 0.8329 -3.57419
3.79626 -2.46831 -19.8546
0.243357 -5.84323 -4.75951
-0.419051 -0.449016 -4.88644
-0.191228 -1.07728 6.52821
0.497906 9.19898 -1.38886
-0.916889 1.69092 -0.295149
-0.161061 0.0703416 7.54651
-15.35 40.5748 -3.2132
-21.9147 7.09521 2.23587
0.482885 7.55774 -0.423921
-0.101957 0.423287 -7.03933
-4.56162 6.15426 0.759315
-1.27112 0.555292 8.24346
-23.2523 69.6571 39.5271
-0.418384 -4.93506 -6.65987
0.42761 4.62285 -2.78376
1.93949 9.16573 0.758297
-21.7573 19.4877 16.5971
-0.752895 -5.0111 -5.53398
1.92492 9.42386 0.507315
7.94963 -22.621 -40.1309
-2.98486 -6.8111 7.47044
-7.61779 28.9648 22.5818
-1.58248 -2.80425 1.13918
1.0428 -2.53396 -10.0543
0.206266 -3.93222 -9.4577
-0.1451 -4.00562 -1.94664
0.46501 2.52083 -5.21861
1.58314 4.72468 -1.11261
0.197716 -1.9499 -7.13608
-18.7234 32.7133 8.46252
-0.140859 -13.1169 -11.1699
0.75266 -0.486933 -8.52918
1.01752 7.05102 5.84243
4.37506 18.6506 4.41103
0.142086 2.24033 0.40152
-1.52374 -2.9174 -0.427378
0.438226 -1.09335 -8.29228
-0.651499 1.30057 7.0091
0.178533 2.54432 -1.33565
26.8409 17.0302 63.4951
0.113364 4.11979 1.07106
-0.479034 2.83323 4.38912
-21.7228 35.2059 12.4097
0.501265 7.36851 1.98793
2.26774 4.86894 0.527926
0.41595 5.78746 -0.54093
10.9101 -5.35258 2.85215
-3.92016 6.28002 -0.561178
-7.26627 -1.30509 -1.20428
2.11872 3.76907 -1.28035
0.761884 -2.80793 -6.75542
1.10347 1.64995 -7.11434
1.18018 0.775955 -5.3419
11.4946 5.90296 3.69635
-22.2621 9.58443 -9.888
-0.713122 -6.48966 -5.47863
0.2759 11.5035 -0.11061
1.92832 10.5533 0.67971
1.33776 -0.574272 -5.27257
-14.2325 17.8326 11.372
1.98843 9.11419 -1.61375
0.436754 2.54541 -3.76909
-11.8561 40.6073 29.6294
1.32129 10.9223 -0.123352
1.65681 11.0212 -0.416534
0.0498826 4.32428 8.01136
-28.8997 13.2841 -15.3351
2.28024 9.21538 -0.479683
-8.0341 3.16265 0.966634
-19.639 36.1044 15.7924
-13.9466 15.8367 23.4598
-0.0819332 -2.26911 -7.68595
0.173465 -5.79313 -3.80751
-25.0242 20.302 16.352
-0.753906 -2.60791 -4.60596
0.23964 11.1041 -1.08457
0.772656 1.66238 -8.93025
-67.8424 43.8785 -55.8142
0.198763 -1.12146 -8.31468
-20.793 10.3547 -8.39621
0.222094 -1.97114 -0.489892
0.856935 1.3364 -1.91565
0.234486 -6.41106 -5.5951
-0.170242 -1.6811 -5.94431
0.475019 2.31808 -1.3715
0.462628 3.69485 1.07257
0.782783 -6.02806 -10.1351
-14.4342 30.6169 57.9956
-0.129712 -2.56826 -6.75586
0.254601 -5.50354 -4.64751
0.46019 6.20072 -1.6329
1.42957 5.01116 -2.17698
-0.0913537 2.00645 -5.86867
1.06203 8.5723 -0.404842
3.18213 1.99878 -10.1519
-0.136623 4.12743 2.76292
0.869796 6.19362 3.51323
0.203812 7.82604 5.39823
-2.50964 -3.7414 -0.917348
0.103147 3.10756 7.64159
1.67023 9.73571 -0.764324
-66.9529 44.004 -54.6233
-76.863 3.36418 6.84104
0.24719 0.64259 -6.76358
-26.0509 30.0191 8.57086
-22.6389 24.5045 16.1102
0.985038 4.03202 1.35897
1.02683 4.90408 -4.69302
0.1344 5.29724 -2.70852
-8.22407 22.2619 25.2114
-0.130525 -3.07649 -6.44235
-1.38209 -8.92472 2.29891
0.24665 -4.93999 -5.06233
-1.32477 -8.55116 2.56375
0.2858 -5.31179 -5.18854
-76.3206 -8.75511 -9.52377
-0.773509 -1.01327 7.6093
0.726544 7.96491 -0.791528
2.56282 7.0834 0.175195
-0.13227 -2.78865 -6.23623
-15.8383 -5.17608 6.6244
-0.716339 2.30775 6.2798
6.73388 -0.308768 -1.66185
0.399666 -1.9486 -9.1004
2.16034 1.54573 -4.55467
-18.7585 22.837 15.8123
-3.13007 4.10003 -1.31381
0.169899 7.86206 0.137532
-1.43418 -10.6137 0.705222
-0.436698 2.00591 9.47371
3.88683 -31.7609 7.77127
0.747052 4.63248 -4.10138
-49.8552 26.2739 -10.4364
-10.606 -3.05939 -0.397461
0.225627 -3.53907 -8.92098
-0.0283903 -4.54077 -2.58289
1.16858 4.63521 -0.729032
3.48936 47.7209 -176.167
-0.0654162 -3.07454 -8.19128
0.766787 2.79918 -4.32341
1.5295 -0.758856 -7.99834
-23.2549 9.66986 40.1852
-4.6723 2.74831 -1.69999
-13.6154 54.8108 0.29837
1.10187 -1.54722 -7.03654
0.829687 4.34142 0.83393
19.3241 6.15085 -58.5937
-1.0085 -4.85616 -0.143155
0.186366 2.00139 -0.717379
-0.709504 6.76226 4.76267
1.40196 4.26882 -0.516266
0.802669 -3.40998 -7.02071
0.511811 4.84385 -4.37804
-0.138661 -1.4716 -6.13608
-9.20885 -2.02565 -1.8473
-16.0471 6.9134 9.96412
1.06617 -2.0194 -10.0336
0.746023 7.98371 1.07278
0.43888 -4.71501 -6.78544
-11.9373 4.59338 -5.54785
1.66583 10.2972 -0.419997
0.137206 -5.89482 -3.40802
0.744288 1.98552 -4.06933
-0.996895 0.0407902 2.54214
-19.6383 42.1595 25.1666
24.3076 4.0514 -5.22451
-3.47323 1.33833 0.472115
-0.145978 -4.303 -7.6267
0.736708 4.04078 -3.74437
1.65985 2.79048 -4.34169
0.197857 -3.67636 -3.79888
-1.9732 -1.65997 -4.73285
-21.1287 7.0779 13.802
0.760087 -4.3277 -7.6559
0.44967 4.00405 -3.73841
-0.629736 3.42805 -1.05121
-0.166881 -4.35108 -6.41295
0.735075 4.05289 -2.55985
0.134029 -3.67183 -4.95911
-9.44255 -0.65994 2.11216
1.29821 9.65546 0.215391
21.8445 27.1801 63.7972
-1.21498 -5.52459 -6.17135
-0.372351 -4.25116 -6.66059
-1.88817 2.34955 -1.20746
0.776675 10.2632 -0.169591
-0.742858 -3.3894 8.34763
-0.0783792 -3.05373 -8.75036
-25.2623 15.1279 21.9481
0.716025 2.9232 -4.92417
0.194494 -1.33649 -0.72915
-1.74802 0.843208 0.241661
0.0878536 4.61084 7.17074
1.67814 11.1728 -1.47828
0.770199 4.94528 3.72137
-11.5342 85.9081 13.1237
-1.28544 -5.36133 -6.07063
0.466223 -0.417321 -4.02439
1.95048 6.06736 -4.09018
-13.856 13.2702 0.763541
-1.03505 -0.391158 1.0175
-1.32948 -7.19338 4.07944
0.707323 1.06444 -0.709264
0.714791 2.56193 1.64473
-0.160278 -4.70141 -2.16035
-18.3725 7.75563 -2.27978
15.231 8.21246 50.2186
-0.131767 0.153172 0.716379
-0.091765 -1.37687 1.94448
-11.5772 33.2995 24.3678
-0.632329 3.72262 -0.410818
-0.154184 -4.04877 -7.03449
0.726349 3.79888 -3.14836
-15.1809 79.4654 40.7755
1.3701 12.2557 1.08743
-9.33391 17.6919 24.0986
-7.67534 24.8775 24.364
0.827322 2.83583 -1.90518
-1.26259 -8.83966 2.73186
0.241693 -4.94111 -5.43462
-0.18493 -3.17079 -5.83227
-21.5303 19.4873 16.5975
-0.462067 -5.03197 -5.50536
-1.03722 -6.96971 -5.16784
1.18644 3.65656 -1.95299
0.492864 -4.11933 -5.51828
4.93797 9.60182 47.7681
-0.752888 -1.37582 -1.53991
13.4197 2.82966 -44.1188
-1.33421 -2.27202 -4.03804
-0.413518 -2.78013 -1.91597
-1.21066 5.51928 5.70131
-0.358123 -4.3949 0.315597
83.8271 57.2538 -35.5932
-22.5139 19.7777 19.3481
-0.744663 5.14028 3.40305
79.0362 9.46296 -56.6065
-1.00887 -5.52816 -1.25876
-0.967886 -2.06562 2.42688
-1.06173 -4.09136 4.62666
-10.0518 1.53988 27.0883
0.484106 1.97177 -1.85901
-9.21865 8.71719 -2.54644
1.03541 6.10162 3.10289
81.188 6.5548 -50.2618
-1.03805 -0.0979568 7.92648
0.445952 7.13331 -0.43259
1.43638 5.8527 -1.12771
-0.0835894 1.13469 -7.15015
79.6386 5.16182 -44.0658
-3.15206 -6.89228 9.26783
6.73641 -10.6481 7.43868
-0.524739 9.36954 46.3238
-3.33217 5.95705 -6.67006
-0.482053 -3.18182 -2.53882
-15.1496 16.945 20.9547
-1.03277 -4.00215 -2.01469
1.09153 0.657859 -5.04995
0.317665 2.63782 7.08984
1.96478 9.17692 -1.28466
1.96591 10.5936 1.0156
-0.739595 -6.52312 -5.29146
-13.9524 91.8517 51.9857
-0.738894 -3.4367 -1.94534
-0.347292 1.60573 -4.37938
1.05388 5.30501 -3.72661
-1.72109 -12.0157 3.21142
1.88009 4.13474 -4.30292
0.465882 -2.54345 -3.7435
-1.04143 -3.50978 -3.45248
15.0716 12.8875 2.66452
-0.448039 -1.5237 -5.18766
-4.32516 45.97 66.2388
2.37121 5.92971 0.986842
-7.9807 8.71083 42.7394
0.142534 6.45691 1.31475
4.15212 7.35219 39.5059
1.38721 0.354015 -8.0351
-0.0857668 6.3439 -0.219882
0.45187 1.64135 -7.46116
-7.95029 8.57915 9.70961
-7.86955 16.672 18.9247
-3.4698 -6.9861 8.79249
-0.349413 -1.02648 -1.74746
7.27174 12.7608 -2.48813
1.95057 7.46334 3.71385
-0.782329 -3.19596 -2.57174
6.23172 -3.86314 -12.9091
-3.31861 7.34416 -0.753151
-0.752191 6.94697 5.44858
-2.84334 -7.44074 8.90143
-64.8822 -6.49668 -10.9555
-0.335911 0.417737 -7.03989
2.53366 8.88564 -2.25335
-10.8127 38.2845 -3.47446
-1.3127 1.99231 5.49164
-0.700698 -2.23004 -2.56044
-69.0278 28.9162 -37.808
-2.43875 105.041 43.2601
-16.9139 65.4985 10.5705
-1.22833 -2.55898 -2.81719
-0.95757 -6.14557 -5.2683
-0.65501 -3.18697 -7.30339
-12.5153 114.893 86.2625
-16.3251 58.5379 6.10901
-0.126694 -0.731723 -7.00092
-0.684035 1.53081 -3.14802
0.801689 5.19538 -4.94567
-0.399776 -3.44154 0.190467
-3.75076 8.11748 -1.31021
-59.3174 63.7615 -37.939
0.177901 8.83868 2.85195
-10.559 47.0984 40.1715
-0.713598 1.3644 3.47325
-12.7591 47.3318 55.5267
0.119423 0.49661 -7.25364
-25.639 12.1644 5.08065
0.139821 2.02153 -1.64005
0.194271 3.3754 0.75503
1.72905 -2.55414 -12.8188
-1.29498 1.71233 5.43505
-0.446175 6.43298 6.39467
-1.51342 -8.2233 2.31893
0.459563 2.29769 -2.57342
0.228672 -0.691816 1.37741
-13.3019 15.777 -5.09659
-0.314031 3.46166 -4.03294
-1.33412 -4.38199 -2.52287
1.34662 8.4665 3.80115
11.2903 35.2956 67.253
-48.0676 7.06403 -2.79954
0.124183 1.13612 1.33497
0.483146 0.712237 -7.11244
-58.4844 -4.46005 -7.57359
-20.8136 29.9823 17.9061
-8.8071 25.8496 22.2571
-13.2172 69.0036 14.3131
-14.7302 46.8825 7.8185
-0.115183 6.12985 1.68659
0.113561 4.98104 1.12267
-17.4196 17.4989 23.2862
0.20089 0.151693 -7.98535
-7.84998 20.1641 22.7131
-0.984355 -0.441578 8.15486
0.520778 7.39028 -0.130387
1.42467 6.1635 -0.656285
-0.102681 0.871667 -7.44717
-18.9012 63.8973 45.4941
-3.78119 2.03511 -2.86057
-1.53308 1.31822 10.396
-0.463098 -2.62601 2.25596
-0.956628 -5.46896 -2.00406
2.13876 4.87803 -4.98357
0.697178 -1.64586 -3.15162
0.735346 2.28126 -8.19909
0.738181 0.144208 -7.05557
-0.423949 3.27917 6.74219
-16.5866 29.9239 16.0506
-0.37886 -2.33013 -5.86703
-21.425 49.6031 30.5823
0.803205 9.19806 2.51713
-6.09262 2.32067 -5.28075
-0.475557 -3.86192 -5.94622
-0.752733 -11.2648 3.97104
0.766194 -2.52614 -6.70773
1.39826 5.18732 -0.829195
1.06871 -1.0202 -8.19009
-0.127261 1.44694 7.02552
4.11837 7.92191 -0.968629
0.800623 7.25731 -3.21031
-13.9797 86.8304 16.4878
1.68554 6.16057 -3.72358
0.139125 -0.430135 -4.28413
-0.733904 -3.71502 -6.3873
-3.74934 5.18529 -2.7563
12.7054 8.53645 -8.37727
-15.1694 37.3225 17.3125
-0.0745129 -1.28418 -9.79478
-21.7171 6.49898 -14.7263
0.766247 8.51195 -1.11207
-0.704462 -1.6551 7.34917
-0.391925 4.61606 -0.383198
1.05201 2.23666 -7.57521
0.722894 -4.32876 -5.50172
1.30827 3.42212 -1.95665
-1.86665 8.51034 0.64255
-1.04848 -1.87823 10.98
-0.423607 -1.62453 -6.0073
-1.35516 -10.157 1.89239
0.732059 3.99535 -2.88175
1.68541 2.84081 -3.46548
0.183003 -3.66006 -4.56768
-6.4639 6.89709 1.88197
0.437508 6.41639 0.162015
-73.8442 14.918 -52.5214
2.82315 3.27472 -7.8625
5.87605 7.27673 3.32929
1.07876 9.69181 1.9808
-0.702568 8.88447 7.92635
-9.60445 9.13668 5.25994
-89.2258 22.5516 -31.341
1.01031 4.29189 1.29726
1.0179 2.7751 -1.09112
0.517272 -4.95244 -6.48181
-3.47016 3.38276 1.24314
-17.17 21.5015 16.9541
-0.0950999 -2.24662 -8.60251
0.707018 5.55301 6.73068
-0.352596 2.62974 3.03595
-19.6569 11.2707 12.1431
0.746488 9.1245 1.88916
-8.26207 34.7959 32.2906
-0.130328 1.02609 4.366
0.146978 -0.184252 -7.04765
-0.132211 3.23678 1.08474
3.18754 8.93206 -2.39034
-6.66339 -2.29673 -0.17458
-1.2449 6.92065 7.07144
-0.709882 -4.34129 -4.00656
1.06168 0.428157 -3.06168
1.1662 1.29881 -4.92139
0.767971 -3.2576 -7.97435
1.02087 0.186118 -4.98379
1.06695 -0.661042 -7.70694
-12.9109 13.3566 6.64803
-0.155769 1.04741 7.66148
-12.2833 50.8533 36.9924
1.09835 0.756279 -7.63964
-6.12001 1.5449 -0.0768971
-0.758383 -3.77825 -5.86748
1.30785 8.34572 0.195069
-1.21309 -3.9697 -6.1975
1.64596 9.79272 1.12058
-1.01355 -5.46411 -5.31592
-0.181477 -4.50732 -5.01622
-1.63557 1.9688 -3.09165
-36.1177 18.5481 -23.29
-3.6986 -6.64119 9.83068
5.497 -8.09506 -3.09247
-6.77438 7.99048 -2.02306
-3.43165 -3.64861 0.711424
-1.56349 -3.03227 -0.592371
0.188721 2.5929 0.477347
-35.5324 34.994 -28.687
0.212685 -1.92486 -8.5132
-16.4471 17.8402 21.642
0.739988 -4.66995 -7.61094
-4.97711 1.99843 -2.35096
0.540338 3.78975 -3.70936
-4.00507 -3.32658 0.273179
-0.433264 5.05396 7.70001
-7.26188 11.304 -1.34312
-2.44664 13.5029 6.54546
18.477 2.70751 -4.60555
0.155634 -1.45882 -9.09972
1.08441 -2.28112 -10.6576
0.745225 7.60513 1.63012
0.416255 -1.10075 -7.62265
-0.926676 -5.39265 -6.33665
0.140922 5.45678 8.8677
-3.79703 -9.29173 -0.871046
-6.55399 10.0167 -0.345635
0.444649 -0.751707 -8.24626
0.756569 6.21977 -2.75251
-12.6987 0.759983 -12.4187
1.63747 4.84102 -3.39379
0.112281 -1.70606 -4.57143
0.169492 -1.93992 -7.59036
-14.3476 29.681 -6.17834
0.862127 -2.29328 9.37749
0.173205 -1.34899 -9.71734
15.6664 -10.8778 7.42974
0.708628 -3.54226 -5.31174
1.57417 -6.89988 -13.5867
-0.414857 3.79467 10.1283
-0.0958149 -3.52156 -6.81469
0.284118 -4.73515 -4.58985
-1.35505 -9.0629 1.92275
-1.02017 1.84406 7.06228
-0.0575515 -6.47011 -3.25922
-0.0899465 -2.5423 -8.28949
-0.34899 -1.50934 -9.15473
0.879169 6.70269 4.22886
-1.9109 -2.66714 -1.96752
-1.9776 1.0865 0.423978
-0.0698986 2.02617 -0.427901
-2.74018 117.717 89.4417
-23.2279 19.5982 -10.3946
2.51913 0.828544 4.59756
-9.02143 -2.66515 -10.4557
-0.121635 3.57432 2.09843
0.128494 -2.02602 -9.97844
0.637456 3.42113 -2.53797
-16.3355 20.5415 10.8493
-0.159669 -6.04528 -1.33051
-0.69926 3.75576 2.50427
6.61278 -5.09254 2.74489
-20.1455 74.5026 47.6086
-1.03212 3.80617 10.1063
-49.5282 5.41974 -27.4826
-0.380963 -2.31907 -7.06144
-2.14888 1.22677 -2.84814
-0.797263 -5.2995 -5.1619
-0.766007 -5.79996 -7.24536
19.3534 22.2459 15.0112
-1.03901 -5.64041 -3.42783
1.15219 1.12775 -4.96324
-10.3431 6.32741 5.70852
0.430286 7.01182 0.794243
0.459352 -0.411159 -3.223
1.12197 1.60851 -4.40301
-13.6067 71.9492 48.0705
0.204258 -1.47456 -0.923542
-1.93443 -3.96435 2.18547
-7.9471 35.8542 30.6653
0.745764 3.42028 -5.51363
-11.5809 24.9123 66.1549
-0.466121 -4.66946 -4.02955
0.113929 0.463102 5.85909
1.6877 7.04236 -2.58259
1.04915 -0.789443 -4.98016
0.455869 0.186167 -6.44881
-17.8743 44.6161 6.54617
0.780174 2.49315 -0.144088
-0.153394 -2.90808 -4.01595
0.762875 11.6172 -0.500108
1.66265 10.3858 -1.02494
0.126019 3.77388 7.34617
-0.719599 7.34524 12.633
-18.3063 3.65922 6.58824
-8.00707 32.1071 34.715
0.71993 5.56841 -2.2361
-0.682969 1.46669 -5.85642
-14.857 87.4536 14.7172
-0.372665 1.36014 4.66784
-12.9214 85.9023 47.3704
0.226522 1.64779 -6.58097
0.796005 4.98655 -3.72916
-0.172809 3.66081 7.61801
-0.441165 5.77969 1.06661
-17.1531 32.3928 -6.69059
0.163086 -1.70625 -4.38873
1.67363 4.8987 -3.78207
-16.3521 11.8155 -10.6705
0.747313 0.412287 -3.73937
-9.39316 8.19323 -2.03531
88.9468 36.7468 -51.3069
0.780403 -2.29402 -6.39766
-0.129337 1.44239 -6.94454
1.3836 5.51805 -1.02658
1.66514 -2.97012 -10.3576
0.158972 -1.99169 -1.65542
0.0938643 -3.4469 0.731983
1.41844 3.75574 -3.5214
-0.139815 4.65836 -2.38924
1.4029 2.19557 -5.78052
0.77024 8.22379 -1.10595
-0.709626 -1.34045 7.38175
-1.89152 -4.83038 12.3921
-1.28618 -4.69248 -4.6537
1.4685 8.84416 1.65666
-3.41872 -7.65055 8.87777
-1.36528 6.88506 5.60482
0.438586 2.56163 6.25199
2.01822 9.11581 -2.23222
0.266932 -7.18151 -13.5415
1.94859 10.6038 0.148969
5.52668 95.7034 119.252
1.16266 0.665228 -5.96012
1.13155 -0.183457 -5.85718
-0.176421 -5.57436 1.42998
-6.09892 26.1844 22.2665
-10.6403 50.7823 20.2407
0.309372 -3.44385 0.153605
0.269301 10.6094 0.136272
-0.746824 -1.50389 9.33937
-7.66674 7.4085 -1.27357
0.483308 2.29268 1.68837
-1.64409 -6.66622 4.09816
-10.4901 68.109 6.45745
0.508237 0.800119 -0.786619
-13.6811 62.7866 7.81623
-0.418784 8.08853 4.69969
-15.1687 15.6867 21.2307
9.49031 -4.33287 -3.99802
-0.0581215 -0.142593 1.29365
-29.5829 12.9601 -12.049
-0.163933 1.29822 1.41358
-0.133079 4.39515 -0.188681
-2.22092 -9.20772 -2.74507
-0.157694 5.93342 2.13694
-8.27147 15.1243 2.3067
-1.20037 0.532072 0.141025
0.43006 -1.03998 -0.733999
1.01276 5.52933 2.56618
-22.3653 20.1606 15.9843
1.44755 8.2994 1.43335
-7.32483 10.5218 -6.43981
-16.8896 37.8859 1.11643
-0.101028 0.24529 -7.09525
1.47684 6.78376 -0.976352
1.06358 -4.09191 -9.11622
-1.36867 -10.2532 2.53388
0.184564 -3.4932 -5.28163
0.836132 4.24904 -2.3241
-0.397973 -0.196905 0.0559402
-2.33255 -1.12793 -0.822664
0.459879 5.25547 5.54326
-1.01499 2.34906 0.606969
-17.4906 47.604 -0.553293
-5.27853 2.68465 2.29589
-0.442623 5.04422 0.885592
1.73193 5.26931 -4.41286
-15.964 -0.495612 -7.48792
-0.178389 0.0988847 -3.46284
-12.2022 26.2261 19.359
15.7202 19.3145 57.6878
-1.05919 -7.51421 1.98955
1.07439 1.71156 -2.80187
0.161331 5.23789 -0.762174
-0.634835 3.43479 4.72108
0.478048 -3.1206 -10.7443
76.8085 1.35802 -44.3516
0.13096 6.66522 1.6426
0.427464 1.94489 -7.34202
0.513381 1.06775 1.01564
-1.05185 -4.06082 -2.86698
0.447116 4.62024 4.05357
-0.336162 5.49317 2.1212
-0.132086 2.84695 7.58605
-40.3051 40.75 -13.012
-0.155012 0.725907 5.01087
6.45499 -9.84094 8.82421
-12.7397 7.02437 -5.00917
-7.35549 17.8956 20.0805
-0.481675 -4.90364 -4.02615
-5.38947 4.67006 -5.51295
-10.7523 -4.59349 12.5112
-13.2163 7.4216 3.46405
-0.362982 0.449298 1.89914
1.00826 -4.71045 -12.6984
-0.402319 -1.03474 0.730837
-0.360214 0.693404 1.26882
-22.582 65.7778 40.9254
-0.43621 -0.709198 1.35821
-0.418142 -1.92141 -0.568067
-0.38999 -3.39793 1.8476
-18.7196 32.8335 13.0554
-0.639445 1.06035 -3.09971
0.862425 5.92738 -4.95316
-1.85023 -3.59701 3.6743
-10.4384 15.2621 24.32
0.0954827 -2.54961 1.3349
0.451522 1.29568 -7.11764
0.477739 3.75243 -4.07615
-79.9229 81.8728 -7.74726
-16.449 25.3709 13.4109
-26.5531 28.3121 -9.15939
-0.747631 -3.45874 -3.724
-22.6181 23.1279 10.9292
0.244998 -1.41368 -7.65685
1.64546 5.30301 -0.462947
1.05123 -2.45559 -7.14761
-0.048289 2.76655 8.29859
-23.7588 24.5788 11.9449
-0.129616 1.90416 2.82206
7.17039 13.7484 48.0489
-0.122492 4.9938 5.5042
-0.959789 -6.74867 3.95251
-16.6526 58.6256 40.1741
-18.3951 45.9913 18.0358
-7.32455 13.42 -2.39489
1.70937 9.17034 0.769021
-1.03785 -5.04515 -5.61006
-1.2349 -1.2888 -1.55335
-1.57725 -2.53631 7.0093
1.25663 2.26107 -6.65087
-0.0677078 4.56762 -1.4127
0.559831 3.55347 -6.10212
-20.4533 21.0516 17.3961
0.464207 -3.54125 -5.44102
1.00588 3.66535 -6.51976
-0.419019 3.01738 -1.51748
0.15947 4.87285 -5.8645
-0.650222 3.86695 9.63274
-19.2743 0.726245 0.2137
-0.0908721 1.71261 2.54829
0.755183 8.49644 3.79745
7.36036 -9.84825 -0.493428
-0.127131 11.4605 7.41945
-1.59385 -4.64415 -1.9446
-0.662015 -4.99273 -1.08961
-0.165373 9.50287 7.35209
0.5254 7.6206 0.162123
-6.17752 16.0779 -2.86096
1.65855 7.37276 -0.694312
1.08999 -0.524843 -6.65715
-1.66458 -4.83087 12.3925
-1.54315 -2.72584 9.01679
1.5947 8.83961 1.65608
-1.03297 -4.67747 -4.63324
-0.162867 9.81917 8.17851
0.110333 3.54065 8.08185
1.70661 10.1281 -0.474895
2.19517 17.2349 39.1317
0.454344 1.34556 1.95856
-1.67754 -5.94488 4.48473
-8.01889 27.7068 22.9564
0.402073 -0.143397 0.736128
-0.708864 -2.80269 -4.66181
-30.312 -3.81235 6.15865
-25.6425 24.6363 15.7636
0.1934 7.422 1.36076
0.47173 -2.51743 -10.342
0.25322 5.84888 -1.00287
0.444252 -5.24463 -3.77477
-1.05216 -8.58926 0.957382
0.770542 8.28349 0.79191
-18.7076 14.1188 -11.2589
6.15711 22.9626 -3.43414
-14.8359 101.145 80.6285
-0.360905 0.619826 0.686944
13.1949 34.2937 65.916
0.760961 6.13841 5.48617
-16.3367 19.4245 18.7289
-6.40345 24.8066 69.8178
-0.0576733 8.81107 27.9516
-14.0319 22.1547 16.2871
-0.0839992 4.10549 0.709429
-10.2541 7.09025 -4.11747
-0.646618 -4.62098 1.25241
0.131319 -3.35355 -8.02256
1.41032 2.50339 -4.64467
-12.5299 15.8567 20.5054
1.41977 6.36575 -0.604969
-22.6803 26.5785 16.9561
-0.129422 0.502472 -7.29493
-1.0812 -0.614585 8.36308
0.503569 7.56016 -0.0564591
-3.60343 -4.50006 -4.722
0.405153 -5.24133 -4.34996
1.14654 2.56331 -3.23369
1.64314 5.78746 -1.14247
0.176991 -0.720975 -7.07276
0.108517 -5.2409 -1.0822
1.62431 1.28558 -7.10525
15.3464 11.7157 50.8037
-18.7433 26.9842 12.513
0.182377 4.00186 3.43609
1.35252 11.7389 -0.139675
-7.54855 27.2058 25.8194
0.877177 0.40619 -3.51813
-25.6445 5.30314 -19.5255
-1.32197 -6.44712 1.3972
-16.5098 46.1707 20.1129
-8.55209 16.437 20.703
1.62206 10.3071 2.46468
1.2159 -3.04291 -13.951
-9.14158 27.3772 31.8602
-33.164 34.2606 -6.60616
-3.12057 34.0993 39.1484
-0.0392582 -2.65702 -9.96137
-0.74471 -2.90855 6.94273
-0.0746256 3.10726 -1.97634
1.34855 3.68941 -6.13867
15.1527 -11.2873 1.62213
0.716013 4.03321 -3.49697
-0.178387 -4.42852 -7.25898
-0.103195 -1.65214 -9.05883
1.32968 0.42949 -6.44749
0.7654 6.4185 -1.71965
-0.645047 0.530815 -6.44745
-0.432322 5.00601 4.92772
-15.0658 66.4399 6.34741
-2.55781 -1.23792 0.191553
-8.78136 9.66073 -4.92222
-145.346 22.7789 -67.7346
0.475718 0.143386 -8.51548
1.04498 1.04806 -7.68577
-23.2342 87.841 41.6996
0.541617 5.93424 7.8229
-20.4076 10.5324 -6.24877
-0.045257 5.91895 -1.03276
1.40729 0.958105 -7.1095
-1.02859 6.3532 6.8244
0.755989 -11.4959 -17.022
0.148534 -6.14917 -8.66714
1.60684 -0.518712 -8.53145
-5.14902 9.70386 -0.701722
-1.60485 17.225 36.6815
-3.45866 -6.97566 8.25588
-12.6538 8.88675 -8.69352
24.2279 18.843 55.1449
-10.3183 32.0752 -19.511
0.128704 3.15327 -1.58975
-1.64792 -5.25316 -0.105557
0.22141 4.66316 0.710733
-0.701015 5.6356 5.63786
-3.07702 0.110413 -4.60064
-0.979818 -3.17733 -5.27005
-4.97563 3.50031 -2.04887
0.450245 2.25289 -4.07659
1.36172 10.6069 -0.404411
-8.52906 31.9342 26.576
-0.316887 6.32261 7.85321
-13.4269 2.57633 2.46003
-14.8273 9.24037 -5.89457
-0.0849713 -3.06805 -7.8972
-13.8894 14.746 23.8424
-3.37161 -9.07812 22.3558
-7.56465 -3.11707 -5.61045
13.3728 92.9304 28.478
-6.42735 1.13592 -4.64117
-1.07039 -4.34862 -1.29349
1.93621 -0.93472 -15.9422
-0.125524 -1.97194 -7.21599
-0.122843 4.60118 -0.392129
1.32841 2.20982 -7.62671
0.519019 -1.05543 -9.83614
0.16426 7.39148 -1.59104
1.0744 6.23113 -2.2985
-0.404531 0.833419 -5.83358
-0.025722 -4.26902 -9.13043
-21.1572 26.8319 11.8724
-2.2786 -3.81517 4.12635
0.197636 -3.73761 -2.27952
0.747947 4.09 -5.25078
-0.804883 -2.56694 8.94227
-0.10066 -2.24769 -8.28935
0.393087 -4.90182 -4.07312
1.15258 2.75161 -3.53938
-58.5735 11.5512 -57.3228
0.417514 3.65505 3.79704
-0.368353 -3.44152 -7.61617
0.086312 -3.20662 1.92945
-8.84022 -2.66541 -10.4555
0.232114 -1.72998 -9.53816
0.205597 -2.86221 -9.15767
9.40291 -15.4802 18.0638
-0.0407754 -5.25334 -2.21134
-5.45569 0.0892695 -3.64196
0.253748 5.49511 2.70729
1.72964 8.16221 -1.60266
0.12309 1.67691 6.76474
-7.36278 0.0543302 1.36049
-0.72484 -2.5208 7.3158
0.873742 9.51018 -0.985258
0.750807 1.26144 -10.2806
-20.5218 77.2604 -11.7702
-0.161927 -0.714868 -4.61683
-0.197263 4.07154 2.334
-0.116829 2.46838 -0.167991
0.816728 6.13215 4.01035
-1.33349 -0.771835 7.47134
-0.0572509 -0.897299 -2.63221
-17.1739 16.9109 22.7666
-6.99989 -9.51089 0.872609
-17.7645 3.84847 5.86351
1.30016 4.93589 5.19559
-10.0684 83.096 5.99545
16.3575 -8.50485 6.65665
-1.22521 -0.799299 -1.04274
-1.31442 -2.31107 1.41016
-0.104897 -1.35905 -5.50529
-1.28643 -7.13586 3.21716
0.840107 1.11294 -1.69369
0.255226 -6.67926 -5.90169
0.7545 2.55099 0.785014
-0.129175 7.74048 5.60364
3.78467 -25.0934 -17.6272
1.4688 2.79469 -5.28481
-7.79352 27.0347 23.5608
0.733174 0.40123 -1.0265
-0.186056 8.20302 5.02085
-0.409834 1.64675 0.964302
0.595561 6.64249 -3.38257
-17.4605 68.8486 39.615
-0.122273 -0.158281 1.09578
-4.96171 -0.981816 -2.79876
-8.4702 28.552 23.8352
-0.0862512 1.38461 1.77762
0.48756 5.48735 3.73005
-9.32727 45.791 35.4564
0.477452 0.401193 -1.57083
1.10835 7.03863 3.42427
-1.06535 21.4678 6.4455
-1.56588 -4.64328 4.87393
0.405229 -1.34905 0.156861
-16.0303 20.9024 16.0512
-0.457919 3.80854 -0.464089
0.281012 4.26453 -6.92576
-10.5835 7.17429 -2.28763
-69.8212 22.8525 -37.5714
-0.477379 4.01591 2.59664
-16.3513 31.626 12.5292
-42.4109 -2.85535 3.78235
0.464691 6.10112 3.78224
-9.76435 24.7558 22.3414
0.456713 1.87457 1.015
-15.1183 9.2055 6.96664
-0.139404 5.8007 6.76495
0.756378 1.43263 -0.971119
0.182345 -6.477 -6.47149
-1.39017 -7.36862 3.82039
-16.9246 23.0455 17.038
-11.5463 32.2842 23.5487
-3.17869 -6.79077 21.7869
0.164495 2.48532 1.71286
-0.684647 7.71969 4.5771
0.199734 1.11352 -0.799258
-19.9197 60.3971 36.9379
-0.405979 -2.20119 -1.13503
1.37371 1.94532 -6.32304
-0.0512984 4.89281 -1.63152
-0.124086 6.43935 0.791247
-4.07175 -6.28955 7.30585
1.11414 -12.2177 45.0554
-0.43641 2.23976 0.520896
-2.51827 -3.99708 4.68275
1.02541 -6.13359 -11.962
0.752117 4.06738 1.37711
0.799642 2.54572 -1.12539
-1.26805 -8.55483 3.88094
-0.635416 11.7619 44.5908
-0.426663 2.54586 -1.04298
-0.177718 -4.64936 -6.14799
-40.3514 41.3357 -5.02613
-10.0481 9.54383 -4.57804
0.239954 5.55269 5.22745
-24.7428 25.6812 -5.86095
-0.771018 4.72759 1.17432
0.72807 3.1655 2.18812
-19.4935 58.9437 37.369
0.735109 1.66056 -0.110062
-0.0296089 6.99709 3.97893
-0.109888 6.08688 4.28123
-16.3379 49.1337 32.2352
-0.107014 4.03055 -1.95024
0.483511 4.02831 -5.56567
0.472817 -4.0373 -8.90231
-0.966876 -9.73224 6.11216
-17.3309 21.368 16.2094
-0.162649 -2.32834 -7.82252
0.172274 3.73345 -2.22944
-3.06894 8.36958 1.11456
-21.4626 24.1728 8.4986
-20.2089 -8.1757 6.27502
-0.422101 1.67969 5.23172
-2.83996 3.48652 -2.33187
0.523431 8.55795 1.01851
1.47411 5.90986 -1.9075
-0.0706465 1.00357 -6.1542
29.2499 20.7083 -10.4568
-3.10464 8.606 1.26623
0.216117 3.42221 -2.51589
-0.100917 5.28392 0.819878
-2.21219 -1.17664 4.26479
6.16128 93.2883 28.2066
-0.142229 -4.83275 -6.20704
-8.9677 44.3148 20.7689
-0.662328 2.93621 -1.2832
-0.670671 4.33317 1.02674
83.4165 11.8646 -55.5255
22.612 20.1213 6.62229
0.246617 5.76171 5.32459
0.568776 -8.03008 -13.5529
-0.499471 -5.61767 -6.18221
-1.25713 2.99246 10.1922
0.343341 4.6964 0.382958
-1.39175 -5.17772 -0.536111
-14.1441 19.7692 48.4799
1.11811 -7.94676 -13.2779
-8.47758 3.56593 -10.4096
-11.1475 47.8885 42.4378
-0.45249 2.2222 -1.02782
0.418651 6.48241 4.96214
-0.506099 3.73793 1.33211
0.75951 4.14555 1.04752
-2.18221 -8.33802 9.00533
-0.118408 6.28353 5.38273
38.2278 14.0169 -130.422
-18.9856 7.90315 1.47531
-4.96063 9.23012 -0.704494
-23.5512 7.90813 31.5395
-18.4254 8.59717 2.3371
0.990927 6.78502 3.74639
-102.069 41.7423 -35.6612
0.194773 3.09417 -0.113544
0.222832 4.65727 2.23957
-0.660384 5.54685 4.10362
-0.387787 2.28012 3.15561
1.75436 10.8672 1.29664
21.45 14.8511 55.9401
0.221912 3.11224 -2.23435
0.248887 2.90695 -6.68136
-11.7192 86.933 4.04506
-16.8859 0.433634 -12.9593
0.767851 -3.69254 -6.78127
-0.0935827 3.40477 -2.86316
0.467888 4.5496 -4.73991
-0.424545 -0.0847645 -6.69308
0.22482 3.72782 -2.50366
0.49624 7.38067 -1.57451
-0.0984999 0.810976 -5.79294
-10.9754 14.0228 0.362079
-8.54984 26.7008 23.6319
-22.0546 16.6355 4.34452
-19.9165 31.7587 3.56768
-0.454532 1.36843 4.91987
0.531991 8.78512 1.26105
-18.9923 55.771 37.0778
-0.952393 -0.428652 7.417
0.482515 7.2979 -1.03273
-0.176849 4.11143 -0.772747
4.06201 8.75909 35.7025
-0.168003 5.51264 1.70647
5.86982 -9.65103 -6.33554
-4.95585 3.11304 3.26341
-10.3653 8.64586 -2.74157
-0.1556 5.5537 1.89296
2.00215 -2.42349 -9.90144
-6.96265 -3.01225 1.56076
-0.733041 -3.07918 2.84907
-17.4087 1.35915 6.88051
0.194867 3.43578 -3.42046
-18.1662 49.5969 28.0075
0.8499 -2.60772 -6.14841
-0.112206 1.65733 -6.74272
1.40776 5.22463 -1.29923
-7.37871 -2.67352 1.55579
-0.466989 6.1253 1.88541
-0.461955 -0.744404 -0.436055
-5.85116 16.4 17.2265
-5.75249 4.67072 -5.51364
-0.450247 7.44073 10.0732
-1.52455 -2.62939 6.28647
0.247916 5.19118 -1.26187
5.76323 27.2499 60.9407
-0.882773 -1.68128 11.8315
-19.3823 52.014 33.7356
40.2032 -23.3942 -3.58245
-0.450932 6.63436 1.85059
0.476661 3.45416 4.38592
-9.46614 14.5907 -3.04573
-6.06936 2.75727 -1.66834
-0.709049 -2.53103 -4.38379
-17.5843 -0.570221 -3.00284
0.161529 5.23367 -0.179557
0.177097 6.67493 2.17447
1.34894 6.45077 -3.16353
-0.108414 0.476433 -4.95518
0.755867 -0.699409 -8.87305
-0.367967 1.09353 6.46868
-6.46475 69.686 22.2348
-0.974118 3.06721 2.42102
-14.8689 9.56956 -4.61113
0.734018 4.31128 2.02422
-9.45398 0.394696 -4.10167
0.110221 -4.98407 -7.08135
0.76231 2.91083 -0.515214
-12.7864 79.1447 49.8076
-1.56791 0.979607 -1.07964
-0.122671 -5.50053 -7.03903
0.797267 -7.80355 -12.815
-18.7162 24.4352 11.5228
0.182233 6.38856 4.32732
-0.722211 3.70012 2.07863
-19.9686 26.4276 7.28555
0.52501 3.08144 -6.49911
82.4066 28.49 -27.2228
-9.30192 8.81284 12.5361
19.9684 14.8316 -2.80215
-5.85647 -0.711958 -5.90386
-14.7864 19.6585 20.3143
-0.990744 1.59666 4.715
-24.2626 25.3585 -5.44917
-0.0942633 4.27728 1.26987
-7.94567 84.639 45.8195
-0.171367 2.83776 -1.03834
0.699178 5.84369 4.9697
-18.7249 75.6622 -10.6867
0.205362 -4.03999 -2.30303
1.65156 2.43565 -5.70182
-0.548917 -5.87039 2.91228
3.12621 -2.21278 4.99464
-40.3451 28.9328 20.1972
1.05631 4.00561 0.217999
-1.06628 -8.45956 2.6352
0.443475 -5.22802 -5.24202
1.1072 2.59603 -2.22768
-0.454918 3.1507 2.22658
0.145869 4.85455 8.79582
-15.4781 22.4584 17.8134
4.40825 -3.68031 -1.65886
-0.448857 1.68549 -0.210418
-0.963632 -4.74507 6.79235
-8.84844 -1.62532 -6.45082
-1.3175 -3.12956 1.31514
-1.30871 -1.59797 -1.10324
-4.64068 -1.17876 -3.04694
0.137828 -1.01372 1.96579
-1.34222 -0.992229 2.45977
0.0926504 0.261187 4.94507
1.68512 6.76724 -3.48943
1.16207 -1.30012 -5.50796
0.199718 -0.183289 -6.11113
1.67043 6.54247 -1.99666
-12.5544 33.5286 23.1424
-6.30122 1.54516 -0.0771096
-2.64723 2.71632 -2.19356
-1.01899 -3.72772 -5.82512
-8.54346 18.8231 22.9564
1.60671 7.90861 0.489662
5.6886 -9.65076 -6.33575
-4.00758 5.21084 -3.51942
-0.431998 3.43987 -1.30928
0.162648 -5.1809 -4.99418
-0.50666 29.4594 -4.93449
-20.1122 5.01243 -9.51094
-24.1115 17.6816 51.4245
-0.152266 2.83728 -1.58025
12.7424 18.4906 -22.4337
-0.1106 -0.671501 0.0964647
-1.80715 -1.79496 -0.89847
0.739059 5.91424 5.56844
-5.17404 8.56161 -2.92774
-1.8522 -3.12167 1.61009
-0.740733 2.57811 1.61621
-0.663807 0.971719 -0.789234
0.459586 0.707234 -4.90773
-7.91134 26.8599 27.3321
-7.69034 9.11548 -1.14757
0.512943 0.456379 1.28769
0.804469 -1.95941 -0.177279
-0.991099 1.37327 0.750124
-9.11847 2.3514 2.70713
-9.1224 -9.36528 20.2283
-1.05938 -2.56934 1.55302
0.882445 5.18617 2.31878
-11.7492 23.6794 17.6605
-4.94459 8.47901 -2.55186
-1.66671 -3.14363 1.29975
-9.11812 -1.62517 -6.45988
-1.51218 -1.55562 -1.16273
0.133669 1.71574 6.4212
-7.97195 7.81526 -6.05614
0.758113 1.29545 -10.6226
-1.23411 -0.992896 -1.02446
-1.34435 -2.50987 1.36414
0.241808 -3.02134 -13.2166
0.74994 3.41641 1.88747
-0.386521 6.37458 2.29129
-19.5755 15.15 11.1959
1.41228 9.4048 -0.199556
1.16445 -1.40484 -7.32455
0.756406 4.95565 3.40599
-0.091634 5.38029 2.90316
3.53514 -4.28126 15.799
0.178466 1.03152 -3.43043
0.502211 6.74314 0.170397
-0.430836 3.5019 6.0379
3.11566 9.05994 4.07687
-15.7237 13.528 2.45585
0.475733 5.25829 -2.3203
11.5172 35.2951 67.2534
-47.8409 7.06367 -2.79921
0.435631 1.09775 1.38476
10.6608 33.927 63.9871
-1.77496 -5.57295 3.78794
0.385256 -0.462686 1.31911
0.237449 8.17559 3.18096
-7.2333 37.2718 28.0661
-1.03715 -4.92142 -6.4242
-0.736869 5.76887 6.54701
0.190375 2.83099 -2.53686
0.754131 5.28276 4.33838
-0.0146075 3.40025 -0.422853
-18.6953 30.6959 14.3758
0.173883 0.12843 1.65462
0.119087 -1.32724 1.09199
-7.1422 -2.26747 1.56867
1.94333 -3.53721 -10.1428
-2.2374 1.72152 8.44597
1.33171 10.9324 1.71729
-1.2478 -6.78681 -4.59201
23.6738 18.6387 12.0679
0.489764 2.87002 2.81077
-3.18363 3.63075 1.01436
17.8242 4.51086 -8.65828
1.02175 7.10258 -2.8452
-11.1406 80.1699 23.0141
-0.438902 -0.187586 5.55133
0.101502 -5.59485 -0.512875
1.63165 1.00276 -7.72037
24.1711 -5.03685 12.6079
-1.27866 1.26916 7.37961
1.65845 7.66195 29.7164
0.218763 5.55706 8.17742
-1.07572 -5.31247 -7.02461
-0.415073 4.59752 2.92134
0.503315 5.58317 3.54961
-0.44185 5.52694 6.43251
0.410161 3.17155 -2.54048
0.805981 -5.17875 -8.79389
-16.3342 2.33157 2.07131
0.777826 9.39747 2.46412
-0.11939 0.771363 3.72075
1.08225 7.30928 -0.939625
-0.377338 -0.502732 7.40887
2.1039 5.44394 -4.38132
0.778391 -1.06233 -3.78065
-0.18757 0.182829 -4.40724
-15.1127 50.5596 25.5474
1.32656 6.71778 -3.79303
4.0182 3.99088 -2.69114
1.26098 7.39407 0.432429
-23.012 6.4068 2.393
-8.8262 19.3314 22.827
-17.5384 22.7313 16.3701
-10.0732 6.88309 -4.9451
2.25439 7.75436 6.10589
0.514308 5.77777 -6.06843
-1.02312 1.18876 -2.03875
-0.429827 -6.71225 -5.47571
-1.26157 1.58325 9.50134
0.491428 6.49457 -1.63051
1.37145 5.24626 -2.25189
-0.0993104 1.65038 -5.98499
-0.410205 2.24768 5.4592
-19.6522 26.7878 18.2467
0.731862 -1.90575 -9.76042
3.17517 35.8371 63.6749
-0.979658 2.78464 1.66755
-1.04775 1.40771 -0.709376
-6.738 -4.45055 -2.00649
0.752363 6.17116 5.81295
-0.125085 -0.104408 1.8811
-4.85754 -2.61789 0.354228
-17.1319 33.871 9.45209
-0.0557835 10.0176 1.33819
1.03772 8.36325 2.19386
-0.152725 4.91464 4.58046
2.87643 2.33013 -7.03126
-12.4283 15.1171 -9.14047
1.03203 5.53869 2.28864
1.09206 4.14332 -0.124692
-0.450227 -0.758851 2.86057
-15.0139 52.04 4.65142
0.833777 6.95083 5.34454
0.130681 2.52862 -0.81244
-4.64267 -4.7464 -2.151
0.177637 4.16867 1.75504
1.34288 -9.13062 -18.9502
-0.703601 6.29856 4.69477
-7.62641 87.6274 34.7056
-1.31746 -0.251987 0.0565438
0.808711 4.9674 -5.16466
0.386498 -2.87959 -1.35765
0.794501 -4.87054 6.55728
-1.02188 2.48136 1.96411
-11.8389 14.1985 5.90166
-0.146858 -1.25598 0.725351
-11.4709 37.4373 19.1629
-0.116951 0.166487 2.06253
-0.445368 -3.46424 -6.19681
0.447513 3.15341 -2.27328
1.30971 1.92505 -2.8691
-0.0562442 4.84276 -5.24667
-10.3434 14.8382 22.9397
-0.780668 3.39637 1.32803
-8.25536 19.5993 25.351
-0.729173 1.998 -1.00955
-0.175887 -5.80927 -6.48594
-0.129069 -4.42876 -1.972
0.192673 -3.77101 -9.48465
-0.163756 5.36745 8.24859
-0.699565 -4.61271 -6.49519
0.257043 6.32439 6.27499
-0.622778 2.3117 -2.38039
-9.43565 -2.0253 -1.84769
-16.2283 6.91367 9.96391
0.804407 -2.01715 -9.99638
0.469561 7.98733 1.09845
1.42323 5.2446 -1.90998
-0.146778 1.51349 -6.17254
0.555179 6.49835 -1.30717
-0.473401 -2.23238 -8.22288
-8.3406 20.1924 17.7238
-5.54471 0.225206 -7.15442
0.756718 9.75203 -0.170389
-0.724036 -3.28019 6.13894
-0.119323 4.36807 -1.33261
1.34039 2.65355 -6.75035
1.66619 1.03723 -7.11586
0.142714 -5.60573 -1.12323
0.739361 2.25217 -6.44636
0.406193 6.69496 3.57237
-5.49679 9.26283 1.50473
0.748051 3.08707 -5.21713
1.88845 8.18094 0.417266
-1.32063 -2.27671 7.86527
-0.0671851 5.64038 9.05755
0.536933 -6.01382 -8.22402
-9.99158 12.062 42.8217
1.06029 1.12609 -7.40888
0.166164 4.15843 1.85482
-24.5133 11.5579 35.9488
0.446495 -2.59947 -12.2112
16.1148 31.4136 65.3238
-1.07062 -5.75867 -6.98245
-0.465358 -4.09551 -5.67107
0.480882 -9.37281 -14.2139
-19.9484 50.4301 32.393
-0.487989 -5.8013 -7.30353
-0.943833 1.99333 -0.160828
-0.988394 3.47829 2.22749
-0.140898 -3.35871 -8.04749
-15.5031 56.4742 3.04641
0.727665 3.17031 -4.02471
-0.92932 10.8647 5.42407
-4.65148 2.57819 -2.00731
0.226612 0.158096 2.02893
0.157095 -1.32741 0.806694
-0.154232 7.03076 6.45259
-0.730523 -2.87558 -5.26464
0.209842 2.60204 5.08114
0.440192 10.7494 2.12503
-0.767347 7.6975 1.43177
1.50942 8.85285 -2.8824
0.129614 2.30046 5.56705
-0.733063 -4.6423 -4.864
0.228102 2.22147 2.53431
0.43925 7.63222 3.3992
-16.0363 51.0428 -10.706
0.277411 7.42416 0.882552
0.291287 5.83225 -1.59026
-28.3313 8.24462 -12.8037
1.06776 3.73767 -0.417744
25.0487 -4.57452 -9.40828
0.585222 -4.04022 -7.02149
-0.141729 8.84413 3.13393
-1.00787 -4.10867 2.85768
-9.64761 3.98009 6.08147
-18.4046 13.1653 -10.8462
1.07496 5.24177 1.6182
-7.36499 23.9161 23.1985
1.04162 3.61263 -0.759358
0.15241 8.33409 3.40937
-9.47548 3.77197 -6.18583
-0.454207 11.7616 44.591
-0.143843 2.51327 -1.09
-10.351 6.98042 -3.58356
-0.0589089 4.13993 1.06942
0.75154 6.10966 5.235
-1.2687 -4.45456 -4.7197
1.43119 8.5765 1.67683
1.07092 9.40952 2.50905
-4.35107 -37.3957 27.0646
0.44369 10.9522 0.73457
-0.614491 7.38461 2.86897
0.142408 2.88673 3.49136
-15.491 96.2894 41.1858
22.9884 -1.92522 15.8808
0.507846 -4.63794 -5.50243
1.12768 4.66305 0.450318
-1.0225 -0.00535095 -2.40705
-2.83143 10.389 -19.5566
-0.42416 4.84585 -6.34032
0.996043 2.0394 -1.67946
-0.957184 -7.87582 3.12327
-9.03561 1.36996 -2.79405
2.03157 0.806552 -2.26825
0.478392 -5.72207 -5.89043
-1.00244 6.01976 5.8507
1.03298 -2.87145 -12.2207
-0.426839 -2.9077 0.215678
-0.110563 -2.56697 -4.02289
0.540901 -3.72028 -5.49363
-22.0395 30.2343 18.8291
2.25099 6.10496 -9.17918
-0.95723 5.91278 8.00857
-0.777612 -4.09821 -2.89884
0.424549 2.00067 2.29758
-0.750299 5.25245 5.03573
-2.79489 -1.16086 0.14111
0.522221 0.445652 -0.130845
-0.40803 8.25472 4.0536
0.357393 -6.39197 -4.83201
-0.925434 -7.29969 2.33925
1.05707 1.30759 -2.51679
-2.54458 -6.3533 13.7429
-35.8449 33.4901 -18.2179
1.05818 7.08659 4.60471
-1.58319 -2.96256 -1.74701
1.39985 -2.8541 -13.5476
-0.126524 -2.84769 1.59457
0.157219 6.15675 6.70912
-37.3774 32.5373 -21.9412
7.49914 15.4188 51.9728
0.148509 -2.79061 1.63044
-0.166561 -3.1788 1.91701
-0.109661 -1.57954 -0.533218
13.1386 5.86499 10.3418
0.250205 -3.12947 -2.27382
1.65887 3.5044 -5.92445
8.00177 -13.1002 1.7218
-0.750408 -1.87219 0.105818
-0.712864 -1.06163 9.66528
-7.64206 8.01884 -1.70736
0.423914 1.6935 1.99938
0.480604 0.141468 -0.445318
-0.448942 8.50923 4.43155
0.713663 3.45661 2.84779
-0.780308 -0.126884 3.1399
0.19535 8.98503 6.78045
0.168186 -3.45189 5.85596
-23.5345 20.0381 -14.92
-0.0909956 -6.77816 -3.72486
-1.62372 -0.236704 4.57248
0.80387 4.93067 -4.62871
-16.9125 3.5019 -4.65351
76.4455 1.35869 -44.3523
18.9673 18.0251 57.9672
-1.61646 -0.978684 2.4288
0.197001 1.32987 -7.61395
-16.6239 30.8734 21.0768
-17.831 51.3338 12.8901
0.473847 1.36768 -6.45586
-25.8266 30.2486 -13.4713
-0.141402 0.155664 3.20161
0.123661 -6.47037 -3.259
-4.61453 4.402 -1.52155
0.80448 1.29482 -4.36976
-9.91724 7.70243 0.0294129
-1.34322 -0.370267 8.96766
-7.92884 85.5653 1.06007
0.17753 4.16056 1.27809
-1.9634 -8.63739 3.61313
0.20492 2.50375 -1.03916
0.484541 4.03477 3.73505
1.63377 7.48412 43.9671
0.145938 4.64211 -1.86538
0.167166 6.15058 0.459994
0.454074 -3.72307 -9.46412
-2.19405 -7.46506 8.6696
-0.0572475 7.06309 5.86167
-18.4194 30.125 15.828
9.83691 5.14172 1.78803
4.94118 7.69878 0.0915196
0.434144 -4.28631 -8.60778
-13.3172 2.876 -12.5133
0.232669 4.07152 -2.78119
-1.66104 1.7386 -2.75704
-0.968329 -6.02246 -4.62092
0.724251 -2.68506 -4.95307
1.71015 -5.9133 -13.4712
-0.474793 2.83451 10.3426
-2.25295 62.2708 -59.0093
1.09172 2.40872 11.2445
-11.7084 12.6769 -0.195409
0.197245 8.13565 -2.95095
1.01272 7.00797 -3.47211
-0.373481 -0.112799 4.95366
0.841756 -2.23922 -6.11316
-20.0465 30.3643 20.4355
1.02613 2.32905 -0.0748816
0.513205 -5.47631 -7.335
2.47793 6.10448 -9.17876
-0.702961 5.90128 8.03106
0.428094 4.6077 -0.434063
-7.91173 22.9938 23.0685
0.212539 2.87666 -4.05612
1.11586 11.247 -0.383283
1.63744 5.50153 -5.73284
0.0994404 -1.10129 -2.17314
-1.88725 18.5273 -70.0527
-0.705068 5.90068 6.93649
14.5447 -12.4305 1.46375
0.170922 2.88627 -3.14495
0.484658 7.94057 2.27325
-14.8615 42.4691 -1.03588
0.449952 6.4208 -0.14738
0.147205 9.45056 2.45837
-39.9257 54.5206 -7.14518
-0.453299 -4.70627 -4.30154
0.727869 -4.40709 -7.166
1.33843 3.44154 -0.522508
0.469647 -2.27811 -10.0305
-13.8395 -4.54002 5.90915
0.162466 7.59221 1.05157
-6.17136 8.07682 -1.00846
-0.786876 2.52047 5.13021
0.183281 6.10157 -1.34418
-3.1475 -4.18489 -4.66286
-3.65247 3.78444 -2.80923
-0.480169 -6.96836 -4.97537
-1.30434 1.23375 8.76013
-0.137457 1.2904 -6.41778
0.50268 6.74371 -1.1041
0.489906 8.30718 1.27515
1.04045 0.418295 -8.83809
-0.447535 18.0277 23.6453
-0.474948 1.92906 4.94333
-5.22514 -0.374377 -6.25325
-6.70077 13.3151 -2.27748
0.223122 -4.05527 -9.98624
-9.68727 6.18912 -3.72907
-0.119983 -4.02145 -1.35405
1.33744 9.21458 -0.989741
0.180068 6.4286 1.08177
0.260576 4.97675 -1.31408
-6.56905 12.8302 -2.38823
0.44955 -3.44425 -9.94313
-17.7165 27.51 13.4427
-0.734463 3.85986 5.32771
8.26709 -22.9567 -41.5286
0.16525 6.20891 1.91561
-15.638 52.8113 7.91683
-0.479296 -5.80849 -5.2933
-4.94114 0.226642 -4.79172
0.434794 5.46583 -1.29989
1.36666 4.35604 -1.93841
-0.0969673 2.58554 -6.08468
0.462114 -2.34196 -7.43892
25.0164 -2.77985 -9.77531
-4.93789 6.6909 2.66796
-6.93566 0.494269 -2.27318
1.0732 9.24293 2.52639
-2.25574 1.62164 -2.13845
-12.4137 28.0555 20.7808
-0.129624 -5.85775 -6.70342
-0.722184 2.05814 -0.722415
16.0323 -9.85371 8.53556
-18.7343 24.1883 11.1866
0.136285 6.86211 4.67604
0.49487 -0.764832 -9.15609
1.05561 6.41976 -2.84724
-0.443302 0.486222 -5.26295
0.54857 -4.28935 -6.60762
1.1289 3.393 -0.700929
-1.02543 -9.38384 4.1422
-22.6206 23.6308 15.9006
1.04815 4.95046 1.41407
1.13922 5.62712 0.978891
1.16516 4.03026 -1.37433
1.36683 -4.32513 -10.0533
7.68015 -3.18249 -4.27333
0.174009 4.89237 -3.15436
1.11257 3.77872 -3.70258
-0.361458 3.13147 -4.23766
-8.54201 18.0911 12.4008
-5.12188 0.855508 -2.88495
-0.719683 -5.30979 -6.97803
-9.69718 9.73314 -4.19976
-12.3515 60.3291 24.661
0.488002 5.1704 4.70603
-0.43471 4.9387 1.75622
0.96288 3.34766 -7.32118
-0.382748 3.39797 -0.821384
0.146483 5.53722 1.34156
-12.1163 40.3797 43.7786
-15.0948 36.7553 -9.34916
0.186164 4.1098 -0.960536
0.140496 5.29869 1.64678
-19.3326 34.858 8.93275
0.160595 3.76917 -0.736024
-0.743179 4.82303 4.54569
10.929 20.1527 57.9043
0.546637 6.38224 -2.17113
-1.87962 -5.29929 -1.10719
-50.2916 26.9756 -20.8363
0.592092 6.85193 -2.16409
1.34877 5.43999 -2.73264
-24.674 0.878593 -2.76336
-0.134543 1.31412 -5.23646
-6.07847 -1.1926 -1.13124
-16.6625 30.185 7.77399
0.257306 7.8326 0.795975
0.257076 6.51741 -1.6253
0.419266 -1.88335 -9.72587
-19.879 26.7881 18.2463
-7.02716 3.54894 -1.49681
1.14376 6.14564 1.56773
1.36981 -3.62306 -10.5626
-7.98228 1.2418 -3.55888
0.139698 8.33631 3.74011
-0.12589 5.85653 1.97793
1.22587 2.41976 -7.54349
-0.142389 4.31689 -0.480704
0.813976 6.41699 1.90683
-21.3443 36.1939 12.5228
-1.3264 -6.31763 -5.38486
1.34949 10.5645 1.0172
-8.89308 9.21893 1.42803
1.41798 5.82441 -0.772334
-54.7591 -9.4075 9.41162
-0.157581 -4.69936 -6.72786
5.64136 29.2966 61.4278
-0.68214 4.68449 1.63772
9.74508 0.665767 7.74456
0.171298 5.64746 4.67352
-9.66916 17.6101 23.6586
0.162312 9.73161 6.08558
-6.47522 13.7409 2.09056
-0.400987 -1.93786 3.21381
-0.045361 2.6385 7.08916
-21.0983 26.7496 17.8152
-14.5635 11.125 -4.47893
22.7168 23.873 6.11044
1.02789 -3.66599 -9.42053
25.6375 -4.33217 -11.7435
-25.1466 29.1749 17.9203
-1.04981 -3.44746 -1.61454
1.18759 7.57621 2.61373
-0.143951 -3.4707 -3.07538
0.10282 -4.59155 -8.33362
0.454342 2.27427 1.98608
-41.7666 -12.2207 4.92986
-16.6124 19.4648 9.97171
0.438814 4.67814 -1.66871
-0.697429 6.41834 4.95669
0.219471 11.8411 10.7509
0.204968 3.63663 1.25126
0.162571 2.28361 -1.06325
-6.72903 14.4575 2.69911
-0.431342 -4.86945 -4.36253
1.3851 8.93664 4.75007
-1.33164 -4.58243 -1.65898
-1.09752 -2.90951 9.0646
-0.446213 -2.59899 -7.87859
-1.3418 -9.50124 2.82312
-13.624 89.2649 40.0262
-22.8018 12.1432 13.4329
-13.6743 4.76602 -7.6747
-0.047298 -2.0389 -7.77139
0.739884 11.5309 -0.915965
1.62253 10.37 -1.60668
0.136577 3.81027 6.75347
11.8148 7.81723 44.5611
-4.71747 8.47854 -2.55133
-20.2408 14.007 -8.89794
-1.22732 1.00929 10.7809
-0.10333 1.06867 -4.58671
0.579155 3.74042 3.41805
-1.62722 -4.35213 11.8305
-6.9803 -1.95151 -4.21737
1.36384 8.82283 0.11789
-1.21994 -4.56343 -6.19292
0.803941 -2.71632 -7.94236
-0.337695 3.02832 7.31067
-8.25549 23.1225 30.1056
-0.737407 -2.55536 5.75049
0.77174 -2.56443 -5.18007
0.661683 -6.02034 -6.9002
-19.9625 73.5995 98.1229
-0.142977 2.27794 -1.31884
-0.630893 2.93734 4.05811
-42.8211 9.87882 -21.4334
-6.04716 8.12818 -2.24809
0.151421 1.69569 -4.87795
1.08016 9.95339 -1.27221
-3.40494 -6.1385 6.24697
0.0905006 -1.95371 1.64719
14.8262 21.3452 2.74475
-1.33991 -2.61416 2.94915
-25.5757 25.3346 -2.63836
-1.05916 -2.85035 1.95194
0.959267 -3.34334 -11.4159
25.6794 -4.07634 -13.9185
-41.289 5.22279 8.3021
-2.64949 5.37544 -7.6353
0.713255 0.74314 0.434701
-0.974826 -1.28103 -0.54608
-1.94585 6.91831 4.35843
-5.35891 8.88389 25.0821
0.591577 -8.46493 -13.801
-16.9364 16.8748 21.6666
-1.71578 1.55895 -2.17427
-0.174904 -4.95878 -5.81501
0.77279 -8.4652 -13.8008
-0.656466 2.93775 -1.60491
-10.0007 78.8584 57.5459
-5.53041 18.0205 20.8812
17.7923 10.9091 50.5681
-0.672618 4.23676 0.870347
-6.96078 36.449 61.052
-10.9585 7.32574 -4.09007
-0.359762 5.57589 -4.13371
1.16324 1.48917 -4.18386
-8.38514 5.39995 1.09424
1.92869 9.70614 -0.463089
1.41086 -2.97673 5.06866
-0.719323 -3.25405 0.14345
-110.773 76.8339 -48.1154
1.63537 7.90556 -2.21381
0.106709 1.33274 6.14715
-0.758061 -2.21122 6.86219
0.840257 9.18089 -1.51758
1.71738 6.81123 -2.53984
0.111971 0.193827 5.85459
-11.5617 44.7268 31.9368
-0.0917524 -0.481232 -5.22712
-15.4542 8.26237 -0.368508
-9.42541 4.20982 -0.174068
0.820432 10.6004 0.739124
1.05444 7.39223 2.58901
1.02569 5.83751 2.56904
1.62616 8.86883 1.37808
-0.961382 -4.79951 -4.8044
0.770389 6.19346 0.192589
-0.93598 -6.75424 -0.885947
-9.32722 20.686 23.362
1.35525 9.09564 1.96852
-1.29018 -4.85628 -4.31092
0.176365 7.1163 1.99895
-0.743811 3.14486 4.36128
0.16687 5.47479 -0.473067
-7.03135 -5.95139 -4.61025
0.502667 7.63474 3.20077
-0.0706299 -7.28196 -4.06071
0.799529 6.47736 -4.52402
-0.720282 0.551398 -3.34237
-2.62922 7.71156 -0.445224
-1.03193 1.08701 7.97686
0.381822 -2.87562 -8.21295
-14.5986 41.7106 -0.977361
1.64478 5.82405 -0.771946
0.160715 -0.701791 -7.32227
-0.698119 8.43107 1.26127
0.53118 9.6781 2.18282
0.162001 8.83616 2.59807
-0.676534 -0.645366 6.16081
0.778494 7.69032 -2.2188
-2.50083 -5.93455 4.41596
-0.453211 0.353978 0.892583
-14.8553 10.7393 10.4796
0.713916 6.73451 6.46093
-23.8589 38.1319 23.7204
-0.145896 1.86604 -2.49964
1.01829 4.97405 2.00069
1.06342 3.47628 -0.471616
1.08264 5.83309 1.03859
-0.0974358 -5.78129 -2.79666
-23.269 20.2254 -14.7978
-22.5584 28.7798 11.4041
1.08168 -0.177816 -5.52747
1.73624 7.73142 -1.91166
-38.4132 -4.19121 4.36899
1.70039 9.16804 0.484454
0.431824 5.51426 6.71623
-13.6301 22.0062 54.7292
-76.944 59.2655 -44.8517
0.172921 3.7676 4.26347
16.1524 14.7483 49.0366
1.19436 5.95222 0.671171
-1.038 -0.489764 7.92192
0.500472 7.34539 -0.396275
1.37201 6.07913 -0.986258
-0.0124911 0.720628 -7.19873
0.227647 6.41991 0.50468
-8.59124 -2.23884 1.05993
0.429443 -3.46427 -9.40236
-15.531 29.2555 54.9279
0.179686 4.93134 -1.87756
-0.413745 2.55079 1.67965
-0.968824 3.67371 10.5254
1.07893 -6.7156 -12.9187
-0.426948 1.00968 -0.787175
-15.832 22.5886 16.3704
1.35455 1.313 -7.99236
-0.0927324 5.43944 -0.220262
0.110116 2.49343 -0.496841
-55.9507 5.60019 13.3092
1.339 -1.90155 -4.8206
-14.8221 96.3856 87.5062
-0.397501 -4.01091 -7.32608
0.127128 6.42071 1.6804
16.112 -9.64022 18.5545
0.406921 -3.40033 -10.6684
0.198181 4.9666 -0.751441
-12.1918 60.7846 12.5514
-3.75788 -4.78487 -1.13853
1.08962 9.63197 0.702313
-3.7203 0.158563 -4.71668
-0.107968 8.63277 2.89007
-1.51253 -5.50377 -5.43959
-14.5244 0.246913 -7.86499
1.077 5.51033 2.03006
-18.4608 27.4156 12.1899
0.446357 3.43309 3.75102
0.439658 1.40296 2.21723
-1.67725 -5.74039 4.70875
-3.048 -7.93358 7.36243
0.440183 -0.0659534 0.455698
-0.36557 8.71912 4.09635
0.151207 0.164083 1.30253
-1.97125 -4.66937 3.67846
0.15783 -1.38949 1.32037
0.779468 8.8112 2.25733
-14.8007 2.11359 5.77764
-0.905775 1.24219 1.04677
-0.113283 -5.31701 -7.08581
-0.674166 2.51815 -0.465949
-2.54478 -1.91344 -1.97117
0.174863 6.14393 4.34332
-0.445362 1.93808 -1.97787
-11.2508 -4.80041 -7.45895
0.992514 4.31608 1.97466
0.149498 -5.57621 -4.0545
-1.37411 -8.28483 1.28932
-1.09503 -6.4476 1.39762
0.169996 -4.92274 -3.52434
0.751554 2.91892 -4.13332
-4.49987 8.44185 3.88922
21.9213 18.8793 58.9053
-33.6512 20.3234 -9.62045
-1.6865 8.81973 8.65304
0.237815 2.81885 4.99703
0.804477 4.94896 -4.07874
-8.93608 19.004 15.2651
-14.2565 8.23193 -9.78218
-0.656687 1.64203 5.7808
-6.58157 10.7309 -1.56047
0.450168 -1.36472 -9.40572
-9.40082 5.85147 -6.54067
1.03995 7.34158 -3.48202
-0.318374 -0.306288 4.97242
0.422606 -0.714632 0.212624
-27.2656 7.51941 -8.10505
2.10959 4.35269 -4.90099
0.717126 -2.2748 -3.13544
-12.698 10.1167 1.3394
-13.0351 7.54851 24.2374
0.468608 -3.0217 -13.2162
-1.04507 -2.54705 1.37892
-0.977313 -1.01821 -1.07388
-13.6231 78.3519 53.6347
-4.23438 -0.496814 -3.20329
-7.14047 37.6087 29.6921
-0.949335 -2.31516 3.40381
-1.02422 -6.98253 3.54175
0.827509 1.22135 -1.22515
-11.6219 7.36918 -2.87093
-1.33381 -7.40113 3.38918
-0.477938 -6.69799 -5.26439
-14.2504 -0.446627 2.06049
0.45586 0.714777 2.79566
0.728137 3.07937 -4.38848
-9.58701 38.324 28.0288
-0.90892 10.8895 5.73443
-4.60068 2.56675 -1.5868
-0.470334 -3.99283 2.26526
-0.454369 -2.5795 -0.170187
-7.27655 -2.23442 -4.19862
-1.97695 -4.70148 12.2202
-1.24947 -4.43503 -4.84099
-22.9243 5.23011 1.27448
1.344 8.63024 1.41535
1.49596 12.3535 5.54541
-7.21051 -4.13439 -3.26061
0.174302 5.92385 4.59512
-0.647468 2.88569 -0.830208
0.47578 5.34397 3.73743
0.781324 -4.70997 -12.6988
-0.741088 -1.05686 0.670391
0.730715 4.66947 4.07074
-0.0484339 4.0854 -0.160151
-21.1514 89.099 7.96062
-0.113281 5.52536 2.15778
0.88773 5.47317 2.63122
1.11702 -4.40879 -11.5385
1.04574 5.84884 2.30556
25.0408 -3.92916 -9.86632
0.547087 -3.41705 -7.35311
1.09554 4.30261 -0.0495241
0.78232 7.04534 -2.09663
-3.9819 79.197 15.3497
-2.86162 -6.81407 6.16731
-19.3239 -2.09389 2.37925
10.6386 20.9658 57.291
1.07647 5.81366 -3.70256
-0.427611 1.02859 -4.3248
1.28827 7.97877 3.4278
-1.28649 -3.7828 -2.8122
-0.694441 3.67364 4.88183
-0.714984 -1.9377 1.38183
-28.5631 3.26445 -6.21607
1.61052 2.89219 -3.70505
0.291412 -3.70939 -4.33833
-1.89018 -10.8228 3.64204
0.206353 4.95263 -1.06816
0.562907 3.47264 2.31559
-0.42693 6.63812 3.96494
-0.174069 5.51316 1.35221
-15.7152 21.2579 15.4273
-0.113375 4.10429 -0.990418
-0.405472 4.64491 -0.728963
1.02269 2.2368 -7.30458
-15.064 24.7969 17.0786
0.441351 8.17387 -2.43895
-0.96448 -1.45984 5.96778
-2.34663 -25.2857 0.0718562
0.83916 -2.44721 -5.77822
1.42101 5.15643 -1.78674
0.990055 2.69509 -8.05578
-0.473106 4.39992 -0.183807
-0.715761 -2.58912 -3.21515
-7.27669 -1.4887 -0.115668
0.226728 -11.0837 -16.7362
0.174728 5.17848 2.57268
-0.687643 4.95645 3.75723
-0.963559 -4.30254 2.68104
-3.16189 8.81123 43.8151
20.1275 -12.4558 23.943
-117.967 64.5966 -56.6062
-6.11699 -0.328515 -4.0732
0.468321 3.47207 2.46304
0.496973 4.98519 1.59526
-2.78333 6.97143 -2.8563
-0.638701 2.84318 -17.8777
1.86539 7.37908 -0.357158
-0.680726 -4.4925 3.49609
-28.6378 12.371 14.4472
1.33064 -0.420075 -7.11811
-3.52364 8.11701 -1.30968
-15.0899 53.0936 36.095
-19.3598 30.3236 13.6494
-0.433859 -0.244282 2.21892
44.0785 -42.7383 -63.0625
-16.6559 21.4459 15.4036
0.490678 2.49211 -6.98423
-0.694882 5.05318 4.39298
-165.585 68.5875 -110.006
0.209052 5.26248 1.86424
0.136037 3.78608 -0.369864
0.509737 2.22323 -6.43905
-0.0319719 7.44039 1.21502
-15.2273 8.26189 -0.368094
-1.58764 -6.54539 -5.46976
-9.19847 4.20935 -0.173653
1.03021 10.6089 0.703066
1.30991 8.30575 3.99423
-1.27152 -3.94558 -2.13116
2.00492 4.59525 -4.87787
0.494057 -1.97978 -3.09384
-4.64356 -1.66904 -1.25657
0.147724 -0.50693 0.105834
-27.7281 14.4367 -10.7557
-1.88315 -5.57469 4.98321
-0.722471 -1.39393 1.30614
2.75955 15.0645 19.2134
-21.2072 29.6532 19.6286
3.13601 14.8658 -0.63894
-2.25727 -9.19087 5.40866
0.179037 1.58318 4.09769
-0.125712 1.31396 3.16057
-0.443454 -1.02144 2.81114
0.410385 2.85854 -2.55529
0.305681 -5.81106 -2.92749
-1.60889 -8.92436 2.29852
20.8791 23.1448 -27.0526
-11.9098 -1.06834 0.428561
0.450759 1.1257 1.64764
-4.3658 -1.61397 -2.33986
-8.07008 28.1329 23.376
0.396622 -0.426853 1.05756
-0.141891 -0.501867 0.0777213
-8.77473 2.72402 -6.57405
-10.3569 7.17392 -2.2873
-0.173462 4.07058 2.58701
0.732294 6.10176 3.78075
-3.39814 2.48284 -6.03961
-1.337 1.86688 7.14501
1.03021 -5.79791 -10.2149
-8.58543 1.48237 -7.47633
-3.11606 4.12152 8.26602
0.993826 4.97405 2.29809
-4.3613 2.32553 -5.92228
1.04416 3.38912 -0.0935353
0.727981 5.53532 4.60727
-0.151122 4.68187 1.75808
-13.025 1.83925 -8.64748
-0.115743 3.19799 -0.843222
-7.35316 -0.369251 -8.73069
-0.729078 -1.6608 -4.63241
0.223265 10.305 -1.05475
0.68951 -4.32039 -4.37471
-22.6317 13.2547 37.9365
-0.716923 -5.15166 2.55922
-18.0826 71.768 47.6755
17.6435 21.2332 -27.8395
-0.428609 7.29022 4.92682
0.688643 2.0034 2.82015
-11.5597 -2.0472 1.63277
1.34716 3.4919 -5.87407
-0.121986 3.37739 -2.21552
0.403718 4.72908 -5.23534
-0.414608 4.02264 9.23727
-4.02364 -2.78675 -3.23612
0.764784 0.755508 -1.57353
0.125245 -6.90515 -5.84928
-0.143367 -1.02607 -5.544
-27.631 23.7938 -1.01829
-13.7462 0.0299936 -3.7442
-17.2074 15.2933 34.3916
-0.688926 4.54186 2.92487
0.160866 5.46896 3.49252
-0.15828 -3.74251 -5.18926
-9.22037 10.3545 -4.30013
-9.19977 21.9649 18.3278
-1.06985 4.58655 9.10167
-8.18049 7.88038 -1.22375
-0.0692707 -1.39163 1.66695
-24.3884 18.5704 -10.7785
-1.90576 -5.41994 6.99776
-0.09029 -3.43843 -7.62688
-1.50175 3.29541 -0.403752
0.778079 4.37036 -4.96321
1.62951 3.09588 -5.44814
0.247152 -3.46516 -2.51446
-0.0545861 -4.72644 -8.90774
-2.16731 -4.08695 4.35355
-0.964489 -4.2675 -2.86332
-1.06071 -5.5689 -5.43083
0.717486 2.81129 -5.25522
1.65925 1.68302 -5.83779
0.141664 -4.9762 -2.20385
1.64428 1.9676 -6.34581
0.102551 -4.65295 -1.64724
0.723533 3.14867 -5.86419
-8.45225 23.6712 21.1496
-3.15749 -2.36036 2.68585
-0.941432 4.00595 2.54106
1.31038 7.91815 2.57596
-0.476279 0.174043 -3.07391
1.06897 6.70171 -4.94542
0.506279 -1.08951 -2.59121
0.437738 -1.60287 1.32304
-7.63414 35.6088 29.2612
0.464765 6.34775 3.1087
1.12516 -0.0759259 -5.24109
0.0918191 1.08008 6.26706
1.78081 7.59193 -2.26545
1.67567 9.21987 0.191452
-7.37881 37.4597 27.7076
-1.04931 -4.80774 -6.22774
-8.82967 7.23498 -1.83701
1.34553 7.6592 2.56321
-1.26569 -3.47716 -3.68972
-22.1402 26.2484 14.7246
-6.34737 7.43798 -2.20372
-0.167802 -2.20272 -4.94712
0.749203 1.87413 -0.995496
-0.135141 4.87895 9.13163
-16.3905 43.6791 32.3298
-0.10946 0.710146 4.30425
-5.48686 6.06738 -1.84206
-0.60648 3.00066 -2.92883
0.7772 3.7624 -5.28085
0.694147 3.73143 -2.52497
-12.1367 3.43125 4.39688
-2.42084 8.32332 1.34908
-1.31941 -9.77037 2.14945
1.50098 2.53688 -3.23996
0.287578 -4.1989 -4.80757
-9.54781 16.1391 25.6034
-12.716 10.1781 -4.61496
-2.50217 -4.711 5.35108
0.551281 4.94191 -4.05576
-0.140508 0.742155 1.92937
-2.21613 -5.56849 3.23723
-0.700621 1.02811 -2.0934
0.741107 5.77742 -6.06804
0.139432 -1.9852 -1.2921
0.470904 7.09074 2.63097
0.875203 -2.94852 -11.6487
1.37787 7.71106 0.820439
0.986717 5.24372 2.5648
-4.34549 5.42521 0.788525
-1.00189 1.93187 11.5635
-5.60609 10.1104 45.6501
-21.0564 70.4705 78.1996
0.766398 6.17949 -3.76413
1.7076 4.92915 -4.40488
0.127127 -1.71784 -3.71982
0.255867 2.84651 4.34409
-1.91096 -0.330211 15.1422
-0.720476 4.35794 3.12534
0.130119 0.632838 3.56778
-25.2374 28.2726 -14.1961
-0.379686 0.870209 2.87048
0.126764 6.38303 3.55901
-12.3537 80.8787 12.4104
-0.730438 3.73816 2.8646
-0.0642341 0.335782 2.67945
-0.149189 -1.04712 0.221176
-5.87273 7.57881 -3.41477
-0.464239 2.22924 2.87842
0.432972 7.90379 3.4023
2.45475 9.7734 -2.64291
-0.751832 2.23546 1.43759
-16.2897 1.20766 -6.74298
-1.52071 -4.45364 -2.41491
1.06481 8.43519 3.82222
1.48863 8.8067 1.4261
-1.35476 -4.74246 -3.43239
1.34247 8.80787 2.78959
-0.997174 -5.97534 -5.30216
1.67169 10.001 1.11659
0.091159 1.86665 7.10028
1.66544 8.61683 -1.34394
2.25429 0.817289 -7.9044
-0.0420851 4.38514 -5.14959
1.37729 2.58608 -2.81532
-3.99774 3.08452 -3.01172
-21.2712 18.0982 -15.891
-0.736433 0.426332 6.32031
-15.4056 33.2831 3.49907
-1.03408 -6.04086 -2.25445
-0.443907 5.23139 3.23807
0.575617 4.84499 3.28173
-1.01149 -5.87806 2.87383
-14.5175 17.3052 21.3091
-1.59188 -5.83769 -0.909008
-0.777267 -8.72618 2.35614
1.30327 2.86226 -2.59568
-14.8082 24.1976 12.1128
-1.60926 -3.28331 13.6878
-1.02833 -2.77119 -3.38225
-10.0304 16.0487 25.1373
2.04203 -24.0214 -28.9555
-0.485822 4.65795 3.34633
-2.86343 -3.03183 -1.67576
0.465462 5.5876 2.8324
1.42672 7.91808 0.998672
10.7459 4.91716 -12.6584
-6.4738 7.29705 -1.7184
-0.97948 2.03842 4.69829
-1.04789 1.08042 4.63452
-0.785279 -0.448337 4.46528
0.235015 7.37817 5.24852
-0.712161 1.41334 -1.22813
1.35292 6.62184 -5.52331
-5.40857 -9.20346 9.47585
0.987384 5.80201 3.40103
0.749989 -8.03035 -13.5527
0.674261 4.53483 -6.77622
-0.682839 2.25525 -1.29247
-1.57127 0.933414 -2.03259
-0.19927 -5.54144 -6.21611
-0.93643 5.00988 3.24487
-25.393 24.1318 57.8653
-1.23943 -4.20873 -3.54019
-0.742876 5.91753 3.84021
0.184096 6.24593 2.88688
1.06405 7.91844 3.4039
-0.693948 7.65049 5.0419
0.553378 10.514 0.571159
-0.992782 5.58222 6.83379
-46.8738 25.196 -36.8269
-0.374667 -0.467939 -5.58695
1.03836 8.68214 1.44639
-28.1093 15.3846 -17.9873
-2.18915 -4.68214 12.2421
-0.748422 -3.1813 -5.42363
-2.16312 3.32672 -2.65752
-0.0815737 9.74304 2.21732
7.11803 16.854 -11.8615
0.462434 7.36853 2.21828
-0.373871 -2.82949 3.26877
0.442071 10.3444 0.745484
-0.977125 -1.91463 6.78526
0.513556 8.92027 -1.63183
1.2611 6.44261 3.72403
-1.92935 -0.577185 11.1215
-0.419303 -5.09471 -0.362989
1.35467 4.34134 0.470095
-1.24785 -3.82003 -4.05111
1.37477 7.93901 2.24892
-2.47717 -7.47921 5.27705
-0.366398 2.77549 -4.06982
-7.36368 110.916 45.0648
-0.151862 -3.79148 -6.74884
0.0815464 5.87122 -3.259
-8.23169 21.6087 25.6043
-9.3492 -9.36492 20.2279
-1.33855 -2.61802 1.57686
-10.0979 14.8987 28.5711
-0.384578 3.57244 7.06602
-0.177855 2.94588 -4.25952
0.545526 5.11331 -3.2196
-20.3149 37.1932 17.6574
0.1759 4.28298 6.21258
-0.0600823 -0.218076 3.9466
0.801095 6.41911 3.77295
1.11474 -0.612625 -6.62074
1.60883 8.57522 1.68098
-1.00138 -4.38346 -4.61505
-4.06426 -6.98351 9.37495
-14.2589 19.251 13.9046
-1.20455 4.27608 3.10791
-69.4344 50.3068 -19.558
0.233597 5.76345 2.77518
-0.717034 4.38949 3.46041
-0.0731849 8.53033 6.64791
-10.2846 16.0481 29.2104
0.527169 2.53606 -6.51065
1.40109 1.29097 -7.05609
-0.0678991 5.52156 -1.13382
-46.6799 5.20627 22.6303
-0.122847 6.92541 1.22754
0.732028 9.82033 1.0274
-0.961514 -4.32035 -5.94372
-2.55289 2.34186 -2.36659
-0.475571 2.68196 2.10893
6.23321 21.2747 -5.02055
-71.8429 44.4649 -14.0122
-6.36009 11.0465 49.7197
-0.141433 -4.97778 -7.67033
-0.0719646 6.47042 1.1051
-9.17925 85.8 43.8063
-19.3649 13.1713 25.6436
0.743445 4.63257 -1.8662
0.63074 -4.07767 -3.47919
-1.27306 -10.6421 2.85317
-7.43209 -1.95927 -3.19286
-2.01198 -4.45225 13.1787
1.36193 8.29084 2.23446
-1.23797 -4.03338 -4.02485
-0.114999 1.57074 3.36541
2.01915 5.02773 -4.60403
0.567739 -1.7386 -3.41081
-0.439094 0.746556 -4.013
1.04726 6.13684 -4.08527
2.2317 10.0878 -2.27896
-0.985847 1.90938 1.10598
0.240756 1.37245 3.12079
20.223 26.9895 -28.9419
-11.3328 -2.04768 1.63319
-0.978895 -4.92715 -3.14722
0.760561 4.94945 1.43894
-0.16902 1.88022 3.17903
-0.972377 -5.01849 2.07603
-1.32861 3.22743 4.11588
0.184722 1.66281 3.74977
-0.460318 1.25923 9.40758
-4.11856 5.42473 0.78894
-0.775112 1.9315 11.5639
-8.831 7.75179 -1.91059
1.28836 7.3116 2.55788
-8.71095 19.4149 20.9151
0.421738 5.19969 -1.29197
13.3372 -28.32 14.0936
0.245809 4.97434 2.45382
-25.8693 24.6367 15.7632
-0.124154 2.85208 3.44102
-27.3693 9.68731 -5.72359
-9.479 3.6806 6.00317
-1.29198 -5.51617 -5.85153
-15.3934 69.5467 75.0224
-0.397931 2.17153 8.79938
0.8034 -1.92664 -6.38028
-2.55824 1.53528 0.998082
2.20401 8.41606 -2.21483
-20.2927 6.28176 4.13617
0.137493 2.48613 5.52518
0.48725 2.96089 3.69396
-2.82222 -0.398579 -0.703396
0.189477 1.31485 3.69515
9.81107 -1.10547 8.2886
0.191257 2.20443 4.33684
-16.1228 21.335 49.6287
1.64733 9.37172 27.2435
0.195461 7.32894 5.5447
0.17878 2.62486 3.72076
-6.37803 9.13705 -18.4222
0.151149 6.41021 6.48296
-1.27677 -1.90605 -1.75088
-1.34036 -3.40286 0.749647
-0.686595 5.27575 3.21225
-1.31752 -3.99322 -2.84529
-8.87634 18.5701 19.8141
1.29859 8.22538 3.45214
0.549882 8.16691 -1.44956
-0.977081 -1.36559 7.0447
-1.03888 -4.40048 -1.07325
0.204975 1.04359 3.44805
-1.28606 -4.0365 -3.76623
1.36834 8.25086 2.59421
-12.0393 78.4835 59.0749
-0.737702 1.33592 -0.569544
-13.015 30.9585 62.2774
-0.684445 2.87612 1.94076
0.490862 7.69118 -2.20762
-9.83333 7.48084 2.90563
0.992426 6.15946 3.71278
-13.3471 109.8 110.67
0.75277 7.67945 3.3312
-11.2019 37.9385 27.5741
1.32155 4.00366 0.71025
-0.462911 -4.6267 -0.0960074
-0.444154 3.36154 9.72619
1.30145 7.6605 3.36955
-1.25921 -3.42499 -2.81123
1.0112 6.46164 3.75604
1.10838 7.08637 2.20997
-11.5595 89.6569 63.5159
-0.47197 6.46229 4.9028
-18.9717 48.5489 27.5179
0.433942 6.50134 -0.641449
0.236082 7.57079 -1.87939
-8.26404 20.0644 24.383
-0.150276 -5.96456 -5.56605
-0.715985 1.89958 -1.98597
0.166851 6.75198 5.87047
-0.161484 -0.158815 6.45344
0.450074 9.85917 1.08615
0.210141 1.15918 -6.8598
0.761734 10.0588 1.03008
-0.0599572 8.26868 2.2627
-57.4624 24.9381 -16.4946
1.13069 9.83736 1.40232
-0.0517147 8.43086 2.22948
-0.175424 -6.43414 -1.08963
-0.0531246 1.602 10.5454
-0.379858 -5.86417 -3.21447
-8.53356 19.6177 22.114
-0.120449 -2.25224 -5.90734
13.9114 16.2372 -45.1569
1.29015 6.10288 3.10928
81.4148 6.55445 -50.2614
0.158348 -5.94077 -5.63793
-1.36017 -8.03882 2.97587
8.9143 3.18669 -11.1657
0.719955 7.60256 6.18883
-1.02978 1.68225 4.83109
-14.7145 19.6766 20.545
0.150661 9.72924 1.66929
-5.36595 -7.41979 -3.81968
-15.5433 7.38267 4.42763
0.144553 3.62167 3.81652
-13.9126 11.2251 9.26131
-13.3453 11.1967 9.77093
-1.05918 -0.976272 7.67206
0.513619 7.87119 -0.891843
10.6943 9.94946 52.9288
-0.125402 0.142225 -6.7898
0.523703 9.4973 1.70714
-0.485454 0.7798 4.69799
-9.55206 8.48122 -2.25947
0.760914 6.44553 2.91612
-14.8883 85.0186 44.532
1.07665 6.38679 2.54414
-0.953602 1.63829 -2.41916
14.8321 -10.0059 3.66041
1.34538 9.4745 -1.35322
-17.1691 -0.932188 -5.74979
0.548762 5.81072 -2.82174
1.78 -35.353 -27.6142
-1.20156 -3.52662 -5.05627
-0.0941871 -0.499265 7.40093
-1.00933 -1.76047 7.82389
0.534251 8.52049 -0.474923
-65.9191 -1.69313 0.207774
-0.77552 8.1669 1.74186
0.445274 9.98548 2.00207
0.185308 1.87608 4.63013
-19.0518 28.0018 19.4832
1.34822 0.844988 -5.29026
-0.171619 5.78756 7.04861
1.40916 1.05997 -7.40953
-0.0609075 5.78154 -0.747609
-28.9601 9.82629 -6.38149
0.466278 2.2654 -6.81635
-0.695383 -0.75952 7.11461
0.762477 7.67837 -1.36066
-13.4262 44.2669 15.9154
0.784492 -2.83075 -7.26192
1.32199 4.95242 -0.174635
-0.350748 8.88463 3.10189
-0.721222 -1.03984 6.58723
0.761104 7.91767 -1.93025
-0.10419 0.69282 5.78395
11.3196 14.1622 10.0369
1.0403 -0.521778 -9.34294
0.176979 -2.18895 -4.1434
1.65895 4.2762 -4.0872
1.32325 2.28781 -6.47055
-0.122767 4.61786 -1.66094
0.50313 3.53076 -5.83626
-9.45995 2.63646 -3.48284
-1.36884 -6.80252 3.66884
0.722288 0.719136 -1.05333
0.702814 2.28137 1.34696
0.427728 4.09903 -0.24234
0.528469 5.5966 2.25521
7.26918 -0.59555 -5.94327
-14.5743 60.1188 32.0568
-1.24796 8.7916 2.91758
-5.0237 0.4476 -4.68343
1.38359 3.94351 -1.94104
-12.4473 2.6103 -5.00722
-0.0670671 2.83613 -6.29308
0.449105 6.77835 1.03601
-2.21433 -2.45694 -5.32687
-0.463208 -1.95846 -7.22404
-3.1125 16.113 50.9289
0.732823 -3.15591 -9.99013
1.31871 10.4401 1.59039
-12.1319 10.4448 -8.48901
-0.143216 -3.20779 0.105386
-12.4412 12.2375 28.0427
1.61698 8.27907 1.08787
-0.73076 2.18867 11.1717
-9.12918 29.4655 33.4943
-14.6807 19.436 50.4548
-5.86064 -5.65865 -5.2437
-1.00401 -3.15919 -3.67407
-0.093984 -0.12115 4.64626
0.410179 5.44601 7.42636
-0.656853 2.47692 -1.59457
0.883994 4.38517 -6.54648
-0.0785324 4.44104 10.3847
-0.115218 -3.75996 -0.831307
-16.663 37.8855 1.11675
1.67706 6.78731 -1.02416
0.439653 6.4178 1.66974
-59.7253 30.5596 -27.5062
1.56679 8.30578 1.37421
0.238029 4.0009 5.5097
-23.5105 24.5577 11.9162
-8.1456 24.1228 25.3914
0.143477 3.43271 -2.8413
0.402428 2.61607 5.07639
-26.8973 9.64999 -5.33063
-12.3801 25.0148 -0.417706
-11.1283 10.5134 -8.04488
-0.978544 -3.98052 8.40857
0.435784 5.8365 -0.771093
-0.437917 2.86596 4.56579
0.75993 -2.5879 -10.5593
-21.174 10.9429 -9.60844
1.37371 4.03446 -6.13536
-0.156783 2.76861 -1.92673
-2.25615 23.4602 46.8576
-18.9668 49.6451 32.2062
-0.448675 1.28967 3.66652
0.483235 8.84315 2.55425
-13.8823 29.1127 55.5396
0.208696 -1.6065 -5.51665
1.66839 4.90462 -2.5099
-7.95686 8.88068 26.6812
1.02002 -2.95712 -5.04622
37.4126 -19.9768 -26.3052
-0.321556 1.39147 2.86444
0.442135 8.75075 3.39781
19.4151 -24.0373 16.5202
0.200995 1.6391 -3.77092
0.463275 -2.49407 -4.6975
15.4579 -10.1849 7.96272
-13.6998 12.4826 26.0066
-1.32984 -2.8358 2.2425
1.0628 4.24867 -2.32376
0.494985 -3.49992 -5.27741
15.4395 -10.8773 7.42932
1.18479 5.69461 -0.172194
8.96632 -1.60888 9.42447
-1.28538 -3.17986 4.90559
-0.463376 -5.26845 -4.11508
0.175274 6.18686 7.27466
1.59993 -0.587319 -5.30866
2.27025 7.38048 -2.24377
-13.0403 23.0117 48.5485
-9.1604 22.0537 10.4682
-0.0612992 -4.6287 -0.762815
-0.13619 3.56979 10.3596
-5.49071 6.24576 1.50969
-0.769649 2.96846 10.1085
0.485344 6.13296 -3.51716
-0.163104 4.53506 5.52319
-2.32712 -1.62599 0.195669
-9.75353 16.1561 26.5014
-0.0533923 4.61551 5.08174
1.33409 10.14 -0.164224
-3.85861 6.22966 0.573027
-0.391373 0.446452 7.9272
0.848275 -0.0489655 -7.34612
-0.297596 -0.682941 8.18122
1.43332 7.71149 -0.120979
-0.448483 0.14949 7.07128
-7.0385 6.35638 -5.71669
4.67818 21.2711 2.98111
-1.31154 -5.2613 -2.01713
0.581836 9.06246 -0.0971473
-1.03098 -2.14331 8.2105
-0.427318 -1.98897 -8.89144
-10.4025 81.3422 7.64446
0.749744 8.96789 -1.40951
-0.69735 -1.96271 7.00581
-118.277 118.154 2.47009
15.3493 10.2406 50.4496
-0.738695 2.33636 11.8696
-13.876 89.4963 52.3846
-0.721776 -5.73278 -2.18349
-0.386369 6.47234 1.31159
0.229341 4.91418 3.37413
0.436285 9.68879 1.95879
-13.0178 10.9846 -9.37431
0.530146 9.62016 2.43347
0.512352 6.96292 -2.28034
-7.64184 18.7993 21.1825
0.463271 0.220265 -5.28278
-2.61947 -7.56949 7.01832
-19.0545 48.8452 29.8362
-0.406282 6.6791 7.33546
17.5755 32.1048 62.1686
1.51861 7.04259 2.30471
-1.60614 -0.988603 9.7095
0.168766 -5.50088 16.018
0.214994 6.09747 7.11859
-18.7924 91.1009 44.3584
-8.74205 39.8592 30.2368
-0.631576 6.13559 2.12724
-0.148647 -3.14798 -7.34892
0.174905 -4.90595 -4.04769
-0.463807 7.34852 5.24777
0.212168 10.598 0.697063
-1.02002 -1.62095 7.1664
0.509114 9.69518 1.65804
-0.473475 0.44246 4.59307
-20.5808 29.2908 12.4837
1.6774 13.2023 2.06696
-0.178053 5.35286 7.96946
-23.6764 27.437 19.537
0.356393 5.69426 -3.55552
1.46412 4.21793 -4.03353
-0.00377833 2.4232 -4.03453
0.479858 7.95299 1.34806
0.464137 6.57911 -0.918133
-0.358528 0.123525 2.20438
-0.413947 0.0654342 6.74027
1.1099 7.34072 3.40977
-0.908759 -0.525871 -3.77573
-18.9235 29.315 12.5655
0.174114 -0.364384 -3.17278
-0.406613 -0.742565 -7.03523
-12.7424 114.894 86.262
0.238406 2.20301 -4.32689
0.485784 9.97182 1.31688
-10.3673 14.3533 -6.00266
1.2169 7.35591 -1.65897
-0.12794 -0.419245 6.79304
0.333548 -1.03425 -6.51154
1.88273 5.55885 -1.67202
-11.311 92.8726 85.1031
12.4102 11.2691 49.2849
-3.34951 0.299189 -4.44086
1.31918 6.77669 2.5984
-8.49078 20.449 -16.0304
-1.23231 -2.65712 -3.64574
-0.423529 -3.17934 -1.64948
-1.31656 5.12968 5.43299
-0.633505 6.39158 1.97086
-9.43695 8.28546 -6.91294
1.23537 5.55079 -5.22989
-0.108497 1.28827 -2.86038
-13.0613 0.288044 -10.649
-77.1708 59.2659 -44.8521
-1.05126 -3.85175 6.42577
-1.04327 -1.08268 7.82074
0.522286 8.02375 -0.591596
-0.127773 6.43435 0.268319
-17.5637 20.1537 17.4611
-0.392406 -3.3832 -9.23514
0.804039 4.94832 -1.58847
-7.71288 22.6949 24.0933
3.17622 7.13247 0.932419
0.469429 3.12489 -5.15966
-8.78249 23.453 20.4152
-0.733931 -1.91174 -1.65345
1.01715 -1.3686 -4.33696
0.148293 -0.170253 -4.95267
1.66862 6.39513 -3.15059
0.42889 6.17663 2.8449
-4.04398 42.3257 45.2743
0.842567 3.60463 -9.84083
0.756144 11.8223 -0.45228
-4.59292 -0.890187 -0.905702
-8.20053 80.6092 45.992
-0.367484 -1.30448 1.03763
-0.0850988 9.53823 2.24328
0.455092 0.188222 -7.29751
-0.0867242 7.86155 -0.0146495
1.3971 8.24953 1.94701
-1.27723 -4.14152 -4.37455
-20.5703 47.0898 32.9408
-3.74192 -1.42393 6.78732
-0.150294 7.04653 1.06697
-8.15523 40.3392 28.9266
-0.139944 6.74309 1.04468
-71.5647 -21.9904 5.41793
0.820936 9.94407 1.93651
-22.8862 18.4131 15.3281
-0.0354325 0.192744 4.2566
-15.5947 34.0659 11.2238
-0.473646 -4.64529 -3.73789
2.18475 7.5677 -1.42849
-16.4521 34.5118 24.2476
-0.0687954 -0.161002 -5.22121
0.730307 10.343 0.744472
-0.734654 -1.91633 6.73643
0.783782 8.90844 -1.60731
-0.357137 4.34797 7.19704
-8.87753 31.6369 29.3077
-14.5511 4.47004 -5.96079
-0.629703 -1.88401 -1.03834
0.279703 -3.17633 -2.53445
1.67221 3.56876 -5.58538
1.66006 9.51688 -2.20443
0.165032 2.83468 6.01245
-0.120209 3.91625 4.4318
-2.21849 -2.18719 0.850665
-1.04755 -6.64973 3.42791
1.04611 0.674098 -1.41601
-1.36302 -7.72933 2.44171
0.214807 -6.21806 -5.35608
0.851951 6.72467 3.7613
-0.450015 6.1575 7.33073
-0.16932 -1.62231 -6.02408
4.07287 12.3511 1.89592
-0.489571 5.31666 3.71894
2.07299 7.6519 0.788733
0.144346 8.46298 -0.163754
2.84756 16.2125 -2.45923
-7.34527 -1.27585 -2.92362
0.228599 3.08541 4.93656
79.7783 2.36153 -50.8532
-0.977264 2.51174 2.92096
-23.5799 25.0181 12.3989
-8.47402 80.4706 -0.236158
1.70908 10.0418 -3.34537
0.147422 3.43686 4.82902
-0.483587 1.59398 10.0633
-25.6453 30.2483 -13.471
-32.2202 24.0328 -23.2755
-39.9939 -2.64237 6.47434
0.120503 7.75278 2.485
2.82019 10.3207 -3.90889
-0.314935 1.79623 2.80463
-7.37063 -6.91803 0.725717
1.0086 5.00416 3.42605
0.157308 3.20745 4.12987
0.145323 1.67129 4.70981
-46.2498 5.36967 22.7356
22.0644 3.64526 29.8132
-29.8905 15.869 -10.5488
-0.476948 4.11542 2.72459
-0.13701 -3.40047 -5.48584
17.5771 -7.8924 21.3273
-2.12842 -3.00676 13.3608
1.12288 7.05297 2.57652
-1.87561 -5.23236 5.51447
1.93183 4.33192 -4.39521
0.492442 -2.29286 -3.67978
-0.355428 1.36619 -4.3481
1.08247 5.49058 -3.76571
0.168441 11.2203 8.48823
40.4044 70.234 -119.578
-0.758906 -2.53494 4.94731
0.44739 -1.38107 -10.1405
5.58304 21.3522 -0.139978
0.487518 -2.23126 -9.12195
0.247402 6.15922 -2.10087
-0.343642 1.98567 -5.16542
0.461848 3.21812 4.11214
-11.2741 41.7094 33.6441
0.814939 7.00676 3.79001
-0.0163485 3.16314 2.67276
-7.67395 7.6004 -1.39556
0.483512 1.99571 1.63735
-23.2313 34.5642 24.9737
-7.82456 30.085 27.3307
1.14072 -2.07897 -10.2208
-1.53452 14.3139 5.33667
16.6355 -13.6976 12.4779
0.74468 7.90599 1.31545
1.35565 9.47129 -1.6524
-1.27587 -6.65323 -5.65197
1.36802 10.9191 0.708292
0.521727 -2.55575 -3.42121
1.86506 4.07907 -4.6564
-1.25789 7.99785 3.58355
-1.32432 16.1096 12.6728
1.42062 3.52367 -2.90529
0.461684 -2.54716 -6.98241
1.04912 5.3211 -0.453101
19.3882 10.8022 -12.2971
-0.155195 -1.73051 6.84429
1.35401 8.57805 -1.59339
-22.4157 22.5406 14.3148
-6.69841 17.2468 20.6565
0.851995 6.47292 3.41103
-5.45813 16.159 48.7553
0.162686 7.35979 5.82478
-0.749833 11.0408 9.81723
0.23215 10.5452 -0.306925
1.9089 9.78829 0.509883
-27.1109 16.3018 -13.7077
-14.5679 20.7097 16.1521
-0.602944 2.81491 0.414111
-0.130149 -6.46823 -5.45219
0.791367 5.52132 -6.24798
-0.654592 1.44015 -2.05801
0.166401 4.35845 -2.58594
0.729132 5.02969 6.87642
7.749 13.8868 14.4624
-10.0544 6.21614 -7.35167
1.04935 10.3815 1.00291
-0.152319 7.97109 2.58494
-0.445539 6.51217 4.6954
-2.52689 0.0219212 -0.136535
0.144109 -2.49394 -0.25989
-0.406877 6.77513 8.87811
0.450759 1.9726 -4.93438
1.39027 10.3702 -1.34249
0.0707823 -4.51708 0.359283
-12.1633 4.78877 1.57465
-19.9891 77.4243 51.972
0.174089 -5.17631 -7.6302
-1.35332 -8.5071 4.89712
-3.37778 0.117922 -4.8324
1.68926 10.8451 0.758816
-1.03916 -6.65853 -5.53899
0.222262 6.41215 7.0098
-7.27764 -4.54591 -0.634442
-3.75863 12.5622 0.189667
-0.408281 6.87772 7.53184
1.35269 10.3566 -0.142392
0.429657 1.9224 -3.81374
-0.153777 6.44756 6.4731
7.33882 -4.54197 -1.24766
-10.0384 14.4329 29.5518
-0.399516 3.19183 7.96744
-0.153844 -2.79065 -7.87779
-1.81884 -9.39379 2.88281
0.17549 -5.16191 -3.50799
0.141174 4.09995 6.10307
-0.458887 4.39125 3.11143
-9.35312 20.6098 20.799
0.863793 6.11745 2.65563
1.00344 4.95083 2.53586
-0.688793 5.2782 1.80848
-1.58043 -0.757398 14.3468
4.72865 8.7235 46.5349
-15.7784 24.4091 17.6098
-0.0886076 1.60656 -1.87014
0.831381 7.01989 5.86555
-0.0391781 3.15712 0.494942
-0.720915 3.67682 10.5725
1.30573 -6.71596 -12.9183
-0.159206 1.08823 -0.824251
-19.3406 15.2065 22.2824
-15.6948 11.7889 7.12219
0.52589 1.33151 -5.61338
4.73668 15.3503 -9.5124
1.39377 9.66004 -1.92666
1.38189 11.2811 0.431954
2.00175 10.3288 -0.732671
-0.146614 8.21485 6.68137
0.700508 11.4685 2.96602
-0.479707 -5.09367 4.66991
-10.6746 9.73621 -4.14922
-0.333388 6.72937 0.825132
1.74097 8.76874 -0.705455
0.138221 2.30269 7.67431
-4.65397 -1.44104 0.0958506
-0.919877 6.98181 7.65611
2.16139 10.5414 0.346781
0.532941 11.6231 -0.502582
-9.18759 14.177 -3.46299
-0.431788 -2.82343 -4.07886
-1.29768 5.44636 7.97731
1.65212 1.94094 -7.63607
0.119655 -4.61571 -0.488572
0.793985 3.24175 -7.14535
17.9311 -0.181359 -3.34296
0.741881 10.9527 -0.156451
1.11073 9.73919 1.68342
7.64908 9.25867 49.6865
-1.59114 -5.44326 -4.65997
-0.456068 -1.27569 7.63872
1.04062 8.26264 -0.754366
1.08469 0.217908 -10.031
0.144588 9.68134 1.94472
-0.420705 4.66512 8.83857
-3.6386 24.5956 16.5919
-0.730721 3.7338 3.3529
-22.0396 64.6218 -15.2308
0.129711 4.98241 6.2046
26.2605 -64.5023 -3.95631
1.35632 -1.03621 -8.84347
-13.6352 41.901 18.3681
1.10333 7.40446 -2.43456
-0.163082 -0.470497 -3.76083
0.81206 9.10089 -0.133688
0.855989 0.964775 -9.52246
-19.5868 19.9284 12.6662
1.55739 5.95155 0.671856
-0.228548 -6.53212 -0.00682643
-0.189233 1.73044 9.77828
0.484238 1.37846 -2.63177
0.462182 6.73548 -1.67334
1.32751 5.57913 -2.28661
-0.120543 1.32012 -5.83746
-0.45772 -7.01693 -5.51229
1.30671 6.78538 2.22973
1.92838 13.4865 3.62634
-9.93953 88.0076 16.2573
0.224947 1.09635 -4.07038
-1.23987 -1.70018 7.68629
16.409 20.9802 61.2587
-22.4299 26.8796 17.8336
0.163855 -0.44383 -6.38278
1.75043 6.14876 -1.60214
-0.794853 -1.37458 9.06414
-7.7024 19.3942 21.7675
1.42005 2.58575 -5.20335
1.6318 10.6459 -0.114844
0.134763 3.19001 1.06043
-6.05577 12.3732 -1.0629
-0.678245 7.0127 5.24256
0.134621 1.65611 -1.35397
-0.62821 6.09705 1.90579
-20.8609 4.01362 5.87019
0.167556 3.98416 4.27658
0.181898 -1.24978 -2.83146
1.06922 -1.82525 -6.65929
-0.169596 -6.19939 -4.62204
2.74388 6.17426 0.635859
-0.474008 -0.0919247 8.25404
1.09646 7.18859 -0.0560768
-14.5617 85.8903 12.6654
0.450598 3.10119 -4.37433
1.40618 2.04279 -4.8088
-0.0866406 4.87226 -3.13209
81.2389 15.6813 -43.3321
1.00836 2.57293 0.424166
-0.774816 -3.2818 -0.567449
-40.652 28.2678 -25.8789
-0.997457 -3.07213 8.20102
0.517915 9.9884 -0.138413
0.119164 4.82092 -5.20133
1.07171 3.73489 -5.7896
-0.38024 3.12883 -2.29738
0.704472 -1.99785 -3.42008
2.23496 4.5975 -4.67153
0.348118 -3.15256 0.163754
0.276309 11.0421 0.127444
-0.683843 -0.782304 -5.72126
-0.0761425 -0.500572 2.52161
-0.426968 6.46476 4.25959
-0.0222745 0.408442 -7.70227
1.44111 6.47495 -0.429434
1.36501 7.97362 1.96971
5.22545 -2.95481 67.0491
12.4367 19.9888 54.4376
-20.7353 16.2944 16.0008
-0.509166 -0.0856275 2.80564
-0.412077 -0.458824 3.1578
-0.668153 -1.95104 -3.74854
0.329811 -0.685725 -3.51983
1.91771 5.86897 -4.64529
-21.0755 -3.76677 8.07514
0.0569093 -5.13685 -6.56233
-37.8603 25.3591 -11.3244
-0.763539 -1.35429 3.61648
-0.773008 -0.0452436 7.01614
0.753156 7.07463 -1.3441
1.30286 -4.47523 -4.37751
-21.0606 30.8379 20.0985
2.95252 2.28724 -3.88285
0.735853 8.53705 1.02139
-21.2355 24.1723 8.49912
-19.9821 -8.17606 6.27541
-0.136162 1.58751 5.22866
-15.4405 42.1895 -5.65181
0.295639 7.36676 -0.0872129
0.224854 8.93296 2.32409
-0.456654 0.443598 -4.96528
1.07115 6.43697 -3.17636
0.153759 0.633864 5.52845
0.834002 0.30257 -11.5669
-0.606686 -1.65087 6.12757
0.827089 8.50706 -2.22658
-0.151884 0.129257 6.15107
0.169547 10.0968 1.07526
-0.707567 0.164918 5.22864
-0.932846 5.51027 3.65551
0.215496 -5.23531 -11.4899
0.47544 -4.62326 -6.20765
1.09419 3.07593 -1.26588
1.06171 4.61046 1.09901
-0.464631 -5.94739 -4.42474
-18.1457 14.9227 26.3482
2.16301 5.86411 -4.6549
0.801854 -0.770193 -3.44504
1.05123 1.04643 -3.44971
1.06166 0.0622774 -9.65069
0.165729 -5.43676 -7.39382
-20.2734 30.3648 20.4351
0.82336 2.32649 -0.0753243
0.220026 -3.77878 -3.12611
1.66444 2.78818 -4.94759
0.749645 1.87165 -7.68649
-10.1261 12.6521 -4.47819
1.31086 8.49965 3.13628
-1.27297 -4.35866 -3.14244
0.514019 4.3345 4.45577
-7.55724 5.38633 -4.17051
1.57691 10.9067 5.24359
-6.952 -2.49393 -3.35189
1.66018 4.49458 -2.90342
0.14439 -1.90451 -4.95836
1.64015 4.60563 -3.07768
0.157653 3.80033 1.55601
-0.699138 6.49832 4.70397
0.142066 2.18608 -0.71676
16.3238 -10.6342 9.34369
0.473741 -1.96406 -3.75915
1.93873 4.75817 -4.24594
0.803875 1.66421 -6.46267
-0.350728 6.68132 6.73127
-6.43917 0.0489801 -0.589147
1.70501 9.45772 0.766729
-1.00322 -5.19199 -5.56986
0.439816 2.29935 -4.98461
-0.401589 6.48474 8.97179
-14.7851 50.2351 33.1191
-19.9097 55.233 36.3356
-0.170798 5.2993 7.72423
-0.999499 1.56253 0.791232
-4.5397 -6.65989 6.96167
0.119419 4.61787 8.42681
0.451796 5.53641 5.53515
-0.161784 -2.23919 -2.62394
-10.072 14.6941 29.8905
-0.3693 3.21762 8.37987
1.31479 4.92613 -0.456291
0.817876 -2.90409 -6.99205
-10.2069 9.81733 41.8662
-6.86468 13.0409 -1.31229
0.156202 -3.78254 -9.16731
-23.2437 23.914 11.5312
0.446649 4.59504 5.90522
-17.0369 8.36968 -8.93081
0.243922 4.00483 -5.60747
-0.390475 4.0107 -1.95825
0.16988 4.39172 5.55327
6.68212 -9.84141 8.82474
-24.7358 18.5429 19.1593
-12.4567 69.2687 9.06773
-4.14701 5.84754 1.25216
-0.647324 0.197476 8.75782
-12.6856 26.3095 19.8359
-0.971354 -6.79076 -5.00859
-0.114439 1.43171 5.95494
0.063123 0.661248 -1.86258
-8.17735 26.7242 24.3731
-11.0714 0.855255 -5.28052
-21.0932 27.0473 17.8936
1.36187 -0.80497 -6.48374
-0.0479943 -3.93126 -11.7693
-21.5216 23.3373 15.9604
-1.03324 2.35281 1.69051
-1.0379 -9.46388 21.5563
-0.391117 -1.03819 -4.91945
-0.684934 5.07086 4.9756
0.885157 -2.88422 -8.52463
-21.6884 29.1042 15.8768
-2.76535 -1.2607 0.188702
0.11389 5.25753 1.30166
0.163823 3.85115 -1.02864
0.228536 2.50348 4.3994
-0.142557 -1.62113 -7.07905
0.202322 1.86624 4.34402
12.3837 8.88992 -22.1944
0.504022 6.76261 -0.470612
-0.932821 4.53453 2.89102
-23.783 29.1308 11.2767
1.49751 5.79902 -2.19873
-0.0953369 0.962853 -5.83306
-0.423954 1.61098 5.50526
0.530607 8.43885 0.696039
0.720464 -1.37943 -9.693
1.26783 1.72423 -7.80853
-0.119322 5.2892 -0.167794
-0.0799501 6.64442 2.14553
-0.462709 -3.65169 2.48426
-22.4856 27.3184 17.4643
1.63473 5.43765 -1.3222
0.136916 -1.0681 -6.71192
0.813499 6.73424 -0.753918
-64.6363 67.5517 -16.156
-0.137097 1.8328 4.60902
-1.0777 1.40469 8.47989
-0.483776 -3.78095 2.72131
-39.3598 18.4733 -23.2853
0.393882 -2.53897 -1.69096
-1.70369 -12.0229 0.913965
0.453856 6.19671 -3.76066
-5.83289 10.1108 45.6498
-21.7213 3.56655 6.16595
-1.30418 -5.04712 3.44487
-1.2835 -5.1384 3.26858
-9.7446 15.3626 2.13116
0.410411 -0.531784 1.84449
1.32266 -5.81745 -11.31
-33.4638 31.9201 14.2501
-1.52301 -5.68978 3.26786
1.06775 1.28637 -0.799123
-1.02528 -7.40504 4.07671
-0.460861 0.204685 3.26628
1.02745 4.00422 0.735925
-0.652588 -4.69097 -0.188867
-0.726831 3.4273 9.74727
1.04922 3.44478 0.177019
-0.768242 -4.06641 -0.808042
-0.705896 1.05174 0.519303
-19.6274 30.1814 13.6156
-0.732397 -0.401559 2.18744
-1.27015 4.74171 7.6587
-0.980159 4.64975 3.30825
-19.2938 48.9584 3.1952
-0.465284 -3.77911 -3.672
-0.479804 -3.62974 -4.60338
-14.5721 11.8604 43.4447
0.172986 2.47712 2.20632
0.0882734 1.09216 -0.212975
-1.08171 -3.4549 -3.93743
-1.6858 -5.58741 7.43682
-8.54207 22.6427 22.2729
-0.407379 -2.85062 -3.41463
-43.8645 25.6127 21.4784
-0.405823 -0.729319 -5.76162
-0.942415 -2.54839 -4.08163
-21.1722 13.5409 3.1955
-0.107658 -2.48463 -1.37232
-5.6778 16.3259 18.7614
-21.0855 21.6743 12.5796
-0.0136799 3.33119 7.53973
-3.37411 9.02889 0.071431
0.79677 -11.0708 -18.5829
0.497159 -0.98695 -9.14882
-13.3641 25.4685 18.9707
-5.24497 -0.210719 -0.262796
-16.9218 55.3682 12.0115
0.517101 -2.31314 -9.746
0.249869 7.75682 0.797948
-0.316143 1.97641 -5.82439
0.211125 6.22445 -1.57229
-0.413577 5.6366 4.6573
-2.53179 -8.81925 9.61737
0.744534 -5.30851 -10.6825
-0.338266 -0.105985 4.57566
1.01649 7.04324 -3.72119
1.94341 5.90549 -4.3546
0.474108 -0.710637 -3.61246
-12.3763 7.89867 -2.35232
-7.64605 10.3584 -3.73321
0.76007 -2.16121 -5.19479
1.06488 8.63906 -8.6552
-13.0552 66.0314 6.78562
-10.4391 37.8422 37.6209
1.45049 7.09456 0.214793
0.535393 -0.155893 -1.66932
-23.3093 27.0675 17.5542
0.732596 5.89148 -1.40678
-1.03431 2.24775 9.14132
-7.68386 -9.87305 -0.347714
1.35791 -2.54858 -10.0335
-13.2454 107.634 83.9614
-0.794671 -4.34431 2.0088
-8.25264 114.934 93.1091
1.009 1.94479 -0.410604
-1.71621 -8.71194 6.40123
0.455773 -5.72477 -6.96516
-0.145409 3.78995 9.09394
-0.498838 -1.97153 6.75354
1.11038 8.85221 -1.58247
5.29974 95.7039 119.252
-7.05084 -4.54627 -0.63405
0.438401 6.44101 6.98383
-8.45431 2.24079 2.51245
0.158823 6.15877 6.38833
3.54404 0.214254 -23.7927
-2.44748 -11.4944 3.04052
-0.311994 3.43831 -3.70296
-9.06134 15.491 22.059
-37.3536 8.16419 22.5372
-0.364339 -2.60516 3.99992
-2.17108 -7.32037 10.6657
-0.098218 7.02874 3.73489
-3.05775 -29.3961 -0.152495
-21.4606 22.982 8.01478
-0.347058 6.71155 6.44501
-0.158425 6.70199 6.46989
-0.150062 6.66401 6.75703
-100.676 91.73 -54.1403
0.23624 6.50936 6.72951
-6.65443 -4.77781 -4.56158
0.738816 6.36448 3.13992
25.673 -4.67971 -13.6267
-0.925162 4.87968 9.55099
0.486736 5.42468 7.02436
-1.95292 7.6717 4.29489
-1.36404 4.44066 8.64542
-14.5066 8.10394 -8.64456
-1.04413 1.61763 7.10189
-0.437127 3.78192 9.19423
-10.316 10.2692 42.6338
0.245022 4.27732 6.41298
-0.18535 1.98532 9.12547
-21.6705 22.7823 15.3703
2.27993 6.12921 1.12124
-1.06219 -0.170021 8.49093
-0.414366 0.257887 8.76735
-15.7371 2.06358 -11.0521
-55.5431 56.7304 15.5904
-6.48138 -7.61133 -1.70378
0.969578 7.30468 -1.39304
-0.426238 -0.408798 7.12652
1.02297 -2.23949 -6.11295
0.0411279 -4.74912 5.6939
7.35159 13.7481 48.0491
-22.8754 29.7642 18.9492
-3.02827 -0.507898 -0.352431
0.158307 2.79181 4.05107
1.59913 3.73005 -2.00432
0.155351 -2.88222 -6.23087
0.788596 -1.07489 -5.95707
-17.1795 88.3922 53.0752
0.5057 5.59543 6.41432
2.56703 6.79275 1.44664
-0.730313 -0.79787 8.88083
-0.922685 5.72496 8.70714
0.951799 -8.97374 -14.8053
0.191713 4.97427 8.46088
-14.5469 76.7385 58.139
1.05606 3.76741 -5.53672
-0.418382 3.1507 -2.45962
-1.35477 8.00882 3.63185
-0.101981 -1.64683 1.90455
-0.0982556 -4.11834 -3.37093
0.171544 -4.02191 -7.93783
-19.0069 33.9792 15.8917
0.774779 10.621 0.120679
-0.463198 7.53894 3.49908
0.761949 6.96508 4.67899
-1.97496 0.843688 0.241246
-0.0914983 1.66013 -0.75595
-0.987865 -4.92892 4.89262
-3.66197 -1.09602 -1.27951
-10.366 2.97508 -4.82755
-2.20291 -6.37039 5.25676
-0.741331 10.1824 7.81296
0.185295 7.00794 5.26171
0.877882 5.3512 -6.60557
-0.741449 1.54828 -1.23837
1.04026 2.77313 -0.517568
0.567141 -4.91957 -7.18761
-0.349019 6.67438 7.08487
6.2397 -5.27868 2.84673
-0.147923 -1.97335 0.210791
-14.8872 50.8842 7.28214
-0.0339104 9.9684 1.04605
-21.5513 13.6667 -6.56296
0.433287 2.27265 -0.444172
-13.3502 4.39765 -6.36764
0.245331 11.784 -0.575351
1.57557 9.08044 4.86512
-1.04799 -5.01478 -1.32891
4.69361 13.4701 48.0723
0.449301 2.85968 -6.4884
-8.62601 43.4977 17.1827
-0.361231 1.85291 -4.95623
-1.93554 5.32601 3.03358
-4.07943 -9.23277 11.118
-12.079 0.209109 -10.8504
0.739319 -1.05787 -3.1029
-8.26851 24.647 29.7294
0.467046 6.8031 5.93875
7.87621 9.25819 49.687
-1.33762 -5.48866 -4.72216
1.4348 9.70819 1.59261
1.12088 7.56992 3.64316
0.241267 8.23859 4.08738
0.724315 -0.475608 -0.736095
-9.43121 27.2823 22.3313
-0.439567 6.42033 6.75778
-2.48297 -7.86609 7.65467
-46.8179 14.9183 18.1406
-1.37065 -3.66798 -1.04177
-16.0806 26.9423 13.3706
9.67263 5.38431 3.81441
0.143479 10.1159 0.805829
-7.40128 13.9134 45.4579
1.34956 11.2296 -0.164253
0.444029 2.89899 -3.74402
1.35165 1.61046 -4.3606
-0.0562871 5.18172 -3.78334
0.413863 6.50064 6.74763
1.04412 4.59469 -5.23602
-0.460242 2.28054 -2.85973
-1.23606 -3.54169 -3.47217
-0.452882 0.801889 -3.65527
1.06874 6.13924 -4.32371
-1.26512 -2.5256 5.15682
-11.514 23.8336 18.0478
-16.3261 72.4967 48.5566
1.04557 4.89973 1.64654
-0.978192 4.318 3.10554
-14.3474 60.1183 32.0572
-1.02116 8.79124 2.91797
-3.12258 4.27839 -1.34675
-18.7455 21.4211 15.1089
0.228476 9.39463 0.708628
-0.729087 0.105078 8.47663
-110.475 80.3091 -53.3558
-0.740322 6.06279 3.86032
-12.5453 105.642 94.4286
-10.6202 15.2625 24.3195
-0.960513 3.72477 2.83424
1.99463 11.0718 -0.430275
1.9161 9.68165 -2.51888
0.489244 3.10241 5.78991
-6.67603 8.17969 -2.31026
-14.256 17.8712 14.7912
-29.5253 -10.4891 10.8066
1.91624 7.34019 -1.64835
1.339 -0.34483 -5.81464
1.52731 0.723724 -5.06797
0.109159 -5.83741 -3.13544
-0.280084 -1.98001 6.78411
1.36357 8.82568 -1.63892
-8.97069 16.0854 26.7499
-3.17253 27.7869 10.6769
-1.26641 -6.17492 -5.54454
1.33687 10.4302 0.766089
-6.06044 -4.90525 -3.70427
79.3156 7.90404 -40.9933
-44.8748 39.4405 26.7724
-1.24904 5.04005 2.16085
1.9366 7.01851 -3.38203
1.16907 7.95896 2.55459
-0.0523226 -6.72082 -3.9946
-14.6346 42.4686 -1.03548
1.65711 5.24951 -0.822575
0.250906 -1.40014 -7.31555
0.769748 10.6043 -0.784959
-0.773014 -3.88694 7.7337
-0.0640629 6.63915 8.44912
-23.3434 15.1105 24.9467
-0.72289 -3.22085 -1.627
1.37871 9.74458 -1.32573
-115.715 5.7257 -22.5093
-0.484858 -6.0843 -4.99275
-36.3845 17.046 -23.2477
-11.3073 85.9076 13.1241
-1.0996 -5.37614 -6.05438
4.21826 36.7584 -16.7777
1.71967 9.40617 0.174816
-6.40163 17.8184 21.1521
1.32694 12.6334 1.38076
-14.2401 14.568 25.3876
0.450043 2.84331 -4.65989
-4.32483 12.6403 2.80641
-3.0536 107.266 38.9198
-0.443411 -6.45 -5.02272
-1.00704 1.46977 -2.45175
0.719237 -1.16013 -5.38136
-0.426438 1.29885 9.94028
0.742096 2.57057 -6.49044
-7.06476 85.5225 51.0126
-1.34067 -1.61923 6.64647
1.96621 5.99642 -3.01535
0.507062 -0.777849 -4.99221
-0.369558 -0.241267 5.75869
1.02627 7.11893 -2.60161
3.76112 11.0846 3.85601
-0.132546 0.839828 2.69558
-10.327 15.3709 2.76877
-9.36388 79.7823 44.2853
-22.5839 34.434 22.3803
-6.37732 -0.52286 -3.48046
-0.603145 4.98935 1.83547
-17.2379 29.6721 1.71559
-21.904 35.2062 12.4095
0.242412 7.41174 2.00128
1.06822 7.05399 -2.26244
-0.305996 -0.0212537 6.18647
1.63812 4.07955 -4.65681
0.133611 -2.67638 -3.45524
0.813 5.26939 -3.99996
-13.2982 48.7632 19.3786
-13.5538 42.2551 19.1402
1.00988 7.05367 -3.13592
1.29609 -1.27787 -8.26105
0.757792 5.80878 -2.19784
1.01846 8.83393 1.5995
-15.0934 48.1896 9.18734
-0.186929 9.53242 1.87843
-0.83841 21.4673 6.44591
-199.452 10.2723 5.62271
1.94059 11.6552 -1.84763
0.431024 4.96271 6.55522
-23.2418 23.6572 11.0328
-0.372772 -3.21822 -4.00738
-5.18822 -5.63991 -5.48928
-0.410344 -0.397522 4.47361
-5.49458 120.142 67.1366
-18.3683 26.4483 12.8413
0.524694 4.39369 3.09536
-1.63821 -1.96995 13.9323
5.24896 15.843 52.2983
-0.422819 12.9176 46.154
1.97952 4.39312 -6.19115
0.438455 -2.24482 -1.98711
-3.68232 7.69679 -1.22401
1.87183 4.99299 -3.08073
-1.34548 6.987 1.8455
1.0557 5.02632 -4.06618
1.84388 3.71569 -4.62841
0.494465 -2.82203 -3.36029
-19.6526 24.0185 15.5952
-4.07638 7.173 -1.07346
-12.6199 31.8659 21.8092
-1.33638 -5.31984 -4.42993
1.43999 9.50324 1.87596
2.31047 -2.1051 -9.01491
1.34124 9.81973 1.38703
-69.3711 -14.1832 -13.178
-18.2246 -7.96239 -0.505565
-0.400565 1.5391 6.08523
-8.54149 27.2168 24.885
1.35694 4.26654 -1.70358
-0.0822142 2.63218 -6.50355
4.56298 10.0573 -9.2628
0.790307 -1.40809 -9.1376
1.06191 16.2211 -7.63371
0.538348 8.68285 0.148338
-0.186303 12.5729 16.1626
1.45494 6.12853 -1.3775
-18.6706 2.66192 -6.13545
-11.8396 65.2446 37.942
-24.9363 -0.431442 7.63482
-0.191185 -2.26945 7.65051
-5.61784 -11.5304 14.3302
1.33468 9.14464 -0.749855
-57.1791 30.5976 -28.712
0.141247 -2.18148 -4.30663
1.62293 4.39212 -3.68958
1.31201 7.33813 2.29803
19.9822 22.0727 56.6053
0.486613 1.3785 -4.62986
-5.19734 9.17727 2.24896
0.752868 6.77086 2.76479
0.116977 -2.85478 -3.20659
0.743805 4.91232 -4.36834
-0.421328 0.267822 8.33816
-0.969116 -0.246833 9.27041
1.04317 0.975374 -4.13369
-1.04751 -0.229399 0.439334
0.434876 -6.16873 -5.36408
1.05841 1.64348 -2.30157
-1.07484 -7.60127 2.56581
-13.9269 91.0232 21.2406
-5.51993 2.68302 -2.21272
-0.0863481 -2.88272 -3.62526
0.796562 3.73721 -3.49571
-1.36028 -9.70411 1.47116
1.63268 2.5873 -3.92409
-22.2022 30.5934 20.2707
0.279116 -4.15995 -4.00471
-3.1313 4.83356 -2.02853
0.217501 7.03938 0.831823
0.186804 5.53206 -1.54056
-0.702113 3.18506 5.60642
0.173068 -2.20408 -1.30172
0.726361 1.53288 -8.12391
-0.367402 6.91908 1.2069
-46.9067 5.20663 22.6299
2.22303 7.10615 -2.26699
-9.47194 14.9546 9.97839
0.73363 0.146267 -9.31052
-0.0370122 0.365212 3.90017
-0.456675 8.4353 1.30016
0.75203 9.66947 2.17622
0.79052 -1.67888 -4.34029
0.190175 -0.141496 -8.19154
-1.03621 -3.7193 -1.95447
-3.41934 -2.48861 -0.145711
-0.933443 -2.26298 -4.29429
0.195278 -1.00752 -3.97801
1.19028 -1.6039 -7.81913
1.45357 0.634731 -7.13001
-21.1616 30.9274 12.2985
-0.169145 6.66365 1.23995
-14.9233 14.5077 26.7591
-0.488501 5.47159 3.65912
-0.966041 3.84295 2.51632
0.253316 6.0158 2.67562
-10.6941 63.3363 27.2364
-0.73313 3.99486 3.75182
-7.86886 8.0192 -1.70774
0.150257 1.75985 2.02118
-4.67204 -3.65293 0.359878
-0.133239 6.15603 0.473634
-0.864299 1.00862 10.7816
-21.1205 30.5443 11.2512
9.99167 4.87421 2.21286
-0.680932 8.40252 4.49858
-0.964215 1.65748 0.948271
2.25093 10.2052 -2.38347
0.782889 -3.55643 -10.3701
-12.0662 65.245 37.9418
-0.0712478 3.25482 -6.53666
0.436797 4.94929 -1.06518
-0.667267 5.84228 2.01068
-10.8425 8.74017 -2.7209
1.04067 -0.220129 -4.17166
4.39625 15.9816 43.5677
-10.0221 9.04742 40.5759
0.545647 -3.16745 -10.3241
14.9781 30.0699 61.569
0.710826 -4.05101 -4.95863
3.06337 27.238 0.361713
-0.0473233 -9.55937 -14.7966
-7.58995 65.5846 40.0126
-6.70867 14.0593 12.2336
0.467925 2.90879 -0.413175
0.490142 0.769313 -3.84716
3.7447 6.4125 -11.1425
-9.63519 0.394962 -4.10188
-0.0904716 -0.340702 4.95389
1.36081 7.33042 -3.48264
24.2962 -3.7885 -9.03055
1.05648 3.51423 -1.36709
0.525076 -4.35625 -6.07034
0.198881 2.47061 -5.3562
2.53381 5.76839 1.40803
-0.414946 5.85273 4.05507
-12.152 27.0505 -4.09577
-0.154474 -1.70842 -4.88729
-1.02165 -4.92802 3.11818
0.750742 1.00551 -8.23864
0.81487 0.0972237 -3.56693
-0.31474 12.6347 41.6014
-0.132819 3.4614 -4.03273
1.46137 3.5132 -3.99378
-7.81631 23.1684 19.4539
0.411725 1.28391 4.07828
10.0876 37.6753 -4.959
-0.674949 6.11789 4.28803
-25.3484 19.9554 15.9787
-7.98125 25.2067 26.0148
0.461017 2.24077 -3.51608
0.515528 6.17581 -3.08978
8.0445 26.9442 61.1604
-0.74176 10.145 7.11191
4.06235 73.0644 -40.3202
0.44666 -0.963833 -4.01275
-0.346484 7.04951 1.02866
-1.0447 -8.84044 2.72094
-7.49353 24.8771 24.3645
1.08096 2.87579 -1.95513
0.430955 -4.91194 -5.48516
-0.310397 -8.52831 -14.219
-33.1643 8.20518 4.90823
1.65001 6.0878 -2.02454
0.210083 -0.47264 -6.11296
-0.661732 -0.398728 7.17661
0.751331 7.2919 -1.37207
1.03875 -1.15647 -10.0617
-0.416568 -4.57022 -1.14543
-0.101117 -4.22352 -4.53198
-0.11724 3.71956 7.06094
2.25545 7.81872 1.68086
1.63209 9.12084 -2.52485
0.142948 2.47767 5.76911
-0.117015 -3.73877 -4.95536
-0.13512 1.08056 6.26665
-100.039 16.9764 30.0696
-12.7465 2.70027 23.9467
1.0721 -1.40464 -7.08187
0.175357 -0.154129 -7.59537
1.64142 6.45472 -0.443231
-14.488 1.36366 4.35537
-1.6121 -5.43124 -2.4861
-1.10448 -4.60162 -1.23799
-0.715159 -5.72536 -0.814256
-0.741332 2.27485 10.3499
-17.8668 34.4054 -2.27899
-22.0099 4.46807 -0.563703
1.86477 4.61336 -3.0891
0.551619 -2.00662 -5.00303
0.614058 2.82822 4.99166
-14.0338 50.2544 2.57055
-0.710105 3.48513 8.49826
-9.85074 15.8388 28.2935
-5.41297 1.55535 -8.71846
-0.126255 4.2629 6.73589
-1.94953 0.907306 -3.33135
-0.416719 -5.52953 -4.60317
0.310735 -6.56982 -4.25652
3.96135 -14.7886 3.206
-1.67838 -8.29924 3.86483
0.429457 2.32753 -1.10952
-6.7376 9.71746 29.9542
0.822446 4.56996 -5.49924
-1.02532 -6.43537 -0.824312
-0.954122 1.61962 10.3154
0.126071 4.68958 -5.24882
-8.2702 30.095 31.6283
-0.15416 -3.3539 -3.54776
-2.13354 0.747078 -6.48412
-19.005 38.5764 1.52386
-0.735309 -5.93987 -1.55119
-23.5099 11.6928 11.4945
2.20529 9.62552 -2.94139
-17.7237 79.3072 99.021
1.37541 9.67528 1.9395
-5.26986 9.26235 1.50515
0.885623 6.76649 3.51097
0.291367 5.71444 -1.39539
-27.7459 2.07079 -0.222639
0.454615 -2.54435 -10.0081
0.217745 7.45708 1.04963
0.147186 8.51931 3.4264
-0.133655 -2.32855 -3.74441
0.846509 -11.135 -16.0121
0.703714 1.7701 1.54145
-9.99296 27.9251 23.4524
0.704794 -3.98663 -12.4101
-0.78954 -1.56382 0.416723
-1.03548 -1.08209 1.97147
-1.62073 -2.46864 0.534188
-8.93613 -0.938014 -3.15363
-4.01803 1.35821 1.84991
-15.458 46.7449 28.2603
4.65823 7.19204 -3.94452
-0.716627 -1.37406 2.13035
-67.6518 12.3569 39.0834
-15.3021 50.4913 6.55107
-0.714888 -2.24483 1.13082
-36.9607 32.9792 2.32646
0.145901 2.19553 -0.472832
-4.57971 -4.46124 -1.84212
-0.717782 5.63244 5.79674
-8.2242 72.383 47.3974
-8.80549 39.0434 33.7634
-0.735208 6.51073 4.25247
-8.50773 21.0622 24.6767
-0.417471 -4.36653 -5.88504
-10.3926 79.326 52.5863
-0.453525 3.73553 10.6769
-0.396424 -4.31873 -1.10316
0.407988 1.70374 2.86051
-10.0157 27.964 34.4732
0.736996 9.75483 0.04741
-0.371082 8.47855 3.44964
-5.98994 9.42609 -1.20989
1.03907 -0.155106 -9.16402
-0.147247 0.423036 6.06664
-10.7776 80.1693 23.0147
1.70429 7.0509 -2.80595
0.116976 0.424639 5.51225
-0.815859 -1.27639 6.08281
0.774628 8.27532 -2.28523
0.528005 7.13825 5.63488
1.16194 5.28163 -6.44174
-0.465008 1.68137 -1.59066
-0.764298 -4.94936 -3.22676
-2.50039 6.94996 3.72828
-9.52339 10.1164 5.56885
0.770242 4.92016 -4.96216
-1.02638 -2.49466 5.72697
0.882811 -5.07904 -9.5221
6.21282 8.23551 4.57568
-16.3296 18.2594 20.0352
25.0518 16.5407 10.8777
0.412887 -2.79518 -1.6484
1.0643 0.270213 -16.7983
0.519695 4.9577 4.98704
-9.7781 10.0952 -4.33677
-1.07886 1.14432 12.6739
-0.763812 1.39439 4.38831
-14.5777 7.61798 -2.82627
-18.4385 26.8657 18.5684
-2.82453 -8.30089 17.4932
1.64306 9.42832 2.23943
-0.984591 2.0068 -0.908971
-8.48216 19.5997 25.3506
-0.477522 -5.79453 -6.33222
0.158612 1.03537 4.67753
0.421294 3.75846 5.27401
-0.378587 6.50061 1.05198
-0.459342 5.88567 6.95632
0.648232 3.75798 5.27442
2.31303 10.4313 -3.18999
0.426862 5.35382 7.04045
-2.60961 23.8284 -5.42591
1.3796 7.60916 1.60365
-8.87485 7.37691 -0.908027
1.25638 32.5302 -11.2333
-11.5471 9.69483 -4.85871
-1.35719 -4.85475 5.54355
-8.27157 15.6716 25.3978
-51.7361 9.63538 3.55244
-21.7838 23.8179 12.2655
0.23938 -12.9159 -18.86
-0.747572 -0.536554 -0.981022
0.200242 0.458714 -5.88907
-19.299 38.2812 13.9363
-20.6167 35.8367 8.19057
-0.171496 6.44969 7.62827
-8.53514 33.8041 29.8028
-0.343241 0.179212 2.06571
-0.363065 -1.31376 0.704761
0.7184 3.21574 -3.74516
0.238664 2.8684 5.25891
-18.2311 50.3436 11.4203
-0.148667 -2.26363 -6.50764
-1.37891 -8.00681 2.32294
0.235213 -5.86174 -4.95147
0.320273 2.82743 6.77776
1.98973 9.42601 -1.69242
-0.450831 0.10021 9.48128
-1.66167 -5.68744 -1.51166
-3.65078 100.572 36.3195
1.43634 8.27731 1.67396
-1.01312 -5.9488 -5.53265
-6.47148 17.2464 20.6569
0.511476 -1.55171 -5.2311
1.97428 4.87065 -2.70984
-1.30833 7.19762 1.51835
-1.33211 -5.51055 -2.31003
0.172111 9.80496 0.441636
-0.973583 8.65373 3.03322
-13.6304 35.1799 60.1555
-2.66613 -6.01302 7.10296
-12.6488 8.66364 -6.57192
1.53187 10.7445 -2.59711
0.170575 4.06917 5.79891
-13.9855 14.6314 2.89062
-1.05486 7.52488 1.42757
0.0915231 2.51768 7.74266
-20.2745 14.3835 11.1548
-7.28332 7.31292 -6.56252
0.165209 6.08437 -0.0759096
-7.01842 88.1909 49.5371
-12.3811 -15.0156 -13.918
-13.0651 55.9493 40.9332
-15.4518 9.93223 5.62752
-15.3386 26.339 24.2402
0.180576 1.03009 2.58941
1.93592 9.16757 -1.05049
1.08285 0.807761 -4.62866
-2.23777 0.241738 7.17159
-118.311 74.6618 62.961
0.789407 7.95643 -2.57114
-0.738146 -1.0316 5.77501
18.3693 -12.3339 -20.7861
0.48533 -0.349347 -3.41375
1.99883 6.0877 -4.56849
0.437549 2.80516 -0.981192
10.4476 -0.802513 -0.504571
1.25395 -0.758474 -5.19763
-1.95992 -3.83604 2.44745
-22.3375 37.404 21.0768
1.92349 7.05837 -2.28254
-0.158276 -1.33252 -6.75018
-36.6597 33.3926 15.0603
2.10921 4.32255 -4.39678
0.708247 -2.23924 -3.66964
-0.767092 -11.4753 1.02578
-16.6571 71.6203 36.8789
-0.0921109 -4.05363 -7.98199
-79.6961 81.8725 -7.74689
0.710024 3.80525 -3.98258
-20.2538 47.4012 24.1572
1.68846 0.431001 -8.84604
1.3613 2.7509 -6.73741
0.201234 2.2 -5.2281
-0.469681 -6.11337 -5.59393
1.88696 6.52583 -1.98416
-24.115 -0.22145 3.9366
0.431839 -0.17135 -6.15235
-0.432753 -0.773612 7.05982
1.1222 7.59968 -1.36543
-9.04383 -4.29276 3.58273
0.902964 5.57124 -1.9759
-0.342381 1.37539 -6.15969
-19.0083 54.945 39.275
0.465481 8.06527 -3.0394
0.883625 -1.94621 -6.16684
1.60616 6.2208 -0.143958
0.196399 -0.530524 -7.98019
0.448905 0.474313 -7.31138
0.460687 -1.08089 -2.83148
-8.22143 9.30689 5.77643
-10.0265 67.5282 38.6711
-0.13939 0.179872 5.85003
0.74401 3.42831 1.33011
-17.4486 65.9428 49.3185
0.33927 -1.30053 -3.96154
1.95405 5.18524 -4.03955
-10.2995 36.4881 37.7431
1.32614 8.59034 0.100169
-1.22926 -4.47968 -6.13103
0.947028 -1.36463 -3.39402
-12.039 21.8439 38.4536
1.66873 8.33008 0.0957088
-1.82762 4.40276 10.009
1.03371 -0.776248 -4.64657
0.434992 0.472716 2.27294
-13.3143 17.1324 47.4788
-0.748533 3.76081 3.73855
-7.59686 1.07019 -11.1839
1.11563 0.643433 -5.66583
1.28226 2.54012 -2.05031
-0.0925949 4.46293 -6.21179
-6.97232 25.0556 24.3958
0.464701 9.16098 0.511494
0.757535 -0.682003 -9.34663
2.26072 -0.604917 -6.20091
-0.454609 4.85143 0.0933712
-1.23542 0.217526 1.16119
-2.78299 6.77838 -7.21156
-100.653 23.5219 -56.0273
0.75482 -3.2392 -12.6361
-4.84577 11.0885 -5.01683
-15.1981 37.4039 18.2466
-1.03246 -3.76983 5.58813
-19.3148 19.3867 -10.4974
-20.8752 70.4702 78.1998
1.06799 6.17352 -3.73384
-0.308702 0.761259 -4.3813
4.95145 11.7723 50.5618
-1.9472 -3.00703 13.361
1.30648 7.06152 2.55393
0.487279 1.99675 -1.68919
-19.2052 37.0948 3.802
-2.40944 -0.764603 4.70405
-10.5978 8.55092 -4.22577
2.14463 4.34223 -3.92953
0.727729 -2.21907 -4.10811
-18.9155 24.1885 11.1864
15.8055 -9.85334 8.53517
0.720058 -5.57102 -7.61252
-15.0964 80.8952 20.5025
-6.70776 31.651 28.0738
-3.33928 -4.34531 -1.29956
-3.12053 2.7862 1.58234
26.9286 -0.875218 -16.8907
-1.86658 -2.06399 2.05858
-2.26449 -0.777988 -6.05563
-55.2838 4.73513 6.0788
1.34624 10.2721 -2.99806
0.716219 2.57142 5.01424
0.481035 1.92514 -6.45005
1.73154 13.1976 5.15314
-1.6198 -0.940259 6.62724
0.526682 4.99089 -3.71072
-74.5767 6.61681 -2.20496
0.771541 -1.36954 -8.9635
11.187 4.17561 -37.4852
-9.47072 -5.27595 -1.63974
1.33442 -1.36095 -7.62215
-13.3971 89.2644 40.0266
-1.05799 -9.55499 2.79331
0.505032 -4.34019 -5.50762
1.15267 3.40941 -1.98709
-0.751113 -5.54181 -0.522714
1.08809 4.8757 0.407859
-18.806 -14.766 7.68412
-0.341169 1.56417 -4.62218
1.02283 5.27182 -3.39973
1.83422 4.05471 -4.08216
0.491473 -2.59402 -4.10228
0.432368 -0.185206 -8.21282
1.6458 6.12653 -1.0558
0.144144 -0.445905 -7.04997
-0.108201 -7.62718 -4.22669
0.842171 6.70207 -4.94581
-0.766145 0.197589 -3.12274
-0.0635435 2.53951 6.48898
1.10997 -2.25362 -8.70674
1.64489 4.99347 -3.08115
0.135557 -1.65751 -4.88704
0.79022 6.15491 -2.59924
-0.674198 18.0281 23.645
0.747854 0.592345 -8.78968
-0.425929 4.63371 5.18851
-18.6965 8.92183 -8.71395
8.58538 -1.67183 0.561647
-1.01437 -2.84887 -3.18395
1.35255 7.11114 -2.63891
-0.15873 -0.249989 5.77183
-15.1688 40.5745 -3.213
0.27388 0.188487 -7.29773
-11.8999 15.8993 26.1166
-1.2214 3.58143 3.06101
1.91796 9.7208 -1.67966
-4.67258 -10.37 38.7052
-0.689283 2.45881 7.94469
0.756458 1.63291 -8.47443
2.17504 4.78273 -4.26391
0.739381 -2.00417 -3.71391
0.756631 -1.69317 -3.66904
-2.98728 2.25011 -6.76004
-1.36589 -4.35487 -1.31988
-7.10074 10.2359 40.8316
-6.60856 1.13618 -4.64138
-0.334739 -8.4081 -2.6127
-3.71032 3.2279 1.37321
0.519917 1.36497 -5.81505
0.163909 2.87106 -6.51011
-0.170353 -2.86011 -4.66708
14.3999 -12.1457 2.77957
-0.147805 5.27321 7.41414
-1.31071 -2.56995 9.66729
-16.7181 17.8114 10.9175
0.540169 6.14018 -2.67037
-0.0889896 1.87993 -4.94065
-0.322866 -6.47396 -6.51053
-1.07562 1.384 -0.987132
-0.133606 5.58046 6.13547
1.05265 1.36801 -0.399528
-11.1931 -1.32412 -1.53805
-18.6555 54.677 30.5003
0.877965 0.25283 -3.652
-0.155406 8.5956 7.52962
-0.104748 3.75339 9.36102
0.118599 -7.62754 -4.22629
0.829567 0.199718 -3.15248
0.184944 5.80145 7.59288
-18.7652 35.1922 9.00497
2.52292 8.49109 2.45441
-23.8592 -9.78189 -0.896033
-6.87028 37.2711 28.0668
-1.904 1.78298 -1.59791
-0.383255 -4.89673 -6.40737
0.472873 4.60601 -2.57705
0.434382 5.27171 6.66724
0.140249 4.63044 -4.52678
-10.6277 17.3267 31.1532
-0.141225 4.98632 7.86008
-0.743951 4.87941 9.5512
-0.742497 3.16418 9.98945
-10.1855 14.3529 -6.00219
0.0545112 0.706279 6.70477
1.68349 7.3415 -1.65065
1.06418 -0.43383 -5.80966
1.67168 8.88704 0.773232
0.184015 -0.425055 -5.57134
1.11242 -1.10687 -9.3945
0.721245 8.83313 0.432336
-14.0041 57.6316 10.9657
-0.69244 2.83162 7.7074
0.220589 5.9941 -3.6221
0.503101 -2.63921 -7.53547
0.130752 3.18157 -1.01683
-0.718069 7.29757 6.43971
-1.03906 -1.77661 -2.58217
-40.0783 40.7496 -13.0117
2.3691 15.6687 2.05532
-0.542058 -1.02608 8.00688
-22.8441 25.1831 16.6754
-14.2404 15.4721 -6.33481
1.12173 -0.631548 -6.97736
2.52827 25.523 56.7557
-6.44187 2.52014 0.714539
1.62631 7.09976 -0.452781
0.463476 4.31545 -4.69064
-0.133374 4.06287 6.45682
-0.913268 -6.48192 -1.06053
13.0654 -6.12589 22.1963
0.325803 -3.23289 2.49001
-16.675 15.3333 -12.2142
-3.1697 8.74101 3.52825
0.73633 -4.03981 -4.67473
-4.06339 1.8668 -3.02043
1.40258 3.81102 -2.8033
-64.8885 20.2562 -29.954
-10.1345 -0.865182 -6.81009
-1.31223 -8.89999 1.81683
0.228859 -4.9587 -4.6903
0.442549 8.20908 5.73952
-110.207 106.948 -75.7687
-0.457821 7.02934 5.20356
-16.0591 22.5891 16.3699
-45.1736 36.6058 -19.9303
1.01859 1.38325 -7.9532
0.989627 3.42842 0.475088
-0.449919 -4.05053 -1.34454
-1.21742 -3.17521 -3.7188
0.413393 5.53571 -1.03502
-0.0755696 6.2371 7.09594
-0.0580332 -5.50052 16.0176
-7.52503 10.24 21.7171
-11.3991 24.9119 66.1553
1.04673 3.4564 -5.5617
-1.33693 -1.41681 2.00085
1.30499 2.56697 -6.46662
-0.118671 4.32511 -1.51417
0.452091 3.6523 -5.88117
-0.119428 5.85185 0.747342
0.46179 7.06848 0.165539
3.14695 9.38282 4.07884
-0.101209 2.56222 -5.32218
-15.0838 87.4539 14.7169
0.466859 5.46226 -2.23994
-0.393635 -3.43505 -3.54997
-0.234891 2.8408 9.44414
-8.45141 30.0953 31.6281
0.36547 5.88515 2.56523
-6.98476 -3.96832 -5.18731
-11.7572 17.8565 34.8026
-0.13707 1.69201 5.0309
-8.15653 27.0353 23.5602
-19.9263 70.288 17.1677
-0.133482 7.75046 3.19236
1.02371 10.6535 0.521398
-11.2544 -2.26568 -0.850905
1.0453 -1.99211 -6.20497
-6.3421 3.66879 1.5583
0.424104 8.49002 3.74993
-36.1314 25.8304 14.1784
-20.8688 10.3693 10.1146
-13.6099 48.8408 -5.35735
0.161223 8.83635 3.41731
-2.11707 -9.73355 10.5025
-0.736508 -2.23673 8.63468
-16.6391 64.7939 10.7403
-0.0632643 -1.85386 -8.57589
-19.3185 27.9389 15.9763
1.35515 10.0893 -0.450248
23.9446 4.05208 -5.2252
0.724789 7.14612 2.15604
0.738319 7.2825 2.18769
-0.173364 2.85891 4.03878
1.01072 6.40299 -1.97603
-0.44929 0.583556 -6.08139
-1.27103 -0.802203 7.04878
0.228478 7.60675 -1.21873
-0.655681 0.980869 5.32039
-4.36593 6.27124 0.522935
-1.06586 0.529443 8.05543
-0.113036 6.15826 1.06208
3.75033 -19.6159 -15.4461
-0.459719 1.64201 9.14358
-4.46366 7.48987 3.1176
-0.987942 1.67106 10.6669
1.06969 6.26285 0.158626
-9.14601 20.6857 23.3622
-0.744018 -6.778 -0.888132
0.464679 5.03942 -2.44208
-16.6062 7.48617 -11.8454
-1.57732 8.17718 0.819984
0.429114 10.2778 1.00371
-0.316417 -0.238005 -4.88002
-18.7035 24.9852 17.4531
0.159991 4.26802 -5.00228
-0.715475 4.45796 8.92253
1.10197 9.42398 4.68789
-6.93266 -8.62261 -0.947474
-4.80918 6.44879 0.593157
-4.51003 5.84821 1.25148
-1.07075 5.44588 7.97772
-19.287 9.79254 -6.04826
-0.966261 7.95266 1.62701
0.15889 9.98935 1.61479
1.62429 9.73087 -2.19625
-15.5315 11.7235 2.02618
-18.4806 48.3924 30.7621
1.02361 -0.0466343 -4.52794
-4.26376 -8.74773 11.6886
1.1007 6.39974 -4.0714
-14.8272 12.4105 23.8672
0.152056 3.48721 5.30137
1.67228 10.0446 -3.11626
0.733443 1.62435 -6.83337
-0.343933 1.25032 2.55227
-0.163966 0.796761 1.62976
-15.1167 19.9165 17.2475
1.66368 8.18798 0.404174
3.83468 1.29851 3.4742
-14.4593 17.833 11.3716
1.06215 -0.544836 -5.20191
-1.03409 -4.5565 -6.12777
1.7071 8.87024 0.204257
-3.3503 2.25078 -6.76073
-1.27019 -2.32198 -2.12011
8.05782 11.2281 25.5934
-0.979321 -5.20658 -5.79525
-0.486446 -4.02044 2.84917
-9.1404 3.9432 6.10653
7.72296 -22.6207 -40.1313
1.72655 9.43804 0.493291
-23.3076 20.0376 -14.9195
0.160667 1.34054 6.49558
1.72799 7.87514 -2.04087
1.04496 8.34269 1.88602
-0.0586882 10.0028 1.66914
-0.439938 -2.20856 5.03485
1.12944 9.18784 -3.99307
-0.403796 -2.26384 4.47658
0.743441 -3.56045 -5.47134
1.66189 1.3155 -6.51784
0.112062 -5.28992 -1.68118
-15.4192 57.0966 4.85412
0.762332 2.61195 -5.91658
-1.3787 -1.67041 7.21902
0.503157 4.65595 3.3794
0.181533 5.56221 5.86372
-1.30693 -0.418396 9.52614
-8.04158 24.6465 29.7298
1.04944 7.95845 -2.26713
-0.424756 -1.08195 6.16555
-6.60504 16.4587 18.7181
-14.7681 18.2552 20.5873
-1.05592 0.759733 3.17619
-20.5702 31.8414 14.2849
1.65486 10.5524 0.0469178
1.03628 0.0577434 -8.52451
0.776151 -2.329 -5.49413
-0.127039 1.39854 -6.1884
-18.7813 54.9445 39.2754
1.4366 5.49514 -1.94388
2.26111 8.34312 2.49178
-0.448929 -4.05042 -3.78873
-11.8563 7.79511 -4.09015
0.552285 -7.559 -5.12896
1.07867 0.204279 -2.18695
-0.988839 -6.05127 2.52857
-11.4768 44.296 3.81778
-0.0987448 -0.550497 -7.59655
-0.0794664 6.15459 0.732533
-12.7234 15.1822 -5.057
-19.0481 -14.7655 7.68364
0.734318 5.28971 -3.30974
1.02642 -3.10161 -7.91334
0.738651 6.69783 -13.3504
0.223928 6.93762 3.85924
1.13915 -0.824103 -7.41011
-0.513628 -7.85228 2.006
3.26503 -0.182346 5.88768
-3.4151 97.347 58.4181
-0.463919 -3.23427 5.8088
-25.6804 10.8999 14.4809
0.728322 11.2801 -0.759235
-4.60435 -5.60114 5.67864
1.64224 9.98315 -1.34209
0.138955 3.4983 7.04554
-0.170237 1.61937 9.53803
1.02556 -1.22432 -5.79595
-165.767 68.5878 -110.007
-8.19921 33.8587 31.3854
-0.157874 5.01005 7.09934
-19.4326 34.9057 15.0169
19.672 -10.3772 -71.3494
0.185587 4.04043 4.87872
-5.41832 6.66384 -1.7229
-8.23616 11.243 46.5079
-0.429373 9.52704 1.85874
0.795747 8.84592 1.65136
-4.36517 6.64846 -0.220508
-7.03946 10.5332 6.03341
0.476784 2.56609 4.03616
0.134914 1.96642 -7.38396
-1.06273 -0.481218 8.50704
1.9412 11.1361 1.25745
-0.694509 -6.94059 -4.96582
-25.1906 -9.3051 9.97725
-0.377244 2.81664 10.5975
-7.61188 9.44687 41.2692
-12.1374 35.983 25.3778
-14.5877 72.8249 75.2976
0.251722 -7.23854 -3.54905
-12.1545 -15.016 -13.9177
-0.939591 5.82788 4.74472
-3.74709 -2.72345 0.327073
-0.142812 5.54447 7.38348
-6.68892 11.4559 38.8931
-0.475299 3.84573 6.50054
-19.6516 28.4744 19.0045
0.748142 -3.41124 -8.76455
0.723028 6.05188 6.98031
-9.39287 20.5114 16.2557
-1.28915 3.20921 6.99114
0.157419 5.54171 5.57106
-18.1804 15.3691 23.3659
-0.455799 -5.22991 -1.29887
-0.346726 2.91513 10.8381
-1.04403 1.27052 5.80283
-53.1308 24.8677 -31.363
0.105306 4.53872 5.3234
-0.74904 -3.77753 5.24429
-37.8109 30.954 -3.40947
-0.430618 0.164261 7.94968
-0.0759839 5.33338 6.4377
1.39125 9.2562 -1.70079
0.82523 9.30384 15.4923
-21.7763 33.5083 12.1416
-8.20908 1.24216 -3.55927
1.32762 5.37043 -3.68044
-0.142449 1.63229 -4.3748
-16.9806 15.293 34.392
0.454108 6.4351 -3.15063
0.768673 6.97389 8.1948
-2.42692 -6.20557 6.24482
1.53148 11.5919 -0.521872
0.150285 5.01075 7.9377
-1.0003 -3.8078 6.23718
1.32426 -4.51964 -10.6686
-1.33231 -5.23988 -4.72601
6.26957 -7.15859 -12.1053
-1.65497 -5.64455 4.37211
0.416758 -0.37935 0.79948
0.721696 4.01843 -4.6308
-20.7815 12.1417 -10.5746
-1.22341 -4.73746 2.49435
-0.709277 -4.76484 2.51677
1.09631 2.2833 -2.27106
0.40578 -5.4852 -5.29459
-0.994499 0.45611 -0.65778
-2.78511 2.45672 -1.3595
0.443686 9.34782 0.252353
-16.8544 51.7686 31.3332
-22.8338 16.8374 23.5053
-0.158943 4.91568 6.14795
-8.46056 32.1873 28.4556
-0.332705 -2.02626 3.74071
-1.54911 -4.56141 3.17421
0.717721 4.00713 -4.31305
-11.7297 60.4811 -4.32405
1.08626 8.57819 1.63495
-0.0882074 9.69597 1.88467
-28.3364 15.385 -17.9878
1.96241 3.75465 -6.09546
0.395271 -2.84268 -2.01525
-2.16813 6.94395 4.37445
-2.26074 9.93151 18.4749
-7.3794 79.8213 49.5495
0.746921 -5.85208 -8.65115
2.04731 14.7146 0.343795
-1.36354 -2.91496 2.00078
-3.64594 6.76214 -0.0808316
1.03493 8.03315 0.106631
-3.78948 1.54197 2.07758
0.481234 9.06401 -3.68974
-0.978502 -2.31727 4.55256
-0.733894 -4.72048 -6.72323
-7.08014 37.5763 28.4357
1.04403 10.0666 1.39516
-9.72962 16.1395 25.603
3.07874 1.353 -11.1609
-0.0606831 4.68263 3.98512
-77.5547 33.4875 -61.5124
0.120401 -3.77479 -7.40427
0.720427 4.12108 -0.170942
-18.1912 37.4322 25.6323
0.485123 4.96924 -2.90311
-32.4015 24.033 -23.2758
-12.6551 15.1175 -9.14086
0.795254 5.58586 2.28966
-1.04539 -4.43532 -4.84064
0.0183553 0.479442 7.46072
1.65046 6.9938 -1.00883
1.05972 8.54327 2.61549
-0.025466 9.85269 1.11342
-0.601003 5.0865 7.70806
-4.41064 2.44149 -6.10385
-16.6741 17.8407 21.6416
0.47097 -4.61639 -7.58595
-5.15832 1.9987 -2.35118
0.170874 3.69682 -3.81886
-0.441584 1.18645 5.56561
-0.125837 0.526019 -5.96199
-1.01921 -0.730297 6.69847
0.470251 7.609 -1.71023
0.739326 -0.622824 -9.66431
-2.83816 2.81394 -2.03811
0.432048 9.17342 0.697894
19.1962 21.7378 15.7328
-20.229 47.1058 25.4924
1.63975 0.652162 -9.94106
0.417993 2.01299 4.94126
-1.02095 -2.49981 -2.76098
-14.1465 76.6574 34.2267
1.96545 8.52719 -1.61519
-6.02861 0.972231 1.81152
1.97872 14.9473 52.1444
0.596241 -3.34267 -11.4166
-1.07044 -4.58393 4.98252
-1.67882 -5.42042 6.99818
0.47649 -9.15772 -7.59783
-1.51195 -4.93116 -4.0435
-0.964568 2.88565 3.13038
1.37277 9.73093 -1.66164
-16.5739 32.0424 -3.41515
1.05093 7.91046 2.87232
-0.0169367 10.3389 0.783164
-0.478924 0.518519 10.0823
-1.04215 -0.706381 -1.45379
-67.8786 12.3573 39.083
-1.04753 -2.33486 1.13485
1.38322 8.282 -3.35824
-0.175444 -1.38459 4.84256
-0.909372 8.42907 1.24175
0.195198 9.71411 2.19878
0.925165 7.09683 -0.749005
-0.439492 -0.119319 7.67295
-1.26741 -1.4657 8.15836
0.264653 8.31034 -0.0380592
1.33172 -1.71968 -9.67533
-18.4808 14.1185 -11.2585
1.08174 8.19188 0.709111
6.16426 22.4989 -3.56657
0.233977 4.12688 -10.5578
0.760719 0.884072 -8.46457
0.71877 1.08252 -8.4596
-0.0500689 1.94934 -8.55272
-0.553724 -5.6128 4.40121
-10.6481 9.07872 -3.62574
-0.431221 6.15215 1.04208
0.0804038 1.6969 8.22565
1.68639 8.28994 -0.0252988
1.69593 0.148095 -9.30915
0.455679 4.93477 -0.778443
1.34887 3.76516 -1.42879
-0.129162 3.18017 -6.76797
-15.7994 40.8515 -5.72722
-0.404703 0.453166 4.97198
-0.160121 -0.238586 6.61668
-0.983159 -1.4089 7.3782
0.568898 8.21144 -1.10534
0.499509 9.80637 1.38033
-1.90553 -6.28297 4.92853
0.53973 -1.35361 -3.05989
-0.431652 0.489222 -3.72889
1.09148 6.42828 -4.28656
0.425581 1.56829 -5.90579
-1.50403 -0.720843 7.45999
2.2612 11.4011 -0.636071
-20.494 38.8305 7.31604
-1.42504 -1.59696 8.62904
-8.13247 19.1424 22.2232
0.83329 5.44986 -3.97406
-0.602646 1.24597 -4.00221
-15.4028 14.8538 12.0866
0.264362 2.4791 4.67796
-7.30123 -0.632255 -3.17533
-168.459 105.939 -100.31
1.54965 11.7376 -0.839771
0.144059 5.27983 7.69011
-1.30275 -3.14262 0.996671
-23.5298 63.5823 41.22
0.487061 -1.39036 -9.71286
-0.65252 1.62616 5.4135
2.16685 5.5855 -4.5812
0.780504 -1.05306 -3.38227
-9.97103 -5.51536 -5.87295
0.956135 -0.426805 -1.93007
-14.5286 17.7137 14.5
-1.05053 1.68171 9.39975
8.0233 -7.36687 0.754925
-5.57654 2.50357 1.83811
-13.558 28.1795 20.549
-16.2608 23.2085 50.8403
1.5536 -0.974442 -8.21172
7.13627 -10.2465 -1.5995
0.524948 5.19232 5.90645
-0.479856 -4.58072 -3.10989
-2.41844 39.4328 -7.1029
-0.449836 -4.08247 -2.93958
0.446588 -2.1739 -6.98528
1.99842 32.1647 66.2766
0.205573 5.84744 4.30238
9.23959 -0.886722 -6.85963
-0.457543 -3.79921 4.01646
-0.934593 -2.01119 5.36201
-1.07898 -2.58347 4.97147
0.778945 1.45888 -3.43405
0.122268 -6.53662 -4.10476
-13.6592 40.2847 64.1114
-0.754931 -4.27942 -3.20371
2.04453 8.63163 3.05819
0.980522 7.85037 5.61827
-16.8988 12.8438 25.3245
1.66899 8.86061 0.502747
1.0581 -0.307031 -5.54749
1.78422 7.40873 -2.06466
1.66249 9.67745 1.57636
-1.01607 -5.50797 -4.6891
-19.8655 14.7887 24.087
0.747322 12.4567 -0.541767
-0.138092 4.38573 13.665
-0.110266 -3.77733 -4.01661
-22.4388 12.1425 13.4336
-4.61107 9.98195 -4.03138
-20.1689 27.2527 12.3379
1.59999 8.54256 3.12571
-0.993319 -4.34032 -3.16356
-12.8365 -2.91442 -6.20018
-0.430065 -2.6496 -4.95404
-0.312898 -1.88859 -5.25861
-11.0925 2.45309 -8.28927
1.36286 -2.58262 -9.42798
-9.45078 26.254 33.042
1.3085 -0.581405 -6.09882
1.93645 7.39343 -1.34397
-17.6725 65.5223 45.9345
-4.2955 2.44081 -5.88925
1.04264 3.1435 -0.094709
-1.66058 18.5269 -70.0523
-0.900293 4.60637 6.64104
-17.1695 31.2592 16.0902
0.759355 -4.56272 -10.5927
0.497781 5.35001 1.61139
0.709313 -4.34447 -5.2478
1.32417 3.48828 -2.24597
2.33217 -9.72622 -13.3821
-0.243659 -1.65155 6.12825
1.36393 8.58082 -2.22982
-11.3445 33.0118 20.9091
0.414765 0.163066 -5.88481
-0.13919 1.37694 -1.92349
-36.7106 37.7151 8.53709
-0.0840609 2.89823 0.414305
-3.74386 6.97313 -0.862758
-0.763101 9.08218 5.32414
2.54502 2.77071 -6.41353
0.204828 0.983608 0.972759
-0.216748 8.32794 13.3296
-0.0414341 0.195586 3.97692
2.43602 7.65123 0.789416
0.769072 8.49125 -0.103762
0.787205 0.481676 -9.53083
-17.2734 36.1302 25.3836
-0.10769 0.801523 -5.54994
-1.04495 -0.36869 6.47671
0.52793 7.48826 -1.89224
0.84828 -0.995915 -9.37758
0.545659 8.83457 0.422116
0.483213 -3.66881 -10.5647
-3.7128 1.95026 7.8377
0.65888 -0.75255 0.225867
-2.742 -7.28227 7.66358
0.233206 7.57389 -1.6768
-1.32489 -5.72976 -0.759641
0.522472 5.26372 0.182816
1.29542 -1.10791 -5.80022
-1.2715 13.4572 9.85459
-0.388906 4.9966 6.16484
-2.84214 8.36923 1.11495
0.426004 3.75631 -2.27433
-0.402134 1.65588 -2.82788
1.10072 5.16077 -5.25483
-0.138221 -2.86921 -5.19646
-8.48161 8.03822 -2.36034
-20.9307 28.0522 -1.75999
-0.442802 -1.25059 2.50686
-14.2627 16.1758 47.3043
1.65134 7.64847 -0.156774
1.11238 -0.0381978 -7.37436
0.41693 -3.97381 -1.0273
1.96173 2.44177 -7.06563
-0.460476 2.88097 -0.842506
0.494775 5.7973 4.56745
-172.647 56.7326 -112.607
-0.415974 4.07859 1.77465
-0.399444 2.54156 -0.765548
-13.3682 27.8825 63.8864
0.501711 6.22411 4.65559
2.29602 9.73298 -2.03562
-1.03997 0.724052 -1.55563
1.65246 9.23004 -0.954947
0.15403 2.47622 7.40064
0.748222 10.3461 -0.46688
-0.17272 -1.71802 -4.1103
-0.118614 3.54863 7.0618
-9.70266 14.7398 28.6919
1.18077 -3.21297 -8.38521
1.78234 10.2777 0.532292
-1.3206 -5.97349 4.17575
-48.0524 10.3561 -22.7805
-0.749884 -5.94651 -5.51876
-1.58504 7.06674 2.24124
-22.8129 13.2549 37.9363
-0.976637 -5.14396 2.53444
-0.162845 0.78948 4.09761
-13.9438 7.10625 -3.09384
-9.66737 20.2853 25.9289
-10.2998 3.64331 -9.74896
-0.605566 0.797526 -4.65608
0.765149 6.16639 -3.48264
1.69536 5.01553 -4.10415
0.164893 -1.69717 -4.02333
-4.37673 5.36844 0.519564
-18.0909 23.3919 16.0262
-25.2933 33.2672 21.1428
0.509356 4.65013 -4.21068
-14.253 30.6166 57.9958
1.47904 3.48062 -4.8551
-0.110518 3.53413 -3.11747
-17.5425 79.3069 99.0211
-0.73891 0.38825 4.80784
-16.0262 40.8519 -5.7276
0.17906 9.81357 1.38661
-0.710041 -3.49971 6.62762
1.04304 9.14287 1.00245
-5.45741 14.3003 7.0675
0.793616 6.14611 -3.13046
-23.1199 26.7663 19.4944
0.731522 0.201093 -0.130171
-22.304 1.59004 5.4403
-1.32653 -6.18553 4.66999
-20.6475 0.150616 -1.1008
-17.7577 60.1853 34.3156
-0.721985 0.0257763 -4.05953
0.831859 6.60823 -3.92012
-1.0439 1.2598 4.65139
-20.2868 -1.67028 9.55818
0.754681 9.97639 1.59542
-6.04921 1.05559 2.58385
0.513289 1.17335 -1.13287
-1.66452 -7.04791 3.78812
-13.0785 10.1709 38.361
-14.7554 17.7141 14.4996
0.70171 -0.453696 -1.96182
0.581019 2.49452 1.3411
-0.436917 7.63385 5.04854
0.78359 -7.28083 -10.4983
0.727144 -0.378972 -2.2347
-9.30655 41.6232 36.3199
-0.44946 0.462064 3.45616
0.437503 9.63414 2.85924
0.305476 -6.47078 -3.25853
-1.54714 -8.27685 2.58288
0.775233 7.71143 2.15139
-7.37714 1.91288 -1.98243
-16.5156 52.5889 11.9558
1.3321 0.153595 -6.63921
-0.409558 -3.15649 -7.31026
1.17563 0.504499 -5.4937
1.94335 10.3242 0.447887
-0.027954 10.2148 3.63392
0.763135 -0.175887 -2.26683
-14.1701 21.1798 15.8426
0.200073 6.658 -1.22162
-11.5005 34.2811 47.4409
-14.5045 42.4736 17.3001
-1.62871 1.24462 9.23975
0.443059 7.93496 7.71953
-19.8114 62.0447 75.05
-18.4695 76.1417 72.2943
0.524891 5.84484 -1.98351
-0.729542 2.05968 5.22935
0.299489 8.14354 0.973014
-9.13479 19.9833 16.7534
-7.07429 -0.632733 -3.17492
-20.0387 24.34 11.9862
-39.6894 -11.9327 15.7027
-15.176 14.8534 12.087
0.435996 2.53181 4.61474
-0.70688 -4.70132 -4.27229
0.142893 -9.26309 -12.9922
-18.4517 -7.96192 -0.506093
-0.49115 -3.17434 2.58988
-4.86289 8.44253 3.88854
-13.3629 35.8182 25.8704
21.5582 18.88 58.9046
0.538953 10.8854 0.399174
-5.86011 -3.57686 -5.19243
-0.938582 -1.07298 -3.76986
-1.64671 -2.87679 1.66169
-0.452419 -1.88077 6.22595
1.10432 8.72286 -2.30259
-1.31139 -3.7201 3.8124
-0.648831 -0.283257 1.74832
-0.746089 1.39245 1.00347
-0.114991 2.90936 4.66282
19.0508 -22.473 54.8231
-0.656887 -6.12341 -5.59463
1.90807 10.3147 0.749368
-1.0085 -2.54882 -3.2231
2.28196 4.80888 1.34814
-0.416123 -0.778847 -4.97888
-0.404798 0.464749 3.06381
9.51297 3.03667 5.87347
-0.779482 1.718 1.30534
2.5741 10.3526 -2.50612
-4.56536 -18.2274 -10.6745
0.149282 -4.65881 -1.89156
1.69512 1.95905 -6.21285
-1.20866 3.0131 3.60702
-10.9106 14.6013 25.3885
-0.378999 0.984375 7.90054
1.03362 -1.08248 -4.6069
0.0669628 0.21455 5.61203
1.71346 6.72454 -2.88558
-13.9206 0.375046 3.27192
-12.3326 38.8366 27.9595
-10.6006 79.7618 46.2596
0.415296 -1.22828 -4.78853
1.98103 5.23722 -3.45175
-10.904 17.9498 21.1954
1.44298 -2.11502 -6.75108
-0.441702 -4.57462 -1.75714
-0.425752 3.34448 11.2641
1.48749 4.54137 -3.49494
0.697777 -3.14294 -4.01016
-7.04211 26.601 69.7601
-1.6426 -4.2617 5.83855
-0.00058991 -5.96362 -3.44287
-17.7634 14.7077 25.3334
0.21419 -6.16484 -5.61992
0.872615 1.67542 -1.92088
0.297082 1.23265 -8.32006
-11.8527 84.0629 16.4008
7.78331 21.4137 57.2269
0.418498 1.36628 3.71326
0.176032 0.711821 -7.67055
0.447278 1.93955 3.09593
-17.2232 44.3298 25.8621
-0.341701 8.30897 3.26898
0.784607 6.7599 -0.467102
1.64343 5.622 -1.1066
0.184543 -1.04047 -7.11923
-7.09775 13.4197 -2.39451
7.4458 20.1558 53.6582
-0.431654 -3.3652 3.18922
-0.735716 -2.99697 7.62632
0.798931 9.85205 -0.642787
-0.161289 -1.08065 -4.32801
-1.05825 -6.60389 1.33544
1.0505 0.692748 -3.4639
1.32472 5.30313 0.985206
-14.3346 85.8898 12.6659
-0.26165 -0.109091 8.26784
-38.8752 11.2925 -30.4403
-0.0173199 -5.74373 -4.08545
-1.58645 0.685337 -3.93044
-0.44049 8.2561 9.62698
-0.409656 0.150976 0.351799
-2.43245 -6.1784 4.68317
-19.0569 32.3372 12.6587
-1.0478 -6.45992 -5.52351
1.64364 10.5897 0.68462
11.2677 5.90344 3.69594
1.39275 2.59014 -4.89801
-1.6467 -0.607614 -6.10328
-8.92736 88.6848 63.256
-15.2034 31.6042 21.2047
0.468595 -4.36577 -5.22248
-30.5968 5.3912 12.8133
1.16773 3.41373 -2.15401
3.72083 -19.2568 -4.07902
-1.28816 -4.36917 -4.24937
-0.699765 -0.910466 -3.47144
0.4468 2.22013 -3.10164
0.717808 -1.34599 -3.11854
-0.715309 -0.614903 8.48697
-9.39584 51.8752 17.7628
-1.34401 -4.87581 -2.00155
-0.406351 -0.0762213 -2.91475
14.9516 -31.6374 -29.2069
-5.73233 35.7147 12.0652
1.00404 8.01954 0.431534
1.67 3.26111 -3.93928
0.202535 -3.59407 -4.12075
0.749407 4.3833 -3.40002
-0.18075 7.94718 2.91426
1.02608 10.3824 0.770594
-15.9311 43.7216 20.6662
1.38446 9.52092 1.75634
0.696697 5.55774 -1.93843
0.413232 8.60067 3.41233
-21.3231 10.214 37.1685
-0.1772 3.28886 5.85441
0.791141 7.11444 0.474464
-4.6374 11.2778 39.9646
1.13212 -2.80885 -9.51607
0.463212 0.430332 -7.66863
-1.26023 -4.90091 -4.75447
-1.81027 -3.21728 9.10163
1.35587 9.14928 1.67904
2.85407 10.5815 -0.05416
-0.339783 9.48336 8.15402
10.6915 5.62922 -30.731
-4.63885 2.69034 1.85597
0.176524 -1.34742 -10.1556
-19.6454 17.1451 22.237
-5.85255 -0.701562 -6.50369
-6.41547 7.16397 -0.904489
-1.36593 -8.27712 2.58309
0.271668 -5.52906 -5.30703
-0.108198 8.51959 3.7487
-20.0139 14.0066 -8.89753
0.12952 -4.35898 -1.62075
1.64501 2.38779 -6.55718
1.04528 8.20238 -1.66117
-0.446204 -1.28818 6.83186
-21.8275 16.6351 4.34504
-19.6897 31.7584 3.56806
17.5676 17.3121 62.2915
-18.7656 55.7707 37.0782
-0.682402 -0.434689 7.39881
0.778218 7.32529 -0.999105
-0.962448 1.15277 6.44654
-0.172988 -6.39922 0.45469
-52.8145 55.4104 27.6211
1.98645 9.18172 -0.15412
0.352282 2.54592 8.35318
-2.26145 9.77035 7.75794
-0.738146 -2.24759 -1.1572
0.731846 -0.402769 -7.83246
-6.1399 9.80879 -0.291408
-10.2686 15.7841 27.8839
0.197738 0.228192 -7.02205
0.407819 -1.34742 2.57678
-15.8329 61.1911 1.30477
-13.3225 19.6905 18.1585
-13.6299 35.3607 26.4615
-4.00898 23.9685 4.95857
-17.1419 -9.48116 3.52222
-0.952337 -2.0153 -3.49711
0.712681 -1.0978 -1.64304
-13.0464 75.9212 5.9004
-14.259 22.1552 16.2866
-0.687051 3.22906 4.69301
-9.08594 30.4865 26.7972
-9.16362 5.64198 -5.09298
-7.97113 16.9227 25.7056
-1.03889 -3.83052 5.1776
-0.420505 1.62543 8.6125
-0.740497 -3.76581 6.45873
1.04305 0.222566 -9.08584
-9.74838 68.822 14.8854
-1.3149 -5.30682 1.94009
1.01289 -2.5921 -6.16385
-13.3799 71.9488 48.0708
-14.8403 61.5332 3.44961
1.04502 10.8772 0.415874
-0.106457 7.44255 3.07769
-15.3888 26.682 14.3118
38.5486 -3.4416 2.45642
0.150033 -2.94893 21.2834
0.219758 8.94698 1.98081
28.4153 -0.225738 3.58116
-9.27608 18.9029 22.6898
0.997368 7.74692 0.772266
-0.77499 -8.24615 -0.0884308
-16.062 40.3791 -1.08072
-1.30903 -0.491231 7.66318
0.282 2.88227 2.56462
-18.1399 18.8142 17.9676
1.15967 11.5169 -0.457172
-0.93708 -3.21121 2.53434
0.174785 8.32551 4.63829
-0.683609 2.0776 1.59818
-0.746778 0.420972 -0.690132
-8.8669 66.6634 18.776
-0.0819542 9.70378 1.68275
-28.3116 0.844448 -3.55891
-0.322504 1.31769 7.70123
-0.725515 -0.441601 2.75547
0.715149 4.67358 -5.23262
-2.51847 7.37163 3.94146
13.5836 12.8639 54.5393
-9.76916 32.6359 35.5473
-14.7164 53.8039 11.0427
0.765328 8.20012 -1.63523
-0.744987 -1.33864 6.79627
-0.125042 5.52671 8.31794
0.113524 5.05266 7.74192
1.69225 11.4867 -0.757273
2.12008 9.45871 -0.0987689
-8.03778 5.55936 0.890095
0.137856 4.0985 -0.403749
-17.4269 17.0934 22.2535
10.2928 10.7577 17.4607
0.785831 7.38165 5.18957
1.78375 9.79798 -3.0241
0.22248 3.14271 5.26982
-13.739 7.22521 24.766
0.297833 -5.89121 -6.21157
0.758089 1.93835 -1.33436
-23.3044 51.4166 34.5476
-1.29353 -7.97509 3.36011
1.32769 9.09128 -0.47256
-4.30717 1.81228 1.08736
-0.968142 -0.255175 3.83706
0.744444 8.88169 6.38999
-12.1862 7.99191 -1.1688
-20.1302 28.5699 12.1328
-53.4555 24.4188 0.334702
1.62464 -2.69734 -6.82409
-7.30707 8.43065 24.8167
-10.0643 17.1381 21.3062
0.135358 9.50549 1.9189
-0.46849 -23.1613 -22.6873
0.565817 -0.461498 -9.24653
0.254498 9.34985 0.25428
-0.988741 1.95306 7.72077
-18.9762 31.6463 16.1602
0.574776 -11.4956 -17.0222
-0.160571 5.30326 5.57117
-0.252932 1.40407 9.75501
21 -5.0711 22.6888
0.511198 -1.99792 -4.04492
1.93114 4.64276 -4.09582
6.99234 1.45245 -17.9748
-1.57913 -4.60473 -3.68919
-0.0587841 9.51327 0.966383
-1.02861 7.01134 4.95865
4.99321 8.97044 0.0220509
-1.00983 1.81752 11.0823
-1.0012 -6.01435 -1.45923
-8.77687 28.6706 13.9905
1.32994 -1.9055 -9.13507
1.64615 7.60352 -0.480191
1.12143 -0.0518097 -7.15719
-0.117987 -4.43909 -3.70071
-0.9617 5.37105 3.78477
-0.744423 3.37773 5.15759
0.143203 6.7633 1.04753
0.425807 -3.20933 -10.0231
1.34254 8.2383 1.04825
-1.93801 -4.40274 11.8803
-0.453103 2.25503 -2.20936
1.15215 4.01342 -2.09233
-0.982654 -5.85065 4.79099
-0.675251 -5.75431 -4.1432
1.95005 9.95908 2.1318
-4.82477 -1.66878 -1.25679
-0.193076 0.648829 0.138668
-0.140754 -0.823646 2.49961
-15.6786 9.93258 5.62714
-18.72 63.897 45.4943
1.66505 6.18117 -0.640357
0.182415 -0.467594 -7.39582
9.85953 9.67575 -36.0759
-0.178157 1.27444 4.05064
0.752605 5.83505 -2.58362
-9.32363 9.26174 3.08623
0.177735 2.81 -5.94002
-19.8983 61.8417 34.652
0.141906 -2.35192 -3.12098
1.72036 4.3021 -4.85817
-27.6286 7.52007 -8.10573
0.756701 6.81943 4.69923
0.433715 -1.30579 1.27857
-9.17594 -3.16339 -4.02614
-0.073371 1.96695 -0.746351
4.76148 7.35904 -0.498406
1.39434 6.79817 0.515211
-1.24821 -6.20802 5.67881
-0.445944 2.8652 9.77366
0.481019 2.93203 3.39737
-0.385826 -0.499842 2.59108
4.73705 7.09793 -0.447665
-10.0777 15.547 26.9178
-0.742419 7.29969 5.53563
-10.2101 55.3953 19.2115
0.135959 2.19816 0.140998
-9.33371 16.0861 26.7492
-12.0328 9.65739 5.42919
-1.35254 -3.34123 1.02378
0.0837727 0.361676 6.37808
1.76346 7.09582 -1.96246
0.682654 9.21595 3.04448
-7.33623 0.520469 -2.81744
-0.121221 -4.20739 -5.38079
-18.3617 15.3694 23.3657
-0.758231 -5.31219 -1.32373
0.77743 5.53277 -3.47734
-16.3126 6.63183 -10.8261
-1.56098 -7.02044 4.97308
0.839089 -0.463184 -3.09733
1.36092 4.11173 -0.987622
0.715951 -3.785 -6.4988
-5.03689 7.33421 12.9969
0.407127 -4.61041 -3.16837
-0.804188 7.03424 6.09615
-13.6427 22.1493 16.8215
-5.5352 -1.38614 -1.35947
-2.15759 -7.01472 -8.82016
-9.10213 70.8145 24.0621
5.3151 18.5622 1.21275
-0.144632 -1.99931 4.03901
-3.15836 -3.48509 -1.04841
-1.01026 11.6573 0.486961
-19.1152 24.2102 17.0398
-12.8542 69.0029 14.3138
-0.675452 -20.2315 -16.816
-0.0937246 2.80165 10.5464
-7.38494 9.44638 41.2696
0.92525 7.60891 5.34582
-9.09642 19.1744 18.0652
-6.53358 -7.54453 -2.08158
-0.980058 1.65489 8.98858
-4.93537 3.37 7.67276
0.497654 -0.702398 -8.5898
2.11023 2.08046 -6.27973
-15.4348 76.0482 19.7582
-0.0396804 6.79194 5.6577
0.270981 -5.71142 -5.84962
-1.22286 -7.83222 3.11618
0.7147 1.93387 -1.67835
-8.45099 72.3833 47.3971
-1.5999 -3.5627 5.71711
-1.15998 -5.69045 3.26854
-24.712 29.6467 -9.62576
-20.7239 26.1531 18.1783
-0.149024 4.99519 1.15485
0.724718 5.23552 5.36132
0.500232 4.67595 -6.14438
-14.1841 44.6713 22.0067
-0.120564 3.41254 -1.33697
0.141036 -2.25189 -2.86137
1.69143 4.30932 -5.18909
2.24777 10.3996 -0.164594
-0.737571 -3.44329 -3.43653
7.26181 -17.3937 -22.8605
-7.94001 20.9131 29.4733
-12.3363 35.8276 49.6482
-33.0293 34.4867 14.0008
-12.0756 28.44 68.1205
0.159291 0.248405 -7.67744
-16.2537 46.0927 21.4847
0.779606 10.4074 0.482288
-0.418952 7.82054 3.17236
-15.1155 -5.71245 -6.01781
-12.1403 53.3229 17.6956
0.456336 2.21394 3.12788
-16.3516 19.3662 20.2304
-10.4747 62.0368 6.74473
0.464496 7.09563 -1.05339
-0.944631 -0.108632 7.36523
-16.5396 55.8541 13.4868
-5.22981 8.83924 -1.32534
-15.8349 40.3786 -1.0802
-7.54883 10.7688 -0.534629
6.46001 21.2744 -5.02016
-0.190394 2.55715 2.15864
-0.0605907 1.13789 -0.180534
-3.13312 8.57256 3.73964
-6.95327 7.79366 -2.38974
0.179395 6.69532 3.57199
62.0358 76.9755 5.5146
-0.173049 -0.155886 -3.53517
-5.44197 -1.31753 -6.01999
-0.174308 7.8196 13.1084
-1.05695 -2.08633 4.34711
0.756306 8.56105 1.36122
1.06579 -1.33686 -10.332
1.6927 5.79525 -1.61584
0.132449 -0.740929 -6.49
-0.741089 -0.145278 7.32967
0.744935 7.08934 -1.05889
-0.451988 -3.40432 5.58409
-1.04487 -0.412982 3.6441
-11.2077 26.0476 19.5366
11.5878 7.81772 44.5607
-0.390261 4.62766 -1.67082
1.04168 2.22563 -6.43301
1.03842 10.1041 1.0643
0.806605 8.2533 -1.94881
-0.131047 0.463519 5.85867
-0.428215 8.60968 3.11582
0.766809 9.717 0.404577
-9.53986 2.84714 1.25276
0.774293 12.0109 -0.634877
-10.6381 85.4526 21.2038
0.177887 -4.61205 -7.15159
37.6392 -19.9772 -26.3049
-5.52033 6.66473 -3.48011
-0.111705 1.34466 2.87079
-0.162295 5.52796 7.66635
-0.161934 -5.70769 -0.0344305
0.442451 7.87955 1.63776
-13.9011 4.76637 -7.67509
0.237614 4.40292 -3.5032
-14.4252 44.8389 19.4185
-0.44636 -4.16962 7.12715
-9.13686 3.94573 1.81515
-10.6631 10.55 -6.30181
-9.90288 2.84781 1.25207
-10.0447 35.1182 38.4224
-1.90778 -1.24411 0.324595
-4.34374 -4.56152 -0.666405
1.01672 0.722042 -1.00225
-15.0657 34.4709 19.9577
-0.441094 2.22826 -1.61757
-3.08071 32.3567 68.3231
-0.419103 -2.49227 -2.51836
0.742453 8.06917 -3.04646
-0.158043 0.818159 6.99721
-11.5404 81.637 40.5108
1.07462 -1.95997 -7.70904
-1.71906 -7.60718 8.76085
0.505105 -7.10474 -9.54775
-20.7762 12.7527 23.3157
0.821695 3.12721 0.473201
1.20536 9.33811 -0.359537
-8.74816 5.40062 1.09355
-0.144452 2.25129 7.68282
0.797044 6.48558 -3.8601
1.06518 0.0360441 -4.41371
-0.784489 -5.76678 -4.68794
1.96624 10.0111 1.5727
0.249548 4.13983 -3.94492
-9.46255 30.7678 36.2656
0.517332 -0.62309 -8.87687
0.39997 0.810902 3.15468
-8.55456 9.66038 -4.92183
-3.14153 4.23486 1.4084
0.213712 7.64257 -2.424
1.74812 4.58942 -4.85219
0.214159 -1.96178 -3.10568
0.756006 -0.771048 -9.18673
-9.6272 16.6516 23.5372
-6.50395 11.2542 24.4981
-7.09724 2.84685 -1.9184
1.12746 6.76597 2.22534
-7.32095 10.7441 -0.228255
1.17231 5.26229 -0.01062
-0.761722 0.0613962 12.3475
1.37796 -3.07592 -11.129
-5.23734 4.62 -6.93382
16.5056 -10.6346 9.34416
-0.953376 1.30384 3.97863
-0.0754015 0.534061 5.03863
-2.27204 -5.72574 0.240609
-19.6807 28.98 19.9493
0.784367 -3.99587 -7.99226
-14.244 44.8386 19.4187
-0.130325 3.84595 -4.05412
0.495841 4.38141 -3.41053
1.8242 7.9761 0.71979
-1.41213 -1.97091 8.24042
-8.29593 6.96982 -0.238863
-8.16265 18.8165 22.5654
-0.661157 0.922029 -3.74881
-0.800195 -8.21168 3.32527
-4.64781 10.6957 -3.06022
-22.6406 10.4128 36.979
-16.2537 37.3099 17.8661
0.453696 2.55208 -4.68025
-14.2472 -0.775681 -8.65626
-3.42827 6.02773 -0.722269
30.7272 23.2812 -121.252
0.471202 -0.766126 -1.96329
-12.7518 8.4253 -4.36562
-15.4147 28.5143 20.5029
1.59839 5.24578 -2.25147
0.156219 -1.34732 -5.85166
-1.22844 -5.00636 -1.20801
1.34864 9.08092 4.86471
0.446024 0.730098 1.34809
1.03129 1.71585 -0.820012
0.403268 -6.10748 -6.7243
-1.04064 -7.60857 3.99111
-1.34532 -2.51351 6.30277
-8.11667 18.1436 24.5919
-11.8679 27.3778 57.5122
-0.720105 5.91627 5.05433
0.146077 4.26488 1.31937
0.15231 2.83459 -1.06799
0.212545 4.28467 -2.87576
-7.8558 21.4282 21.738
-39.1217 -9.69361 12.3467
-0.456304 -3.77119 6.78097
0.415039 4.09521 6.09221
-0.368348 6.14797 0.147616
-8.22856 21.2196 27.3686
-23.9746 30.8607 1.94663
-0.155812 -4.29667 -8.55737
0.299269 4.431 2.11654
-0.764772 5.94181 4.01712
-1.06595 -1.89551 2.17033
-2.22106 16.0089 1.42609
2.51775 4.08686 -6.83782
6.84785 -6.10791 -2.24654
-16.0751 40.4856 -13.3003
-21.7497 40.454 25.649
-0.65937 8.01755 5.68649
-8.8403 17.3238 5.61539
1.62438 10.0354 0.432941
-1.57272 -6.52974 5.26799
0.18272 4.60664 -1.07703
-1.38619 2.25894 -7.11599
-0.744357 2.64019 9.99927
1.3684 0.961087 -2.94021
-0.714788 -7.01347 1.89628
0.819275 0.00689765 -5.45537
-0.167097 6.98472 5.58438
0.81158 -2.24399 -9.40668
-9.68223 26.5879 36.3886
-0.158113 -0.65884 -6.08108
-15.0796 33.3987 23.9244
1.01753 -0.770407 -8.88013
1.66313 -3.05569 -9.07671
-5.009 7.02687 -0.875646
-21.4618 75.7324 43.5368
0.75789 -0.672835 -7.65033
-0.352137 1.01351 7.78942
-0.771958 1.57018 9.71914
-0.300092 -0.401258 -5.16104
-10.0085 10.401 1.25503
0.135258 4.67057 -0.766179
1.16167 -9.13035 -18.9504
-16.8794 58.626 40.1738
0.478734 10.5755 0.658565
-0.152399 -2.1432 0.355664
-35.7137 34.9943 -28.6872
-1.41 -5.82421 -0.475491
0.454588 5.2406 0.474096
0.434979 3.75266 -1.99096
-0.144312 -1.41745 -6.93505
-217.073 190.232 -140.009
-2.18601 3.69683 1.46561
1.05447 8.2131 -2.5626
1.43523 -0.0984142 -8.80899
-41.1306 28.1172 -5.25797
-4.98086 7.22549 0.500504
-16.6583 38.4458 21.4666
0.483755 -2.86435 -9.4377
25.1076 -3.5609 -11.7769
-1.5424 -4.41256 -1.64415
-10.007 16.5796 46.7894
-13.0577 13.1187 -6.34565
0.413762 -6.6795 -5.90152
-1.60179 -7.82074 5.1535
-0.673955 5.15705 8.51193
-28.5953 19.1599 37.6771
-0.309564 4.54478 -2.71649
0.166737 3.53451 -4.70278
-15.9565 21.1049 9.05466
1.04676 2.79244 -0.69848
0.477722 -4.86732 -6.6782
-0.943433 0.162122 3.28834
-0.0056857 1.18085 3.10757
-2.57755 -0.0535854 0.261812
-0.466372 6.00013 5.04907
-0.480819 5.45789 1.32975
2.45163 -1.69753 0.193788
0.423949 4.72577 5.05059
0.491256 2.50459 -1.33117
-1.57588 -8.63414 3.43229
-6.46192 -1.97987 -4.37204
-0.186409 -1.99159 -5.87777
27.0227 17.0298 63.4956
0.434735 4.17687 1.03176
-13.0904 2.87564 -12.5129
2.15853 10.0296 -0.104878
-10.9793 41.5893 29.4328
0.451494 4.10499 -2.86525
1.39028 2.78183 -3.51447
-0.10344 4.16865 -4.5322
-8.57197 34.0818 34.1706
-0.125242 6.65818 11.7996
-16.9541 10.8831 20.5419
0.81529 2.02856 -8.06203
-0.0357946 2.5581 -6.73335
0.776988 10.2848 2.41193
-0.680418 2.82105 9.11287
0.145297 -26.4468 -22.8632
0.478837 5.20605 6.51962
38.4664 44.5259 77.3607
0.258071 7.07911 0.220165
0.436614 -2.81899 -9.16275
-0.695795 3.04554 6.24983
-5.27448 0.0890037 -3.64175
2.92015 9.38317 4.07845
0.283119 5.40213 -2.18396
-10.5648 5.22901 5.04278
0.440943 -1.77715 -10.6646
0.134241 6.67121 -0.751387
0.184335 6.74317 7.72688
0.790962 23.6253 -0.573306
-0.52801 10.8668 46.121
0.589968 -0.205087 -1.92737
3.21298 11.0163 -2.70902
2.88886 9.0603 4.07648
0.241549 5.25452 -2.28658
0.238458 6.70923 0.216917
-11.8312 20.2704 14.3057
-18.1637 17.8996 21.0111
2.45334 3.39578 -3.50329
2.53261 15.065 19.213
-21.4339 29.6536 19.6282
-19.6847 13.3951 27.5981
-0.336012 6.67267 2.82176
-7.04969 -1.79911 -4.39047
0.451796 3.43323 3.44555
-1.24738 -1.16288 -1.64311
0.434417 5.26202 -0.439386
0.499792 6.76743 1.94825
1.7386 10.749 1.8374
-18.8332 26.3626 10.1967
-23.425 23.9142 11.531
-10.1249 10.296 -5.37056
0.191306 4.57724 5.86252
-0.479929 5.52138 6.12849
25.3512 0.478702 -12.2871
-10.0602 2.44468 0.941003
0.252543 7.96082 3.75978
-9.961 18.6435 19.6715
-18.6226 24.5032 16.2628
-1.6528 0.843169 8.15756
1.31747 7.28015 3.71986
-1.30041 -3.23958 -2.49817
-0.308375 5.42128 3.2186
0.549379 4.72816 3.21679
-25.349 25.3342 -2.63804
-1.20282 4.21968 4.47107
6.21247 -2.41519 -3.44728
0.232306 1.05118 3.14628
-1.128 -4.54911 3.40671
-14.5535 15.7702 -10.2781
2.29063 2.7513 -6.53038
0.716828 -1.07232 -1.95602
0.987027 -4.32818 -7.65548
-3.73613 2.37751 -6.16814
-6.38318 14.1552 1.15518
-0.350502 -1.33471 4.09072
-4.97011 6.74394 1.16529
-1.55688 -5.00894 -2.15708
-2.88926 4.12116 8.26641
-0.81586 -4.90692 5.85136
-10.9029 21.4434 17.6807
13.1244 9.76803 -8.47926
-4.05136 2.55112 -5.90253
-0.49046 5.78469 6.24638
-2.5382 -8.48712 8.11096
25.3689 0.101089 -12.2728
-5.16216 3.37036 7.67237
-0.12735 4.57189 0.460087
-7.8737 38.9329 30.7717
-4.87314 2.13559 2.08428
-8.20504 13.8984 0.53047
-0.990943 2.66464 11.1279
-1.01108 -5.62018 -1.56976
1.64739 2.8897 -4.75866
0.279442 -3.76967 -3.34547
-1.26504 -10.1364 0.739616
0.726699 4.05038 -4.05328
1.05636 -2.88609 -7.97259
-2.24709 -11.885 -8.07479
-0.0919717 3.0747 7.31326
-1.96829 -6.153 13.9124
-4.56846 5.78608 1.82226
0.484672 3.78539 -4.9458
-18.6955 57.9634 42.6861
-0.0862091 4.34998 -2.57324
0.727382 -1.05699 -2.82427
1.06121 -4.66133 -10.0971
0.823184 5.26474 1.14353
-0.0655913 4.99821 5.30915
38.001 14.0173 -130.422
-5.04083 5.31573 -1.08448
-13.3087 17.7683 20.9945
0.458814 0.512372 -4.84226
-4.24574 -2.40549 -6.48948
-4.5586 12.1167 39.7645
-0.338517 -1.64166 -6.56103
0.286931 -5.35099 -5.42079
0.815326 2.61067 -2.00956
-1.31324 -5.41158 -5.37577
18.435 18.9216 56.9751
-2.21375 -1.82233 1.35308
1.04006 -3.53111 -9.99297
-21.3432 16.3211 23.0353
1.00459 10.0131 1.61248
-1.65211 -5.84215 -4.6902
-8.63043 35.4266 24.1011
5.12105 -5.68814 -14.15
-0.0647833 8.22413 1.99448
-1.29344 -3.44394 5.89282
-0.102609 2.57652 5.81853
0.751308 6.19027 -1.89727
0.763601 2.55948 1.04749
1.84066 9.13933 1.94717
-6.75796 -0.672168 -6.66991
-1.03782 6.41649 6.47209
-0.427609 -0.484304 1.90826
-20.2504 47.4406 29.8369
-5.17672 -2.94225 0.559498
-8.23162 22.7868 30.2565
-3.10913 1.09882 0.52681
0.120449 1.29631 4.34731
0.102913 3.97648 9.37556
-20.7849 4.22771 -16.9855
0.790661 -6.34049 -5.839
-1.29519 -8.18571 5.19862
0.137796 -5.54598 -7.96592
-8.87709 27.9604 34.0745
8.83195 -7.19233 12.57
-16.9514 21.2528 15.3548
-0.66648 -5.44536 -5.85307
-22.7985 27.254 -9.47567
1.15837 8.21941 2.90626
-0.341532 -0.789161 -4.60342
2.25131 5.0659 1.6536
-20.7486 77.2607 -11.7706
1.03181 1.22088 -1.22941
-1.03594 -7.39238 3.4294
-1.03985 -4.51694 -7.56197
-37.9108 14.0802 -4.39285
-4.58931 10.8594 -4.2763
-7.32571 14.7045 1.93076
-0.111571 0.0559955 -6.48025
5.49624 -11.4399 -22.5094
1.37101 -1.6259 -5.23715
-21.1363 27.9627 19.0899
-0.454083 2.37797 3.37452
0.432575 7.90755 2.86207
-1.21182 -2.59912 -2.24276
-13.9263 16.39 45.6819
-0.754628 -0.196712 0.0611067
-2.55948 -1.12745 -0.82308
0.16783 5.23849 5.57631
0.247303 0.74816 -8.21044
-16.9355 23.2425 16.5533
-0.689621 -3.45217 -6.9909
-16.294 14.932 -10.7028
0.134773 0.839986 3.14102
0.744743 0.469989 -13.9507
-8.86301 32.4365 32.1141
-0.770724 -1.04755 -4.01436
-0.163458 8.27951 3.73172
4.05738 -18.959 -26.2869
-2.87784 8.60565 1.26661
-6.35184 0.145353 -6.26573
-10.5836 15.5667 29.2198
-0.125576 4.30018 6.23093
0.034607 -2.20972 2.47885
-8.21354 29.9327 24.6129
-13.0374 13.2697 7.39861
-0.115382 6.41204 5.768
-1.33194 -2.33107 4.75516
-8.83454 15.4906 22.0594
-4.01642 1.54245 2.07717
0.307134 9.36863 3.7034
-9.65269 17.3093 19.7347
-1.00357 -1.45455 3.41175
-5.72287 -3.687 1.8684
-0.43113 -9.1268 -4.26428
-0.0358577 0.715621 -0.260873
-22.6618 16.7838 3.60854
-10.6836 14.6008 25.3889
-0.0699944 2.20351 2.27894
0.795098 7.91709 4.16742
-12.2747 0.637163 -8.9849
0.299652 -0.702979 -10.0841
-7.95451 9.09482 -4.41776
-0.176955 0.683481 8.40273
-20.2736 60.9456 45.4725
-8.24088 18.8404 23.1425
-1.27136 -1.82755 7.70668
-0.402242 2.26643 -0.7526
-3.40115 8.02156 44.7574
-0.440779 3.84297 1.59315
-2.20357 -2.22917 -1.7815
-5.48789 9.33334 0.463757
-3.90819 -11.9346 16.876
-0.108167 -0.228695 -7.68923
-19.3718 31.2117 14.6695
-10.9005 11.2811 20.6509
-8.31263 28.0331 24.5133
0.194107 -0.397389 2.2055
0.148115 0.93189 0.563797
1.17577 11.6931 1.52891
-0.161124 6.7011 1.91189
-21.1654 31.1176 12.6064
7.0601 11.2636 44.7573
-8.79795 38.2775 28.2765
-4.06499 2.49964 -1.41407
22.1112 16.7776 13.9374
0.250262 3.40886 4.74096
-0.479556 -6.03388 -0.444851
-24.3204 26.503 16.5249
-0.72653 -1.75404 0.607884
1.92938 -3.4599 -9.89828
-0.340446 -5.39226 -8.68303
-5.90392 7.19843 -5.93763
0.336022 -2.51316 1.04851
-1.02011 9.40008 -7.21958
0.184927 1.22148 -7.85145
-22.5039 12.9266 13.6341
0.720079 4.68078 3.72562
-0.501592 3.30004 2.03924
2.29233 0.828902 4.59717
9.3465 1.62548 0.589213
-1.28495 -8.34585 -9.15455
-11.7004 -7.77514 -4.12817
-9.72097 7.27851 3.32866
1.29858 11.134 -1.06932
-0.821063 -2.94087 5.74074
10.3292 24.6769 58.3209
-1.22103 -0.236149 6.69779
11.6367 7.38585 8.39368
-0.159367 0.38802 5.55686
1.76974 7.08507 -2.32124
0.130798 0.407448 6.0117
0.861324 -3.03346 -7.57737
-7.92768 92.7109 52.4913
0.518603 5.30058 -3.76234
-0.139459 1.02364 -0.426331
-22.5886 12.628 15.885
-0.0191928 2.62199 1.84603
1.02968 -0.756416 -5.20309
-0.999245 -4.34973 -6.16723
0.786237 4.29643 -7.91813
0.185876 4.70801 9.0926
0.479045 -5.89148 -6.21135
1.03962 1.91701 -1.32802
-1.00877 -7.95832 3.44061
10.1147 5.41557 28.0531
-0.36673 4.98681 -0.404484
1.09872 1.88817 -7.65817
-17.2943 32.142 9.14514
8.6324 -4.12858 8.67406
1.62741 -1.44788 -6.5102
-10.6494 16.8584 21.5842
-1.00418 -0.938097 5.64263
-15.7379 52.3998 31.9229
-1.00202 -4.64294 -6.86761
0.772983 11.9398 -0.901627
1.64543 10.5179 -1.71181
0.142697 3.97936 6.73088
1.00996 5.24632 2.84828
0.735215 5.46811 -3.13286
2.61606 4.62615 -3.36678
1.03149 -1.91094 -4.7533
0.719414 -4.35182 -6.09492
-13.5061 -2.40487 1.82031
-0.113952 9.08736 2.33135
1.03828 9.18161 1.26624
-8.29862 20.1576 26.941
-1.32616 -0.34169 3.99228
-4.35925 0.128978 -0.873753
0.432455 -2.28353 -2.25781
-0.432156 1.33183 -2.85326
1.0631 5.59893 -5.25176
0.466735 8.70245 -3.32323
-1.06048 -1.86187 4.84374
-17.1953 12.9756 27.5539
-0.104432 0.0539877 -1.92656
0.752758 -3.18181 -10.3368
-1.24547 0.1998 13.3029
2.25896 4.61941 -2.89596
0.853025 -1.99099 -5.15961
-1.84202 -3.40415 11.0604
1.40725 7.43591 0.101003
-25.0666 33.2668 21.1432
-1.26815 -3.01257 5.4477
0.348924 -6.77119 -5.07112
1.07822 0.909093 -2.54363
0.722048 -4.25266 -9.50502
0.434721 3.97364 -2.00037
-0.408174 4.57752 5.76736
6.74972 -2.90743 -13.9179
-1.30246 -6.26834 -0.444418
0.455739 5.52462 0.434706
-7.94992 25.1787 21.8986
0.147379 0.752608 -2.89997
1.41929 0.949168 -6.09771
0.244567 0.0668161 -6.09552
-1.31801 -2.57181 4.32609
-12.7982 1.8389 -8.64709
0.178857 -2.82069 -0.743958
-11.7672 81.6374 40.5105
0.788944 -5.20059 -9.2809
-0.615663 8.90064 6.96861
-9.45155 16.8387 27.8701
0.120737 -0.0811646 3.34026
-5.22321 5.95097 -2.81613
-37.6335 25.3587 -11.324
-18.1613 -5.03104 10.0682
-0.458701 -1.32404 3.69956
0.423445 -1.95223 0.534098
-1.63116 -4.12765 4.55985
-0.0238692 -0.125753 3.00226
-0.46285 -2.8044 3.51995
1.26506 -6.04967 -11.5898
-7.56303 0.520824 -2.81783
0.39323 9.19127 3.05034
-0.633372 2.75012 3.4462
-24.769 35.6563 19.4175
2.07317 10.088 -2.27913
1.32735 -5.56412 -10.4765
-0.978246 10.3151 50.0371
-0.967846 -6.71025 -5.2119
1.79366 11.0769 1.1986
-0.701561 0.195256 9.14482
0.239238 7.08739 -0.188945
-1.30964 -0.12867 8.23155
0.12068 2.75167 7.05205
1.66732 9.51208 -1.33494
1.63384 5.97533 -4.28498
0.232334 -0.717075 -3.65228
-14.7106 29.6817 -6.17902
-81.4561 21.2679 -29.471
-0.153803 -7.44931 -7.58128
-17.2384 17.4986 23.2864
0.510025 3.42465 -1.32603
-19.0364 35.1067 9.5385
-2.7753 8.63508 0.16053
0.386201 -0.726813 0.471684
-1.61388 -5.27584 4.59803
2.21892 6.89867 -4.07449
-21.757 106.927 -39.983
-4.95374 -0.941327 -0.462751
-18.14 97.3402 -33.4958
0.210068 -1.08837 -2.63103
-0.155135 1.61895 5.5435
0.726534 8.45527 0.744592
1.05682 -1.33554 -9.71825
1.37423 8.27948 0.464586
6.7654 1.45293 -17.9752
-0.430375 -7.64681 3.78337
7.03486 -17.3932 -22.8609
-15.1145 19.6154 17.9884
-0.156036 0.384568 2.17707
-0.109218 4.7266 -3.09065
1.39299 2.3912 -5.0927
-19.0666 25.0866 18.3361
1.40923 -0.246876 -9.37914
1.03487 9.8422 0.436026
-0.159614 8.58293 3.14886
22.8716 25.7815 -4.04863
-9.70579 3.68096 6.00279
-0.251189 -8.08544 -8.70018
-1.25194 -6.98962 -5.16832
-9.43611 18.5304 24.2509
1.97047 7.40504 -2.24018
-0.451627 -7.54146 2.33819
-8.55572 89.8922 9.52337
-3.73692 3.93975 -3.3385
-0.143725 -0.470309 -3.39551
1.34619 -1.62073 -10.1254
1.03906 8.16747 1.03147
-0.418124 -2.26897 7.65009
1.1335 9.13849 -0.737951
-5.84478 -11.5299 14.3298
-0.0245449 4.52564 -2.63768
1.4117 2.27299 -5.57105
-23.4903 12.815 -2.07668
-0.719952 13.955 7.06011
-3.01813 -1.40441 16.0442
-22.3575 18.9238 15.9564
1.37097 9.42632 1.40296
-1.335 -5.19564 -4.9098
-1.28482 -3.18808 5.83439
0.742075 8.31339 2.54003
-7.34226 1.39715 -2.24099
0.165233 1.07689 -1.62154
-5.19323 4.50668 -4.24798
0.163834 2.66252 0.682199
-2.86276 -6.66005 8.7188
-0.776677 7.63896 5.62481
1.2574 2.70299 -0.505181
-89.5475 66.4581 -47.1287
83.264 17.7789 -58.1786
-1.33236 -1.70156 8.78475
-8.17699 0.310844 -2.62631
0.447471 1.72556 -6.26043
-0.340851 6.99915 10.1886
-0.463555 -1.03281 -0.457992
-17.1903 0.379273 4.63025
0.449498 4.3756 -1.41566
-0.108416 8.54925 2.67988
0.149868 4.64149 6.22138
-17.1296 -1.16655 2.83789
0.492048 5.78455 5.91128
-19.7609 47.5528 31.997
1.07786 -8.50262 -14.1027
-21.3552 10.9431 -9.60866
1.08975 3.99183 -6.18454
-0.43474 2.75634 -1.99919
-0.707332 5.34823 3.7901
-0.984999 -0.993982 7.42332
0.563788 7.93387 -1.11167
-7.61365 17.9352 20.098
-12.9664 7.02474 -5.0095
-14.2093 13.9085 1.93866
-15.6524 12.2707 19.7259
-3.36 0.814978 -4.39013
-0.30674 6.78532 6.2806
-2.55173 -7.65803 8.2285
-0.101065 8.82132 3.747
-1.29521 -5.70056 5.05456
2.25793 1.1487 -7.50407
12.7415 14.77 52.6615
-1.59009 -4.59859 7.35498
1.45368 4.93525 -2.00479
-0.381173 5.90087 0.209559
-7.91631 45.1632 -13.3771
0.433756 4.28815 6.16143
-0.470525 -1.1064 -5.28651
-6.76617 -9.2364 -0.224942
-1.22981 0.203881 7.01547
0.261994 3.07698 4.60735
0.746376 8.24928 1.26383
-10.0753 5.33444 5.21489
-28.2491 9.43931 -8.75354
0.545771 6.17621 -3.96496
-0.0360229 1.89911 -3.5486
-15.3764 16.9453 20.9543
-0.0711876 3.65807 6.19842
4.95706 12.9218 47.5448
0.182675 -8.97892 -17.9101
-0.739754 -4.65525 -1.96812
19.3774 21.7375 15.733
0.433377 2.85813 5.23739
-9.65449 12.223 -4.61766
-118.201 90.9736 17.6586
-0.945706 -4.89377 -2.86369
0.869646 5.42991 -4.20068
10.137 8.90845 50.053
-10.1831 2.33157 28.2684
-1.03983 -3.45842 3.44032
-0.935263 2.32387 3.93104
-1.33298 5.50477 4.83355
-1.66599 -3.71733 3.72575
0.753447 7.36875 1.00128
0.131964 1.03972 5.92644
-3.61644 70.6341 14.8599
-0.00827155 2.86525 5.13728
-1.02781 -4.68784 -2.69374
-18.1572 66.1353 3.60205
1.07304 0.396154 -6.44128
-3.38604 -7.26398 8.35482
0.746745 9.43939 0.656897
-0.313754 8.92434 2.80653
-6.99989 -3.65597 2.05992
-0.0767553 5.04037 1.7535
0.447145 4.5353 -6.77675
0.390574 -3.97749 -6.8153
-21.1446 -61.2516 92.413
-0.101865 3.3996 -0.798114
-19.2934 25.087 18.3357
-0.181567 16.2011 9.4877
-4.92444 5.95034 1.67828
-0.0886189 8.15411 0.269658
-0.360689 1.54618 3.35987
-0.909023 2.52038 8.07125
-20.1874 24.3496 13.5364
0.789459 0.0845196 -2.56753
24.1974 18.381 58.7333
-15.4453 29.2894 12.6187
18.7747 26.0244 -26.1827
0.751721 1.12688 -7.28564
-1.90665 0.823802 8.16498
-14.2319 71.6122 77.842
-22.5841 18.9241 15.9561
-0.0230173 8.87783 2.27663
-1.55812 -5.2639 -4.8085
1.11573 9.43351 1.3883
-22.8569 -2.96685 5.20367
0.454911 5.61474 4.097
-0.619799 4.5962 5.79686
-13.623 58.2706 12.0695
-0.447838 3.32934 8.83026
0.574128 5.11374 -4.87136
-0.116033 -1.50409 3.95498
-1.66782 11.5343 0.103134
-3.68573 -35.3435 51.4278
-8.26919 17.8395 23.7678
0.724838 1.26839 -0.362899
0.719294 2.87519 1.9969
-0.157881 7.29534 4.34878
1.33407 9.2285 2.78732
0.945584 7.1274 -0.475405
-0.456654 -0.144857 7.82121
-11.4555 2.45375 -8.28996
0.761467 -2.65686 -9.47345
0.498024 7.31565 0.434052
-0.388666 2.85751 5.86099
-0.882596 -6.78376 1.80073
-14.2317 25.2117 14.0615
-1.55846 -3.19615 5.78823
-2.86309 -6.83974 8.45253
-0.711356 7.65242 5.86667
-0.58891 0.465209 11.3643
1.63574 -3.56386 -12.4211
-9.44598 16.6513 23.5374
-1.84909 -1.09032 3.14825
-0.478563 1.919 8.25239
-0.82104 2.00826 12.382
17.6121 42.8464 -12.5325
-0.779929 2.30505 1.64269
-5.49518 -0.230563 -2.9629
-0.760123 3.78536 10.0757
1.34705 -6.89941 -13.5872
-0.141873 1.08695 -1.3666
-4.83519 -1.44077 0.0956374
-0.481271 2.94714 10.0293
1.32382 4.68472 0.471997
-0.314476 -5.18417 -0.379018
0.445774 -3.97455 -8.34282
-19.1636 4.74164 12.3364
0.226658 4.2452 -3.24039
-16.5749 21.5927 16.0517
0.446592 2.68408 -7.64518
-22.5117 18.2012 14.3641
-0.108695 8.09164 0.353695
-14.578 16.9512 23.5055
-0.349592 -1.95143 -9.32123
-3.66907 3.2441 -4.46848
1.89968 9.96515 1.25287
-0.772974 -5.82338 -4.94549
1.90329 8.47096 -1.03641
1.08618 7.62658 4.33789
-1.60388 -3.49246 -1.88292
0.149791 -0.756571 -0.38863
-8.30024 -1.10463 -2.69303
0.480043 9.37935 6.0632
80.8817 7.08426 61.3353
-2.24214 -5.37725 -0.227174
-22.3618 12.6277 15.8854
21.2281 -6.02778 14.8436
0.0912418 -2.19209 1.87789
-18.4048 7.64352 1.63745
13.3567 12.8644 54.5389
-9.95037 32.6362 35.5471
-0.68339 8.0935 4.62252
-13.8623 62.7869 7.81603
1.08156 10.621 -0.114327
-15.1091 8.3237 0.318174
0.476891 4.70042 -3.45037
-1.01066 -3.49559 7.14358
1.08118 10.4225 0.0908589
-0.0961307 8.0228 3.33052
3.21399 -14.164 -12.3451
-6.62018 71.8237 46.8721
-0.452767 5.05267 4.39346
-10.0572 16.2878 25.972
-2.55189 -1.39455 0.703214
-18.6876 27.4159 12.1895
1.04597 -0.781136 -3.9301
18.7403 18.0255 57.9668
0.105237 -3.1172 1.60531
-9.34829 14.7574 23.1331
-9.05402 26.5171 24.7079
-13.6367 27.8701 20.6143
-21.7411 29.0491 11.1896
-60.3751 -12.6784 12.3974
1.25268 0.626383 0.595928
-0.475229 -1.27855 -0.529375
-21.0997 65.2975 40.8654
-1.54512 -4.34919 1.5256
13.0409 -15.4666 -0.434146
-43.311 8.4241 -30.1015
0.729292 -11.4414 -15.7486
-0.111454 -1.95859 -4.10436
-2.31784 -1.91392 -1.97075
-18.3994 24.722 11.5059
0.473728 6.154 4.3099
10.6573 6.64403 -10.8337
-2.76265 0.22099 -4.37567
12.3696 31.9841 -22.3893
-19.2162 33.2516 15.0749
-0.458847 2.48646 -0.394264
-0.353872 -4.5999 -0.76775
1.33184 4.07885 0.134665
-1.26651 0.18986 6.36522
-3.42488 -8.21107 7.8836
-3.4368 -4.05776 3.08979
-9.14959 10.295 -0.0281715
1.06519 4.57456 0.746767
2.18586 5.88179 -1.83367
0.860731 -0.891388 -6.1331
1.33816 -0.57568 -8.39706
-7.62184 9.51883 -4.32944
-0.335951 -1.16391 5.21946
1.12265 8.04417 -3.08021
2.53561 5.30664 4.61513
-7.55315 9.73203 -4.17596
-0.339597 -0.763042 4.85476
1.06491 7.61857 -3.35791
-7.07486 -6.92479 0.668569
-0.0716904 1.79566 2.83469
-4.84587 -0.714075 -4.00739
3.15023 11.6899 -4.18696
-0.101253 0.357149 2.92968
0.140187 0.439391 -4.91996
-5.2873 5.27504 -1.10297
0.556427 1.11176 -9.72287
-8.85815 17.0762 25.9331
9.43882 11.0427 46.6899
-1.29995 -0.823032 0.700265
-1.0425 -2.99501 7.28379
14.9985 14.2898 52.1267
0.724425 5.92561 -0.809696
-16.9909 15.0899 22.5018
1.60449 4.62434 -1.37165
0.139774 -1.96237 -6.73898
-1.0588 2.2382 8.44205
12.0042 9.79046 -8.93547
-16.2688 49.761 9.28675
1.53018 -0.0884104 -8.12972
-24.1168 32.1935 8.6608
-7.89985 29.8626 27.1903
-0.702689 5.50711 1.48577
-0.710429 -7.49733 -6.15764
0.236518 3.47632 2.48535
-13.1635 16.44 22.1849
0.804496 1.97624 -6.23298
0.124924 3.82072 5.86688
1.67316 10.3413 -2.46783
-60.1483 -12.6788 12.3977
-8.11001 24.2938 19.4924
-0.152975 -1.31464 -0.477685
-62.7656 14.3465 -15.0613
-0.0927228 6.88106 9.97828
26.2391 25.1952 -116.654
-6.04696 10.5791 -0.403049
0.750545 -1.41101 -8.17263
-12.0817 8.68416 -6.6531
0.445398 0.136806 -7.99371
-1.29994 -2.3785 1.16969
-7.56347 26.0535 24.9573
1.97031 12.3559 1.93212
-12.4387 31.8656 21.8094
-1.03477 -5.29601 -4.39072
-14.0287 0.100561 -4.00081
-10.5711 6.20173 26.2922
-1.90304 -23.27 17.8102
-7.94966 -2.41899 -2.59116
-1.32443 -5.15073 4.06812
-0.428484 -5.85423 -1.3055
-18.0188 14.8445 23.2896
-1.23643 2.404 5.14267
0.146482 -2.3705 -5.85007
1.63389 4.39781 -2.30077
24.7 -2.88627 -8.37656
0.792397 9.0629 1.02997
-6.73624 8.91799 25.7339
-2.45873 -5.38479 11.7122
-20.2334 32.113 16.3173
-1.04403 -8.55838 0.334837
-0.370439 -1.66455 4.30206
-11.1747 27.8373 20.825
-8.46319 16.674 26.8405
-0.118337 6.40006 7.25353
-17.5159 17.7875 21.3426
1.06586 -3.21187 -10.364
-1.01867 0.199439 13.3033
1.78073 12.0486 2.63364
-8.45341 24.2205 20.7466
-0.458077 -1.32041 -1.91032
-15.6782 17.5021 21.3181
-1.26457 -1.6953 -1.36379
-4.36044 -7.47675 8.14081
0.469228 -2.86077 -0.147124
0.370174 -0.0893288 3.09965
-7.91663 27.6506 25.491
-0.437464 2.81631 7.65735
-0.0161459 2.23248 -3.72853
0.447516 5.83433 -3.64139
-8.2184 78.8111 26.494
0.145865 -0.175097 2.8145
-9.94726 3.59325 -1.98573
-1.4208 -5.25363 -0.105029
0.417779 4.68373 0.682421
-0.44409 5.6254 5.55895
-48.1421 -4.98513 28.5107
0.100982 -3.11643 -7.91864
-15.3297 78.9349 74.1341
-0.0791369 -0.230879 -1.59238
-32.6663 34.486 14.0015
-11.9732 35.827 49.6488
-14.7582 44.0633 19.4082
-0.0689394 -4.9234 -3.47111
-4.61022 10.5591 -4.16935
-7.31056 14.603 2.28714
-8.21267 7.4708 -8.10827
-0.131778 -2.55617 -7.05112
5.53629 27.2504 60.9403
-9.11887 31.9909 33.0026
-0.921303 -1.6943 -4.95179
-22.63 24.4338 11.1616
-47.7838 20.8836 -12.7984
-1.04661 -1.15868 8.12581
-20.8546 3.63786 6.46863
0.173065 4.45545 3.87885
-8.27109 30.7187 24.5842
-0.0421408 5.27405 5.92286
-0.389969 1.88841 3.44802
-1.87273 -12.8101 -15.6409
-0.471839 1.93944 9.76615
19.0893 17.0121 58.2575
0.181159 1.63639 -7.4988
-15.098 39.2138 -3.28769
-0.773652 -1.72757 3.58469
-81.6379 42.8043 -59.0041
1.02722 4.94965 -4.38182
-9.05435 10.1927 5.0622
0.437582 4.93829 -1.63145
-7.93982 22.6954 24.0929
0.220603 3.15302 -5.1386
0.974051 1.88233 -5.8882
-0.318585 4.99894 -2.29375
-0.669113 1.92421 6.08295
0.450482 -1.64016 -9.18408
-1.0614 -2.69837 4.03459
-7.02991 13.0657 1.1244
1.3712 -2.46455 -9.82809
1.34718 -4.08022 -9.16815
-20.5563 14.9809 21.6632
-0.975435 4.23649 9.69977
0.16194 -4.16965 -5.56237
2.41223 0.0145081 -10.7262
-0.672839 5.86193 3.54627
-10.196 47.0978 40.1722
-0.150037 1.44179 3.41063
16.3416 31.4132 65.3242
0.444186 4.13146 1.88726
-9.42589 17.3089 19.7351
10.3145 37.6749 -4.95859
-7.6351 23.1681 19.4541
-55.7689 5.59979 13.3097
0.473402 2.4576 -0.396578
-0.414933 6.08658 4.38145
-13.921 70.0186 19.5567
1.03142 1.29434 -4.36934
-4.38759 4.40153 -1.52114
-1.04869 -7.41331 0.345088
-0.975169 -5.85153 -1.87723
0.953556 -5.19843 -12.1844
-1.02496 2.31274 11.4666
0.456709 5.02313 -0.179559
2.39751 9.90556 -3.49415
-5.86544 -0.513613 -3.45437
1.41061 1.65029 -7.06062
1.4055 3.06779 -6.37038
-0.158664 3.77478 -1.71304
0.575538 4.3054 -5.85116
-49.2789 66.8574 -15.055
-9.16062 19.5452 21.7586
1.0618 7.05024 1.71432
-51.4471 54.7393 17.7617
5.29982 18.5988 17.7834
-0.0249496 -0.111972 -7.95936
-0.77019 -0.333341 9.26133
-1.37389 -9.18141 2.2209
-15.0869 15.795 22.4817
0.818164 8.34305 1.88564
-1.09095 -9.1839 2.25204
-17.6558 14.8438 23.2902
-0.411699 -8.96012 -14.8782
0.444418 -4.61729 -4.9168
0.732495 9.17149 0.496392
-0.137905 1.02064 5.89481
-1.30042 -5.08877 -5.12501
-70.2227 15.0379 -17.0519
-10.3765 17.0156 15.3029
-1.72422 -7.72259 8.64853
0.538867 -6.96387 -9.2953
10.6454 15.0879 23.2081
-1.55712 -3.40587 -0.693723
0.166526 2.82557 0.201633
-2.84591 -6.96047 8.24268
0.14428 1.35526 -2.27956
-0.434893 0.760232 6.2518
-0.241549 -23.1617 -22.6869
4.07869 5.30412 1.83991
0.768021 -0.485496 -9.12134
-17.7709 27.745 16.1125
-6.3547 -4.80176 -1.64691
-1.1371 4.44018 8.64583
-10.9345 88.0386 59.9632
-0.729106 1.18779 0.962871
8.22468 35.2311 65.9175
0.145216 -2.25183 -8.86048
4.76524 12.3625 49.5518
-19.9569 29.9192 20.1623
-0.460051 8.81942 7.97512
-28.3775 14.5683 -12.2241
-2.56153 -5.46233 6.41646
-22.2662 64.6222 -15.2312
0.447165 4.62742 -4.89912
-0.430872 4.12756 8.85866
-0.448863 1.99711 -1.01946
-0.693376 -2.49835 1.91607
0.852872 -3.04224 -13.9517
0.514149 6.79925 4.86184
0.490126 10.6587 3.04761
-3.40589 6.74045 -0.605194
-18.1349 19.5385 18.824
-47.4347 43.0896 27.983
2.02393 7.33323 1.6056
-0.726022 -3.20025 -4.7625
-18.4615 7.39269 -6.59461
-0.154757 3.15305 7.63777
-8.23875 20.4908 16.8753
-15.0461 -4.47845 5.13921
-1.06825 -8.18619 5.19904
0.418074 -5.49319 -7.94372
-10.5922 8.64634 -2.74199
-0.397105 5.46391 1.8984
-21.5297 55.1332 33.6392
0.549812 4.62706 4.42629
-0.451053 -4.19865 10.1362
-3.46361 -6.63579 9.83403
-19.0226 20.1697 17.0485
-18.8532 33.251 15.0755
12.5188 18.1875 54.3292
0.706688 -1.05483 -2.55877
-0.740028 -2.91667 -4.91499
-8.23724 19.6402 22.019
2.03669 7.19686 1.35865
-0.209208 -0.2759 3.31383
8.56829 9.50208 -13.7224
-0.456504 2.22502 6.41146
0.562526 6.57097 -2.48269
-19.0368 24.4257 3.95363
-0.110434 1.71351 -4.9077
1.11263 7.12943 0.513556
-2.14764 -0.910339 7.85939
2.55242 5.92944 0.987053
-0.0881945 -1.6172 -5.25509
-0.418602 -1.61388 -3.73994
-19.2825 15.1178 7.81867
-7.95677 67.0581 34.6975
-4.28834 6.65703 -1.59142
-3.67869 -0.914894 -5.9604
-0.982522 1.15425 0.672223
-18.4716 27.1175 18.8578
-16.6856 3.50142 -4.6531
-17.7825 64.3398 0.750993
1.76283 0.912976 -9.11976
0.439237 6.39084 1.09097
0.698715 -3.4937 -9.98196
1.38369 3.75526 -2.02209
-0.0192323 3.0232 -6.02086
0.448967 4.98032 -1.29479
7.627 20.1555 53.6584
1.65224 7.09376 0.219887
-14.2091 52.1732 9.87054
15.7558 20.117 57.32
-0.0600106 -0.791016 3.43186
0.151973 -1.03013 -2.89425
-8.44823 9.30725 5.77604
-1.63591 -1.99246 1.99583
12.7647 11.1418 25.0462
-2.91737 -2.05036 5.43494
-14.2254 45.038 9.48301
-17.4941 7.87621 -17.442
-2.82869 3.839 -1.24115
0.212351 2.30502 -4.79812
-25.1636 -4.33799 4.96054
-0.548041 -3.7654 7.24119
1.09242 10.5802 -1.0146
0.48423 -2.54916 -3.12305
1.11334 5.16022 -4.25
-17.1426 19.6138 49.6639
1.05521 -1.72479 -6.52263
0.163232 -6.40167 -3.84664
-18.4438 2.66157 -6.13506
-0.0885537 -1.62306 -7.74062
0.462849 9.09207 2.83357
0.509778 7.40026 -2.16316
-8.72785 8.86336 3.54407
-0.127584 0.700121 -5.24986
0.562939 8.76332 0.191977
-118.413 -15.0103 15.1055
-0.462573 1.20933 6.25353
0.77987 -0.978341 -9.09215
0.721204 -1.91553 -2.26723
1.03208 -1.96587 -5.90417
0.207129 2.47581 -3.53334
-15.4956 65.0559 1.61512
17.4101 17.793 16.2941
0.539821 -5.79384 -7.85709
1.70542 1.13139 -8.53837
-0.120982 8.84147 2.60922
-3.19882 1.37914 -2.79129
-1.5355 -5.2084 -5.11651
-4.95717 6.52537 3.95107
9.37685 -0.783044 9.93579
-25.3185 -4.76956 1.81489
-0.712883 -3.96797 4.30074
1.0173 -1.67925 -4.33992
2.47952 9.92171 -4.18486
13.4504 31.6167 64.6201
-0.450724 2.24346 3.84845
0.498448 7.99817 2.52163
181.692 57.6945 26.8876
0.119453 -0.141876 3.96337
0.960568 0.145788 -9.3101
-7.64474 -1.34126 -6.50905
1.07843 9.68045 2.22105
-4.94509 6.17569 2.81323
-15.0649 72.6595 5.59499
-1.27423 -1.85805 6.9446
0.268272 8.97385 -1.26878
-0.1626 -0.782683 4.03276
-1.59273 65.3512 1.49243
0.84812 0.703802 -2.5917
-4.17668 -6.66057 6.96236
-0.396504 1.65441 0.873906
-2.21256 7.42677 3.50676
0.117419 -9.32967 -7.18706
-9.36566 5.03908 -4.19677
-1.34701 -4.36118 4.25234
5.63931 1.91334 -1.03725
0.748347 4.33894 -2.53871
1.66882 7.0924 -1.35489
1.03388 -0.833127 -6.16036
-0.168201 -1.02674 -1.74724
5.057 6.76747 -4.57731
-0.429655 -0.986921 1.70135
-0.173684 2.16508 -5.0199
1.45632 4.66488 -3.13145
0.793251 -3.69425 -7.09676
0.170323 1.40035 -5.21276
-51.441 33.3097 -44.5023
0.467366 5.35952 -4.20766
5.29313 2.73584 -2.95022
-8.61324 20.8108 17.6035
-0.471127 3.55981 8.25824
1.05114 0.951527 -8.23923
-4.65524 9.72003 -0.208067
-0.778998 -9.7364 -8.96353
-1.29308 -4.31537 9.53303
-0.382259 -1.07672 -2.96519
-7.70076 92.7104 52.4917
0.724163 5.24554 -3.75862
1.36727 9.67959 -0.742892
-4.30381 -0.0583912 -0.492996
-48.6347 49.6086 -27.1349
-0.35936 -0.976273 4.31099
1.67194 1.82438 -8.82218
2.28794 4.98837 -4.67105
0.712881 -1.6691 -3.43897
-9.139 5.03871 -4.19643
-1.07052 -4.32473 4.35845
-7.64484 10.2452 -4.1785
1.34694 1.87053 -4.16551
-5.86903 -0.850999 -0.525593
2.2521 10.2764 -0.425005
-12.1513 33.7978 24.9166
1.98398 5.20044 -3.79514
-1.27746 6.7462 2.58816
-12.8344 0.287568 -10.6486
0.135655 1.63056 5.18837
-0.164595 5.1772 2.31709
-51.771 21.4134 22.9843
-0.928007 4.42108 3.8563
5.55781 3.80907 -3.4729
-7.75365 18.1429 24.5926
-0.686113 -2.45196 6.54388
0.829489 9.44162 -1.81793
0.150151 1.6639 5.817
1.93817 9.71283 -2.23261
0.76259 -1.60725 -4.71832
11.9024 11.9585 48.1382
0.708571 6.74557 1.63762
-8.73383 18.8463 22.9529
1.36226 7.96478 0.493914
-2.87417 2.7168 -2.19398
-1.24944 -3.75706 -5.78189
0.817083 -0.184925 -7.6254
-0.440125 0.444576 7.78099
-1.55685 -3.22888 4.74259
3.75945 8.76293 -1.59417
-0.715665 3.2135 5.25645
0.183432 7.05069 1.04994
-5.12235 0.226907 -4.79194
0.209348 5.47844 -1.2468
-1.69556 7.43868 4.11794
0.71315 -4.28349 -4.05309
-17.8335 58.2867 41.2395
-6.93207 12.8308 -2.38892
1.29481 6.72865 2.03804
26.3882 22.3763 -95.1951
0.81487 1.65033 -7.3849
-29.1814 -11.3966 -3.08907
0.88429 -3.63721 -11.2852
0.500463 6.11758 2.13674
-12.8272 20.7401 16.7035
-20.8554 30.0614 16.6193
2.88393 -1.65674 -0.409345
-1.03383 -4.68786 -4.33872
1.61028 8.83929 1.95561
-0.348382 1.14503 8.4596
-25.8549 31.0731 7.95708
1.03813 9.47417 0.769678
-0.0770765 8.82657 2.84376
-5.63318 -3.57733 -5.19201
-0.765818 -1.03319 -3.69393
-179.192 103.887 10.9713
-0.691628 7.04718 13.414
1.92875 8.9129 0.759158
0.255442 9.82054 -0.0609869
8.69277 -7.28746 13.424
-0.745884 -1.69963 3.17623
-0.0768617 -0.280492 -7.36215
1.53396 11.271 -1.96321
0.132141 4.55187 6.40961
0.137603 4.77291 8.35118
1.63327 11.1543 -0.070853
-20.3722 16.2938 16.0015
-0.917142 7.66306 6.94439
-6.34212 -1.786 -0.195302
-0.946397 7.3456 12.6326
-0.118899 0.171503 3.80486
-18.8274 48.8448 29.8367
-0.150327 6.67904 7.31034
0.154525 5.18391 0.724588
-2.47618 -1.10984 -5.45029
0.149412 3.74446 -1.68849
-0.771295 4.95424 5.58317
-18.3391 24.5065 13.7938
0.473126 6.42943 2.18249
1.12427 1.7356 -3.11706
-0.910489 -7.59244 1.55664
-5.85319 -8.5406 -2.33075
0.636841 5.44975 0.107351
-1.02217 -6.02629 -0.607652
-1.00262 1.84897 10.2477
1.02965 7.86479 1.34727
-9.77063 5.55053 5.26358
15.1224 10.2411 50.4492
-0.965494 2.33672 11.8692
-16.0416 12.7963 -12.8071
-0.630245 1.06364 -4.07203
0.812419 5.77125 -3.97087
-0.442475 0.617663 2.57851
-10.5538 15.3713 2.76839
-1.62258 -3.9358 -0.616257
0.166458 3.4421 0.0605761
-33.6025 11.8996 -6.14201
-2.5571 -2.0748 -4.62231
17.1098 18.0151 -13.1696
0.177434 6.16378 1.67354
0.155542 1.86788 -2.31722
1.09797 -3.66727 -11.2879
15.1194 11.7162 50.8033
-20.212 2.36905 -9.73392
0.695802 6.0468 2.23206
-0.0668327 -7.85558 -1.2292
-22.6206 12.1429 13.4332
0.74701 -0.569009 -5.74341
-1.58429 -7.19673 7.50849
-3.6636 -4.05741 3.0894
-0.109349 4.41768 4.75341
0.143116 -3.39963 -6.79794
0.765524 4.22731 -0.854178
-0.051348 5.25954 5.33751
-2.25283 -9.11847 9.03918
-9.1549 -1.21654 -7.62601
1.0543 8.25324 -1.35155
1.43442 -0.112614 -9.9628
2.24917 -0.589121 -9.71823
-18.0739 25.2223 18.1625
-0.198203 2.40259 1.41535
18.5709 20.8733 59.3582
-2.1581 -3.81572 3.74963
-0.491466 -1.95077 -5.52805
-1.95555 -8.33839 9.00566
18.1412 22.4022 -27.925
-19.8908 8.67289 14.7268
-9.66454 18.4739 19.4099
0.422614 8.24817 4.0339
-6.97413 -6.35762 -3.67598
-1.07025 -4.91521 -0.762805
-18.2567 26.8652 18.5689
-1.06056 3.00606 10.4334
-20.5267 57.6364 36.8005
2.74885 6.79235 1.44711
-0.464298 -0.830527 8.88002
1.04368 0.646272 -3.81976
4.75151 13.1474 6.25987
-0.645784 2.5481 6.77619
0.429778 -2.27975 -8.57685
-7.0404 13.7666 1.68114
-0.382426 1.97765 7.31053
1.23267 5.42924 -4.19999
-0.135642 1.33918 -4.06958
-7.32296 1.38046 1.25616
-1.01598 -7.29996 4.28587
-18.4786 77.7725 55.033
1.92371 7.88102 -2.19848
4.99865 -2.95443 67.0487
-0.752659 -0.0367709 2.74918
-19.0192 91.1012 44.358
0.462224 4.26427 -6.92554
0.751782 1.64231 -0.797119
0.234743 -6.09614 -6.6994
-1.26357 -7.57166 3.9702
-4.58889 -9.02103 10.1976
1.0031 5.8354 -3.45524
-0.390974 1.05535 -4.56723
-9.70481 7.81227 11.3491
-1.07547 -8.6217 3.81716
1.03772 2.60136 -1.04317
-3.74488 -0.151353 -0.837171
-1.0654 -4.07238 5.57135
-0.355238 -2.38834 3.83451
-1.24918 -4.07044 6.14416
-0.503495 2.06638 9.95702
-0.365548 -7.77846 1.88994
25.5937 -4.12428 -12.9955
1.10969 -3.47039 -10.5625
-105.442 54.3361 -18.6396
0.182 2.57246 -0.176227
-0.767277 6.14007 4.00892
-9.13434 34.393 30.6798
2.31886 10.4285 -2.54178
-0.945037 1.73363 1.29048
-0.0962744 -2.15358 -4.11621
-4.94281 5.04343 3.00207
-20.8667 -3.62741 3.59225
-0.929719 6.09253 7.82301
-3.24182 14.6866 8.21329
1.65136 9.74439 -0.981102
0.122551 3.18202 7.31221
0.75533 10.9803 -0.369727
0.13095 4.94853 0.382347
1.65337 -9.2283 -3.08885
-17.2494 17.3341 23.3638
0.444265 3.61901 -1.30599
-11.4727 32.9109 -1.92016
-11.2289 16.8856 47.8941
-0.345685 7.09127 1.90548
1.21305 -1.55903 -5.01705
2.92045 4.82703 -3.08158
1.83614 6.48624 0.445177
-1.30673 -0.540743 7.93914
4.98354 11.8179 2.97303
1.6913 9.72752 -1.6551
-1.23788 -5.58298 -6.5167
-1.6707 0.0731698 1.90412
-22.5748 24.5899 12.8844
-0.79254 -4.0842 -3.76636
2.03445 8.34349 2.49145
-19.8848 -0.673445 -1.78418
-1.02414 -5.71208 5.06109
18.443 -1.58138 -2.5765
-4.68901 -4.0122 -5.02999
0.175697 1.9036 -3.45562
-45.3369 2.28855 -4.35846
-0.967194 5.22024 8.81891
-0.39831 0.146343 6.13749
4.0638 -23.2755 -34.5795
-24.0846 25.678 9.92469
2.85111 8.81987 -2.34489
-0.398063 3.23186 1.0669
-0.36238 -1.61713 4.84396
1.06043 8.44965 -3.47521
-16.9719 32.3925 -6.69039
-12.6338 73.9809 14.2784
1.667 7.36901 1.92113
-11.2532 0.855657 -5.28099
-0.160595 -2.56694 -4.93366
-1.32149 -6.66802 3.47939
-24.5089 18.5424 19.1597
-21.0116 12.7609 26.5757
0.209735 -7.00875 -6.0714
0.787106 0.761534 -1.36914
6.55157 3.22792 -4.16669
1.02933 3.44956 1.06197
8.87398 -7.28773 13.4242
-1.33545 2.58746 -0.627748
-18.4802 1.91044 -0.473419
-9.54369 5.55005 5.26399
-0.697453 -2.42122 3.87757
0.762212 -1.66348 -6.84829
-1.0652 -5.51654 -5.85116
8.65074 -7.19206 12.5698
1.72881 9.78192 0.505671
-5.02066 12.4031 44.382
-9.75799 28.4947 40.5174
0.730964 -4.07344 -5.2263
-12.025 11.2995 -3.64543
-0.042708 3.2424 -5.85197
1.35372 3.65574 -2.29976
1.29124 0.269736 -16.7979
-14.8604 18.6472 17.0929
-0.601394 7.87082 4.93852
0.165305 2.24178 1.36548
-8.23639 16.6736 26.8409
-1.2741 -3.95362 4.11969
0.753971 2.84937 -6.49425
-0.687941 4.10481 -1.74878
-2.56194 -0.446565 -0.648771
0.164987 4.6327 5.52261
-12.788 30.958 62.2778
-0.446252 2.88081 1.94408
1.0836 -6.90695 -12.8152
-0.427115 1.39347 -0.490524
1.33873 6.35945 0.175307
0.757552 -2.77324 -5.30955
2.6438 7.43554 -0.16338
-0.642099 2.78387 3.72952
-2.85776 14.6099 47.6517
0.705532 -5.50269 -5.81815
-10.0534 -0.90516 -3.3466
2.2656 0.988678 -2.1729
0.230548 7.47467 2.41595
2.10538 -2.42743 -8.47424
-20.2635 28.8121 15.7044
-1.35469 -1.69237 0.200946
-9.95003 38.3247 28.0281
9.36503 6.5147 0.61758
-30.7133 -1.33482 4.78858
1.33384 10.3584 0.45938
-50.5655 -2.61971 1.30246
-5.53647 1.29315 -0.748899
-2.30898 -13.614 -9.23303
-14.249 16.9999 46.8289
-0.417507 -0.463434 2.83865
-0.729828 -5.46931 -2.00367
-5.47696 18.3212 9.04017
-27.2296 -9.49263 10.4358
-16.7348 18.4502 48.6592
-2.47406 2.91826 10.3909
-8.5384 18.9178 25.8254
-0.928995 1.38955 -0.577369
-6.94684 19.2255 20.1915
56.8972 54.758 -8.12361
-7.57884 -6.39217 -1.80313
4.69855 6.32622 -0.622078
-0.431013 -5.72065 -6.78591
-8.55428 19.5159 25.7701
1.74235 -2.42676 -8.47493
0.149688 2.37143 4.56984
9.05581 -7.28814 13.4247
0.193945 10.2901 1.01174
-0.126944 -5.8552 -3.1946
1.61002 8.28164 -3.35785
0.108368 1.73773 5.03453
-7.26784 9.74204 5.46083
-6.6136 9.49102 5.42345
-15.7889 40.5456 -4.4716
-0.3781 0.111314 6.52249
-7.59174 17.2256 21.4829
-11.313 24.8161 17.5929
0.517712 8.53204 -2.48221
-0.127985 4.03981 9.16818
0.140051 -2.52732 1.56836
-15.7372 -0.495965 -7.48752
1.95859 5.26894 -4.41253
-20.7448 45.0117 10.9829
3.17048 7.53515 -0.301627
-4.83162 9.91279 10.0636
-2.82681 107.266 38.9202
-4.09803 12.6399 2.80679
-3.19969 2.83084 -3.03007
-55.6644 16.7154 22.8715
0.146146 9.22465 2.00397
-1.87076 -6.66585 4.09783
0.205568 2.267 1.71829
-7.89354 7.40885 -1.27396
-0.471163 6.14258 1.76083
-9.70418 10.9997 -4.10582
0.453743 4.08485 4.61407
1.34723 -2.28941 -10.6317
2.87236 15.9907 51.1694
-1.56751 -4.22148 -1.14624
-1.21061 -0.644907 8.84951
0.442105 1.92806 1.98102
0.452143 0.490956 -0.378878
-0.334657 8.12513 4.23702
0.809589 8.75165 -2.53753
-0.744096 -1.95664 5.88171
6.41317 7.46979 3.67052
-0.937809 -5.42526 -3.97215
-16.6174 43.6795 32.3294
-0.441668 0.761479 4.40734
20.5581 15.722 -2.6958
8.64236 -6.75164 7.90943
1.13258 11.5462 -1.06573
-9.13362 3.49576 1.75128
-1.00101 -5.79484 -1.44133
11.5483 -21.5827 2.73964
-19.641 26.8328 13.4958
-0.77375 -3.62588 2.47225
-10.5705 0.610348 -10.1647
0.277029 6.13137 -1.8222
-13.9824 9.62254 40.5629
1.3361 -6.0809 -11.8849
6.59667 31.2787 6.27579
-0.146161 -7.02103 -6.92032
-0.771955 0.770528 -0.449796
-0.732652 2.33279 1.94372
-0.681246 0.499829 2.51726
-0.375708 0.382266 1.31712
-0.466768 -1.14283 1.42616
-15.447 44.348 11.3772
-0.462391 5.58025 4.091
-10.0104 16.8712 25.556
-1.30665 1.03548 -2.03498
-0.692497 -6.71926 -5.53483
-0.139532 6.41692 7.07632
-18.4594 10.6276 -6.97723
1.07983 8.42393 0.918561
-9.07909 18.0107 22.2721
-17.8645 -3.15978 -2.34015
-0.1084 6.35153 7.86612
9.2335 -2.02451 8.34434
1.04418 -4.31707 -9.414
-0.111257 4.55689 5.83331
-3.55083 5.86705 -0.62542
-18.9397 22.8373 15.8121
0.220661 7.11148 8.30122
1.72021 59.7112 4.64114
-0.699891 -1.94374 -4.82405
-10.2651 14.4332 29.5515
-4.38063 6.80308 -0.983069
-10.2899 38.6198 22.2652
-9.37804 28.8731 24.7184
5.98305 22.4991 -3.56678
-9.51749 15.3621 2.13168
0.602015 -0.556711 1.80784
-16.2228 12.7966 -12.8073
23.2454 23.2295 60.1713
15.7462 18.9286 6.65636
-0.386898 -0.238213 6.61631
-21.9655 38.9069 7.28663
-7.2076 -1.98045 -0.676174
0.781454 11.559 -0.734678
1.60877 10.3973 -1.40243
0.19946 3.80651 6.97106
10.4185 3.92752 18.2946
-12.815 4.2391 5.10402
2.85162 1.35347 -11.1614
-0.486016 4.65697 4.02519
-9.91083 16.1398 25.6028
0.998388 10.4031 -3.3592
0.422435 2.5092 4.36712
0.715466 7.10674 1.99388
1.63386 7.30304 -3.49203
0.111877 0.781776 4.91554
-51.5892 21.413 22.9848
-17.8125 27.989 11.7689
-0.696563 4.32952 3.83971
-7.21559 -3.94024 -5.22775
0.138532 5.88563 2.56482
0.81255 -2.84101 -10.0174
0.433709 7.00638 1.04409
-0.426997 3.10038 5.28827
-1.25545 4.0629 4.44922
0.131302 -4.69462 -7.55634
-4.63757 2.44197 -6.10427
-10.3386 10.6515 43.3772
1.32743 5.45854 1.31774
-0.546669 1.58671 6.40086
-17.47 25.3785 14.6717
-7.32627 108.97 53.9092
-1.33625 -7.8506 5.46687
-20.2198 30.6041 19.6158
0.99864 -0.486374 -6.30038
1.66318 7.29023 -1.0085
-5.85379 -3.10437 0.17887
-0.923515 -0.807317 1.65601
-0.54038 -8.11513 4.70166
-6.98927 14.753 3.41672
1.12678 -3.15352 -9.70996
0.753432 6.7674 0.717123
-9.31996 19.1797 18.027
0.749188 7.60283 5.37483
-0.482336 4.61515 8.31126
-5.83599 -4.65721 -1.42909
-0.689221 -0.800557 3.34982
-3.414 3.25271 3.24718
-1.25386 -4.89511 -6.38794
-16.015 46.8241 9.33168
-11.7782 49.0853 -9.21874
-0.789338 1.41184 7.41788
17.881 30.0663 62.4353
0.712351 -0.769163 -2.80865
1.32945 6.38095 1.11471
0.819392 -2.88969 -6.15616
1.38717 4.99422 -1.35741
1.32136 5.57711 0.756757
-4.9854 3.99139 -4.93882
-8.02324 26.053 23.6729
0.46434 1.59398 -1.03117
-1.40725 -6.82185 4.47789
0.702098 0.753487 -0.430116
-7.37276 7.31322 -1.62538
-5.26222 13.735 3.11089
0.717161 3.15629 -6.1675
-20.7615 46.0232 31.4065
-0.464936 3.45334 4.86786
-10.0447 14.7861 26.5202
-0.0502295 1.87783 1.74235
-2.17232 -4.21039 3.4387
-24.3482 62.3458 38.8309
9.5718 6.38969 46.0283
-0.473243 2.86938 9.44859
0.439188 0.417351 -4.29442
-13.2836 17.8225 20.1588
0.184907 -0.6926 -5.87874
1.65296 5.87776 -2.30815
-15.9919 15.1304 24.2445
0.729801 9.17992 -1.40412
-0.695985 -2.27503 6.92507
-0.773853 1.32636 11.2067
-20.221 27.7145 6.99194
0.200323 1.88491 -6.15088
-13.6163 16.4446 22.1371
0.457917 -0.508868 0.405981
-1.64031 -5.51839 4.76689
-0.439561 -1.99425 2.79927
1.00687 8.94235 -5.63965
0.43506 1.08709 2.2791
-1.20572 -4.13392 0.109617
0.452704 -6.13704 -7.26965
1.06184 1.66994 -0.122972
-19.8213 26.5882 8.95743
-15.0522 2.40495 1.90286
0.998923 -11.4128 -15.6565
0.195492 2.25088 -4.0544
1.0555 10.5415 -0.379319
-1.41 -5.84265 -4.68973
-0.154001 -1.10082 -2.18078
-0.154747 -2.50232 0.0910521
-0.178835 1.1347 -0.995252
-9.42394 44.4617 20.7474
-3.9492 -6.65846 9.82169
1.28015 -2.1692 -2.95317
1.94124 5.5694 -4.57602
-16.0358 47.2463 9.88032
-3.41498 0.219228 -1.25336
-0.0642136 -0.473965 3.80113
-146.221 66.3292 -49.2761
-16.2958 14.4598 25.3594
-1.58422 0.0643401 -11.6629
-2.55666 6.97107 -2.85597
-1.01319 0.497436 5.57684
-18.9598 32.6653 16.9599
-3.04519 7.90889 3.44736
0.160762 4.1491 -4.57246
-4.22981 -29.8913 -32.3105
1.31197 0.709946 -4.36309
21.8226 17.3318 14.3781
-4.00166 5.06802 -1.50835
-14.8544 16.8903 22.8209
1.65807 -2.70573 -8.93338
-0.424109 -6.01456 2.90401
-1.04729 -3.77297 -0.98109
-12.2505 72.7787 49.8707
-0.906741 -5.39464 1.45572
-10.0273 27.4828 24.5043
0.75742 2.2505 0.758558
-0.157116 7.9678 5.60016
0.404985 3.74448 -2.52709
-12.3179 3.43152 4.39667
0.434799 -4.97351 -2.9032
-1.53777 -9.78271 2.15062
0.378281 -8.31987 -13.4387
-13.5541 57.6582 19.317
-13.8773 1.20225 -8.75353
-0.464344 -5.31477 -6.41116
-17.4579 2.42878 1.76122
0.480934 6.69452 1.28814
15.1593 30.0696 61.5692
-13.0232 9.82859 -5.02708
1.36317 4.12485 -1.60363
-0.0787095 2.86658 -6.50876
-17.7583 7.26537 -3.3602
0.455606 5.25686 -1.05018
-4.86235 0.382471 -4.80073
-27.9997 -3.976 6.03817
-22.6526 16.8371 23.5055
-8.27935 32.1871 28.4558
-69.8597 15.0373 -17.0513
-0.111407 -1.34105 -0.210984
-43.53 24.9216 15.6158
-1.05003 -5.12006 -3.18699
-102.649 -32.1084 8.53516
-22.0341 14.0588 23.6645
-6.75848 64.8669 12.0682
-102.199 12.5561 -30.6924
-13.2459 68.0555 18.974
-0.152339 4.82646 6.44442
14.8257 -3.46726 26.5878
-0.752929 -2.54858 2.77903
-0.105336 -2.21445 -1.62163
0.450237 1.54872 4.01771
-0.970763 6.22054 5.52567
8.42085 11.2274 25.5941
-0.374454 -5.2488 -5.72466
-41.8763 32.1657 15.2503
-3.72697 -11.9349 16.8762
0.171878 -5.21295 -0.176862
1.73311 1.24535 -7.96753
0.0677836 0.0307507 5.24974
-8.51887 8.22196 -3.6376
-0.447434 -1.09277 3.95919
-14.1076 16.3903 45.6818
-36.7339 32.9788 2.32684
-4.35304 -4.46161 -1.84178
-9.61993 84.8978 49.6203
-0.692067 -8.36069 0.75048
1.3839 2.3138 -3.90178
-1.05424 9.37896 8.61901
2.27372 10.678 -0.394864
3.8222 53.1882 81.6671
-13.9268 12.4831 26.0062
-1.6558 -2.80238 2.29063
1.80601 -2.11568 -6.75039
-6.79813 10.6956 1.90676
-0.779994 -5.01928 3.09784
-20.5267 15.3021 25.9087
18.209 13.3954 -1.81156
-14.8193 -4.4788 5.1396
-21.4446 2.82764 -26.4702
-12.4566 0.637564 -8.98537
-16.6524 14.9781 28.3516
0.456253 -1.61444 -1.01397
22.3648 13.7801 57.662
14.8754 13.2602 -10.6066
-1.28588 -2.61951 -1.46866
1.38201 6.70292 4.97906
-1.93331 -1.91706 0.362055
0.285711 3.77002 -2.79866
-13.877 12.0538 41.5724
0.422103 7.45082 7.97051
-17.4927 79.829 51.2135
1.43165 7.66231 29.716
-0.762349 -5.31345 4.66406
1.13722 8.03677 3.63873
-1.55258 -3.61923 -2.47572
-3.17809 1.89499 -3.06843
0.160741 10.0071 2.05014
-14.0358 16.1753 47.3047
-0.129692 -1.35881 2.47214
-8.22354 8.03268 -2.29337
1.41859 8.75536 26.7309
-0.760389 -7.33814 2.25548
-10.338 5.22866 5.04317
-16.1373 89.2457 102.031
0.524752 8.22022 1.67187
-0.146172 0.0805508 0.994679
-8.54761 27.4694 23.2624
-0.353869 1.82998 4.60221
-7.61592 2.96749 0.987387
0.439128 6.75005 -0.748347
-1.90361 -2.35635 5.16897
-13.9221 43.7055 19.8771
1.65195 4.25102 -4.61264
0.128333 -2.27077 -3.45644
-8.26085 59.7923 -1.67958
-20.215 19.1536 15.1193
-10.395 7.56102 6.55965
-2.8388 6.06349 -1.34643
1.96823 17.2354 39.1313
0.193875 1.25945 2.07716
-15.275 52.8106 7.91749
-0.751678 9.37003 46.3234
-0.33796 -0.638442 -7.29985
-1.04185 0.854375 12.7375
1.67418 11.5554 3.21417
-11.5124 4.21722 4.60166
1.99854 8.04552 -0.108857
0.432641 -0.994186 -10.4127
-11.2546 38.3086 27.6936
0.20244 7.28425 -1.07184
-8.7765 26.7012 23.6316
-0.737782 1.35442 4.92799
-4.18569 -3.11047 0.482509
-0.398703 5.34657 7.44536
-17.2275 1.35889 6.88072
0.446215 3.43191 -3.45211
1.03635 1.075 -1.67199
-1.05998 -7.10495 3.18779
21.2101 25.3517 61.0676
0.166561 -0.699461 -4.10146
1.67998 5.95951 -4.10667
-1.97545 -2.80557 -1.45903
0.848029 7.03341 4.9165
-0.42321 -0.488731 6.74221
1.07461 7.37054 -1.64153
-10.5485 14.3536 -6.00287
5.26516 7.26472 -3.98866
-0.0662128 -1.61485 2.20596
-0.0641751 1.62894 -1.06608
-13.343 -0.76377 -0.788658
0.690488 -0.159087 -1.0726
-9.13068 -0.938022 -6.69526
-1.60695 -2.61249 1.14699
-7.23717 5.05304 -1.64208
0.761484 4.68112 1.92026
-20.549 15.5751 25.3173
-4.88122 -11.4208 1.21827
-0.132306 5.64339 4.48973
-1.29326 -6.05125 3.64477
0.708341 0.157298 -1.06895
6.4295 -21.1366 -51.4513
0.52535 2.83509 2.57913
-0.00557267 -14.0162 -11.5743
1.33034 0.0366903 -8.57246
1.94479 14.2346 49.7815
-15.0846 31.2978 17.3175
0.475682 -4.04753 -9.12085
1.91793 12.8011 5.07775
0.819868 1.79773 -1.33413
-1.3593 -7.59377 3.43874
-0.728775 6.35776 6.99934
-3.66178 10.7173 50.2589
-12.3414 -12.7968 4.45384
0.444536 -4.30045 -8.86103
-19.2606 34.5174 10.6748
0.189755 4.05803 -2.49181
-0.15332 3.16165 8.58307
0.819606 5.4251 -4.53384
6.09764 -8.8441 2.07504
4.11632 6.29398 -2.68265
-0.375153 -4.65015 3.20807
1.62844 9.75302 1.35822
-0.936212 -5.52571 -4.92914
-10.8767 83.6092 8.05452
4.43157 7.19241 -3.94485
-0.229715 -0.145339 7.82163
0.576267 0.279566 -9.01458
0.438626 6.11994 1.36522
1.24423 -4.88097 -8.35223
-5.46167 25.8237 22.3122
0.203528 3.21161 0.731905
-2.30499 -8.81961 9.61776
1.69099 9.92083 47.9764
-1.37034 -5.55337 4.75015
1.10177 2.93459 -2.34032
0.427712 -5.02638 -5.24212
-1.00416 -8.82827 2.4912
1.05321 -2.26006 -5.87683
0.143485 -1.06028 -6.48964
1.65579 5.55933 -1.67243
19.7644 -12.4552 23.9423
-5.9791 -1.78667 -0.194614
-0.554118 7.66238 6.94507
-20.8048 37.0446 7.74839
-5.50533 2.68501 2.2955
0.153257 10.2146 3.63413
-12.1441 37.6998 61.799
-12.0813 5.14836 24.5801
-0.460244 4.37993 4.01258
36.5547 6.60434 22.6214
-0.288594 -1.93311 5.00686
-10.353 12.6526 -4.4786
1.18217 8.46499 3.16551
-0.142029 8.24972 6.47909
-17.2512 52.1205 29.0379
-21.132 24.5894 7.83754
-0.771106 1.17175 -1.27131
1.30667 -1.92806 -8.82525
-14.2452 47.8783 66.7577
4.91524 6.99322 0.154806
2.25595 3.21893 -6.21235
-19.0127 33.741 16.493
-27.6958 -18.4849 -10.4938
-14.631 76.0179 40.7229
-6.79009 15.3086 4.8418
-36.7112 7.13978 -36.1341
0.194592 -6.21759 -11.6673
14.2589 -8.72452 12.1543
-0.131859 -6.19404 -6.91786
-2.46991 0.894963 0.599217
-0.709783 1.69161 -0.385312
15.1808 17.8529 54.6503
1.91012 6.11664 -4.31176
0.147576 7.17868 4.37196
-0.460828 -3.96355 -2.17353
-0.755805 3.17422 1.95658
1.02639 -0.753544 -2.56154
-4.37637 -8.3661 9.39266
0.455661 -1.98516 -1.35264
0.588128 1.27758 0.208786
-12.0837 78.435 48.3734
-8.82188 2.89307 -4.30036
-0.0606194 1.10016 4.73089
-7.95807 -6.5987 1.18221
-6.45664 7.55397 -3.71313
7.34483 16.8536 -11.8611
0.226123 -6.14104 -8.02048
1.42816 -0.813876 -10.5183
0.736026 51.8086 -182.532
-25.3261 6.09985 -13.0276
0.451965 -0.136016 -6.77972
-0.07079 9.19509 1.99611
1.09561 9.1713 1.67028
-1.63888 -4.94795 4.32363
0.398422 -1.00176 0.774823
-15.7628 36.142 19.4217
-0.664343 -3.13472 5.87514
-0.674737 5.48326 7.77422
-8.67668 87.7652 49.4929
0.428305 5.51607 1.01629
-21.7762 30.744 14.2387
0.766987 -4.2934 -10.0465
-21.0993 -2.65221 1.32838
-15.6157 27.2458 51.8595
0.411035 -0.429433 -5.85582
-0.717279 -3.54381 -6.17665
-2.24342 3.17031 -1.87531
1.03426 8.82813 0.693736
0.733926 1.76286 -2.86739
0.207342 -6.16807 -4.68369
-1.2404 -7.51394 1.98934
1.69292 13.1712 3.45939
-43.5566 15.2178 -20.3122
1.40935 3.57767 -5.65902
-0.46844 -4.54926 -5.69685
-18.7174 14.5815 10.7451
-10.3438 15.6935 47.6116
0.848163 2.50035 -0.405093
-18.4558 12.3278 34.71
-8.54715 23.2167 21.9654
-0.358391 -2.32512 -3.12483
1.03018 -0.137827 -3.10988
-14.4856 19.2514 13.9043
-34.362 1.33242 -6.34779
17.0471 17.7937 16.2934
-0.757854 -5.04876 4.13597
2.25384 9.38231 -2.1589
1.32809 0.901185 -5.9612
-14.7097 16.0184 23.7057
-0.920469 -1.93402 -7.94418
-21.1204 32.3469 21.6665
-2.56638 2.62537 2.10332
0.202446 1.61976 4.32608
0.514512 -4.07195 -5.21773
-5.2476 12.4035 44.3816
-0.48192 -3.2807 6.13941
-3.17518 0.829643 0.490188
-0.170727 -4.36505 -6.24599
-7.75734 24.0184 29.1638
-0.623023 3.42363 -1.30655
0.164616 5.29015 5.31289
-1.00569 -3.3962 5.32193
0.754583 4.63402 -2.27175
-5.48618 11.4474 44.3344
-0.441072 -3.20279 6.49036
-0.604028 12.9179 46.1538
5.06775 15.8432 52.2981
-1.21828 -0.26452 -0.742778
-10.5398 9.52244 -6.40374
1.62985 11.6587 0.937449
-1.01054 -2.24576 3.81476
-14.7261 15.1771 46.1244
-15.0311 18.2955 49.4684
25.6466 -2.15915 -12.9752
0.835557 4.83608 0.382687
-1.00423 -5.58729 -0.516752
-0.925569 2.64046 9.99906
1.43501 8.20921 0.790445
2.19318 10.0106 1.57311
-0.493497 -5.76673 -4.69354
1.42158 -0.657647 -10.4289
4.59692 5.53012 -1.61048
-16.2839 10.8247 3.39475
0.800024 6.74428 -3.68126
-0.650441 0.284077 -4.29979
-92.2238 66.3149 9.4087
1.39469 8.72574 3.07606
-1.05799 -4.44838 -1.88476
-11.5227 46.7213 -0.649648
-0.079557 -1.96005 -4.31849
0.24695 3.76505 -3.18436
14.569 -11.6954 1.30696
-36.7104 32.7403 12.7828
-15.4291 33.4521 19.303
-0.798492 -9.38433 4.14262
-18.7559 77.4039 55.0535
0.73819 1.67936 -0.433441
0.162939 -6.13623 -6.91192
-15.8665 2.79989 -5.07543
-13.1325 91.2805 89.5357
-1.81371 -3.48343 -1.86414
0.746041 -3.76736 -5.81319
1.37674 3.43649 -6.11969
-0.0943609 3.45286 -1.85494
0.486716 4.62153 -5.47835
1.91726 8.86145 0.213053
-0.713974 -4.60232 -6.12134
-21.7243 19.7582 17.3672
-0.761613 0.0473783 6.68696
-0.68425 5.58167 1.74684
-0.153819 7.97919 3.89106
0.402946 1.92939 -5.86812
1.31186 10.2002 -2.22321
0.733056 -7.11209 -2.82199
-1.37518 -7.7032 2.20392
-101.865 59.0341 -68.4481
-0.0910711 5.37076 7.04346
-4.62333 3.565 1.30485
-0.753462 -4.30127 -1.06217
-7.57194 -1.27548 -2.92395
2.62076 16.2128 -2.45961
-10.6193 79.3264 52.586
-57.4416 27.501 -42.556
-0.650649 -5.81192 1.30028
-0.108005 -1.1447 -7.68863
1.55706 4.467 -6.0017
0.253816 -2.27896 -2.00242
-6.12504 0.144998 -6.26534
-0.745301 2.98231 9.46794
-0.484993 3.36688 9.41369
7.71576 6.04019 -9.26454
-2.81518 -0.102573 -4.59162
-16.5363 17.9537 20.6362
-16.9593 21.3843 15.2436
0.174142 2.51997 -6.68181
-0.747728 1.95704 9.23603
-0.939232 5.81165 4.43618
-24.2337 5.50047 2.35656
0.181081 8.13221 0.300535
0.428325 -1.63789 -9.4575
-1.05318 -5.68016 3.87174
1.15136 -0.373525 1.23772
-15.4653 71.8411 18.8282
0.776962 -0.481788 -2.80751
-1.30238 -5.85418 5.23689
-19.0513 65.0666 44.7598
0.429968 9.38072 0.698972
0.540444 7.95088 -1.64738
0.720955 6.96261 -2.28001
-1.25677 -7.01941 5.34412
-1.82159 -3.56724 10.2848
1.3658 9.59812 2.95547
0.75058 3.19623 1.64599
-7.95126 19.1421 22.2234
-16.6459 3.80888 -14.4304
-0.0541663 6.99357 4.76042
0.704223 -1.63336 -2.2541
-3.28836 3.48494 -0.65632
-4.94133 2.43529 0.10112
-6.76758 9.12119 -4.03262
13.0419 42.1563 -4.27053
2.2977 3.63427 -6.34783
-19.035 33.2514 15.0751
-0.148589 2.51916 -0.452295
-22.3475 44.9897 13.738
0.670627 10.9517 0.734984
-0.411071 7.34416 2.84037
-18.1725 24.7215 11.5063
0.757467 6.15867 4.32183
-0.776044 -7.53054 21.2169
-0.0274528 0.634133 5.52824
-16.8785 35.5223 24.9221
0.145824 0.121854 6.10377
0.752056 7.89674 -1.68421
0.409482 -4.10755 -8.51971
0.558791 6.7995 -1.82785
-0.108219 1.28589 -5.59932
-7.60373 19.1374 20.9336
-16.553 41.8276 -1.18401
-1.33887 1.38798 9.84173
0.580719 0.71492 -0.410658
-1.63405 -6.82149 4.4775
1.37996 1.58646 -7.60824
-0.133005 5.24735 -0.425822
-1.23424 -4.95426 3.13229
-0.961858 0.665592 3.46698
1.3395 4.14261 -0.136224
0.820152 -3.7517 -7.42135
1.91615 2.58846 -6.67149
0.406618 -4.04609 -1.40816
-1.66112 -10.6133 0.704804
-0.731023 -4.27171 4.64382
-0.451839 1.21786 1.39605
-29.8098 12.9606 -12.0494
1.38216 0.251085 -7.05722
-4.83645 9.7203 -0.208277
0.807579 1.00112 -1.31834
-0.130925 7.6405 5.1992
0.581739 -1.14037 -3.02742
-4.30623 -9.23241 11.1176
-2.16233 5.32637 3.03319
-25.5752 19.9558 15.9783
0.177164 2.32137 -3.48557
0.43997 2.46997 -3.53779
-1.50873 -8.57547 1.3607
-10.6738 34.0833 34.3385
-0.693615 -2.51117 7.05503
0.285524 8.70272 -3.32344
-0.493484 -0.665141 4.3237
1.61286 3.47809 -3.3964
1.07846 1.64431 -4.04849
-0.440162 2.20419 4.38493
-23.4847 14.8281 -6.12523
-7.93614 21.067 22.9089
0.455429 6.44021 -0.443737
0.43612 7.99493 1.979
0.832312 -1.98919 -11.0847
-1.28768 0.832216 4.34485
-22.8155 24.6705 -1.94301
-1.0389 5.56266 4.8721
-3.0136 -0.728441 0.257695
-15.4085 86.6767 47.4129
-16.5351 8.35306 -2.13156
-1.30378 5.20975 2.42068
-8.9448 -3.09853 0.914515
-18.0787 56.5631 39.7426
0.800738 -1.41133 -3.7512
8.7462 -7.94057 -45.0145
-18.1339 1.84042 3.61298
-16.2881 14.5789 25.6999
1.03368 -0.17731 -9.49907
0.804649 -1.81945 -4.3744
-15.718 96.2898 41.1854
-82.5642 46.7649 -19.4074
-0.762717 0.240496 7.31132
-18.761 52.7404 12.1748
-5.95058 16.0774 -2.86055
0.716327 7.60487 0.142577
-2.57564 4.24435 -1.26404
-3.21825 8.67406 1.15424
-5.27169 -18.2115 21.0007
0.902455 5.28591 -2.80046
-17.471 36.9221 25.5814
-21.8577 30.2339 18.8296
0.697117 -3.72864 -5.50614
-16.0299 19.1152 18.6794
-104 -21.0212 22.3972
1.4378 9.75674 3.04597
1.05343 7.67888 4.90223
18.7521 20.873 59.3584
-1.98323 -3.79303 3.753
0.0906205 -2.2446 1.34028
0.421961 -3.24503 -0.389904
-13.8644 41.1216 18.8147
-2.63272 -6.47229 7.63634
20.592 16.2478 54.7477
4.37822 -18.5214 -35.8439
-0.727234 -4.04692 4.55667
-9.82485 1.5394 27.0887
-0.699737 -2.03629 2.46179
2.31472 1.42958 9.2179
-0.461278 2.32649 1.65425
-5.27437 -0.155621 -2.95409
8.56912 18.0757 59.7478
-1.56026 -7.20406 -4.39725
-0.173726 6.67708 1.63407
-27.7289 5.20695 3.91609
-0.672554 -4.82295 3.5767
-1.53598 -4.74219 -3.4326
1.04875 8.83944 2.73967
-0.10658 0.745839 0.478508
1.38263 -0.767769 -8.95174
1.06681 7.69321 -2.50293
-1.02723 -4.96637 5.19746
0.935429 5.09117 -2.53102
-22.9395 28.0755 18.657
-11.4765 47.6793 66.7976
1.59582 9.13476 1.95965
-1.0505 -4.9277 -4.37201
-0.196444 -2.60304 3.42968
0.969048 -0.14865 -1.63063
-7.52264 8.55686 6.97462
0.42888 1.06307 -6.75863
-7.05596 5.05277 -1.64187
-19.3206 16.465 22.4609
0.408358 2.22256 4.34057
-21.0926 19.9347 18.0375
1.03085 0.155602 -1.96311
-1.04527 -6.24402 2.93802
-13.8569 22.0065 54.7289
0.172314 5.45941 6.66926
-20.1219 11.27 12.2293
-38.8949 -9.69396 12.3471
1.33807 0.44638 1.32656
-7.59288 32.1475 24.9595
-7.55398 7.31348 -1.62559
-0.418985 2.54774 6.77657
12.472 4.72723 -4.89764
0.963615 12.4762 1.26755
-18.7511 62.3198 35.8422
-0.150548 5.04588 5.91645
0.737833 5.28166 -1.66912
-0.119957 0.4281 -0.708406
-17.1647 23.6075 16.7426
-0.908336 -3.2538 -6.99402
0.762397 3.51431 -5.8281
-7.98012 6.47292 26.5141
1.01674 7.07588 -1.37925
-0.447174 -0.0640521 7.02348
-22.9809 25.8568 17.4525
0.789874 -1.67704 -9.49068
-0.0887791 -1.235 -2.74626
-17.7851 58.5191 67.785
-0.159781 5.46461 8.85927
-0.717648 2.64156 4.33245
-6.09347 8.00138 -1.97367
0.151512 2.01856 -5.23037
6.15881 -2.99784 6.70705
-17.8025 9.57085 -4.66269
-136.317 6.76213 -5.92773
0.823269 -2.25992 -9.79523
-24.6526 8.18258 -3.74059
-0.728787 1.93269 7.71882
-9.13722 79.7819 44.2856
1.62221 8.24102 1.94133
-1.05049 -4.09744 -4.31216
-4.22642 7.50402 3.10969
-16.5065 29.8331 12.4241
-3.34215 6.9349 42.364
-1.03191 -2.10341 5.55186
-20.249 27.4416 18.4527
-17.0051 2.23069 -9.27077
1.3659 2.32642 -4.63488
-71.9421 17.5921 -32.5429
-19.6538 22.2485 15.6477
1.94655 7.42177 -2.07862
3.15253 9.89403 3.85673
0.517977 5.88378 -2.56133
2.97132 9.8943 3.85652
-0.437646 5.63564 5.93742
13.3548 28.3673 62.6426
1.17761 9.64521 3.02621
0.149614 -0.0857639 3.10731
0.418131 3.16347 -1.97858
-0.29204 -4.07225 3.7865
-21.0358 3.63812 6.46842
-1.34944 -1.39054 8.87965
6.0673 8.31089 35.8376
-1.00641 -1.31117 5.22774
-0.639874 0.0261346 -3.78775
-9.61541 5.8048 27.7531
-0.139261 -5.54639 -5.81656
-0.643806 2.27524 -1.63253
2.34232 3.24965 -6.30664
-0.0994591 7.53653 5.07822
-16.3414 82.8428 69.9604
0.161421 6.42334 -0.146531
0.122651 7.99999 2.20231
-7.00731 6.41846 26.3954
-21.7052 47.2638 32.5086
-1.00463 -4.75156 2.50318
-0.185462 -3.45024 2.17519
-13.3299 43.4843 11.9341
0.310705 -6.72149 -3.99391
-23.5313 51.4171 34.5473
-1.50942 -8.05361 3.36369
-13.966 7.2257 24.7656
0.505935 1.94194 -1.37655
2.2008 4.56712 -5.59528
0.707155 -1.94479 -2.52601
-3.34341 -7.87157 -6.55265
0.0383497 -3.73071 -5.43391
1.53193 2.83834 -2.58963
-22.2207 30.2346 18.8289
1.3724 2.88852 -4.77187
10.7207 31.5022 63.0252
-0.39739 -1.70184 1.31539
-70.0402 76.6636 25.6979
-0.955225 -3.60769 2.46916
-19.8222 26.8331 13.4956
-0.941748 -3.55723 2.44756
-1.06233 9.91558 6.44205
-0.165243 0.969695 5.30804
0.169845 7.86473 6.20138
0.492278 4.36264 -4.22329
-23.4523 28.6899 20.6279
0.430188 4.68326 -1.02711
-19.6212 41.3069 8.45264
-9.71248 30.4176 40.9829
-0.0110642 2.96821 0.712745
-0.470857 -4.68248 -2.87947
-5.16081 9.05267 23.3584
-1.03755 -4.53904 5.30637
-16.6767 70.8388 77.3955
1.92395 3.75532 -5.04312
0.430968 -2.85262 -3.15469
-9.06043 36.8444 26.7598
-1.22149 -5.70212 -6.55772
1.12098 -2.04655 -8.88171
-0.175944 2.14607 6.45205
-0.506423 2.97166 8.56487
-8.56753 20.1929 17.7233
-7.32698 19.2459 21.5357
0.754439 6.51147 -2.50218
-15.6162 30.202 20.7408
0.466305 4.95886 -1.91108
0.442143 6.41558 0.4639
-0.307074 3.848 5.71287
1.40468 5.30284 -0.422356
-0.0328868 1.68971 -7.76363
-18.9997 56.6782 35.9899
0.72927 -3.51631 -9.48687
0.30546 1.48665 5.86825
1.97488 7.91712 -2.50891
-6.06638 17.8874 21.3583
-48.0384 34.1106 5.75824
-0.963068 -2.23384 -4.64386
1.64133 9.20573 -0.0658858
0.0999482 2.49019 8.26283
0.812938 2.27147 -1.38673
-1.35039 -8.20973 3.54084
-2.03015 -9.19134 5.40919
0.115931 -5.60867 -6.16594
-0.105547 -2.56814 -5.21069
7.99264 -12.0222 6.3379
-0.828645 -4.4356 -0.625181
1.03861 3.73966 0.208198
-0.404366 -1.04726 -6.44135
1.25325 4.59483 -7.99044
-0.135396 2.17874 -0.200641
-0.448073 -5.28083 -1.67793
-5.84142 0.248739 -4.36039
0.546238 3.37954 -7.8675
40.0213 -23.3938 -3.58293
-0.902688 0.08919 5.46042
-0.983183 9.87384 49.3857
0.188549 -0.188776 -9.26851
-4.41174 2.68987 1.85649
10.9184 5.62874 -30.7306
-0.639237 -1.16649 -6.25167
2.43727 7.81832 1.68134
-19.2952 51.6801 36.3742
-15.1621 26.6816 14.3122
38.7755 -3.44209 2.45684
1.02279 -2.64294 -6.84035
-8.234 32.1076 34.7146
-10.0805 15.0804 25.6171
-18.1621 44.9939 25.0788
0.740635 5.57457 6.41363
-9.99343 7.88931 0.184495
-21.4082 20.6226 13.967
-0.475096 -3.69524 -2.83592
0.421061 4.90246 5.86354
-2.84584 -7.82025 6.79934
0.726681 -0.101007 1.07026
-12.6661 15.1878 -5.34259
-23.6434 25.6737 6.5884
-17.2924 11.992 44.283
0.397379 4.60503 7.68614
2.07592 11.329 -0.657627
0.835472 0.0218797 -4.11281
-14.9249 12.0749 28.16
-37.8394 -10.4558 12.6895
-7.09989 10.8823 25.2374
0.491825 7.04104 1.28254
0.71726 -2.88985 -10.3033
7.42525 -0.191825 -6.37633
0.505501 -6.39814 -5.85984
1.04571 1.32241 -1.6262
-47.5654 11.3299 -44.6266
-1.06902 -7.3724 3.19174
-19.2363 36.6451 13.6056
0.11044 1.99081 -5.52256
1.41193 4.67616 -2.26992
0.738717 -3.03934 -5.26979
-15.1769 21.77 47.6426
0.175515 -10.0119 -14.2848
-0.727048 -3.39614 -5.51244
-10.3392 7.94019 27.5223
0.984348 6.77721 6.10978
0.231054 2.07609 0.764698
-1.51315 -2.43497 -0.266272
0.134363 8.05335 4.96528
-16.284 16.6696 21.6433
-0.566296 10.864 5.42475
-4.00469 2.67104 -1.97412
-14.2351 28.9264 21.2111
-0.681657 -7.84361 -5.75697
-69.076 46.5196 -43.4614
-1.07027 -6.94582 4.99431
28.3266 14.8387 -90.0953
0.456791 0.183888 -6.72037
-0.669974 -2.85586 -2.29922
-1.38755 -7.70431 6.98154
-16.329 71.2938 82.4188
-0.764714 -4.35635 0.184284
-0.142317 -0.406426 6.51361
1.92205 10.0438 0.17145
-1.29889 7.73598 15.5554
-2.27752 -5.38506 11.7124
-0.0463909 9.07551 2.4182
-3.63767 -3.41678 -1.13247
-1.05669 -7.30709 5.39177
-0.455941 1.6771 9.75849
-0.955187 8.55804 7.18321
6.44573 9.3442 19.7039
2.1548 6.09564 -4.32399
0.847152 -0.50275 -3.748
-0.109671 -0.416746 4.57619
1.35818 7.39374 -3.64458
-7.30167 10.0757 -3.68596
-0.716283 -4.70271 4.0976
-0.97112 -6.21691 3.95464
-25.5979 -6.71887 1.71222
0.682918 1.66132 1.03026
2.35727 -4.22004 -13.003
-1.28193 -4.74159 1.81103
-0.349464 3.47196 -3.34166
-7.82214 12.8391 19.368
-12.7184 39.9555 19.2239
-1.62527 -4.69759 5.62518
-7.25453 19.4626 21.6844
-0.658602 0.451382 -5.23913
0.823584 6.43139 -2.83629
1.73202 5.16965 -3.43719
0.20035 -1.25546 -4.72566
-3.43517 -1.09638 -1.27912
-0.731543 -5.01989 4.87912
-12.7172 28.7553 21.3665
-1.00746 -4.37614 -6.37391
0.112542 4.63619 8.83489
-16.3019 40.486 -13.3007
0.426457 -1.61706 0.0764141
-3.12162 -6.39883 7.55692
16.0798 7.93056 23.2989
0.251654 5.02766 6.81254
-3.0117 11.6608 -0.185491
-2.87122 -5.61683 5.86402
-0.314648 8.45529 3.80728
0.427654 1.67378 2.58366
4.09922 15.8174 42.9599
-22.2078 -0.2973 3.42809
-11.4358 38.3089 27.6935
0.134075 6.8807 9.97866
0.857869 6.5165 -7.10705
11.5373 -15.2234 -4.16337
-9.32455 7.90233 0.401184
2.54544 6.29908 0.954133
-0.727693 -0.139865 8.55482
-7.24088 7.47472 25.7978
-0.380397 7.11528 0.869086
4.69217 5.9983 -0.402181
0.15578 8.83135 3.10923
-12.1994 -8.8213 2.06989
-0.392745 2.2618 0.127865
-7.85882 11.7475 8.02088
-0.398302 0.688912 -2.21698
-0.736653 -4.12362 4.85131
0.941043 12.1975 0.218418
1.35914 -1.94217 0.0155178
-14.2309 57.632 10.9654
7.92496 22.7263 -7.2797
-3.76847 127.625 101.025
-0.945091 0.635043 -0.286764
-1.02273 2.31041 2.15382
-0.370141 -2.28703 4.61422
1.08758 9.03781 -3.70986
-14.0547 15.2848 46.0794
0.149832 0.827088 -7.39569
0.709721 -0.730924 -1.60049
-8.77426 1.74993 -5.50676
8.85666 9.8047 42.702
-5.18059 -5.71766 -5.84083
-3.70125 8.10274 3.21622
-0.400298 -3.44855 -4.39724
1.30794 7.36203 2.85661
-1.20398 -3.04031 -3.49028
-7.54736 6.42524 -3.67508
-1.30954 3.04748 -0.824744
-0.700478 6.51886 3.50184
-0.963307 -2.23637 8.63429
0.450279 4.11189 -0.823601
-0.100455 1.28462 3.69265
-12.4515 6.96634 -2.33093
-0.427114 -4.4055 -3.72141
-0.447116 -5.53133 2.02997
-7.66717 -5.34477 -0.175156
-0.16343 -6.44494 -4.91685
-0.713371 1.42378 -2.51131
-14.7755 42.5011 20.8131
-23.5353 16.8913 5.17819
0.707624 0.661948 -8.28258
17.6211 24.6569 58.6927
4.75676 9.6021 47.7679
-1.02288 -1.35084 -1.55402
0.862916 -1.2218 -5.73462
-0.642705 -2.37116 5.28714
0.752312 9.2719 -3.00083
10.0417 12.5246 51.2192
-0.479378 1.63985 9.35472
-14.5294 29.6814 -6.17881
-7.27649 -1.79875 -4.39086
0.194965 3.49265 3.43167
-12.1557 12.2207 33.561
-51.4023 14.2324 -13.4007
-7.84708 12.284 -0.647261
0.14505 -2.53219 -0.766807
-6.15205 1.18349 0.284366
-0.426343 0.159467 7.39396
0.902561 4.6419 -3.76633
-0.446154 2.10651 -4.44998
1.05524 10.567 1.01349
-0.0766809 7.77652 2.49181
-16.3499 21.3355 49.6281
1.42054 9.37209 27.2431
0.44576 2.85061 -4.32383
0.699329 4.3224 3.79166
-14.9103 18.9937 17.1729
-1.06879 1.1725 1.60103
-5.83553 -1.28058 -2.94731
-0.152503 -4.24536 4.15336
-3.45423 12.9203 11.6945
-1.64606 -12.8104 -15.6405
10.3623 20.8443 56.8303
4.66335 4.65072 -1.86792
-0.0496069 -6.67589 -3.45638
-0.478892 5.53676 3.51136
-3.43218 9.77924 46.5743
12.1566 8.89039 -22.195
0.174217 6.6668 -0.463942
3.62806 -0.18302 5.88836
0.104284 8.18386 2.03708
-14.8252 50.433 57.1036
-1.37708 1.53565 5.29145
-6.03376 -0.701297 -6.50391
-1.61063 -1.28708 10.9656
-1.02638 0.973191 6.83799
0.189594 5.89691 6.15813
0.435885 4.63526 -0.123487
1.35551 -3.17639 -9.50262
0.535155 -1.10187 -8.53324
-11.1527 46.0268 28.8556
0.132743 -0.49866 2.60696
-0.425706 5.53007 1.73646
3.83535 8.75947 35.7022
-0.192241 -4.04648 -6.1509
-182.262 114.692 -103.119
0.717895 -1.37318 -2.24623
0.48991 5.89672 -3.17752
-8.00489 21.6083 25.6046
1.00179 2.97335 -7.36119
-0.363722 4.12634 -0.795799
-18.6016 25.3761 19.2056
-13.2521 7.95858 -3.35039
1.02111 5.86187 -3.21028
-0.421101 0.993346 -4.93111
8.15786 -13.9592 -15.9762
-2.75802 -6.7232 6.66362
1.645 10.6918 -1.33191
0.145037 4.16842 6.95945
-13.6581 28.143 20.3627
2.03393 -0.604562 -6.2013
-21.7991 23.6364 12.2408
-0.778886 -0.79573 -0.992622
-12.8533 7.42093 3.46473
-14.2358 14.0315 -4.81393
1.42631 10.6147 -1.87613
-0.371097 3.42123 3.59244
-3.98997 -4.92122 4.38177
1.08517 0.530793 -4.26765
-51.9522 21.4136 22.9841
-19.8793 24.0188 15.5949
-0.106886 3.16402 4.8556
0.77072 7.12665 1.34592
-14.1842 65.8833 8.27795
-12.451 39.9891 12.7222
-0.758343 -0.851578 4.43876
0.531384 -4.3664 -5.81633
1.1285 3.41474 -1.74937
-13.0873 17.1319 47.4792
-39.4505 39.9443 -2.92055
1.0993 6.74752 3.14984
-0.75598 -7.69175 2.58971
0.731855 -3.51448 -4.93517
-0.12457 2.56087 -5.54366
1.41929 4.37103 -2.54499
1.64252 9.43149 1.64118
-15.7591 43.7307 20.6466
0.74132 1.37837 1.68614
0.445366 5.0281 6.82963
0.127313 -0.724207 4.38962
-1.80987 -5.19534 0.860469
0.170632 1.91165 4.94158
0.428804 -5.51025 -4.93679
0.946113 -6.41012 -2.7763
-1.06942 -8.15044 2.24558
1.11113 2.17549 -2.55873
-18.2332 -0.790576 3.65527
8.01446 -25.2979 3.07697
-16.5403 12.7736 25.1534
0.248314 0.618725 -1.42598
1.08984 -9.51545 -0.832033
-0.996123 -2.79866 -2.85839
0.175865 4.06195 3.75105
1.3317 11.2062 -0.414362
-1.91329 8.82009 8.65266
2.02759 7.75472 6.10551
-0.687283 -4.98869 -6.60394
-1.04223 -3.79071 4.42703
9.16798 7.08181 -0.542702
-8.1972 29.6517 28.1955
-0.124025 3.97696 9.37515
-18.7729 56.6778 35.9902
-9.17173 -3.09805 0.914099
-13.8463 80.4654 48.0523
0.513501 -1.08857 -4.94763
-10.378 71.398 20.3315
-8.2595 -0.916044 -0.496071
3.88258 -23.2753 -34.5797
-6.56964 -8.62327 -0.946783
-4.45023 6.45072 0.500609
-1.04729 0.722592 7.95199
0.353801 7.42199 6.13352
1.45242 -28.278 -15.0917
1.11044 5.35403 0.469281
-0.757833 -5.8221 -0.41423
1.4159 -0.758444 -10.0629
-0.36029 8.3455 4.52876
-10.3079 10.0892 11.0313
0.457181 6.11867 7.27809
-7.37811 60.5227 36.7712
0.577241 0.493096 -0.758778
-14.2124 14.6319 2.8902
-0.985135 4.36791 9.2056
-0.140687 -4.74872 5.69343
-13.9549 20.8041 53.5271
14.6445 -3.46698 26.5876
-1.05669 -2.59134 2.87518
-12.3511 9.80942 -1.19266
-0.19573 2.46046 8.2001
-0.72273 -2.2043 1.68126
4.66826 7.80952 -4.74255
-0.444906 1.91024 8.57919
-10.9425 5.8362 -7.55117
-17.8764 31.6638 16.3503
-0.466242 1.42142 3.40819
-10.3778 47.0982 40.1717
-30.3221 10.2286 -19.6631
21.6771 14.8506 55.9406
2.00256 10.9756 1.27569
1.40175 6.19671 -0.425279
-0.0878256 0.725353 -7.68663
-1.03389 1.96807 4.95091
1.01611 4.32054 2.52806
8.89876 -1.92295 -37.5424
1.63184 6.67001 -0.180495
1.13269 -1.12563 -7.43894
0.803811 2.33167 -1.64988
0.169629 -5.59142 -5.79201
-1.2789 -8.14217 3.1944
-2.24629 31.2103 61.1626
-12.9728 71.4326 7.21611
-0.161744 2.13063 -4.40377
-11.804 33.2998 24.3674
-23.3241 7.90766 31.54
-0.404984 -4.04641 -7.03189
-6.73398 36.4486 61.0523
-0.426422 4.3096 0.80043
-9.77379 78.8579 57.5463
-0.481678 2.85435 -1.56735
0.457719 5.96457 5.5799
-1.28114 -3.11409 6.3481
-1.28451 -2.77374 6.3817
-7.35204 -6.39252 -1.80274
4.92549 6.32574 -0.621663
-12.6302 -1.67309 -3.85389
1.09623 0.976543 -2.96641
0.192686 -0.985316 -4.95728
0.844151 6.67752 -2.5444
-0.196777 1.90162 6.40308
-19.931 57.2169 34.8066
-0.445329 2.42763 8.52641
-8.55863 20.0592 17.836
-19.1449 31.2112 14.6699
-9.33071 44.3155 20.7683
-3.4527 -3.70317 21.3952
-3.74403 4.30256 -1.35105
6.49573 -0.915912 3.33957
22.0738 17.9516 14.0898
0.189674 4.19737 3.19256
-11.3455 8.05307 41.4206
-0.135415 2.51816 7.74224
-13.0238 18.9729 17.6711
1.06432 -3.68835 -8.67553
-0.292881 -0.826239 8.8733
-8.7839 7.33485 0.29548
0.252628 7.00148 0.42125
-13.4929 13.2695 0.764222
-1.33038 -0.538888 0.656635
0.151408 7.32931 -7.64856
-21.3763 8.9291 -7.7869
-17.5695 15.308 23.9458
10.8311 -1.36689 -7.44589
0.226013 5.56589 -1.86674
-0.430672 -0.0550685 -4.55526
36.4915 43.0677 74.5673
0.757337 9.98631 2.57549
-2.448 -6.10243 13.3561
-3.36144 -10.5829 14.1523
-16.329 54.699 15.0045
1.06099 -1.63893 -6.83712
-14.149 73.2141 20.4052
-0.395888 -1.34514 -6.44313
-16.9176 55.5692 28.3387
24.825 16.5411 10.8773
-3.70271 -5.76507 -5.7383
0.381393 -4.00319 -3.14101
-7.3674 37.6092 29.6917
-14.5739 2.11323 5.77803
-16.274 24.3923 51.7927
1.01978 8.71187 2.28064
-0.200411 -6.84085 -5.02123
-11.8537 26.2013 19.876
-1.04271 -3.06504 5.22305
-0.0544229 1.88292 -4.75125
0.465572 6.24978 -2.70928
-17.8229 30.913 -0.552031
-2.86842 -7.50194 8.08965
-21.6418 22.9823 8.01457
-7.55162 10.5221 -6.4402
-1.9117 -6.71248 5.15706
0.78897 9.13231 0.144146
-0.96198 5.11925 3.37707
-0.416595 8.56729 5.89252
-0.122433 7.23784 1.57456
-82.6323 10.1203 -80.3792
-0.768962 -5.52649 5.12206
-22.8865 38.6147 10.782
2.76054 9.90489 -3.49346
-26.529 2.03345 -9.68371
-0.704109 -3.69822 3.77052
0.176925 1.18981 -6.41557
0.618254 -6.67993 -5.901
-1.37499 -7.8211 5.15389
-15.7224 65.0563 1.61475
0.765324 6.74311 3.13472
-0.0762154 3.35264 3.17748
0.158257 -0.938246 -7.40508
0.771513 6.79331 -0.1986
0.880002 8.32413 2.23365
-47.2352 6.60727 -8.10308
6.71324 4.69576 -2.53471
1.3461 -0.833165 -3.37529
0.369 0.460073 4.24406
-8.62636 92.9877 46.1127
1.97903 7.03525 -4.0177
-0.463199 -0.437877 8.82551
-3.41605 -13.5164 -11.8536
-18.0496 27.1312 18.5301
-15.5094 13.6131 -7.20039
-14.1108 4.67637 23.8268
0.201143 4.65523 -0.430358
-3.69497 6.76098 -0.573109
-0.734544 -7.93587 1.05197
2.12725 7.13634 -1.73324
-9.19024 38.4321 28.2187
-5.75775 2.50383 1.8379
24.9559 -3.32062 -9.49169
1.03958 8.63823 2.20556
-14.4797 2.43272 5.87257
-0.0413151 9.78317 1.40689
-13.3366 77.3627 59.1058
-19.6086 3.67758 2.90657
-22.8596 15.4543 1.4038
1.68752 10.033 -0.193989
-0.143182 7.00411 7.67514
-2.23783 -7.48184 6.68794
-15.7049 11.5508 10.449
0.435724 8.73877 3.17882
-0.381242 1.27676 3.17981
-13.0468 17.6773 -0.644928
-1.3667 1.41893 -0.982708
-0.176785 0.733983 6.21578
-0.749039 8.5408 -1.74208
-12.7692 88.8767 34.2846
1.65534 8.62078 0.528945
1.15842 -0.0292905 1.50824
1.05203 9.30348 15.4927
0.187168 -6.9067 -5.39387
-0.155306 -1.154 -6.17125
-4.30543 -0.845475 -4.93041
-8.56323 19.4877 23.601
-0.387162 -6.19907 -4.62235
1.29484 4.45179 -4.63232
-0.15353 2.60123 -3.50629
0.434706 -5.48668 -4.66089
1.14988 2.11594 -2.72653
-6.54354 18.3091 19.0975
1.01854 -0.385096 -7.26782
1.62802 7.43664 -0.206384
-0.663119 3.54848 4.89485
0.260127 5.22624 -1.04534
0.151139 6.79849 1.25204
0.744483 6.19391 -1.32269
-3.72035 21.2156 46.8805
-0.678978 -0.504835 3.12324
0.48449 -2.61611 1.31174
-7.92145 30.0742 23.636
-17.3115 22.7308 16.3705
-1.27792 -9.29605 2.48922
-5.87651 1.53544 0.0546116
-0.8291 -5.19323 5.44547
-9.44985 43.1574 36.6871
2.03908 10.5353 -0.870421
-0.4568 -0.968294 -8.2713
-1.02653 -1.40034 8.77621
1.18918 2.36482 -4.4672
1.0203 4.35366 2.27678
1.64685 11.1974 3.87188
-9.10013 18.0204 20.4428
1.13736 8.62098 2.89656
0.635309 3.14155 5.00608
-25.6199 24.1323 57.8649
0.447329 -0.696268 -7.38498
0.44969 9.95443 1.62189
-0.33517 0.0991356 4.62463
-14.2465 12.1943 5.07828
-47.2501 29.373 -26.9398
-16.6328 31.5502 12.585
-0.459088 4.96265 3.26
-0.543251 -0.333823 9.26174
0.195694 0.534378 -7.88086
-12.7204 14.9022 18.9205
-1.36661 -3.82088 5.63437
-15.425 37.4044 18.2462
-11.477 34.4193 25.0535
0.715708 2.56087 2.52587
-12.7572 47.4603 35.6412
-13.6044 70.5915 4.24065
0.401583 8.32515 4.63868
-15.35 58.8481 14.4829
0.125643 7.31358 2.84579
-0.411189 3.13006 8.63562
-1.31537 -4.66518 4.86559
-45.287 23.2194 -16.6442
-0.0868546 6.12286 3.2092
1.06973 12.1527 0.446797
0.128836 2.31136 -5.51362
1.0345 2.86048 1.06914
-17.8433 28.0405 14.9626
-1.57355 1.21804 5.5596
0.0904102 -6.70005 -4.2573
-20.8468 23.1546 -2.74814
-2.81531 -5.77345 6.16639
-14.8459 64.3714 4.59341
-0.147696 -0.46592 -5.84463
0.45093 5.24801 -1.6557
-81.4428 19.607 -18.3282
-7.75227 9.77231 2.37299
1.03437 -1.45484 -6.44212
1.31187 4.97471 -5.84803
-0.159696 1.82223 -2.36928
-126.22 98.0035 -60.387
-8.26979 16.023 27.3433
-1.35512 -4.54864 3.40619
-3.90153 -0.67787 -2.77423
-15.4784 67.6555 7.48898
-0.347137 0.479105 -7.26977
-12.7569 15.8572 20.505
-0.494245 4.73212 4.62036
-2.47475 -1.65932 0.593072
-6.11642 10.9443 6.53309
-7.62994 116.471 67.4813
-22.858 25.48 -3.1037
1.07231 9.20518 0.509309
-0.0946333 9.07115 3.17113
0.695923 6.74061 6.14017
-17.2428 31.0869 12.25
-0.940686 4.46739 2.84874
-1.63608 -0.395061 15.1612
57.1241 54.7575 -8.1232
-1.63005 -3.69952 5.80449
1.12033 10.7402 1.60757
-13.6602 17.4483 20.1358
0.131167 0.844756 -4.4218
1.0363 1.16692 -10.148
-1.84787 -3.16825 1.89962
19.4207 16.3826 59.3596
0.443007 1.11035 -6.4176
-0.0890589 7.07453 -0.956579
-9.11652 -2.92032 1.07863
-23.5703 15.1109 24.9463
10.7377 12.6867 -0.172216
0.385565 -1.98417 0.790626
-3.02916 -6.01234 7.10227
-2.85762 -3.57043 -0.956631
-0.785113 11.6557 0.482332
-0.448784 -20.2318 -16.8157
0.482804 6.77669 3.09635
-0.451416 2.62681 4.62835
-0.189718 0.821835 1.0254
-8.4331 28.1336 23.3753
-5.63851 -0.514091 -3.45395
-8.57344 36.0006 32.461
-0.425637 -3.72342 2.26254
-19.2249 26.824 13.6409
-0.429358 -2.284 -0.0286111
0.459234 5.82456 -1.65777
-12.1269 80.8783 12.4108
-17.1067 15.2998 23.6525
-0.755933 -3.59754 6.50995
-5.5735 -0.466101 -4.15532
-22.6099 23.2749 12.5633
-0.130402 -1.96463 3.48151
-0.332783 -2.28997 -6.50971
-18.458 50.3441 11.4199
-81.4567 42.804 -59.0038
-0.463918 -1.71666 3.43433
0.494838 0.433907 -8.67241
-1.82476 -2.69903 1.6516
1.62126 -2.04806 -8.09552
1.61032 9.69236 -1.28557
0.707617 -2.29483 -2.83874
-0.464431 -3.69925 -1.33978
1.35786 -3.65358 -10.0981
-14.5206 70.9529 8.9189
-8.10868 11.8479 45.0107
-0.735565 -0.252034 3.78749
0.832076 7.13719 -4.67769
1.09625 -1.44458 -6.78162
-6.32191 1.95551 -6.82106
-9.44249 17.6097 23.6589
0.212761 -1.07244 -0.161827
16.1175 26.2723 63.7082
-2.19716 -15.6869 -19.5886
-19.3392 29.8813 13.0714
-5.82864 -2.115 2.98411
-1.05827 -8.59886 3.97243
1.02965 2.58805 -0.725236
-45.1016 39.4409 26.772
0.931151 -7.37427 -12.9387
79.0888 7.9044 -40.9937
0.796339 1.93091 -0.694782
0.16193 -5.85047 -6.73157
-1.23817 -7.85026 4.04227
0.19312 6.70676 5.54347
-0.633144 2.09277 -1.78208
1.07879 -1.93411 -9.79605
0.785626 7.96251 0.802943
-34.2552 37.8353 -0.972812
-0.114937 2.26478 5.48188
-1.29058 -3.74202 6.12066
9.08378 9.80422 42.7025
-0.140177 -6.26218 -11.6614
0.510222 3.97758 2.66387
0.762731 -5.8226 -11.6837
-0.440172 6.11961 3.82552
9.73628 32.9763 -18.1138
-1.92737 -2.24591 17.9641
1.96304 10.7284 1.89042
-36.5227 -3.20166 4.28477
2.05344 9.21574 -0.48007
-0.952294 -6.82416 0.895163
1.09473 0.822813 -4.1312
1.34 -0.15874 -5.86438
-1.29699 12.4089 9.87507
0.477374 4.63934 -2.3287
0.4566 6.16552 0.168484
-0.426976 4.16288 6.08253
-1.04187 -4.01476 2.55431
-0.145825 -3.76947 -7.08759
-8.244 21.8707 25.8764
-0.104056 2.23056 -1.61654
0.234266 1.60351 -4.34316
-7.03281 -0.510785 -0.815618
1.03665 10.055 -0.737202
-6.38843 44.2078 -14.8512
-0.754188 6.99492 8.1553
-1.67624 -23.2704 17.8106
1.36258 9.44967 -1.97509
0.759679 -6.4709 -12.1445
-6.80455 -5.95174 -4.60986
0.724502 7.60483 3.26519
-14.8045 80.3924 45.8991
-21.0891 47.6643 31.5009
-0.10342 -2.25192 -4.61071
-74.3498 6.61634 -2.20455
0.736499 12.4766 1.26702
-0.731656 -3.43613 -6.6982
-1.35331 14.3136 5.33687
1.34841 -2.07687 -10.2636
1.04454 -2.90446 -6.99171
-16.0621 16.0659 22.47
-1.643 0.588917 7.07057
-0.585337 -5.8034 -0.409797
1.38068 5.28505 0.475762
0.733669 -4.08973 -5.49475
-0.697707 -0.950037 -5.48009
-3.50902 2.37704 -6.16761
-16.0624 11.3604 40.6501
4.34211 -5.33214 -5.16999
1.0136 3.7236 -4.41224
-0.393968 3.01514 -3.63588
0.280586 5.06951 -3.66151
-8.59941 19.331 22.8274
-15.977 24.3358 17.6637
0.441279 -6.41224 -5.58454
-24.6542 20.7945 14.4154
-1.03697 -7.2862 2.89135
0.995702 1.34975 -1.94581
-6.91024 14.4578 2.6989
-1.00383 -0.999216 2.49928
-0.363989 -0.770803 -7.71555
-44.543 28.208 -6.75231
-21.0417 31.2045 21.7031
2.86379 1.5672 -5.50776
-14.8267 42.9976 20.9878
-0.764924 1.83971 -2.52198
-1.03666 -4.02182 4.96405
-1.95621 -2.50537 12.779
1.33203 6.52141 2.01068
1.48889 11.1354 29.211
-1.386 6.74731 4.26653
-12.4639 82.1551 48.586
1.07152 8.47718 4.02947
-15.0642 10.3894 -3.85
-0.436147 -0.275419 3.31342
5.84018 8.31137 35.8371
-12.158 6.95852 -2.29865
-16.519 85.2981 55.4693
0.712754 6.7816 -1.05229
-2.25564 -6.48991 8.28497
0.714764 10.2407 9.47633
0.735946 3.40866 1.67159
-0.17848 6.77722 4.74881
0.121889 0.707547 4.03873
-0.667982 1.11685 8.75769
-60.966 6.92357 17.729
0.123228 0.444962 3.09868
5.60065 20.9515 -0.717409
-51.1615 29.1084 -9.271
-2.29154 7.37115 3.94188
0.386384 -3.17099 -2.2541
2.59635 3.27507 -7.8629
12.4376 23.7852 56.5952
-16.0415 -1.274 -4.89686
24.1579 0.258663 -6.87459
-3.62217 30.0721 -2.79737
0.185925 3.44589 -3.73121
-0.640376 5.33781 7.79558
-0.460359 1.93881 1.04428
-1.26852 0.854747 12.7372
-14.1733 15.8371 23.4594
-14.58 55.7818 16.1665
1.48079 12.6656 2.67955
8.95703 -2.06852 8.85161
-1.24983 -2.78689 5.60293
-15.6685 54.8521 4.9165
0.484161 4.84863 -5.91297
1.32782 3.68074 -6.39244
-0.115398 3.10668 -1.53674
0.470777 2.35531 4.66109
-0.451884 3.76801 9.7339
-21.8071 14.0583 23.6649
-6.53155 64.8665 12.0686
1.33959 -0.503004 -6.68374
-10.8014 15.2628 24.3193
-12.7723 105.642 94.4282
-0.445601 -3.16675 5.45279
-10.5435 35.4262 61.111
-1.80143 -0.948813 7.02732
-19.9369 28.0178 10.332
-1.02003 -2.41935 5.47203
0.980301 8.1758 7.54401
-7.58945 0.0546979 1.36016
-1.0871 -3.168 -1.97502
-2.47295 31.2107 61.1623
0.154641 5.36312 7.04695
1.35022 9.44754 -0.770712
-61.6576 -5.18977 -0.482203
0.42962 -1.69809 -9.76054
-8.01164 20.4903 16.8758
8.38317 -7.93991 -45.0152
-1.0557 -3.48914 6.18231
0.1532 7.57132 2.33669
-0.647055 2.59084 4.04976
-15.4076 79.4658 40.7751
-4.04701 -7.30464 8.51441
-13.3024 28.1761 4.40603
-16.0462 85.2157 40.3689
-1.65791 1.64052 -3.17477
-15.7035 10.0363 -5.53473
-0.925813 1.35131 3.51926
-4.957 4.70352 -1.3467
-16.3591 12.7733 25.1536
-25.8369 -8.11491 -9.22618
-21.4552 50.1845 18.928
-0.0815053 -26.4464 -22.8636
-1.32721 -3.65402 4.65687
-0.993584 -1.88996 5.99355
1.07147 6.2016 -1.45273
-0.41324 12.5733 16.1622
-10.0777 15.8392 28.2931
2.76631 1.05229 -6.90205
-0.808771 -9.12898 0.547009
-0.901386 1.26356 -1.20753
2.02098 6.38057 3.09815
-2.81347 2.43683 -6.71881
-1.35825 -4.12303 -1.28304
-0.149687 -0.445408 4.04002
-22.3625 38.434 6.65571
-0.762494 -4.0044 4.1032
21.363 -5.07179 22.6895
-16.6685 25.1138 17.7879
1.85808 2.7879 -5.65017
0.405735 -3.73922 -2.57561
12.8495 14.9882 54.542
4.9204 13.4697 48.0727
9.86104 10.8992 49.5296
-0.733239 -4.93862 -1.3034
-14.0419 9.09475 -3.31282
-0.121977 2.75811 3.79061
0.410852 2.50485 -0.791235
-0.517771 -2.90903 6.94314
1.17062 9.73001 -1.28666
0.187579 1.33949 -4.85542
1.04048 11.2867 1.04555
2.86107 30.7676 64.4051
-4.49451 -2.61856 0.354916
-0.697072 5.99396 7.24496
1.04752 -10.8217 -16.2386
-14.1585 18.7016 50.8043
0.202421 9.14505 2.49084
-6.43716 6.97272 -0.538897
-5.9382 1.54449 -0.0764234
-9.16301 19.0044 15.2647
-82.3725 19.6103 -35.3028
-0.734451 1.15162 3.73143
10.3456 30.8457 61.4538
-18.6883 7.39304 -6.595
-0.437154 3.1874 7.60065
-6.66707 4.57814 0.0242978
0.825033 -2.78131 -7.53451
0.144814 4.37819 5.20344
-0.787573 -3.66717 2.76354
-2.25115 -5.43812 6.23691
17.7107 21.8574 56.5214
0.219934 2.88343 2.84005
-16.299 69.5777 35.7488
0.457526 2.83543 -1.30829
0.699007 7.86606 5.57726
-4.51013 6.6084 -1.64887
-7.65797 -0.555935 -3.14738
0.483231 -1.32201 -1.67009
-1.06292 11.765 8.59815
-5.72736 -3.6919 -5.2221
0.732376 6.79442 1.38204
1.54557 6.05903 -6.58514
0.148786 -0.594307 -1.78041
-37.5877 36.6831 -14.9526
0.13903 -1.99225 0.753132
-0.763236 8.24807 6.72417
-0.0942361 3.37788 5.26624
1.54202 10.3913 1.67532
-11.9051 10.4444 -8.48862
13.5644 -28.3205 14.0941
0.70312 5.2808 -1.35726
-4.04245 1.24398 0.157657
-19.1251 41.3991 8.39344
-14.5284 14.9779 24.0875
-0.0918171 5.7767 1.01694
-0.403894 0.683963 8.40232
-20.5508 3.91831 -9.32981
0.471251 4.33592 2.00478
-0.440753 5.79455 4.44667
-0.72795 6.55279 3.60084
-18.6651 4.36596 -5.63779
-110.248 80.3088 -53.3554
-0.470278 0.122681 8.53878
-0.743315 -1.76799 4.78476
-3.83645 1.86632 -3.02001
-1.54844 8.25833 1.59985
-87.5058 58.0188 -50.0211
17.587 23.3411 57.7427
-9.71561 24.9649 47.8899
-0.914209 0.261054 2.84674
-12.317 53.5826 38.5545
0.75224 5.522 3.71246
-0.0566933 4.61865 2.45214
16.4235 36.7946 -16.1074
-16.0469 18.7116 20.0178
-17.7709 68.7533 6.32695
0.167092 5.49129 7.61717
-8.8234 1.86157 1.74927
-0.416368 0.713892 0.458798
0.409219 1.74948 -5.18181
0.774233 1.39312 -5.60305
-15.1385 89.1532 41.0393
1.34199 10.1618 -1.55878
-10.2814 9.87798 11.2729
0.554184 2.26309 1.34717
-1.67184 -6.84009 3.63625
0.546945 0.703893 -1.08268
-15.8031 19.1148 18.6798
-8.16932 1.40718 -7.78402
-1.99169 -2.18754 0.851055
-11.493 -55.6322 53.4905
-0.0460636 4.26957 5.34495
-9.62899 29.2379 26.2677
16.3212 -11.1756 9.36578
-0.460054 -1.70797 0.612166
-22.4708 16.8367 23.506
0.178057 9.40969 0.958819
-27.7729 -3.97636 6.03856
0.91908 2.60326 -5.5362
-0.336537 4.27185 -2.46813
0.138636 3.71092 -4.93348
0.443864 -0.427236 -7.93535
-0.763438 0.651052 7.31495
-0.449003 -1.65503 4.61721
4.72026 7.59994 0.225075
-0.658578 -0.96959 -5.94645
-2.01415 16.4925 1.22266
-0.78251 -1.57718 2.22587
1.3311 2.11568 -2.72632
0.83329 -5.62763 -4.53885
-0.705637 4.02033 6.64632
-0.43965 8.73262 11.5895
-0.430451 1.10648 7.46676
-2.90619 8.57208 3.74005
0.496686 3.43036 -5.02348
-21.0193 12.8617 -10.3215
-0.132275 -2.05751 -1.60208
-0.208221 3.0429 7.10848
4.05504 -21.106 -17.6801
-4.60353 0.738928 -4.25723
1.58084 3.65527 -2.29923
0.146809 -2.86445 -5.87414
1.02053 5.57674 4.02269
-22.5659 22.8604 13.2146
11.6411 9.79113 -8.93615
0.161058 -3.1669 -8.25242
-76.6448 25.8947 -35.4677
-0.0854132 -4.93617 -3.05336
0.744955 5.14053 4.92446
-9.37257 21.5575 18.516
-41.1224 17.0263 -18.1786
0.740897 -0.535595 -2.56211
0.723025 6.96005 6.47075
-0.439068 -7.27842 -5.915
32.2982 3.7687 -106.317
1.34613 5.24346 1.99239
-0.47657 7.52143 7.21883
0.448854 1.09034 -3.50337
-0.948307 5.7441 3.77633
0.704755 0.163918 -1.32358
1.00274 5.54337 3.70354
-2.22461 -1.71645 14.4528
-1.57935 5.17468 5.18746
4.6883 6.9937 0.154392
-0.456803 0.412335 6.25918
0.459878 9.7742 0.0891719
-6.17175 9.42649 -1.21037
0.743199 -0.111244 -9.17126
-1.04298 -1.27592 6.08228
-50.3385 -2.62018 1.30288
0.499585 8.20306 -2.21956
0.453338 6.19036 0.456921
-21.4643 53.6998 37.6487
2.92361 7.16375 -0.115927
11.9164 19.4753 -39.0563
-0.321899 -4.74845 5.69322
1.30516 0.177071 -4.98387
9.15779 -2.00588 8.09219
-14.8296 35.0329 23.9648
1.18974 4.77304 -1.31258
1.11979 6.20853 0.96048
-0.162761 -2.28697 2.80875
-15.6765 -1.95991 5.76054
-0.733538 5.59861 6.96066
-10.7975 41.5889 29.4332
-21.3548 11.3806 -6.38383
1.20271 3.22489 -4.9025
-0.00560317 3.61766 -3.17384
0.919483 4.02712 -4.33302
-0.3664 2.84867 -3.70415
0.192062 5.15098 -3.72851
-0.741073 1.26733 0.518616
-19.5866 30.324 13.649
-0.615071 -0.244014 2.21871
-11.563 7.0156 -3.16166
-0.169276 4.0816 -2.45316
1.49506 2.78857 -5.65086
-0.386856 0.732083 -1.66702
0.808783 7.13985 9.41473
2.02203 7.43732 -2.58651
-1.81757 -6.68499 8.48293
1.05085 1.65528 -0.463098
10.7496 -25.9359 -17.3831
-1.0925 -3.19925 -1.24427
-7.2653 6.35674 -5.71708
1.98744 10.4231 -0.200211
15.6848 -10.1854 7.96314
0.751078 -2.50706 -4.77434
-0.168258 7.081 5.33467
-17.5592 18.3212 19.4093
-0.0819576 9.53755 2.43372
-0.170462 5.37558 3.69062
-15.1051 18.9833 18.8586
-14.7947 20.7101 16.1517
14.6624 28.6438 -40.2589
-0.967014 0.673685 6.37285
-19.6363 28.3116 14.4766
-0.776975 -2.26904 1.45246
-12.3222 27.395 69.4161
-2.2678 9.09164 5.28756
-0.423956 4.02347 -1.70099
1.13223 2.80291 -6.56348
1.31629 7.04974 4.59541
-8.81431 19.7526 18.6249
4.97436 14.2933 49.7027
0.762381 0.335893 -3.21017
-10.2509 16.2455 29.8341
-8.27122 31.4469 28.8264
-0.153919 -2.2528 -0.697739
-0.656871 -1.40265 -4.93621
6.64055 8.4496 3.68442
-15.7099 17.9254 20.9016
2.29081 4.08734 -6.83823
0.77225 -2.80507 -9.47219
25.3344 -3.56126 -11.7765
-1.34241 -4.4434 -1.64126
4.06134 1.29814 3.47453
-0.689344 -3.31109 1.81045
-39.133 18.4729 -23.2849
-23.8083 2.33883 15.4067
-22.2387 -6.12484 0.4465
-0.359471 -2.70112 -11.4322
-1.0896 -3.05916 5.56787
-15.0437 19.4367 50.4541
1.04621 -6.69471 -11.6135
-16.0127 19.9545 17.8326
2.53983 10.4309 -3.18961
2.58343 4.33539 -9.11251
-0.667541 1.50459 1.89149
0.16637 8.52186 4.44426
-2.00741 -5.16291 6.28554
-4.62829 -1.30467 -0.12129
0.827272 5.25382 1.65634
1.04188 -4.54124 -10.6306
-17.905 43.6283 23.1309
-0.159155 0.0312321 5.24932
-16.3643 26.9481 14.4021
0.697629 -0.809338 -2.2953
-14.1649 21.8461 15.8811
-1.00123 -0.0944559 -5.22286
0.470361 -2.32301 -0.957342
-15.1101 21.4641 15.9169
-5.24554 3.32835 0.417324
-10.6151 8.74719 -5.77212
-37.4867 9.56134 4.67061
-2.602 -4.66691 -1.59835
-0.141082 3.14981 3.54909
-1.02918 -1.71301 5.62341
-8.84991 19.1691 18.1036
-0.727769 1.66749 8.98187
-1.00344 -4.14693 6.44215
0.769293 -1.88509 -5.47019
-17.9344 -5.03152 10.0686
-0.0933895 -1.34308 3.78172
-0.414584 7.22847 1.99292
0.415299 2.84212 4.39675
-0.158184 -4.08316 -6.7243
-0.488358 4.64091 3.79662
1.01207 0.162054 -1.69116
-1.06262 -6.00805 3.21491
1.06038 6.70242 4.22907
-1.65722 -2.58017 -1.92979
-5.31579 9.3713 2.68329
1.35538 10.3833 1.82376
1.623 0.721192 -8.25656
-12.9381 80.9911 61.4369
0.153686 1.07957 -1.27052
-0.686226 7.73635 5.20041
-0.0551678 2.64552 2.57343
-6.46273 14.2682 1.90182
-0.251965 0.405764 8.19835
-14.2927 16.1777 46.7896
-0.386061 -1.36813 3.07816
-3.16832 7.69058 0.000212888
0.17904 4.38733 -1.30562
8.79523 9.5016 -13.7219
0.189981 0.473298 3.47377
-12.7421 6.83938 -1.675
-7.39383 21.2654 28.8736
0.212215 4.97047 7.10542
1.94566 7.13672 -1.73359
-9.41704 38.4324 28.2183
-0.436188 -5.21244 -4.97848
-10.5615 89.7516 46.2129
-10.2588 12.7297 28.2253
0.47557 6.10405 -0.506835
1.33636 4.85958 -1.02269
-0.0519795 1.85846 -6.93964
-0.465933 6.35958 4.15681
-135.99 0.701186 40.027
-0.704324 -5.80307 -6.22763
0.155164 1.99934 5.8764
-13.9405 39.4296 17.7319
37.6226 -20.2354 -0.887869
-1.21694 6.7651 6.48558
-0.425904 -1.51721 -2.40048
0.0640702 9.81869 8.17892
-64.3426 8.80305 -19.0952
-15.3042 17.609 18.5107
-19.8086 30.1817 13.6154
-0.992094 -0.466079 2.27849
-23.1615 27.2546 -9.47635
0.359778 8.30935 2.76195
-12.0655 79.5235 55.1081
-1.99634 2.13184 1.19164
1.32211 9.77872 -2.14673
1.42208 11.1684 0.172186
1.11545 8.77559 3.63501
-15.1593 14.4373 25.7541
0.476513 1.35763 -7.22857
-0.0629175 -5.28059 -7.89719
-1.65222 1.31949 -0.241933
-10.3708 8.55044 -4.22536
-0.0533535 5.61353 0.534031
1.02688 -1.0683 -4.88883
0.291721 -3.01702 -11.1219
0.732877 4.63445 -3.14674
15.2347 -10.5511 1.27074
-0.412226 5.46093 8.37603
-6.91081 -3.06626 4.63145
-0.67499 -0.749508 -2.08109
-18.4673 11.7024 14.4729
0.105634 -1.09696 -4.60992
1.66017 5.61386 -3.54843
-1.35316 -5.23062 4.92072
22.0286 31.4058 -47.6141
0.153395 -0.287669 -3.22885
1.37982 2.3749 -4.4655
-9.22292 43.1569 36.6875
2.26761 10.5309 -0.809847
10.9599 4.17608 -37.4858
1.15174 -1.39602 -7.7088
-101.842 41.7419 -35.6608
0.412835 3.14063 -0.133597
-12.2569 31.8652 21.8098
-0.447565 -1.16564 -6.73384
-1.39595 -4.70744 -2.89177
1.41492 8.82063 3.37409
-1.37281 4.55019 9.04425
0.679645 4.75304 5.04315
-9.44731 10.355 -4.30054
-9.42657 21.9652 18.3274
0.449033 -3.08176 -9.74475
0.149793 6.72602 0.752578
0.237353 5.2498 -1.69429
-14.7828 14.4718 26.0003
1.02473 0.70149 -7.36276
-16.9684 12.9751 27.5543
0.153562 0.0919087 2.1847
0.151808 5.54471 7.98307
0.874187 0.0195261 -4.48217
4.95922 -9.96541 -4.70817
-14.6559 40.8129 -3.53563
-82.1473 8.55232 5.25007
1.75436 8.60763 -0.603196
1.57393 -8.25599 -15.4773
-0.454386 5.34783 8.34765
0.452554 3.38976 -4.39477
-0.321682 -5.46598 -8.2487
3.82503 3.85955 10.4229
-7.25574 15.708 7.63827
-0.821754 -7.41379 0.345506
1.03262 -3.12014 -10.5093
-19.8703 19.6893 -9.2519
-23.9574 26.5024 16.5255
0.168125 6.48196 -0.394003
0.132104 8.03206 2.00907
-18.4875 10.7823 -15.6461
0.402391 0.83686 2.26153
-1.21559 2.25908 9.00196
-0.128183 -2.52444 -7.28381
-0.722121 5.11689 2.4267
-0.489314 1.2409 4.06788
0.488287 8.8912 2.30349
-0.165369 -4.64442 -1.32764
-6.75085 12.8306 -2.38871
0.181641 -3.44259 -9.92346
0.7402 7.29787 5.03932
-0.449497 -7.12343 -10.3152
-1.35395 -5.34413 4.32368
4.76666 -11.4483 -14.0235
-0.138892 -3.40847 -2.82743
1.32272 7.7363 -0.625316
-0.150532 -0.721304 7.56841
-0.692345 -4.39543 -1.31389
-0.0925106 2.21642 -2.55981
1.3312 4.56697 -5.5324
-1.83884 -3.0096 7.13255
1.41403 4.91067 -1.53244
-0.146066 1.81589 -6.49427
-1.24254 1.95905 8.78549
-0.796654 2.00275 4.86441
0.441619 -1.60222 -10.2788
-1.06101 -4.08714 5.24858
-17.0267 22.2915 6.44432
-0.75876 3.86895 6.48712
0.496774 1.98456 1.38666
-13.5469 25.5205 60.206
0.240366 4.90627 -2.4086
3.50844 5.55467 -0.506049
0.743032 -4.76778 -10.291
-7.9519 7.85186 11.2281
1.68836 10.5083 2.39095
-10.6613 8.73991 -2.72069
-0.407793 5.83839 2.02139
-1.06017 -1.63168 -1.82376
-1.61414 -2.0796 15.0304
-0.11827 2.90492 1.93912
-24.3377 30.8614 1.94596
-0.918066 -6.84053 -0.963843
-19.3472 37.7989 1.03608
0.162978 2.80899 2.1858
-25.6506 29.1523 14.8262
1.09044 -0.804931 -9.15149
0.146876 0.393707 -1.5973
-1.0155 -3.15068 2.92889
-1.03504 1.01801 7.38834
-7.26472 12.0784 2.3609
0.29609 -0.667372 -7.8929
-9.40675 0.600812 -7.90468
1.07199 -2.20517 -6.34454
-136.571 -8.81943 -4.77875
-4.32882 5.84794 1.25169
0.195688 -2.70915 -10.2376
-19.3332 34.6459 2.62308
-0.858004 -0.236823 6.69847
0.76416 7.11004 -1.76359
-23.5562 29.1305 11.277
-0.967169 1.0798 9.51967
-0.700686 -2.28649 -4.03663
-1.23554 2.87957 7.09226
25.6712 -3.61038 -13.2339
1.07894 -3.25913 -10.85
-24.6245 14.2042 28.5998
0.521338 8.22432 1.03411
-0.421958 1.9827 5.29781
0.734075 -4.59182 -5.26794
1.357 3.06611 -2.12294
-0.712402 -9.22697 2.59204
-18.529 77.4034 55.0539
-15.2023 33.4517 19.3034
0.479868 -6.01994 -6.90068
1.05022 3.1482 1.93229
-0.160303 3.65433 8.48574
-7.36608 32.1472 24.9598
-16.9206 19.3044 18.862
-8.81893 6.66724 -5.84641
-0.429454 -4.32008 4.30888
-0.320677 4.81814 -1.81845
1.05245 1.83726 -6.08124
-0.962878 2.07342 5.18802
-9.43626 19.9647 16.6815
0.185863 2.55139 -4.05783
1.01233 1.92048 -0.134897
0.499519 -5.80609 -7.30762
0.181236 1.94437 1.97202
0.14936 0.458272 -0.416642
1.68606 0.396593 -8.21563
-1.67398 5.59776 0.969937
1.02172 0.37931 -1.39956
-1.04252 -6.50341 3.30376
-16.8872 84.7363 43.7298
59.3132 0.325276 -7.03748
-1.94499 -8.24154 8.14536
0.653641 -0.403694 0.806881
-2.84641 -7.569 7.01791
2.60935 1.57606 9.1589
2.3025 10.0456 -2.65519
1.43975 1.66263 -6.20853
-0.131213 -0.654048 -7.3046
0.170401 5.81845 8.80769
-0.171933 -6.70524 -5.5153
-0.468694 3.12746 10.0192
-16.6374 8.38947 -3.35884
-4.35528 0.356214 -0.0961704
0.126399 5.57335 9.39391
1.33382 1.93669 -2.61143
-4.04346 3.75094 -3.32076
-0.43013 0.390461 2.18211
-2.27259 -7.34254 5.0702
-0.102577 6.97347 9.57391
-17.0601 4.55074 -13.7448
-1.306 -0.85677 7.60117
14.8436 28.6435 -40.2586
-3.66148 -8.51547 9.02669
-0.44093 7.06937 5.80779
-0.700655 5.50232 8.52097
1.88242 10.4076 -1.53833
0.407367 3.81199 6.77164
-11.2003 6.65318 -7.18563
0.429886 -5.23694 -4.09854
1.18889 2.44449 -3.38603
-1.01399 -8.5608 1.31563
-4.35049 3.07272 -2.43498
-0.152266 -2.54412 -5.54968
-2.16542 -4.19671 0.960258
-0.159236 2.14134 4.04807
1.05544 0.3935 -6.21329
-3.3677 -7.34205 8.51639
-0.436901 0.753394 7.71911
0.797431 -0.429327 -7.69198
-3.0443 -6.83948 8.45232
8.07982 28.7456 61.0987
-1.94557 -4.74881 5.41033
-13.0493 12.2475 23.2721
-0.694513 0.666177 -0.722503
-1.18757 4.70169 5.75252
-13.8498 58.271 12.0691
-0.692585 3.33415 8.8006
-1.618 -4.23819 4.66655
0.201608 5.31447 6.40132
-1.36391 -4.34946 1.52581
20.521 18.2418 55.109
-7.21367 27.497 21.9856
-1.27849 1.59199 9.18369
-0.344671 0.480116 7.46004
0.785562 -0.225028 -8.02732
-25.6348 6.72723 11.3886
-0.402031 5.86146 0.724647
0.468457 4.40371 5.52542
-17.5267 27.2645 5.52175
1.64882 -0.154011 -8.85581
1.04703 -0.926638 -6.14047
0.171421 4.13017 5.20937
-3.05872 13.7363 10.2015
10.7021 20.1532 57.9039
0.129006 6.1589 1.35137
-17.5508 16.299 23.0876
-0.761029 4.10833 4.8802
0.443068 -3.80618 -10.2757
13.5817 28.3668 62.643
-0.123118 5.61807 5.84264
-20.022 27.4411 18.4531
20.6536 33.9652 -39.6047
-0.697506 -1.87592 -5.88721
-1.2783 -2.26528 11.3627
-1.57842 -3.65603 4.7199
-16.6499 19.3342 18.829
-7.73495 58.6408 -2.47295
2.11922 5.54314 -3.69243
0.828899 -1.02106 -4.44778
0.680681 4.08437 4.61448
-9.47725 10.9993 -4.1054
-0.614058 -1.32323 -6.4938
-4.29517 -7.6041 7.51236
-0.736074 0.762365 0.241538
-5.52278 -1.59483 -1.39591
-7.92755 38.3026 30.5443
0.471847 17.4856 -3.33188
-14.1581 39.7889 28.6131
-20.8042 51.4901 28.9746
-1.32339 -3.10844 -2.29784
-0.962572 -0.0265085 2.73846
-0.716224 -10.608 0.578607
0.437201 4.62963 -1.30724
-0.150123 -3.85398 -9.49258
0.107012 4.32314 -2.3017
-18.067 8.13334 -2.11875
-7.86001 29.4202 30.3399
-1.02382 -1.29245 0.670348
-1.89075 0.695138 1.67411
-2.06577 3.40369 0.115523
-0.129172 4.34289 -0.781565
-0.1276 0.862962 3.16434
1.31683 3.77712 -0.410323
0.803478 -4.04178 -7.08942
-1.51177 -3.4637 6.35031
-1.53325 -5.25718 9.86799
-0.678426 -7.5411 2.3378
0.188455 1.52626 -6.11837
-0.663936 -7.04592 -5.46351
0.159748 6.84503 -1.72135
-2.87514 -6.43447 7.58205
-3.08955 -6.65969 8.71841
-0.999359 7.74259 5.56812
1.35453 -3.03026 -9.19681
-18.093 41.7649 -1.28817
-0.403121 7.05759 3.37399
0.836462 11.3768 0.0812779
-13.2305 12.2478 23.2719
-0.933304 0.605077 -0.708441
-0.460626 -1.1004 -2.20297
0.202114 1.33782 4.59083
-0.0875395 6.75801 5.31228
-2.87653 -29.3963 -0.152275
-2.22819 -7.76259 9.09418
-0.432867 5.06176 7.03711
93.2504 -45.8305 -81.6909
7.93092 -13.9587 -15.9767
0.407852 -1.34202 1.10567
-4.27234 -0.623401 -2.35266
-7.61926 35.252 29.0171
-0.489766 -0.230947 3.75913
1.05887 7.13683 -4.67731
0.567715 -0.820204 -2.77016
-18.0742 26.4828 16.5165
-12.9869 33.5119 4.33352
-0.998815 -3.76854 2.87305
0.473472 1.34405 -7.61877
-143.214 -17.0921 9.56368
-38.7861 -10.2112 12.1078
-1.11941 -0.218382 13.0612
14.8132 3.52771 29.4393
1.04616 2.32282 -1.31064
0.434505 -5.56347 -6.18697
-1.05117 -8.21095 3.37898
2.54444 10.4735 -2.8625
-17.5455 21.7001 0.861474
-0.421282 -2.28659 1.38944
-0.3417 -0.0776723 1.84465
-0.41141 -3.14645 -6.07608
-13.1031 43.484 11.9345
-0.24597 -0.368492 7.95793
-10.3494 25.9011 15.4253
0.120346 -0.747802 -6.73283
-26.2466 7.44075 12.4899
-0.108127 -2.52114 -4.3982
-0.43885 3.31398 4.2682
0.147621 3.78017 -1.94069
0.582209 0.357998 -0.998387
-7.97532 27.0351 23.5604
-9.3539 13.0406 26.5989
-1.05354 -3.9728 4.09071
-1.36322 0.573694 10.1938
-6.13691 -9.92993 -1.89701
1.93817 13.2157 50.5549
1.08023 -1.34766 -9.49512
0.759404 8.52562 0.48211
-0.0978739 1.62596 5.88842
-0.652401 6.67647 8.65105
6.82908 10.0909 44.1892
0.746682 9.80585 1.35315
3.51437 3.48123 10.9181
9.51211 13.4839 48.2918
0.296422 10.9653 0.3127
-0.767147 1.64506 4.33158
1.17195 6.77545 0.961211
-17.1384 38.0384 -1.0596
-0.378983 8.15373 2.85571
0.760898 10.0941 0.829771
0.180593 5.91546 5.56989
0.417418 1.97498 3.43866
1.08487 -2.92899 -9.07387
0.14412 -4.47544 -11.6025
-9.75948 34.4145 7.44859
1.09709 7.97707 -2.88106
-0.312418 -1.09563 5.68188
-7.66653 -6.91115 0.782841
2.59339 10.321 -3.90928
-0.906297 -1.87267 -4.62864
-22.2733 23.0637 10.8538
3.56519 -24.0198 5.89447
-0.686538 -5.42552 -7.4989
-8.16191 8.71111 42.7392
2.55833 10.7389 -0.327926
-2.71684 -4.87937 5.77139
10.2241 10.8985 49.5302
-0.706485 8.52099 42.1183
-0.9375 3.3836 1.31351
-10.5475 14.8385 22.9394
-10.1984 89.7509 46.2135
-1.01875 -3.20538 3.96684
1.68733 10.83 -1.17241
0.450234 0.812285 -6.36226
-70.2215 76.6639 25.6977
0.596759 1.09321 -7.64952
-7.03806 12.0781 2.36123
-2.32479 -7.65851 8.22892
-0.131435 6.7575 6.13707
1.0688 -3.67781 -10.6551
-63.7697 8.52838 5.4754
0.204835 10.355 0.764236
-0.735851 -0.113807 -5.26446
-14.4587 71.6125 77.8417
1.32446 8.97303 -0.709747
1.34979 10.9072 5.24307
-0.414507 3.76449 2.85357
0.457624 6.43463 3.50112
-22.6233 28.7716 15.6797
1.16987 0.204316 -5.81247
-0.107551 -45.6312 -25.5811
-30.4605 -2.70764 6.89311
0.147814 6.42134 1.91862
2.24563 0.0792769 -2.732
-1.58199 -3.7859 5.62872
-0.0758455 -1.78166 -7.39099
0.740132 2.80202 -5.83919
-12.9059 15.3178 21.7192
-9.2703 85.8001 43.8059
2.07424 7.81899 1.68065
-0.100985 -3.09686 -6.70593
-16.0997 42.599 -1.16009
-0.796864 1.90101 9.73534
-59.5579 0.00971867 11.1878
-1.07267 -3.14291 4.93674
9.14753 -1.60915 9.42468
-19.9115 13.3955 27.5977
17.5417 -3.14625 1.17965
0.785181 0.790393 -8.8578
-0.274058 5.19186 6.00598
-29.5235 17.0913 -7.42492
-20.6205 40.6194 25.7273
20.2704 14.1161 -3.18348
-0.0470276 4.78805 6.81539
1.69099 12.8016 5.07734
1.10041 -5.56364 -10.4769
-8.24262 99.0944 45.8075
-1.32846 -8.89594 3.63239
0.829458 2.77124 -1.1089
2.45746 6.08529 -4.07779
1.03697 -0.410365 -4.04371
0.117995 5.56455 1.69851
0.148191 4.10941 -0.791903
0.13552 0.191235 4.07
-12.7346 6.97059 -2.34738
-0.721043 4.73248 4.61997
-0.0860296 9.06048 2.76282
-0.127033 2.11117 8.46619
-14.7909 59.2355 33.4904
0.104988 8.29778 2.78187
-0.0515939 -1.59068 2.81343
-22.657 26.88 17.8331
-12.9484 15.5617 29.1147
-15.3772 8.39043 -3.78508
-16.205 26.9864 53.6725
-1.01283 -0.531958 -1.41108
-2.34831 0.841607 1.40152
0.913575 5.30253 -8.44861
-0.754949 10.8673 46.1206
-0.113207 5.29938 1.08128
-0.374256 9.11637 3.6577
-19.2345 23.6353 16.0311
11.8314 18.1478 7.07895
8.68327 12.3859 43.8701
0.716254 -3.42778 -4.65909
-4.35071 9.36374 -0.226752
-20.8725 -2.65256 1.32877
0.480207 -3.46942 -10.9681
0.169152 4.94832 -0.429212
-0.344416 1.0771 -2.37162
0.443429 7.53153 6.16928
-0.471139 2.4457 0.105611
1.97452 10.2291 -0.420897
-6.09596 -0.85052 -0.526009
-14.3452 11.8599 43.4451
-0.167235 -3.62526 -4.58538
1.90337 9.72742 -0.0728456
-16.0187 90.3929 75.0899
-0.557444 -1.93469 -7.94349
-14.2455 15.967 23.7362
-1.38073 -3.01697 6.9508
-9.70643 30.838 40.3015
0.128627 -1.3415 -1.3263
3.41447 8.93158 -2.38993
0.0952744 -2.86866 1.0162
0.171674 -1.1583 -0.96534
-12.2858 8.66297 -6.57123
-1.93054 -6.15742 6.99237
-7.75411 10.0872 0.18432
1.1188 -1.65082 -8.47202
-14.4476 37.1094 27.189
-0.931099 1.66872 6.48277
-0.0666726 7.99294 -3.4763
1.94108 5.73495 -3.66296
-0.681643 -2.26122 -8.13687
0.753511 5.05253 0.654823
0.496718 -7.41908 -8.49314
-18.3929 17.3363 17.3172
-17.2464 22.8188 16.2896
-0.975331 -3.77037 -6.76604
3.51032 4.74745 10.5375
-0.740746 -7.85181 2.00548
-1.45454 -6.68566 8.48361
1.91844 12.7717 0.9241
-1.25974 -0.601678 2.40445
1.90494 11.1724 -1.4779
0.414123 -1.40072 1.60642
-126.447 98.004 -60.3874
-0.148318 -3.45261 -1.59724
-1.07499 4.93785 5.69748
-0.388021 -4.06775 -6.43666
0.00360528 -0.143335 6.52377
-17.7229 75.7876 42.438
7.98384 21.2993 -12.6975
1.36367 7.36584 1.99607
-0.758838 -1.73443 -2.30176
-7.72335 8.57867 9.71001
-7.64288 16.6717 18.925
9.84319 13.6919 50.984
0.4431 4.98307 1.38865
1.30496 8.35685 4.5515
-21.145 6.51286 -2.82833
-9.05233 18.2128 52.859
-18.992 35.1926 9.00459
0.420552 3.48468 -0.94407
0.160163 1.348 -2.53552
-1.55913 8.3165 6.39723
-10.6179 6.77552 -5.08386
-13.3633 26.808 19.9459
-0.451963 -0.252739 -0.656442
-10.1167 15.6931 47.6121
-18.4906 14.5811 10.7455
-0.454374 -1.67658 1.68384
-16.9448 2.03971 -11.654
-1.31566 -3.39265 5.55969
-24.1618 18.57 -10.7782
-7.95383 7.88001 -1.22342
0.115633 1.60306 1.71349
-0.687246 8.50853 4.51073
82.2789 0.853931 -69.3926
4.12085 4.74259 -1.71185
0.225186 6.50663 -2.02118
-0.767558 -6.76585 -5.80263
4.60516 -18.5219 -35.8435
20.8188 16.2474 54.7481
-2.54078 4.55882 7.46965
-4.99834 -0.374731 -6.25286
-0.151961 1.89255 4.94532
-18.7305 7.32996 -10.4838
0.339789 -1.86717 2.21728
-9.99374 14.4015 25.2808
-5.09091 -0.177544 -2.95605
-18.6764 17.7768 18.7365
0.566679 -1.82672 -5.79777
-30.4566 36.3989 -15.8481
0.448476 6.99268 3.83985
1.67504 10.2762 43.8751
0.193007 5.22264 0.147259
-7.93408 9.77271 2.37251
0.128908 -0.104672 2.27372
-7.85012 34.0437 30.1828
-0.156703 -8.56176 -9.68469
1.98116 8.60727 -0.602809
-6.1756 1.04446 1.09382
-7.89397 -5.34441 -0.175548
-0.75748 2.98074 2.43966
2.63648 0.960531 -12.9869
-6.06192 8.17857 -3.71536
-15.1564 -4.46812 -6.63674
-0.461891 0.0505309 5.64838
0.46617 10.0945 0.794172
-10.5292 39.7902 51.3812
-5.22316 6.84358 0.710514
-17.387 11.235 10.5275
-1.55009 -5.71076 6.29823
-0.727611 -1.29555 -5.42717
-0.0969114 5.53469 8.55782
-0.971432 -2.57816 -5.03101
10.1797 6.03484 -10.6474
1.32422 2.81294 -4.07208
1.96938 7.99903 -1.41049
-16.7666 -1.16722 2.83858
-0.692957 7.59797 3.67917
-11.761 29.3856 56.1983
-1.01324 0.188559 6.00988
-0.448107 -4.067 -3.34655
-0.707578 -7.38639 1.78161
0.153933 -7.05186 -4.09452
0.885946 0.829514 -3.37691
-1.23947 -6.60362 1.33522
-0.738394 -6.42496 -4.67067
-0.166912 2.54897 6.03082
0.583044 -4.5194 -7.81305
9.14991 -0.782561 9.93538
-1.08004 -4.0931 4.35928
-1.04308 6.35246 7.04296
-0.0091248 -1.89478 -3.13767
-0.74053 5.21987 8.81923
-18.3907 17.9001 21.0107
-3.44489 -3.18613 1.87261
-13.3136 -6.53597 -3.13237
-0.966211 -1.86563 4.03712
1.00439 3.39932 0.730137
-0.760902 -4.14232 -0.013264
-0.725571 4.07658 9.79067
-13.2389 13.119 -6.34587
-15.4499 -1.96027 5.76087
-0.436306 5.60342 7.02982
-0.169969 6.18242 7.27569
0.468511 6.75 -0.187767
-16.9622 95.4194 47.743
-0.359762 1.89513 4.02201
0.191679 4.98518 1.35219
0.132771 3.38389 -0.977589
1.0353 2.02839 -6.80156
-0.366628 -4.4355 3.68916
-0.477827 -5.21907 5.93341
-7.02774 19.4622 21.6848
-7.583 10.8476 -4.69278
-0.970643 -3.78456 4.90152
-16.0471 18.4312 18.0793
-0.970795 -2.10496 0.265524
-6.44027 4.57778 0.0246866
1.01298 -2.8945 -7.6144
-0.0753517 1.3256 2.12418
19.1381 24.3339 6.60618
0.141575 1.63595 -2.29732
-0.618583 10.6054 10.1159
-15.4289 58.1171 13.8756
0.435648 -2.56024 -7.82099
-24.7452 9.13099 -4.1659
-13.3611 24.0326 -1.58509
-1.98093 -5.04017 9.63789
-3.77306 19.8104 5.03173
-0.351948 8.23918 6.36728
1.36704 10.3436 3.36587
-0.742954 6.80452 5.18245
0.178861 1.91774 -1.4008
0.139278 3.48944 0.982355
0.151462 3.43367 -1.88157
-3.78064 5.21036 -3.51901
-3.12317 -2.50155 -4.15754
-0.703004 5.24342 5.89202
-0.610513 -1.47046 4.86995
-19.8328 28.4746 19.0043
1.37218 1.35514 5.78112
0.34247 2.51395 6.44147
1.96243 9.15581 -1.99761
4.16003 16.5103 7.4363
-0.409411 -1.608 -7.13148
-0.349985 6.17692 0.417413
-5.51312 3.21817 1.43321
-8.56084 39.8589 30.237
-0.439268 6.12573 2.13982
0.533091 4.03196 3.98445
-37.361 36.6828 -14.9522
-15.6082 37.0427 19.2332
-8.62899 16.596 26.5185
-1.56655 -4.07177 4.33405
-0.948115 -5.19366 -3.70825
1.63838 9.3764 2.49965
0.897438 4.7801 1.77722
-13.0019 20.5232 15.5968
-13.9425 69.2134 10.2673
1.09413 -2.82583 -9.74288
-24.4171 8.96346 12.6076
-15.9277 76.7579 7.43596
1.31197 0.530437 -4.26726
-0.771565 -6.46093 0.382704
0.437422 4.98667 -2.27228
0.224743 15.0642 -1.94926
3.90707 0.213591 -23.792
0.723202 6.13696 6.37115
0.13994 7.86118 -0.0143204
-1.32015 -1.17658 8.10212
-8.54942 24.8807 20.3609
-10.8022 8.68148 -6.54206
-66.7262 44.0036 -54.6229
0.336078 3.10162 7.66494
1.89801 9.77307 -0.749524
-16.0164 67.2713 33.7821
17.4998 17.8054 16.9397
-2.81495 -1.10808 -1.74226
-14.188 72.1616 16.9431
-15.1427 19.4739 18.5051
-12.1582 25.1704 17.6842
0.562501 3.64534 2.38535
-0.144758 7.05079 6.74344
-2.22517 -7.35188 7.74771
-14.3515 19.676 20.5456
-0.443368 1.61394 5.00262
0.498425 8.53166 1.35071
0.753209 -1.33745 -10.3321
0.511257 1.24782 -2.12455
-4.95191 4.38563 -3.80442
-12.7021 86.1429 43.1229
0.124654 2.2917 -6.28521
0.728913 5.59434 4.99766
-8.17171 87.7829 45.5545
-0.145036 -2.90072 1.32296
-13.2276 75.9215 5.9002
1.12601 -0.721955 -7.97589
-13.2617 21.3372 47.5674
-0.434418 0.356805 5.60075
0.472742 -4.32328 -10.058
-22.0032 30.7445 14.2383
-0.134506 2.96559 -0.527749
-4.93401 9.0523 23.3588
-0.0209911 -4.54555 -2.77219
0.163347 -3.47096 -8.57564
-0.425922 1.26906 5.61405
0.544062 8.71498 0.60682
0.426871 6.65764 -1.22123
0.896644 -8.50236 -14.1029
-19.9427 47.5532 31.9966
-0.477481 -6.94552 -5.12433
-1.3359 1.29838 9.1983
-1.26457 -9.4635 21.5559
-21.7485 23.3378 15.96
-1.13236 -7.59425 3.43916
1.04667 1.79738 -1.33374
-11.7376 38.078 40.4645
-115.033 64.5709 -40.3616
0.534024 4.02487 -4.98241
1.30465 3.40773 -1.04776
0.739499 -4.43886 -6.30387
-18.1728 50.5512 1.59503
-2.23343 -8.15675 8.1577
-0.18218 6.0252 6.18165
0.449483 8.97358 -1.26857
-1.04757 -1.85842 6.94493
-10.6294 81.3426 7.64406
0.447529 -2.56532 -1.35154
-0.161586 -1.14349 -1.29999
0.523757 5.78773 -2.1883
-0.111915 2.20366 -5.19622
-1.2727 2.1512 9.95051
-17.5169 15.1418 11.1938
-3.42649 2.8312 -3.03046
-16.6148 73.6623 9.11694
-2.79318 2.62573 2.10294
23.5139 24.6946 60.3982
0.22235 4.07054 -1.34189
-0.684173 4.64026 5.12768
-1.86609 -3.79719 10.2061
0.188732 4.6392 -2.79001
-1.35917 4.41552 9.64351
-1.05464 -2.58849 -2.27313
-5.81461 -4.93727 -3.75093
-23.789 24.859 12.4085
-6.43834 -9.7566 -2.30999
-14.5678 15.8096 21.2315
-1.05209 -3.72929 5.89416
0.681183 -1.34124 -2.57536
-19.5139 34.8583 8.93254
3.02671 21.1177 14.5875
-0.078142 -3.3916 -0.73777
-1.07223 -4.93557 5.81495
-20.7993 43.0984 12.5206
-0.714906 -3.67798 0.543689
-0.758919 -2.31023 -1.96298
0.381986 2.30358 5.56639
-19.6666 5.8258 -12.4258
-11.867 52.5016 -1.47271
1.96213 14.0398 52.1502
-0.0954855 -1.13603 2.81061
0.505731 -0.42994 -0.74294
-58.3468 11.5509 -57.3224
-7.63507 35.0614 31.1757
-0.680983 2.49834 -0.754822
-0.121697 -5.27148 -6.79876
-10.03 87.0608 46.5157
-3.06496 2.8143 -2.0385
0.230922 9.16752 0.712673
-0.638558 2.87092 6.45876
-0.469448 -3.64751 -0.517255
-12.367 41.5901 -3.06671
0.751924 -1.4051 -8.61028
-9.47586 14.7394 28.6923
-17.7505 80.2014 39.8761
-18.19 30.0454 15.8479
14.5992 21.3457 2.74434
-9.97554 -2.1492 -0.967017
1.66199 3.77825 -1.34871
-0.0779729 3.82419 4.30211
-0.674292 11.4021 -3.57377
-1.06222 1.23324 8.76059
0.535052 -1.06606 -8.91939
-3.20303 -10.5626 15.3838
3.13694 35.0964 66.4442
-0.0445231 -1.82052 -9.12252
0.651349 1.78224 -5.15449
0.486758 3.69905 4.09864
-6.15038 7.2597 -1.73454
10.9727 4.91681 -12.658
0.828026 10.0887 1.404
-0.134148 0.261546 4.94468
-23.7455 22.603 13.9172
-0.119039 3.38101 6.42067
0.197898 6.34988 -5.39699
-0.443106 1.59079 -2.26496
-13.2094 58.338 2.1789
-8.85113 6.60839 -6.02142
-3.14509 5.61354 2.42465
-14.8288 38.4982 17.2361
25.4918 -4.67945 -13.6269
1.31054 -6.90742 -12.8147
-0.154275 1.35955 -0.467636
-12.0721 63.7425 -3.75692
1.30274 10.0642 0.433135
-17.596 30.9125 -0.551622
0.144676 -4.83263 -6.28291
-1.37176 -8.88112 3.46217
-24.1902 8.96298 12.608
-22.5517 22.9463 9.83519
0.175968 2.57339 -1.9436
0.41508 3.42419 -1.93491
-4.56184 6.80335 -0.98328
16.1308 -8.50448 6.65632
1.69947 10.1616 1.91929
-1.01255 -5.74576 -4.32407
-1.92645 2.60056 8.33231
-1.74626 -1.66045 -4.73243
16.6806 46.4399 -4.82901
-22.304 22.6438 11.5323
0.722813 -2.27666 -4.28775
0.152744 9.9982 0.453228
-1.0343 4.07281 4.43658
-0.450227 -2.47672 1.1145
-0.457416 -1.10054 -1.27489
-22.8486 27.3191 17.4636
0.498254 -2.84279 -10.6255
0.158575 5.52257 -0.805797
0.169214 7.11479 1.67555
2.18355 -1.22446 1.355
9.77938 -25.5959 7.0432
0.253665 0.736973 -6.40291
-20.1736 17.3661 21.6701
-0.755122 0.211521 7.10542
-6.97678 9.66102 -0.324759
-1.02387 -1.51851 5.17731
-1.0533 1.32831 6.46911
-1.31824 9.20067 7.83879
-22.2505 25.3587 9.48652
1.80646 -2.69774 -6.82361
-7.08027 8.43028 24.8171
-2.78711 2.60239 -3.27458
0.431771 9.47347 1.93041
-0.830942 6.87968 8.1086
4.09087 17.4512 -1.06026
0.155804 -1.86418 -7.92421
-0.0154502 -6.053 -3.46599
-19.6229 18.1536 21.1859
0.436525 -0.546195 -1.72896
-2.7839 -2.07445 -4.6227
-0.400957 5.7852 6.37807
-0.367434 1.50691 0.0190173
-0.523512 -0.314249 8.4786
-4.55196 45.9703 66.2384
-4.36489 99.9657 53.6332
-0.709268 -2.28421 3.3842
2.03127 10.1495 -1.53516
1.07298 0.494501 -6.75711
-22.2257 23.8175 15.0244
11.7753 -21.5832 2.74006
0.19678 -2.31441 -8.31517
0.440524 5.88358 7.63103
3.13373 2.28697 -3.88264
-20.8338 30.8375 20.0988
-32.7843 28.806 -0.594764
-0.0687639 -0.104304 2.53372
-0.173518 1.41062 0.02358
11.2546 -6.72769 24.3559
-15.9646 52.4002 31.9226
0.446717 -3.17318 -8.19955
-22.214 13.0722 31.6217
0.181724 -5.20897 -10.4278
-0.151262 -2.8901 -1.00756
-1.67443 -3.44962 1.24734
-64.3745 48.3257 -20.7071
0.547033 10.0001 2.58331
-0.315525 0.229212 3.70831
-7.33607 82.1165 50.6294
-0.457497 4.2301 1.82871
0.15117 7.32034 1.64976
-0.696254 2.86942 4.52573
1.80616 5.05954 0.168661
0.201162 5.80841 -0.745649
0.4632 -2.53391 -10.6165
1.34646 6.20816 0.960809
-2.79237 28.6323 62.8161
2.22522 32.1643 66.277
1.35369 5.51923 -0.477175
15.853 7.93092 23.2985
1.17427 1.60907 -3.76128
-12.6892 31.7027 59.0066
0.492532 6.15241 -2.21527
-0.105332 1.98714 -5.19737
-15.4269 17.5131 21.4209
-0.460227 -1.57863 -5.50133
-2.52667 5.77159 -0.624812
-16.2996 27.96 4.20849
0.112118 0.155654 -3.78423
-27.3112 10.0428 -5.4339
-1.12567 -7.68203 3.11236
1.01274 1.54753 -1.65503
-0.721789 -5.78127 -6.37568
-0.735492 9.15596 7.70303
-2.75625 -5.35194 6.70754
0.198794 3.99877 -1.97764
0.164337 5.54167 0.445735
-1.86946 -3.12424 11.3878
0.494638 -4.29879 -9.49976
0.170979 -0.173579 -1.65888
-12.1269 15.8998 26.1162
-0.704208 5.21309 9.70489
0.138045 8.15374 0.269987
-18.7792 22.6008 15.6292
-3.05549 3.83936 -1.24154
8.93191 -1.95241 9.82195
-20.2519 75.2089 40.3078
-30.6872 -2.70727 6.89278
1.1529 7.29486 2.26045
-27.1241 9.65034 -5.33102
-66.7287 26.0174 -26.1105
-12.9685 77.5609 56.172
29.6114 19.1059 65.2118
-9.0763 30.8593 34.5544
-26.1982 13.0047 32.5606
-0.0298032 7.32958 -7.64877
9.47869 -1.51723 7.24813
-0.00986347 -2.86592 -9.93406
-3.9793 1.2488 0.721348
-0.620736 -0.807881 4.01465
-14.6028 13.4144 -7.45801
-13.0552 35.2533 60.0947
-6.13303 10.5805 -0.287949
0.745603 -1.27762 -7.95822
-0.306563 0.122335 -6.83479
-0.475014 -5.1726 -4.60676
-8.24555 31.2399 24.7211
32.2481 1.70576 -105.284
19.9944 22.1134 13.8168
4.6703 11.7313 -1.71065
-0.649653 -4.54899 -5.69706
-4.34166 5.78572 1.82264
1.61328 9.94197 3.07702
-9.10784 19.2923 29.1855
1.07765 3.78804 -6.06195
9.54132 -10.481 4.74237
-19.2428 51.7123 35.1162
-19.2836 32.3376 12.6584
-0.0470042 1.75941 1.27799
-2.19819 -4.66889 3.67805
-13.2458 37.4257 2.70853
-5.25809 8.03382 -1.56846
-0.0600193 0.120023 -1.06395
11.8664 20.1586 52.0154
-0.0873782 2.67724 0.638166
1.90885 -5.49142 21.3031
-6.781 6.64483 -4.94928
-223.848 -22.5599 60.7191
-9.48726 4.49344 -5.25532
-8.73563 -3.52858 -2.26948
-16.3571 80.3928 45.5656
1.08246 9.49346 2.23066
-0.590403 -1.12259 8.17305
1.04384 7.93424 -0.141599
-13.7131 7.10529 -3.09097
0.134798 -0.399388 4.03794
-1.22607 2.34567 8.83072
0.216378 6.12796 5.74115
-0.643913 2.49883 -1.93828
1.07395 -0.56331 -0.785763
-9.20427 27.2818 22.3317
-14.4698 37.1558 24.3847
-40.1088 22.5239 -25.8066
-5.7572 18.0209 20.8809
-1.60825 9.12762 29.5727
-1.02353 5.68765 6.48163
0.793267 -10.6495 -17.2429
-0.0705557 -2.82694 -2.53494
-2.87393 -4.14562 4.61286
-0.721619 2.16655 0.469319
1.87139 3.54605 0.0437921
0.16668 4.28758 -0.779809
-14.2087 56.3958 -1.02502
-0.965087 -5.80312 4.45073
-1.55206 -2.11625 0.00814091
-15.1224 59.6865 13.3441
-10.2706 8.24986 -6.55738
-0.665993 -2.87083 -2.88484
-1.62635 -2.53093 1.59381
-1.10643 1.35096 -1.71272
-0.479398 -6.41298 -5.83079
-36.7012 42.122 -12.4199
-16.6518 35.5219 24.9225
2.41034 14.7139 0.344476
-21.1708 32.3441 15.6276
-1.50329 -6.14329 -7.56486
-18.1805 52.3385 0.557406
-19.9563 48.6591 18.3018
-0.465421 2.19419 1.38042
7.62521 19.799 54.1486
-0.605684 -3.4522 -4.43487
-0.497523 -5.78897 -3.51994
-8.56013 19.5137 22.3579
19.1246 13.2688 -2.29381
5.01663 -0.308353 10.2646
-0.454111 2.03301 -0.718635
-8.52303 45.0907 63.057
0.724859 -8.97326 -14.8057
-14.7735 76.7389 58.1387
-6.15332 10.256 0.504296
9.51842 0.666139 7.74424
-27.0707 11.7378 34.5405
-0.987236 5.10321 2.12774
0.65973 4.27659 6.17819
-9.35625 10.519 -5.61924
1.5282 -1.61365 -9.13954
17.3942 32.1051 62.1684
0.205732 2.59356 2.59281
-22.5908 24.0811 8.98792
-111.459 86.2617 -81.649
1.09342 1.25243 -3.23349
0.763044 27.0372 71.8913
0.444966 2.63812 5.16741
21.1725 27.4749 70.1768
15.6733 19.8371 8.00414
-8.55974 8.38121 -7.69147
-3.76318 -4.4327 19.2675
-25.5511 7.51566 12.3797
0.177644 5.21549 -2.52561
-7.62062 21.2658 28.8733
-1.06383 1.19885 5.73641
0.165191 4.27988 2.83665
-1.04611 1.00902 10.7811
-0.913464 -6.94313 -1.0043
-0.131686 -1.88885 -5.2584
15.4635 13.1515 2.42961
3.49516 -8.2943 43.6417
-1.06581 -4.42387 -2.47267
-12.3698 16.7805 1.48729
0.190265 2.22846 -6.86991
-1.335 -1.00393 2.31518
0.452287 -0.453587 -2.25187
0.119752 2.30742 -3.19389
-0.379561 -5.1847 1.08053
-3.10198 -1.2796 -5.13133
0.210736 -1.26196 -8.50235
0.147174 5.46017 -0.190123
0.47813 -2.86451 -11.2301
0.209672 7.14653 2.13815
-0.683653 3.14818 4.17504
1.31381 -2.86196 -7.99943
-17.0399 5.89153 -3.9512
-16.9758 17.5319 18.8189
0.105489 6.6791 7.28518
-1.02544 -0.477717 1.33644
4.34765 4.74223 -1.71146
-7.7218 1.70711 1.93232
-18.1119 13.9213 25.0695
-0.126325 4.40307 -5.93932
1.32441 2.6073 -2.22795
0.757243 -4.9151 -7.63382
0.420443 3.39317 -3.71035
-2.31384 4.55834 7.47007
-10.5539 70.0512 18.3334
-17.8225 68.0334 42.5643
-1.24376 -0.787717 2.32927
-15.7784 36.5711 25.408
1.36106 -0.678998 -5.58049
1.97172 7.06008 -1.99305
0.523522 9.88218 8.54675
-0.725539 -1.89388 -3.14949
2.03649 6.1764 3.0462
1.98698 0.470087 -7.79752
0.439737 5.04506 8.29872
-6.0813 -1.81612 -0.407384
26.4877 -64.5028 -3.95577
0.425545 4.9053 6.18169
-5.27304 1.27329 -0.742272
0.13113 4.3628 -5.18551
1.00712 3.19126 -5.83525
-0.390283 3.77945 -2.24956
-18.5919 -5.36048 7.5985
0.754396 2.58335 -6.23791
-15.4588 24.5515 15.791
0.461661 -0.14316 -1.43275
1.55172 -3.69034 -11.3165
-0.0698762 -8.08567 -8.69992
-1.0102 -3.66977 4.54531
-6.12731 -1.35814 -2.6354
0.172151 -0.85727 -0.675923
-10.4201 4.62124 4.8817
-8.46296 11.2433 46.5076
0.163092 5.81159 5.86972
-0.266833 -5.02964 -5.50183
0.713355 3.42888 -3.12677
0.274841 -4.4204 -4.30387
0.447325 7.11111 8.30155
-22.0069 32.5467 21.5721
0.749341 8.72611 6.77519
-18.1201 30.2026 18.3838
0.133486 7.41387 3.12896
0.753385 -3.5008 -9.72657
0.422648 6.45459 0.746985
-0.360865 3.7492 5.4273
-4.99572 0.782182 -4.24497
0.796922 9.77566 1.67142
-0.420565 -2.91738 1.15893
-0.427592 -1.32804 -1.30178
-15.7598 17.0172 21.1502
0.127183 -3.172 -4.21299
0.446401 1.41945 -4.06554
-0.240589 -2.95567 7.86625
1.33256 9.81831 -0.397564
-13.8116 35.1801 60.1553
-15.6664 51.8874 34.3644
6.20738 8.03588 3.8739
19.9305 14.1092 -3.33918
-0.13599 -0.714794 -3.50286
0.774587 -2.3264 -10.7617
0.445231 7.64698 1.63918
0.491604 6.10303 -0.845154
-3.41645 -8.94609 8.23424
1.37539 0.771478 -7.65192
0.784311 6.72876 -2.77495
-0.658052 0.21409 -5.10048
-10.3484 54.7464 -5.25774
-8.26641 -2.18569 -0.870507
-1.24504 1.19912 5.7362
-1.36221 -0.52904 14.9478
-0.13208 7.35716 2.21084
-168.232 105.939 -100.31
0.12104 -0.407074 3.39141
-13.5384 18.7983 19.0083
0.769398 10.6292 8.67711
-27.0891 6.54827 9.45888
-0.80344 -0.200362 -6.44006
-0.209264 -3.23891 -2.27769
-3.44536 8.67452 1.15372
-2.42701 -1.41162 5.14155
-10.0499 2.99717 -7.68602
-1.90021 -6.3291 7.80274
-0.146714 1.69737 8.22512
0.737617 7.03453 -4.25579
-2.41231 -4.45436 4.66662
-0.688773 -0.77335 2.81588
-19.5205 29.8816 13.0712
-17.1355 48.4928 66.9848
1.41539 7.79524 0.114022
-1.03324 -4.94617 -1.04651
-0.651835 -4.09052 -4.79819
0.779909 11.7417 1.95118
-0.405745 6.49404 1.69003
0.0977761 3.17969 -6.76755
-0.125526 -3.74881 -6.22475
0.170664 0.534741 3.77939
2.84818 67.1356 -41.2476
-0.979589 4.0511 2.73189
0.714228 4.09556 -3.17591
0.687722 -0.487925 -1.61784
0.396714 1.06251 -1.28182
-0.835391 9.9151 6.44246
-23.2292 4.14244 1.68132
-1.5679 -4.90914 4.54404
-5.73064 -0.663501 -3.56141
0.727214 3.79678 3.07686
-0.127545 6.34748 3.11972
0.14686 -0.700855 -1.45112
-7.61336 115.344 82.5185
-10.9209 63.3366 27.236
1.6516 -3.53984 -12.2398
-0.191442 2.54479 3.40338
-23.7612 25.0184 12.3987
0.739849 7.71977 2.82652
-3.77386 -2.49846 9.41531
1.62805 -0.536296 -9.0632
-19.9474 6.9023 1.46416
-60.9851 7.36717 18.065
1.03244 4.94389 3.15462
2.8069 5.637 -4.60903
-0.460167 6.49388 3.49416
-0.667644 0.191079 7.98012
-0.770221 2.85179 10.3905
-1.32526 -2.11661 0.00853151
-13.8641 69.2509 39.1037
-0.759403 1.62174 4.16054
-6.07956 6.91046 -2.24001
-0.747131 5.72104 8.74096
-0.951057 5.64543 7.25227
-7.04653 1.48546 1.90079
-6.89273 8.67752 -1.82611
-44.7696 28.2084 -6.75263
-1.02745 3.01283 3.60723
-6.35068 8.46125 -2.59519
-19.6809 16.7573 23.2184
-133.65 66.564 -61.4396
-5.47234 3.32871 0.416935
5.18804 8.53944 -0.352359
-14.4489 32.8076 23.2423
-1.03037 -4.13593 0.0508648
-4.85347 7.12019 -0.114381
-1.3509 3.31765 3.98731
0.757213 -5.05731 -10.5264
-0.43207 3.41297 6.81048
3.19098 9.23883 3.54129
0.774809 -3.23906 -8.6347
0.22864 4.0586 -3.08986
0.711753 1.05722 -6.42199
-1.93063 -2.84358 1.15312
-0.436239 3.19617 9.25378
0.175723 1.99304 1.67232
2.10785 7.3046 1.80602
-7.90075 7.60075 -1.39595
0.538143 -5.75991 -9.02772
0.233704 4.87231 1.89849
-25.6009 27.0385 15.0588
-10.051 8.21318 -2.03345
-24.0517 25.1681 -1.11377
-0.14853 4.03909 5.7596
0.468762 5.29134 2.565
0.784595 4.94785 1.5952
1.02321 -4.91024 -10.5222
-8.52415 -5.15609 -0.485996
-23.3056 23.6713 12.1357
-0.458348 13.3266 10.3991
-0.446304 5.31252 1.08946
0.134343 4.46245 -6.21138
-7.89434 18.5822 28.1141
-0.760374 2.32633 11.5812
-0.729658 -5.87969 -1.89004
2.07738 4.26046 -6.39477
0.445934 -2.2321 -1.69991
0.587082 -0.264225 -2.25971
-1.63511 -4.44846 4.92332
-5.16208 7.22576 0.500293
-3.46958 100.572 36.3197
0.437193 -1.59959 -6.41537
1.05619 6.15983 -1.04229
0.11627 0.7194 4.27973
-0.626479 0.875371 8.29477
-1.28053 -2.77399 -2.87293
1.33349 -1.41563 -7.09812
-13.2518 42.5607 -0.768028
1.53113 0.0738085 -6.13543
0.152164 -6.55557 -2.08387
-5.4267 14.9451 47.4796
0.109516 8.2341 5.73076
-1.86776 -57.3601 7.55584
-0.105271 4.89988 8.50717
1.91516 10.508 2.39133
1.48757 7.69173 0.503366
-8.81792 19.1658 22.9023
4.17132 4.2525 -2.53233
1.95008 7.04633 -2.56702
-0.0242115 1.83693 7.89354
-3.14913 -2.26501 0.334885
6.50411 5.85471 12.8428
0.779085 -7.55936 -5.12857
-0.733915 -6.05098 2.47212
-1.27663 -2.81508 5.14307
0.172596 4.07486 9.02939
0.799681 3.80148 -8.03064
-1.28701 -1.0984 2.01419
-15.4476 54.2337 15.7598
-0.383484 4.23775 2.55383
0.435771 5.81162 3.82309
-20.5418 37.1937 17.657
-21.4329 2.70535 -9.10222
-0.445635 -5.28889 1.58106
1.218 3.11459 0.180795
-0.389443 -3.76052 -0.78702
-18.048 34.4056 -2.27919
-10.295 88.7094 40.541
-0.147348 3.8543 -1.00362
-14.8242 56.5458 6.21041
-14.2558 0.101028 -4.00134
-18.9802 18.9184 18.0196
16.0508 -12.4757 10.6286
-18.4514 35.5167 -3.39809
0.127055 9.11819 3.10312
15.7238 27.7463 61.9854
-7.85319 87.6277 34.7053
-0.998244 3.60657 3.30072
-8.54522 4.49039 -4.47978
17.2729 17.8058 16.9393
-2.55426 7.46965 3.69376
0.982891 5.53745 3.14345
-9.16708 14.7571 23.1333
-4.31093 1.10026 3.24618
0.38927 3.3573 7.34709
2.00071 10.1144 -1.07314
1.13269 1.50637 -4.50263
-0.692917 -6.4772 3.08663
-0.107514 5.52328 7.08022
-0.771881 -1.9217 2.13611
-13.351 17.9737 18.1742
-8.81457 -1.82924 -0.571544
-23.7287 60.6585 42.1116
1.12217 -2.22703 -9.80372
-136.09 6.76167 -5.92732
-0.0474453 2.46402 5.50881
0.713147 6.20029 -1.64421
1.32464 -0.684783 -7.65259
1.12608 7.57587 -3.72144
-0.13244 -1.97951 3.80969
2.56039 -0.189846 1.82465
-5.45592 15.6161 -1.19415
6.64113 52.3625 80.0087
-0.00849533 -2.92969 -9.63722
1.37305 -1.59671 -9.13828
1.01929 8.33425 0.145365
0.781949 4.27907 1.67208
-0.152553 5.89776 4.59552
-1.88985 -2.62178 2.48526
-12.7297 13.3563 6.64824
-16.0013 57.5599 42.3262
-7.67082 32.1387 26.007
-1.61449 -7.70383 6.98113
-48.7127 45.9354 -28.4534
-0.381218 3.73618 7.03591
1.37799 6.83858 1.79789
-8.87549 19.9335 21.6185
-1.83674 -0.779167 9.24185
-5.17761 4.10801 -2.06897
-9.68598 82.4534 55.6895
0.172637 1.58664 -4.06481
-19.5284 37.7991 1.03587
-37.684 14.0798 -4.39247
-0.379165 -1.41486 -8.75304
-1.26806 -0.37677 6.32163
0.75184 1.38616 -6.78174
-3.70351 -8.207 7.81832
-1.65714 -7.91836 6.07372
-25.9304 3.21172 4.37824
-0.689438 -2.77352 6.88043
-16.9706 12.478 19.2518
0.719617 0.494276 -6.7652
-4.36636 -6.77241 8.18267
-0.419255 -5.23061 -3.43363
0.590162 -8.33726 -16.3397
1.13221 2.80526 -1.34274
-2.75153 -6.4024 6.93346
-2.44195 9.93179 18.4747
0.459757 7.14378 4.29376
-0.96043 8.17894 5.80892
-18.4602 -0.790098 3.65485
-18.9949 51.2589 15.6528
1.40322 6.48589 0.8446
0.726798 -2.7832 -5.71107
1.99947 -0.00369425 -10.4242
-27.4498 23.7935 -1.01808
-0.915661 2.24895 3.86693
0.721177 -2.28137 -9.16428
3.41792 9.23835 3.5417
0.714592 5.29052 -2.776
0.173956 -2.49768 -4.62697
-0.426553 -3.91592 -4.9004
-0.452592 -8.79922 -6.61163
0.49003 7.55739 5.21163
-0.476797 1.15109 -1.31437
-10.8089 17.327 31.1531
1.08506 -0.12225 -8.17947
21.4874 -3.04063 19.3982
0.432073 0.753745 -6.11346
1.39492 9.17443 -2.4787
-21.6947 28.1457 5.95169
-0.182897 1.1312 7.39819
0.273163 0.613423 1.92785
-0.151943 2.89238 -0.825188
-0.127308 4.32299 1.66181
0.772924 5.86465 4.67902
-22.0206 70.4358 52.6488
-1.03938 -4.62685 5.5344
-15.6819 54.4594 5.30523
-16.2198 59.0733 16.015
-1.32946 -4.64549 5.29695
-0.651891 -5.41413 -2.72644
-0.946377 -1.48404 -1.89304
-10.3777 77.4406 52.3815
0.850019 -1.55836 -5.01774
1.34852 7.66355 -3.33507
-0.125136 -0.724187 4.86763
9.39478 7.08145 -0.542314
-0.600816 -3.86446 4.33336
-0.7011 0.285392 6.49371
-16.0158 40.5461 -4.47201
38.2394 44.5264 77.3603
2.18867 2.44129 -7.06521
1.39361 -1.81806 -9.90261
1.00796 7.97231 1.05734
0.191171 6.18969 4.71413
-0.757854 3.94705 1.66315
-20.8782 40.6034 26.4796
-0.657113 13.2182 9.90608
-12.7466 38.8181 -0.6838
-6.92889 34.1454 59.6564
-4.37739 12.1164 39.7647
1.08847 6.10268 0.636667
17.9163 -2.14975 -15.2617
-19.702 0.748686 -13.2534
-0.057994 1.5607 1.03315
15.4689 17.6668 -19.3513
0.434702 -8.33008 -6.98462
0.488757 3.12698 -6.14467
-0.434339 -1.35989 -5.46329
-14.4782 61.8079 75.4729
-1.56225 6.52333 4.50763
0.267158 4.41833 3.04494
1.36287 8.46878 0.394038
0.491265 9.18529 2.54378
-21.6063 49.6034 30.5821
-0.686635 4.75187 2.08611
0.157823 5.63573 4.37451
-24.0148 20.3928 16.593
-0.438422 2.93398 0.0264625
-0.38145 10.9626 9.59008
-0.493712 0.940978 1.41986
-55.6302 0.101098 -3.78853
-0.469355 14.3395 48.5686
-2.76779 1.7687 9.63114
25.5958 0.100733 -12.2724
-0.0412041 5.88937 6.20348
-1.27515 -1.87786 10.9797
-19.2729 25.0293 17.247
0.470984 2.32276 -8.224
8.5962 0.106178 10.5529
-1.05349 -2.83709 6.69492
-26.1572 3.21208 4.37785
-0.963394 -4.58902 2.34807
-0.00676664 0.122415 -8.02654
1.46208 6.67242 -0.250046
-1.94515 35.5378 61.1164
-14.5286 15.8472 23.1307
-1.07903 -4.98362 -1.68895
-3.13918 9.47971 10.7333
0.114329 8.13911 5.03818
-20.2736 16.7293 23.1335
-3.16181 7.02756 -3.27536
0.187636 3.42888 -0.450401
2.26175 8.11893 -3.57314
-1.00881 3.61968 2.36831
-18.3771 14.1492 25.6257
-0.133903 1.97743 2.33404
-6.74734 -6.35798 -3.67558
-0.0492984 -6.51659 -8.41519
-4.65194 3.49154 -2.80631
0.304194 -0.132168 1.93085
-6.43813 96.6407 28.2385
0.411519 -0.72108 1.62888
-1.50927 -5.18288 3.53882
2.27697 1.75832 -5.06978
0.220169 6.40163 5.2538
-0.95384 -6.24265 -9.90379
1.39566 1.48445 -0.821707
-4.63958 8.60709 -2.74611
-1.35905 -3.10528 1.60865
-0.158781 -2.87305 2.50987
-16.9242 34.8763 5.9179
-1.94222 -7.4844 4.72402
0.124079 1.35022 -0.0963514
-0.699525 7.42183 4.03911
-22.0618 3.81088 12.0809
-0.724634 -4.90109 2.65316
-34.567 24.1067 -14.8458
-13.3152 76.5265 21.0961
-0.0559473 3.33916 0.504565
1.3348 0.207544 -8.27483
-12.6379 69.269 9.06754
1.98133 4.63368 2.73273
-22.0321 9.39257 12.4192
1.58963 -0.978066 -7.99136
-9.15253 -5.58496 -1.38965
-1.5545 -7.05475 6.43848
0.47254 7.95616 -6.8356
0.818803 3.71145 0.766008
-1.08706 -4.39273 -0.194756
-0.459554 -6.37912 0.861295
2.20651 9.75247 -2.6104
-0.966438 2.14346 1.44029
-1.03068 -1.55636 4.20919
2.90925 19.307 -1.63603
-1.85969 -3.48122 1.24163
0.492654 2.51046 3.31027
0.761954 5.79349 4.37644
-0.191125 4.37738 1.92141
-11.3454 12.6762 -0.194727
-1.06543 -1.93299 0.820936
-1.28333 1.78054 -2.34955
-0.766691 -6.15049 -5.2852
-2.14891 0.793272 8.19325
41.8482 -13.0542 -19.2976
-6.09953 7.57916 -3.41516
-0.727457 2.25188 2.88029
-7.06017 -1.44999 -5.1688
0.487063 3.15005 2.57438
-0.374112 7.11348 3.65284
0.751737 -6.76907 -11.5033
-1.29689 5.8034 7.7974
-8.27925 3.04066 -7.38612
0.454475 0.449967 1.00234
-22.6629 25.1828 16.6756
0.153264 3.14514 -1.96304
-17.4275 9.24774 1.13809
-0.126599 -5.15783 -7.6556
-21.7958 17.5573 -16.0007
-2.22273 -4.6868 5.41721
-1.88458 0.265495 1.29009
-2.83238 -0.728708 0.257908
-0.769572 5.62143 4.89471
23.1808 -5.66427 -13.3809
-6.9766 5.1282 28.1055
-4.5921 6.64894 -0.220923
-0.649361 -2.1859 2.52186
-2.56045 2.60202 -3.27425
0.765592 9.50107 1.96645
-22.0237 25.3583 9.4869
-1.04701 9.18136 7.94005
-12.4036 47.3908 66.6471
3.98824 11.0841 3.85653
-6.09838 4.13314 -3.02054
-17.9186 14.9223 26.3487
-8.84017 20.8113 17.6031
27.0278 24.9944 63.0409
-2.85288 -6.02272 8.20306
-1.6724 -6.93907 8.50356
1.89005 12.3698 0.623817
-1.21146 -0.524569 2.35714
1.24219 6.70202 4.22954
-8.74567 8.22231 -3.63799
-36.4785 33.3923 15.0605
0.234055 1.96559 3.82695
-25.2878 6.6026 -12.8876
-0.746535 0.147855 0.106101
-10.352 10.2964 -5.37109
-0.446528 -7.93613 1.13313
-1.001 -2.81399 -5.3216
0.175047 10.506 -6.04686
1.04275 0.106637 -8.79508
-1.06329 -6.21514 4.97386
-0.748096 -3.65516 -7.25165
-11.5756 38.6863 -2.75251
-16.9462 37.0647 -1.83922
1.36508 7.66061 2.00347
0.76718 -1.7154 -7.12293
-0.147221 8.63012 4.02761
7.4141 8.34796 48.7631
-3.30178 34.0996 39.1482
-0.462422 -0.800915 3.35021
-3.1872 3.25235 3.24756
15.5292 20.1174 57.3197
-0.0856361 -5.38185 -8.20622
-11.8107 18.1688 49.4346
-5.15864 9.47628 30.2212
-1.05067 -7.8931 0.280426
-72.1239 17.5925 -32.5433
1.19785 1.97387 -4.59945
-27.3759 28.2398 10.3071
-19.9629 -5.29403 4.84749
-0.148434 4.72448 6.36821
4.37544 8.36538 41.5549
-0.796401 -7.9579 3.43227
10.3414 5.41519 28.0534
-29.1513 9.85984 6.06713
0.146452 8.0133 1.70788
0.223942 6.46765 -0.642309
-0.677037 2.35486 4.76525
4.94787 -11.4486 -14.0233
9.83811 18.3179 52.8233
0.432934 -7.2388 -3.54884
1.07022 0.493779 -4.00043
1.98311 8.83652 -0.485406
1.03477 -2.6644 -8.81271
-0.357035 -2.59829 0.309781
-16.0572 16.6692 21.6437
-14.4908 22.7585 9.45014
1.01366 7.43335 1.31194
-0.465552 7.86467 6.24399
-27.1481 46.0377 5.33918
-5.77794 6.00477 29.7084
-17.2069 19.0679 19.0534
-2.94079 5.21549 -8.33221
0.422582 0.711329 1.00491
26.6648 24.9951 63.0403
-0.674684 0.247825 8.35668
-0.70319 1.9969 6.44821
-2.2434 2.91855 10.3885
0.446568 -1.66901 -8.85837
-14.8509 74.3746 66.3675
1.38542 1.21991 -0.919769
-14.987 58.8475 14.4836
-7.36857 -3.99422 -1.23921
-11.8238 50.8502 44.8964
-21.0936 -3.62694 3.59183
5.23821 6.7672 -4.5771
-0.168501 -1.07221 1.61623
-16.3268 35.1524 19.6428
-0.0698351 0.479085 1.05497
-9.15779 18.4244 26.1675
4.91911 5.99782 -0.401766
-0.984145 2.98111 2.43933
-1.0503 -1.12839 -1.60647
-0.46956 8.2771 4.99472
0.414647 1.3754 -3.70753
-0.960384 -3.26672 3.15488
-9.04938 38.0142 33.3019
0.141423 -7.33336 -10.9618
2.00935 10.6574 -0.13028
0.523694 4.17148 8.16559
-25.0387 6.56053 16.2377
-10.1241 6.97994 -3.58314
0.234674 7.96116 4.00102
1.3207 5.559 1.61381
-5.43897 3.38342 0.233601
0.17965 -3.34953 -9.15174
-10.411 85.4521 21.2043
0.404826 -4.61253 -7.15117
1.09107 -1.80618 -8.18253
-0.106822 2.27507 6.90755
1.90687 8.85286 1.62389
-1.36194 -2.72611 9.017
-0.612887 -2.55083 -7.9455
-0.38005 0.980643 -1.71808
2.47609 7.1188 -2.25728
9.13762 22.4672 -14.4524
1.04818 9.25142 2.78297
-0.469541 3.41788 4.70931
0.480256 6.76288 1.70121
0.753792 -3.12068 -10.6658
-18.0546 73.7646 75.6898
-3.15096 5.95678 -6.66985
3.63753 -2.33739 2.13535
0.227032 6.23082 5.49561
-31.6136 31.7755 11.8197
-0.721267 -1.10045 -5.29158
0.474102 -1.95627 -8.28395
12.5741 18.805 -9.9753
-10.9258 -4.60145 -6.99779
-0.113933 2.26844 -2.3419
0.111704 0.388468 -4.62834
-0.0275117 8.0059 2.16924
1.03482 10.2865 1.33491
-2.90327 4.09968 -1.31342
0.453961 7.93218 0.140127
0.75189 -1.92573 -9.10808
-9.46633 14.5622 11.2134
-1.33663 -2.81548 -1.61968
-4.65405 8.98025 0.529634
1.06495 2.63169 -1.3944
0.479919 -5.30406 -6.11641
1.01249 1.42571 -0.969646
0.466806 -6.56435 -6.46677
-1.06291 -7.39251 3.85177
-15.0777 74.375 66.3672
-21.7568 55.1336 33.6387
-1.00298 -7.53005 21.2165
-0.133295 1.34404 5.57772
-14.2569 23.0109 16.0718
-0.717676 3.82349 3.06717
-1.05839 6.96146 4.1393
0.151955 -1.89088 -9.32408
0.765924 10.8697 0.427772
0.478773 10.9296 0.118174
-17.5131 68.1439 41.202
-0.647598 5.48374 1.89863
-7.91931 5.11081 -1.43721
0.153279 4.3081 1.61168
-0.740874 5.80463 4.68003
13.6772 31.6163 64.6204
-0.153336 2.24107 3.8261
-63.6384 34.3592 -27.4157
2.6423 8.90478 -1.52613
1.31255 6.50441 3.13889
-6.72218 3.08646 -2.85567
0.712234 2.23084 3.09917
-11.9134 53.3225 17.696
1.3598 9.91206 -4.65991
-9.12071 8.81257 12.5363
-4.33491 3.20569 1.56293
-1.664 -0.769903 5.02632
0.742694 5.01145 -2.89798
0.176894 6.19547 -3.68053
-0.410802 -0.727585 -6.38751
-1.92291 -6.86473 7.2867
-0.713271 1.13104 9.69921
1.04758 7.70391 2.1867
-9.08291 19.0343 21.2257
-13.6376 41.1212 18.815
-18.9604 22.6011 15.629
0.840231 3.49679 1.11455
-1.67099 -3.12194 1.61031
-4.9149 8.57973 -2.85501
-0.803648 -3.22963 5.04682
-0.0453543 -2.96684 -9.38207
2.23643 2.06674 -7.25502
-3.95325 3.27558 1.33562
0.721581 -2.49687 -9.81511
-0.417661 2.8538 5.55333
0.440857 7.39863 0.79645
-1.64142 -3.1962 6.24852
-0.0787062 3.17088 3.18289
-0.997973 -1.22766 1.65815
-0.120374 4.11572 -0.411335
0.699686 4.66999 4.35338
-0.422436 -7.07439 3.87912
-1.30649 -1.89363 6.52814
-10.3604 3.88893 25.3148
-0.0974819 0.550188 3.50775
0.718409 -5.31686 -5.49849
7.69802 22.7268 -7.28011
-19.3373 2.27659 -4.12333
-1.55952 -2.18891 7.23332
0.202066 2.63915 -6.50738
31.621 -15.3905 -21.0991
-40.8787 28.2682 -25.8792
-1.05722 -2.3703 9.174
0.837429 -3.79173 -8.31381
-13.2402 95.9448 17.109
-16.33 19.8107 17.3447
1.06489 -2.45007 -9.82688
0.743528 7.3393 0.851649
-16.9255 15.2995 23.6527
0.740293 5.8386 -1.63505
-22.6595 18.4127 15.3284
1.09768 10.0545 1.9196
-26.302 2.03298 -9.68329
-0.450842 -3.7752 3.81807
-22.6598 38.6143 10.7823
-22.0332 38.2304 5.81146
-16.6113 28.03 8.97111
3.03205 1.12071 -9.33377
-0.142844 5.07405 2.26245
-0.129005 3.47451 -0.158862
-0.498108 -5.48627 -4.04567
12.8842 -6.12562 22.1961
-5.47546 116.831 73.0678
-0.443921 4.18102 3.18896
0.754535 3.11316 -5.54865
-11.5725 8.05355 41.4202
0.990118 3.12657 0.166447
-11.8541 53.6448 21.6559
-0.454606 4.94474 5.47937
3.50477 7.97292 -5.77734
1.38563 9.25706 0.201198
33.9956 26.5705 -20.7125
-0.411977 -11.4021 2.4845
0.177741 -5.77369 -11.6385
-51.6222 33.31 -44.5025
-11.6698 9.65672 5.42986
-1.33863 -5.02914 -4.92283
1.3711 9.15011 1.30937
-30.0864 9.98982 0.0159876
0.457725 6.13748 1.01899
-10.5676 95.8891 53.9244
1.8166 4.99583 -0.955908
0.461272 -1.6926 -7.00605
0.135345 1.90813 -2.59952
1.61985 8.57571 1.06148
1.08604 1.97878 -4.11337
-3.12271 0.298833 -4.44046
10.4305 6.64439 -10.8341
0.113947 -3.21579 -3.68886
1.60612 3.50718 -4.34453
-0.0636268 8.83312 3.37735
3.85524 36.7591 -16.7784
1.06562 9.41914 0.176815
1.34473 -0.515494 -9.06885
-10.7845 47.8878 42.4385
-0.718881 2.36806 5.99913
-14.0048 25.2112 14.0619
0.176532 8.04789 0.391287
0.473683 -1.89047 -9.42084
-16.6374 24.3868 17.2042
-0.9006 7.8489 5.86622
-0.767581 0.673357 6.37312
0.746939 -5.48271 -7.36068
-0.76732 -8.11465 4.70125
-0.734533 -7.28952 3.48773
-1.20431 -0.80638 -1.56766
-1.22974 -2.26508 0.814539
-0.130852 -0.901636 -7.46955
-14.2477 22.9275 16.9539
-0.414369 1.41632 -2.3137
-14.5823 9.23995 -5.89415
-0.928833 2.6297 9.61353
-17.4762 17.3344 23.3634
-27.1079 28.9069 20.1633
2.83625 27.2385 0.361191
-0.656065 -3.40404 5.58375
-0.129015 1.95272 0.942188
-6.30649 11.6486 -6.56847
-0.469085 0.963829 6.70392
-15.2079 76.0477 19.7586
0.756979 -0.736146 -8.58906
-0.183513 2.61963 4.12775
0.398131 9.41588 0.9619
-2.81761 2.66933 -2.21668
-20.8715 26.7492 17.8156
-0.437219 10.2256 -0.860837
0.724123 1.89056 -5.8852
-1.23037 0.744171 -1.52299
0.146865 9.80795 0.744506
-0.973176 -3.67206 0.590813
-1.29188 0.314413 2.06204
-0.935577 -4.38086 -3.75773
1.63354 8.55638 2.56118
-2.2053 -8.44913 11.9896
0.00155903 -5.62491 -6.50902
1.90183 10.2759 43.8755
10.9371 26.8964 -17.9688
0.783741 7.54511 1.87839
-0.0194675 2.42472 4.40599
0.488829 4.38291 1.08179
0.170384 1.64309 -5.53089
1.13609 11.4071 0.545785
1.11644 4.88186 -0.326453
-5.22088 4.91028 -6.7085
-21.1631 36.1936 12.523
1.14735 6.53487 2.01365
-4.3159 8.26544 -0.773597
-2.87793 1.75358 7.64039
-3.45706 9.31151 -0.0259904
1.36066 -3.36991 -10.8318
1.44282 -2.47594 -10.3626
-0.630868 11.1973 8.48041
-0.764319 -7.3013 3.1812
-0.0313175 -7.18018 -13.9826
0.464828 -0.743761 -7.92662
-0.75815 1.03021 7.40909
0.704413 -3.43752 -3.46682
7.76994 19.2225 55.6504
-1.9225 7.43916 4.11753
-71.616 44.4645 -14.0118
-22.8607 -3.20426 5.04877
-27.4567 -9.49216 10.4353
-16.9619 18.4507 48.6587
-0.696198 1.07983 5.05236
0.536609 -0.786444 -10.418
-0.409642 -0.241859 -0.497469
-0.410426 -1.65062 1.86315
-0.158893 5.5814 4.87588
0.737584 4.73214 1.29639
-10.1981 37.1061 36.1811
1.62687 8.01885 1.66008
-9.4517 85.8005 43.8057
0.166273 -2.01452 -8.19724
8.27577 -3.01849 -9.2185
-1.3038 -1.24989 6.58628
-0.540151 -11.4758 1.0262
1.03834 -2.29446 -3.76344
0.182696 -1.08457 -4.30921
1.75619 5.54381 -3.69312
1.95733 7.06268 -2.88239
0.539324 8.32391 0.792546
-23.9473 5.58992 1.90921
1.98772 0.425374 -7.95267
-14.5262 84.6006 21.4199
0.733015 2.34456 -3.77885
0.122276 -5.57905 -3.74578
-0.392211 0.773288 8.85252
-10.0566 38.1474 27.7953
0.817428 -0.486109 -6.3006
-1.50745 -0.90732 0.866493
-0.471755 -5.30255 -0.976527
0.606509 3.38423 -3.70662
-19.5941 26.1779 4.6659
-11.2363 22.5831 16.3353
14.0046 -0.00794117 -13.1465
-16.8753 46.572 0.851187
0.194043 1.65662 -1.98035
-13.7097 22.79 58.777
-2.98038 -7.87224 -6.55195
-0.789079 7.14158 5.77102
-74.0267 23.2676 -37.3979
-5.44735 1.51495 1.65343
1.99398 7.43109 -3.165
10.0381 12.8588 -30.1233
1.55404 -0.0727088 0.808853
-1.96768 -7.89321 7.13831
0.125352 3.06148 2.04912
-7.9288 24.2935 19.4926
0.208812 1.70338 -0.525203
-0.12193 3.46413 3.73192
-5.67074 -0.701965 -6.50322
-19.4184 17.1446 22.2374
-19.929 0.749161 -13.2538
0.801819 10.4527 0.0980532
-0.106184 -0.803867 -0.663186
-1.38561 -3.8125 6.43819
-7.03789 11.2954 -7.20746
3.14711 4.82666 -3.08125
-11.002 16.8851 47.8945
-0.134241 7.07972 1.90291
-2.56938 -0.806901 -0.183576
-19.8945 7.31578 1.3149
-0.19625 -3.11084 3.46264
-16.2261 19.6099 18.4524
0.193035 3.75298 2.9261
0.564831 -6.20415 -11.8526
-0.141592 1.33683 0.636191
0.258372 -2.45949 -8.89635
-0.0931175 -5.44258 -2.60171
9.17611 -15.4798 18.0634
0.140144 0.081426 3.12975
-35.8907 18.5477 -23.2896
1.95407 8.22005 -1.28389
5.25651 19.8762 -2.74837
2.0492 0.0151758 -10.7269
-9.80667 16.3898 30.5836
-0.124803 4.93491 8.85782
-8.15574 -2.13169 2.97808
0.227534 -3.96214 -9.74773
-0.172736 -4.01481 -1.64691
2.06796 -0.588856 -9.71845
10.6833 -5.35222 2.85176
0.958268 7.39543 -0.469148
-0.494158 -0.398249 7.96044
-2.27615 -5.4595 3.94849
-0.632124 1.30605 -3.11016
0.738389 5.44516 -4.86981
26.5696 -2.72739 -14.2091
-0.152583 3.06056 8.74666
-17.4731 22.8192 16.2893
-0.463611 4.37039 2.85312
0.303677 0.192198 4.0395
18.293 19.0483 57.6543
-0.144606 -3.73089 -2.58436
-25.0355 15.1275 21.9485
-12.0859 0.216406 11.2524
-0.921739 5.86 4.05883
0.393981 -2.56877 0.403286
2.31429 -3.56879 -0.49246
-0.480928 7.61652 5.87931
6.1538 0.799923 -2.06289
-24.7551 -0.431708 7.63503
-22.5707 26.2321 14.4832
0.283289 1.8356 -8.28708
-7.59174 83.8752 31.6639
-0.97132 0.805995 3.6443
-14.2445 88.043 44.2153
28.1345 35.4714 -53.9044
0.451948 3.77737 -4.65136
1.01182 3.774 1.34373
0.164444 4.6048 1.29245
-1.3736 -3.95029 5.0792
0.761582 6.1394 2.86319
1.08296 -3.81978 -11.7116
-0.728189 4.40438 2.85561
-6.46213 11.4555 38.8935
-0.150805 3.8248 6.54364
1.04154 0.0968564 -3.5666
-0.949585 -6.13805 1.46874
0.771468 4.07576 1.93176
1.05303 -1.1264 -9.17823
-0.463218 4.50549 5.52324
0.448052 4.02133 -1.70802
0.437946 0.192817 0.97787
-0.367361 10.1698 5.37496
1.02401 6.12209 2.28836
1.31513 -3.66014 -11.3139
5.51993 2.73548 -2.94983
-10.7998 -4.00008 -6.22261
0.148274 -2.59736 -3.11322
0.773604 5.1977 -4.21851
-0.449207 -0.0880894 8.86377
0.28025 0.0450541 -8.28781
-0.432593 2.45556 5.88521
-8.53974 28.0336 24.5128
-1.06718 -3.09711 1.60798
1.91976 9.255 -0.64498
-1.26914 -5.19733 7.08105
-0.141724 0.742271 4.67084
0.715854 9.50287 1.69081
-18.1251 3.65895 6.58845
-0.446925 -0.830764 -3.04955
0.262591 6.10812 -0.494623
2.5239 4.39685 0.144591
-0.103862 -0.196827 -6.12604
-20.2672 38.8301 7.31641
-13.8477 63.576 12.2217
0.128937 0.989624 5.14153
0.433973 2.20088 5.29097
-1.00634 0.199502 6.43572
-1.36216 -0.829871 8.04805
-10.0892 10.2688 42.6341
-16.6195 17.6562 21.1531
0.476654 6.13137 6.11137
-5.22055 1.51459 1.65382
-0.362276 3.92516 0.0799487
0.400954 -5.30421 -4.71983
-1.07666 -8.44801 2.03395
1.19608 2.58634 -2.81553
-22.3181 21.994 16.1757
1.36272 6.42645 1.38219
0.780037 -2.90472 -6.38177
-1.32976 -4.26307 5.88432
-6.81517 26.6005 69.7605
-0.308191 7.13062 6.58114
0.148161 1.89531 -3.1661
-1.34388 1.5748 -1.43382
1.94821 10.3009 0.125015
-14.6157 48.3835 24.1497
1.95061 8.96672 -2.21426
-0.448078 -4.3955 4.60966
15.4488 23.9253 58.706
-0.684447 -0.998916 2.82684
1.57322 6.71365 0.952183
-16.7754 38.0377 -1.05892
-1.5394 -0.775616 8.47723
0.777119 -3.51317 -5.94186
0.472773 7.96691 6.70682
1.99938 -6.09674 -9.4271
-11.0171 14.5592 1.00458
-0.690833 -0.230852 -0.440629
-0.778045 -1.69906 1.95887
-0.430286 -0.910298 -3.49073
-19.9407 11.2697 12.2295
1.05474 3.74459 -5.33391
-0.393547 3.11573 -2.82694
-18.4897 26.3497 12.1154
0.450538 4.63616 3.70504
-0.414325 5.46256 2.53283
-49.5897 14.9184 -11.9345
0.472087 7.05969 2.75019
-0.408213 3.09446 3.57336
-1.21555 -4.13368 2.88199
-5.769 63.5945 -10.6945
-8.10873 38.0209 28.2631
-13.753 58.411 6.68904
-5.83883 8.94711 -2.97044
0.742641 -2.18155 -6.74552
-18.0355 65.523 45.9339
-0.180516 -2.91209 -6.78978
-0.0539038 -0.190904 3.80719
-26.5092 6.29048 12.5641
1.31968 6.14752 2.28943
0.117263 4.64949 -0.147935
0.152844 6.12763 2.21993
0.646143 5.53189 5.87004
3.77682 9.73512 49.0288
-0.368972 -2.13154 -9.31147
-1.93785 5.3756 -0.62534
-0.322898 -2.71412 -7.89246
0.462966 -0.446691 -7.67056
-0.689075 0.761808 7.71434
1.65984 -3.61533 -9.86363
-123.42 13.5261 15.453
-0.162724 -2.00316 4.28677
-8.512 55.4939 -2.30025
0.174556 6.38802 0.186673
-0.748423 3.74851 6.28399
15.4576 8.21208 50.219
-18.1458 7.75527 -2.27945
0.173157 4.99314 -2.24812
0.426768 -3.38856 -9.16142
0.17264 2.68247 3.24078
0.969971 -4.76826 -10.2906
-0.829577 -7.30756 5.3923
12.4294 -28.2851 -15.4686
19.7416 14.832 -2.80254
1.15226 9.86418 -2.45065
2.23171 9.68945 -2.24474
0.580383 4.97106 4.12729
-11.5645 -1.16004 -5.95342
0.868869 0.535969 3.5699
1.05775 0.937639 -3.61977
0.496763 7.40565 -0.742107
-1.08223 -0.49159 7.66357
-117.414 69.0173 -38.6617
-0.43401 1.89146 6.08904
0.790194 -1.60295 -9.1249
-217.3 190.233 -140.01
0.507427 3.36437 1.84727
0.475523 2.04132 -0.515472
-1.89764 0.0736501 1.90371
-18.8019 26.6361 10.8633
0.18278 4.46872 4.99018
-0.433943 1.03176 -2.05173
1.5971 9.98188 1.28603
-0.938862 -5.79747 -4.96609
2.2371 6.71718 -2.90188
-15.6533 28.2211 14.9402
-11.6043 20.2699 14.3061
9.79802 -9.32558 4.30705
1.06488 5.43462 -3.96538
-0.412061 1.2983 -4.03093
-18.6862 22.6362 15.9554
-0.451862 8.5524 4.16975
-1.92319 -5.54003 7.34249
-5.26109 9.33298 0.464144
-1.97677 -2.22952 -1.78111
0.822712 6.38653 4.63604
-0.100711 2.24097 -0.751111
-0.789909 -5.57616 -6.13639
-12.4047 17.8586 47.1741
-0.140646 -4.35504 4.38812
1.34953 -0.343119 1.56794
-0.726177 -5.53824 3.3317
0.327594 0.192071 4.25728
1.99198 6.89915 -4.07491
-20.7665 35.2495 15.1326
4.34311 6.29362 -2.68226
-2.76407 -6.61412 5.69068
-1.82816 -7.53612 5.72184
-1.38896 -3.69392 5.84545
0.557666 -2.1815 -4.88243
-16.9963 44.3293 25.8625
-0.915584 3.42046 2.41273
-69.6783 118.23 -39.2696
0.447996 -2.56661 -8.50782
0.406996 4.3746 -0.184717
0.475431 5.85478 2.26256
6.50961 -10.6478 7.43829
2.22897 10.047 -1.44745
-18.1963 43.9601 27.0141
1.33923 10.9855 -0.353508
-14.8145 72.8253 75.2973
-48.4858 45.9349 -28.453
-20.2328 22.8458 8.8227
13.1294 10.8207 53.0982
-23.8788 30.5088 -11.5272
1.01693 -2.02052 -7.26605
-0.406955 1.0292 0.708802
8.48688 22.243 -13.9943
-18.6212 16.3912 22.7553
-1.01432 -4.40601 -0.624237
-0.668527 -0.697028 9.24247
-16.6485 46.5716 0.851563
-1.63714 -0.854407 10.1414
-16.042 49.7606 9.28712
-0.976119 1.36939 9.90937
2.19916 8.80591 -0.952091
-25.5795 -9.12449 10.1552
-0.172428 0.70676 6.70436
-0.452204 1.98254 1.32735
-0.451012 -5.55137 2.85632
0.489013 0.122848 -6.16233
-1.05618 -2.56401 4.36631
0.135864 -5.19258 -0.479059
1.65312 1.36469 -7.67982
-14.5548 58.1887 54.3298
-12.7602 33.5116 4.33384
1.45054 -0.201497 -9.76035
0.817127 -0.584042 -5.18243
-0.0895851 2.27358 7.43084
-18.1389 33.867 6.26175
-0.153648 -2.24978 3.18601
-6.10304 1.54101 0.145972
2.19597 6.83699 2.64757
2.14013 10.2962 0.738311
0.48869 11.2223 -0.0970093
-0.990785 -5.13421 5.86485
0.732925 2.81946 1.37425
17.8247 21.2329 -27.8393
-0.0975995 7.36037 4.95596
-1.49217 5.59735 0.97041
1.95722 0.441941 -8.26547
39.51 -20.5886 -11.7369
-0.614078 5.06203 7.0369
13.0017 32.1981 -24.5838
-0.0688139 6.65269 9.35719
1.03862 -1.61069 -3.23272
1.64738 6.152 -4.29408
-0.403291 -3.34892 3.45933
-0.457146 2.42414 1.43001
-0.319915 -4.83998 2.72825
12.894 13.5871 53.6096
-6.99438 9.12155 -4.03301
1.07322 4.93637 5.19518
-7.93977 -0.0852679 -0.75039
1.1483 5.97259 1.783
1.03887 4.31728 -0.800661
0.495016 5.91352 1.96856
0.139633 0.134441 -1.87742
-7.92373 9.41033 2.20038
-14.1582 7.0986 -3.05669
-0.428441 0.836257 4.17275
1.0594 -1.72101 -9.67308
-0.133076 2.00987 5.46744
-21.951 24.3381 12.589
-11.2442 37.4369 19.1632
-7.84786 9.4081 2.03703
-0.081778 -2.61003 -2.49691
-1.02787 5.7097 6.57946
2.01337 1.33411 -8.58844
-1.0384 -2.57697 7.01224
-0.156191 -0.660169 6.46948
-10.1959 77.4402 52.382
-0.706848 -1.4857 -1.90092
7.66092 10.2708 50.2434
8.27986 -22.3353 4.40972
-4.54459 9.47169 -0.923352
1.1082 4.31033 0.18314
1.34412 -0.819751 -7.35128
-0.141216 -0.973045 4.32791
1.03262 1.02835 -7.93144
-1.05251 -0.136489 5.34102
-12.4262 -8.82094 2.06949
-3.39673 -2.319 4.54127
1.02785 5.21653 1.10613
1.17452 3.87572 -1.36957
0.726526 -3.33038 -9.15895
-0.072091 0.533664 5.25819
-13.1902 80.7207 48.2388
-0.480853 -3.66614 -5.20522
0.734388 1.28313 -6.20244
-15.1855 89.3039 41.5001
-17.0192 1.68449 4.60407
0.268213 -4.67678 -6.19687
0.882988 3.21261 -1.31666
0.813237 4.55264 1.14262
1.08611 -5.10621 -10.1095
-1.3621 0.886632 9.84518
7.38026 -7.0481 -2.35523
-4.93469 7.04677 -1.01982
-1.28779 0.124318 7.75509
-49.6136 2.30149 -4.1447
-1.83167 -2.90969 1.94127
0.432331 1.89311 4.0535
0.779214 -0.817396 -5.92128
-0.40851 1.05005 9.44511
0.167629 3.73543 -4.02225
-0.745886 0.944904 0.262004
-0.667659 -0.459338 2.65395
0.172346 0.455486 -7.05127
-0.159297 2.26579 8.28666
-10.6471 4.62172 4.88128
0.714663 0.693092 -7.90433
1.37998 1.1221 -6.72487
0.431069 0.361678 1.61426
-0.696044 5.83896 7.68374
-4.31297 -2.5195 0.00826824
-0.111501 8.72787 4.0672
0.252283 6.06661 -3.02984
-0.422037 5.3752 4.30954
0.773273 -4.85175 -10.9599
-0.384253 5.53728 6.73976
-14.2521 34.3409 25.2052
9.5238 10.3444 10.6813
0.743801 -4.56086 -9.99384
-0.130245 1.61539 4.4183
0.80354 0.494497 -2.54085
0.774991 9.7262 -0.439532
-0.603616 -2.95499 7.86556
-8.93842 -2.08579 -2.60457
-1.3288 -3.43606 5.31463
-1.07457 -0.208062 2.52151
1.4126 7.96903 1.3902
-4.30707 7.46145 -2.17329
0.191822 -7.3365 -8.26574
-1.92133 -7.38271 7.68297
-18.44 16.3909 22.7555
-0.655335 3.81706 10.2308
-13.654 2.5768 2.45951
1.1647 6.38208 1.35267
-1.31699 0.731482 -3.66572
2.5245 3.63391 -6.34744
-0.709452 8.15491 5.10745
-5.07895 -1.3182 -6.0193
7.3684 1.29619 -4.83562
84.0541 57.2533 -35.5928
11.0161 -4.43849 -12.8933
-0.128153 6.46453 8.91445
2.53214 0.533463 -4.02291
0.428983 6.76858 0.754472
0.738079 -3.09177 -9.72394
-1.31996 1.11366 8.05182
-2.85634 7.71203 -0.44575
-0.0729797 0.960668 0.991845
2.58747 13.2221 1.45103
-76.3955 3.75975 -7.54295
-0.170891 -3.48728 -4.98134
-1.33401 0.901258 5.24525
-0.669448 3.45835 6.70922
1.00124 6.17452 4.34861
-17.8708 24.6953 11.4596
0.178926 6.43827 -1.38718
-0.425424 1.51664 -6.22809
-0.758411 -4.81688 4.44558
2.76255 5.30616 4.61554
-7.37194 9.73177 -4.17574
0.175468 -1.66767 1.06047
0.178848 -0.135913 -1.47886
-15.4753 7.11099 -2.75977
-2.53586 0.220634 -4.37528
-1.02595 -6.31888 -1.58202
-3.41009 -3.54082 0.71821
-0.160765 -4.67788 -7.60321
-15.7451 0.758453 1.53697
1.32741 -3.82516 -9.08213
-7.28914 10.6605 -0.5583
-1.03573 6.76483 6.48579
-3.09536 -7.50146 8.08923
1.38987 0.770337 -6.85011
1.94291 5.92366 -4.1056
0.686647 -1.04687 -2.2544
1.84876 5.59854 -2.22334
0.500013 -1.05548 -5.90047
-0.685547 1.29555 9.35883
-0.37412 51.7179 -5.36875
-6.73461 6.75255 -2.55489
-0.463525 -2.83232 -4.6578
0.513086 11.5313 -0.916352
-0.629945 -1.00916 -6.46203
0.150822 6.4513 5.7704
-36.4551 -1.41549 5.68519
-1.01789 -2.34953 2.27798
0.777344 2.27321 -6.12227
-0.491489 -3.04164 -1.91127
-24.39 9.25222 37.5169
-0.311945 -0.54538 -7.5264
-0.455928 -1.77993 3.08149
-7.95822 -2.75215 -3.60837
-14.7074 84.6009 21.4197
-0.16591 0.143313 6.42604
-0.179696 -1.06217 -4.01642
-15.1366 18.1155 19.982
-2.49214 -7.32962 7.73135
-0.371422 7.05116 6.74312
0.45758 1.71202 -2.86396
0.736671 6.45723 0.481896
-0.146344 3.836 5.756
24.1712 -2.97421 -11.2727
-0.138225 4.05294 7.44782
-0.41649 -4.91511 -5.27846
-1.20992 3.57387 9.10684
-4.94495 9.70358 -0.701381
-15.7421 47.3513 33.3897
2.24642 9.09398 -2.26812
-16.6447 53.4482 34.7596
-3.43499 10.717 50.2593
-12.1602 -12.7971 4.45405
-0.426204 6.40472 7.0189
-1.38002 1.11292 2.57709
0.720879 -3.72314 -9.35419
0.436061 4.63022 -1.86485
0.121984 -6.77071 -5.07154
9.76473 4.87469 2.21245
-0.799589 -1.94841 4.07403
-0.733084 1.0308 10.0189
-36.7498 -3.2012 4.28424
0.224079 -6.62334 -13.0563
0.376281 -6.39563 -9.04691
1.94465 11.8661 49.6093
-18.7069 -2.73571 3.3513
-0.64259 -4.69819 0.308832
-0.762818 -3.10163 -1.94362
-15.4768 15.311 43.25
-11.6062 49.1048 43.8886
-0.126519 -4.33822 -8.00142
-0.382177 0.208437 -0.357357
0.125283 5.2628 3.31018
-1.21685 1.5922 6.60084
75.1438 -1.5503 -42.9589
-1.022 1.99522 8.73313
5.04297 25.5441 6.77171
0.21589 2.788 -5.25976
-0.494545 2.51791 8.30248
-0.452988 -4.28377 -4.05674
-13.0607 26.0237 5.96153
-0.755767 -5.6379 4.68669
-1.35889 -3.12073 5.18631
0.492762 4.01069 -4.33481
-0.634689 -1.29473 -6.67121
-15.7984 1.93559 8.52781
-26.2641 44.8419 -3.84506
-0.455608 -4.6551 1.06059
-3.01121 -0.722405 -5.12408
6.20333 8.38446 4.83838
-63.9509 8.52865 5.47519
-0.0885995 8.24816 7.37058
-24.4189 5.10427 10.3466
-8.76319 82.5022 14.029
-4.7883 6.74354 1.16576
-1.32485 0.971202 8.46404
-0.350498 7.20673 6.78012
-0.385489 -5.75653 -2.70969
-20.8936 32.3465 21.6669
-12.4088 33.327 58.7561
-2.27403 -5.93491 4.41635
-0.136266 0.378908 0.817931
-18.2411 23.8176 16.5243
-1.05896 0.0303611 8.41961
-0.128747 -2.60038 -7.94288
-11.4778 34.7804 25.2792
-0.0824629 1.06784 -2.26398
-0.203311 2.55066 0.115595
-1.38093 -1.92666 11.2041
-0.64647 -1.71834 -5.98281
-17.4646 29.6724 1.71527
-5.53962 7.03659 -3.18287
-0.145908 1.63158 3.11812
0.460776 4.12653 -10.5574
-18.4385 4.3656 -5.63746
-0.725341 -0.0831555 8.87864
-4.73006 4.70304 -1.34628
-16.9001 16.15 22.6684
-16.2681 -1.27364 -4.89719
-0.184462 3.23983 5.55434
0.715085 5.59966 -1.59378
-0.132306 -4.76961 -5.98359
-9.43363 19.0699 22.4313
0.79285 7.66837 1.07778
-1.28193 -3.47954 6.38623
0.0922124 5.88426 -0.08682
-7.04118 9.74167 5.46116
0.42085 11.1038 -1.08436
-12.6455 68.1045 32.5953
1.00785 5.22899 2.292
1.17068 3.82384 -0.00927273
-22.4228 12.5034 30.4503
0.958136 -4.65276 -7.6167
-1.33196 -2.55712 6.20699
5.85036 -11.0205 -24.7873
4.37012 5.53048 -1.61086
1.02371 -11.0713 -18.5825
-20.8587 21.6739 12.5799
-3.14744 9.02853 0.0717597
0.160345 2.83585 -1.31569
0.454797 -5.55685 -10.0659
0.119987 4.31498 1.0918
-6.13086 7.19891 -5.93804
-0.6885 5.78388 5.10019
-21.3555 7.07826 13.8016
-0.150271 -1.54363 -5.49216
-2.18179 -3.2227 6.44157
1.34086 -2.8241 -9.19199
-4.511 9.54515 -0.552556
-22.2564 24.8948 11.6248
-0.950168 5.79437 1.78312
-0.75162 -3.32784 6.15589
0.479764 4.37112 4.59741
-0.348133 5.73802 1.76721
12.5044 6.62434 -2.36108
-0.664201 -4.15681 -10.5827
-0.152494 -2.86187 -5.87238
0.456175 7.60338 1.95955
0.784039 5.24161 -1.10705
-12.7965 9.82824 -5.02669
-4.63555 0.382116 -4.80034
-17.5771 7.2651 -3.35998
1.59029 4.12438 -1.6031
0.150221 -2.5478 -6.44757
-0.758255 -7.16355 2.93816
-5.57989 -1.83103 -2.53653
-0.63465 0.38056 1.35206
-1.06076 -5.05634 6.85167
1.10622 -2.61007 -8.48403
-0.0427524 2.82811 6.77707
-4.9741 4.90397 -1.20673
0.456544 0.762021 -4.69355
-0.463435 -5.19255 -5.56247
-2.0075 1.3906 -2.6163
-0.416927 8.58908 6.08604
0.0856314 -4.91698 0.0456301
-0.151074 -8.84857 0.0941375
0.156456 -0.761244 -9.1238
0.539923 -2.1938 -11.8186
-21.7464 26.7944 14.2571
-0.718931 2.59613 3.4379
0.718422 -0.117611 -6.69395
-0.44222 0.429611 8.62973
-15.407 1.16809 8.17854
-10.0395 9.87703 -5.40349
0.995177 -5.62877 -9.69061
17.9119 4.75374 -16.4061
-17.5578 21.3684 16.209
-5.11659 21.2748 4.78508
0.882861 -4.52292 -11.0679
-23.757 42.6361 1.70831
-0.783833 2.03006 4.69486
-1.27102 -4.49764 -0.777835
-0.780691 -0.229281 1.00314
0.387846 7.46972 4.74773
-8.21247 0.966232 4.24337
1.33626 7.60172 -2.59178
0.884453 -0.258632 -5.00524
-0.152945 8.29011 3.26774
-0.426267 -1.76657 6.42557
1.03782 8.69354 -1.84171
0.458644 8.9201 6.77937
-0.17319 1.70923 3.85401
-5.50584 7.06075 -2.63186
-9.04948 23.8815 32.7481
-0.779465 -0.360305 8.49081
-18.7494 31.646 16.1606
9.42266 -0.474985 9.53645
-3.34481 -0.388057 -1.48034
-0.154049 -0.580842 -1.23973
3.44138 7.6285 11.9477
-4.02111 4.36001 -1.32626
1.30045 4.05035 -1.30738
1.12413 -2.79447 -10.8954
1.02135 4.08926 2.78014
3.2745 -2.33672 2.13466
-13.0755 28.1756 4.40643
-21.5297 49.5802 23.2029
9.13809 6.51518 0.617165
-0.768926 1.32269 -0.0559816
1.24099 0.252159 -3.65131
3.59832 -14.7879 3.20531
-0.621701 8.25637 9.62677
0.721479 -27.2154 30.8249
0.349042 -7.09005 -11.2339
-20.907 12.6574 21.557
1.10044 -1.87648 -9.47277
0.762261 7.96317 0.432541
-8.52898 20.3707 17.3574
-0.0322226 2.12069 5.93775
-1.83467 -1.26938 14.2165
-0.179264 -5.02423 -0.166406
-0.102817 9.12127 8.86046
-17.8112 -0.569745 -3.00326
-0.046261 2.84172 7.23174
1.04012 -2.58535 -8.07626
-16.6362 60.4035 44.4041
-0.47265 9.42752 7.26518
-0.403285 -4.91019 -1.11751
-21.4541 22.1883 10.8745
-0.911481 0.280328 4.1488
1.5031 8.03457 3.64087
-1.60787 -1.92617 11.2036
-1.00917 1.39351 4.92049
5.22015 8.96996 0.0224652
-0.734946 6.99739 4.9175
-0.570389 -0.122216 -5.28228
1.95782 7.56818 -1.4289
-16.679 34.5123 24.2473
1.31481 6.14507 2.81592
-14.2647 16.5023 21.8724
-14.1018 0.375313 3.2717
-32.2004 30.012 11.5346
-57.1386 46.2994 -23.421
0.174796 0.159256 -2.92655
1.04545 6.73625 -2.31257
-0.711656 1.40122 9.95431
-0.747933 -9.02315 1.06894
6.27752 8.45027 3.68374
0.106614 7.92192 2.54811
0.171562 0.550977 -1.2195
12.6563 -28.2856 -15.4681
-1.06777 -0.441159 4.46939
-25.408 6.72687 11.389
-8.56966 49.9832 -6.97825
0.135105 7.6675 0.121036
0.440346 7.45539 5.74002
-0.522895 11.0403 9.81764
-0.383787 2.87139 0.377178
-4.24791 4.36037 -1.32665
1.35681 1.38526 -8.26413
-0.645763 7.2833 4.33383
0.148393 2.92886 1.99809
0.139081 1.29489 -0.417467
-1.21669 -0.52935 5.66391
2.93102 -6.59572 -12.9596
-11.2958 46.7208 -0.649243
-0.760329 -4.36782 -1.8665
-0.149392 4.85819 0.0822711
-22.9475 25.2913 12.6726
1.03301 2.23431 -7.04786
0.588115 2.80977 1.03939
-0.480636 -4.34732 -1.80774
-0.464776 -1.71792 -1.84076
15.5102 -35.6404 13.3456
-0.717445 0.0441135 7.73052
-0.146106 -2.81596 3.46623
1.90934 5.45671 -4.42761
1.37028 0.437015 -6.91604
-0.0318702 1.12344 2.15921
0.702941 1.08844 2.31052
-7.25575 8.67819 -1.82679
-0.732252 -6.9434 -1.00409
-10.928 -4.10362 3.61108
-0.729108 -2.78617 3.50461
0.127401 2.55364 4.08388
-10.5609 4.09885 26.1733
-0.396547 -0.454343 -6.15254
-0.468805 -4.6003 -1.38891
-2.55887 -18.9228 12.6996
-5.82862 0.641807 -4.68092
0.347568 0.0898137 3.1292
18.2537 18.9219 56.9749
-0.389143 -4.01442 2.58444
-6.94738 -9.23614 -0.225158
-13.3728 19.351 18.3966
-1.8926 -5.54143 -0.969613
2.06201 9.95196 -1.86806
-13.143 -2.40553 1.82099
-0.757715 -2.32239 3.12501
19.0607 45.7055 -30.2711
-0.1432 -2.92294 -7.02216
-1.33551 -5.23989 3.45848
20.6751 20.2212 57.771
1.41519 1.90206 -5.51249
-6.22971 7.55349 -3.71272
-0.728516 2.33488 2.64034
-42.6696 5.71808 -2.07411
-10.8377 62.0375 6.74407
-61.3548 -9.28688 8.86797
-2.70531 -1.61616 5.30938
-1.26082 0.99436 5.63032
0.402017 -1.02508 1.01206
1.1175 -1.90396 -9.09992
-0.0823118 2.20895 6.15173
-1.55578 11.2895 9.63467
-8.50314 20.2198 17.4998
-2.16759 1.70118 9.68658
-23.5278 71.3169 53.379
0.286374 -2.27586 -10.2826
-10.032 12.7294 28.2257
-0.309761 1.32791 6.60364
-1.24972 3.91885 4.08352
4.70744 6.91574 -0.229199
-4.66112 6.64529 -2.30628
-3.8033 2.40244 -1.17456
-0.244228 -1.98815 6.55824
1.30522 8.93715 -1.96098
-0.945024 1.39466 4.3881
-0.649808 -6.21139 -4.39777
0.5231 8.80004 2.86529
-3.51372 3.3236 1.51084
-0.17384 -2.32418 -8.80467
-21.7782 13.6672 -6.56337
-2.57357 -25.2852 0.071435
-10.6539 7.25675 -2.40307
0.834606 3.13781 0.748376
-1.3423 -4.42102 -1.92709
0.128838 4.02204 -1.67056
0.450238 -4.43676 -9.67108
0.733295 2.90261 3.12305
-6.67372 -1.17225 -4.58765
-1.25808 -5.22604 6.87007
1.87616 5.8615 -2.28571
0.510444 -0.73241 -5.89866
-0.389125 2.07841 0.00446562
-1.30408 -0.872593 4.23554
0.448645 0.817419 1.71494
0.473826 7.00791 5.33546
-28.5581 8.24497 -12.8041
-0.0628171 0.441515 1.32752
-1.80963 -5.88984 -0.548509
2.26498 0.371375 -8.25272
0.221655 3.46075 -2.28633
-0.752856 5.27669 6.12092
0.107063 -3.7388 0.175895
-20.2629 25.8981 6.97647
-22.8218 28.5171 19.2192
-19.0288 26.6365 10.8629
0.434014 -1.89358 0.0383462
-1.68248 -4.08545 5.00778
-0.82522 -8.58974 0.957799
1.33802 2.61366 -3.79825
2.1923 10.9712 -0.121625
-0.477799 -3.14496 4.98292
-16.9614 19.6135 49.6641
2.2823 3.32433 -6.2362
-0.473164 5.77704 6.78453
0.394966 2.828 -2.85179
1.09655 7.99679 6.85541
-12.7425 57.4682 1.61586
-8.82268 23.8811 32.7485
-1.21118 -1.83763 3.24717
0.745405 -1.77741 5.46856
0.123835 -0.391607 2.73615
-10.4497 38.2838 -3.47379
-0.690997 1.89959 5.59101
1.00889 5.82793 3.79119
0.447583 5.62585 4.30226
-0.431938 4.70672 1.9765
-0.444156 3.04399 -0.578094
-0.443686 8.32843 13.3292
-9.39387 24.6516 28.4478
-10.1768 9.52178 -6.40305
0.198098 5.62848 7.03202
-1.93717 -4.23117 5.77608
-5.17349 6.21119 2.34851
-0.964192 1.48299 10.5745
-12.3845 38.4162 27.7038
-1.5807 -0.662353 6.29759
-18.6198 26.8659 18.5682
0.49436 -2.67816 -9.43822
0.250994 7.30647 0.410513
14.2404 27.7645 66.9572
1.03761 5.5609 1.54873
-16.3378 85.2978 55.4695
-11.8817 6.95048 -2.25231
-20.5347 46.0229 31.4068
21.5155 -5.32065 19.1479
-8.13929 -6.59844 1.18199
-0.168379 -1.95169 -9.32102
0.461146 7.14648 2.15078
-6.44553 3.61974 8.26197
0.429286 5.54716 -0.132952
-0.902762 -7.88226 -6.1707
-8.85127 9.72113 -5.1381
-1.51581 1.96517 7.45122
0.506025 5.50884 -2.56047
-1.97638 -7.01498 -8.81995
-0.486123 7.06451 6.14256
0.783453 4.88175 1.95784
0.850286 3.56401 -0.32341
-10.1805 35.4255 61.1117
-1.43841 -0.949487 7.02801
0.280987 7.88406 -1.46519
-37.454 0.0639929 8.01756
-0.423641 1.09686 4.36024
-0.223309 7.44025 10.0736
-8.44328 34.7962 32.2904
-0.422806 1.83572 2.84645
-12.6993 13.8461 5.56982
1.31701 -1.25761 -8.86933
-1.27955 0.963921 6.83205
1.02092 3.24127 -7.14493
-0.455099 3.77233 -1.08364
-0.968744 4.76249 9.51625
-17.264 8.37014 -8.93134
-0.156748 -3.75755 -5.43014
5.65583 -3.19854 5.23897
0.206124 2.5939 -4.67405
-4.05107 9.35863 -0.94853
0.577126 2.23142 0.772435
1.4129 10.6341 4.3185
0.782083 5.65549 1.57326
-0.673615 2.19062 6.46073
-1.01903 -2.22582 5.84942
-0.757699 -1.11424 -1.31176
-0.772302 -2.5625 1.17797
1.45736 -2.15515 5.77413
-6.71484 3.78748 -3.08789
0.192339 2.82294 0.485164
-2.86816 -7.00651 8.63582
-0.774065 7.26359 5.77695
-3.75621 -0.816517 -3.04257
-1.05323 -4.71049 3.04492
-20.1635 28.0182 10.3317
8.98263 -2.6004 10.0538
-18.217 -1.46546 -14.5951
-0.445625 -3.49106 2.80776
0.424736 2.53537 -1.62981
-1.54935 -8.51092 3.03642
4.36365 4.39656 7.31915
-1.36557 -3.83508 4.01986
0.187281 1.30431 0.459324
-14.8735 19.7212 17.8736
0.696423 -0.164555 -1.35948
-8.30002 22.3709 28.8679
0.72163 -18.3014 -0.432928
0.454497 5.88471 0.832757
0.412821 4.41819 -1.71014
0.766739 -4.13674 -9.83576
-0.421415 -5.60673 -7.74362
-0.704175 -3.40394 5.77616
3.83926 4.19003 9.56629
-20.552 30.6657 16.8695
-0.453998 -2.16966 2.44653
-7.69251 5.11046 -1.43683
0.44543 4.2944 1.61247
-0.446212 5.78637 4.64284
-7.68288 31.0156 28.8792
0.496083 2.78452 -0.689954
-0.710887 1.38754 4.58653
-19.0402 19.7055 18.7528
-10.3004 38.1448 27.8185
-25.4635 30.2479 -13.4706
-20.7757 15.5754 25.317
0.116656 -11.3102 -13.9968
-0.167564 -0.805808 -7.59157
-64.6014 48.3262 -20.7075
-19.6437 19.689 -9.25157
1.32331 -3.05108 -10.5153
1.56891 0.830672 -5.30003
0.137082 -5.80884 -2.93137
-1.27734 -7.89274 0.280092
-72.3051 17.5927 -32.5436
-1.28543 -1.23112 -1.00596
-1.0561 2.38929 12.3074
-0.0689593 6.6092 4.47639
0.114931 3.69474 4.03435
0.720466 6.09614 -0.531404
-0.929745 1.95256 8.20339
1.62627 -0.214018 -9.49182
1.07541 -0.429629 -3.15295
-2.18883 -36.5723 64.0476
-0.448683 5.31036 1.858
0.535187 4.89788 4.48595
0.410733 -2.52048 -0.51321
-4.31393 -7.72119 8.51985
-0.408519 2.53758 2.93922
0.438747 2.49536 -4.0815
-0.460364 6.05343 7.93223
-1.94473 -6.43931 8.16364
2.42727 7.39548 0.543316
0.765687 8.18429 -0.421568
-0.711747 -1.43123 7.82577
-0.399759 -4.99628 4.80822
-1.3427 8.18874 0.813828
12.4233 9.5289 48.9916
-0.744998 -2.91902 5.57467
0.146046 5.81168 6.75227
-1.38121 1.07159 8.96849
0.217686 6.54669 8.66588
-1.26713 1.80081 9.04163
-0.0934957 -7.16538 -8.5728
-0.753058 -3.48114 -1.40968
0.427355 -1.61443 -1.33304
-4.35278 3.04474 1.86062
-1.24982 0.788984 8.6232
-4.34156 9.69125 -0.908718
-0.620061 3.31425 4.26799
-1.92474 -1.22779 0.174198
-34.5668 21.9319 -22.5971
-0.951936 0.465885 11.3636
-1.84278 7.12108 4.09377
-1.01087 -2.82751 2.21903
-0.365508 -4.98482 -7.72039
-0.676301 -6.19582 1.1145
-55.4375 16.7149 22.8719
0.464678 9.19805 1.96068
1.54968 8.82596 -1.6211
-0.652032 1.25917 5.21815
0.584269 -1.17486 -9.90517
-0.773608 -3.97745 6.08878
-2.24657 2.50236 9.4729
-1.29687 -3.76499 4.94227
0.106479 8.24551 2.26563
0.217228 6.69947 -0.222373
1.0152 4.94622 2.84628
-1.23839 -3.88277 2.97184
-60.7439 68.9273 -7.38871
-21.8348 3.8104 12.0814
0.142589 -1.192 -9.33707
-17.103 55.3685 12.0113
-18.4767 24.9849 17.4534
-105.137 90.5585 -80.0564
-5.868 1.05533 2.58406
-0.485462 -9.22745 2.59245
1.64512 3.06763 -2.27212
-4.04521 7.50375 3.1099
-0.662166 -4.16673 -4.30227
-12.9598 38.162 27.1346
-0.144865 1.49643 -4.85432
-6.94459 10.7316 -1.56116
0.524224 -0.665747 -9.35397
0.246643 9.13974 0.478486
-0.741109 1.07018 5.76259
-25.6512 27.2028 -9.37971
0.154471 -6.67618 -3.45604
-1.37228 -7.04358 0.897052
-13.9467 25.4773 23.2232
0.141239 5.83184 1.68769
-0.759095 4.32293 4.66898
0.715055 9.68885 1.99062
-2.20167 7.44429 20.9107
-0.475821 2.95543 6.97202
-16.8186 24.387 17.204
-12.3902 25.864 19.083
0.13828 1.41293 -1.78364
-1.90075 -8.21778 7.74747
10.5562 24.6764 58.3212
4.9611 8.53993 -0.352773
-17.6067 58.2864 41.2398
9.17424 17.602 12.3111
0.595526 5.04079 3.8524
-8.51965 9.29671 -4.83008
0.177052 8.19997 -2.423
-17.1449 39.9249 -9.72056
1.34581 -0.13124 -6.17208
9.19572 -0.474501 9.53604
0.144846 1.85268 -6.43537
-1.34333 -4.40697 3.95816
-52.4508 15.7395 -13.2145
1.3673 9.82148 2.52047
9.44274 -1.96226 8.32313
-0.1078 -2.43018 -10.9744
-115.084 1.57909 42.1389
-4.36338 9.47142 -0.923141
-1.37623 1.28303 -2.58958
-0.729236 -6.41587 -5.0427
-10.2745 19.5474 18.3778
1.34146 10.631 0.50981
1.37668 9.21925 -2.01034
-5.8289 9.19462 -1.58833
6.21809 1.46787 10.0564
1.01311 7.04443 4.90288
-1.66363 -2.84877 -1.29181
-0.303761 8.4032 4.85113
2.55214 -6.25197 -13.8433
-83.7926 7.58658 28.753
-18.5339 52.74 12.1753
-5.42485 -0.986943 -5.43755
-7.95621 1.02128 -8.37109
10.361 6.03457 -10.6471
-0.91257 6.1363 7.79633
0.182132 1.68764 -5.27444
-1.31887 -4.10996 5.29045
0.436664 -2.76063 -10.2705
1.11706 2.52345 -4.90308
-1.03985 -1.31597 4.19959
-1.30693 1.21211 5.82329
-1.31779 1.28705 6.36812
-39.3855 38.4109 29.9782
-7.37649 9.56697 5.00756
0.824386 0.228584 -4.5678
1.73774 8.51019 -1.1151
-133.044 96.5214 -64.0458
-14.1475 22.5877 22.7303
-19.8517 15.5271 23.1562
-1.04492 1.96294 1.85501
-22.4977 -3.20493 5.04946
-40.5782 41.3361 -5.02652
-1.06511 -4.09532 6.19755
-0.405453 6.9148 2.82409
-1.04942 2.45556 8.81447
-10.9531 43.566 -5.61975
-17.232 2.23116 -9.27118
-15.0555 1.72144 4.11264
-1.05784 -2.77411 6.38203
1.01703 3.73111 1.66254
-1.02627 2.56723 2.15857
0.105142 4.61526 5.08191
2.22469 -1.69705 0.193372
-3.51544 2.29185 -2.76473
-22.2772 32.9628 12.6351
-13.6195 80.465 48.0527
-1.00183 1.17556 -0.116837
-1.82237 -7.08582 6.74154
-6.14342 3.31844 1.53478
0.436777 -2.50684 -0.965164
-5.22345 6.15306 1.61618
-0.360729 6.45659 0.819991
0.447815 3.73936 5.46218
-0.306869 4.91689 -1.78242
0.490241 7.32011 2.88892
-5.15088 -15.2367 25.0468
0.220757 0.68551 -7.09925
-16.8902 19.2333 19.4711
0.175381 6.35812 -3.67829
-1.26016 -1.62281 -1.80915
-0.145758 3.13923 -1.02321
-0.117348 4.65812 1.26656
-4.01013 3.34175 1.24301
0.145459 -5.6316 -10.0263
-0.117516 -4.05918 1.02529
-13.9296 4.6761 23.827
-0.454007 3.93775 4.45102
1.93194 9.42413 -0.629386
1.66031 10.6138 1.09835
-1.04529 -6.42477 -5.34327
-12.9964 -2.60861 -0.718535
-0.530776 -2.32287 3.12543
5.86281 34.7111 63.5785
59.54 0.324914 -7.03709
1.09234 -2.3753 -8.60632
12.6989 4.72675 -4.89722
-0.0829995 2.66897 6.89899
-0.125896 -0.709114 0.741422
-13.9135 24.8006 58.2034
2.92343 11.6903 -4.18735
0.188837 5.20956 5.88646
-0.0799387 -0.700499 -1.45151
-84.3657 8.52133 29.114
4.93424 6.91538 -0.228811
-1.35483 -2.66743 6.72812
0.268915 9.55195 -1.61917
0.155368 7.87629 5.55738
-0.403221 -5.574 1.42959
1.63199 -1.36906 -8.24376
-20.1885 13.742 23.1173
-0.686221 6.51679 1.03279
4.35468 6.38774 -18.8707
0.416749 -4.62597 -3.74338
-0.974599 -9.02278 1.06861
-19.7811 -5.29443 4.84796
-0.434294 -2.33782 -8.81976
-3.74084 3.32407 1.51031
-4.4336 -7.98249 7.78418
-0.777827 0.558346 0.155437
0.726471 -10.9532 -12.7885
4.11545 -5.33178 -5.17032
9.73977 3.03631 5.87386
0.108408 7.90417 2.8967
-10.2988 14.6945 29.8901
0.783759 9.2618 2.70142
0.78916 -2.20578 -10.283
0.454617 7.60584 1.34392
-0.458961 2.42267 4.89376
0.171987 7.42239 6.13305
-0.0649124 0.553094 3.7509
-8.89171 2.28751 1.05768
-0.715121 1.14938 10.212
-19.2975 30.965 14.5989
1.42896 0.282849 -7.99259
-14.0426 23.1984 17.0526
-0.125198 5.26336 1.31935
0.696732 5.00771 4.90692
-17.8568 49.4386 29.8687
-0.43527 -1.06038 -4.65833
-24.5183 9.13051 -4.16548
-1.21185 7.29617 8.69644
-0.49413 4.96236 3.40943
0.826819 -4.53659 -11.8808
-18.4229 23.818 16.5238
7.44685 -9.62232 13.6029
-0.575259 -7.1157 3.39047
-12.6189 -7.39115 2.18936
0.15447 -2.23079 -6.72237
-0.393312 5.09347 6.65615
-19.869 23.452 16.2392
-0.475049 3.14787 4.17537
-5.81734 8.5768 -2.34569
0.447685 1.32488 -4.84459
-15.9593 15.1795 43.6996
-0.687943 2.78104 8.9915
20.583 24.9462 59.9349
-0.690275 2.55729 9.33539
0.428591 -0.798002 1.02675
-1.57306 -5.10255 4.104
-0.685747 -5.49894 -3.209
1.55433 2.23682 -8.0873
0.125059 -4.33726 -0.180112
0.735942 3.34814 -7.3216
-1.03591 8.1703 4.31022
9.29748 -1.51696 7.24792
1.35674 2.98571 -11.8371
0.730425 -3.7934 -10.0036
-41.8903 -0.432011 5.98452
1.87309 7.60304 -0.479777
1.34221 -0.157396 -7.07864
-0.371471 -6.8056 -3.7026
-5.52771 5.15194 -1.15766
-0.0976146 -0.16619 -4.94814
-1.02292 3.91849 4.08391
-6.36893 9.51096 -2.11055
-71.1789 -2.24697 -2.42087
0.446273 -0.404294 -1.87128
10.7158 9.09626 -6.21278
0.136363 2.21219 7.37563
0.794104 10.0007 -0.534411
-0.162245 -1.29601 -4.06873
0.180032 1.65547 5.54115
-34.6251 2.62747 -1.99364
0.765194 6.75249 8.14075
-0.443801 0.483541 6.34955
-0.0545538 -5.9265 -10.8898
-0.391568 0.953786 1.8699
0.474738 4.11255 -0.387098
8.56989 5.36701 -9.83664
-25.8203 12.1647 5.08044
-4.60189 3.1126 1.56602
-10.3045 15.5473 26.9174
-6.07101 3.38775 1.27583
-6.76003 6.49362 -3.21322
-10.6292 19.676 19.1056
-12.3999 77.9839 51.7077
-0.4657 -4.59348 4.06183
-4.07702 -0.0587477 -0.492606
-48.4535 49.6083 -27.1347
-1.24036 -3.94686 5.74397
-0.121879 3.69861 7.25376
-13.6337 39.2871 28.0682
-12.8063 37.4347 60.2391
1.02723 -3.54267 -7.92675
-0.689052 2.08224 0.00295362
-20.5791 32.7825 16.691
0.165322 -4.03803 -8.9287
-1.0062 4.42047 6.5166
-5.56062 1.49677 -3.53237
-0.158064 -4.05723 -2.54908
-0.185595 -1.07367 6.16946
1.30174 8.02177 -2.3158
-0.675224 -3.70954 4.89385
-8.31456 27.2164 24.8854
-69.1443 -14.1835 -13.1776
-0.115935 1.53304 6.14283
1.06889 4.30901 0.442249
-1.00926 -4.00072 5.77184
-1.53343 -5.61846 6.6822
-17.685 34.405 -2.27852
-21.783 4.4676 -0.563289
0.774857 -2.05716 -4.99536
0.806483 -7.38339 -12.1227
-5.94889 -0.994758 -5.85484
-0.04962 -4.93763 -4.01918
-1.9622 0.0153642 16.2923
0.116913 -3.19714 -7.42267
-0.774633 -3.40913 -5.78132
-1.0051 -4.66869 2.76198
0.427748 2.55325 -2.90112
1.71669 8.37798 -1.09195
-1.03528 -7.06356 4.28273
1.03877 1.0588 -0.44171
1.18355 8.50088 3.47811
-19.9608 24.3492 13.5367
1.04753 0.0775121 -2.6058
-22.2747 24.0224 11.0215
-0.160638 -1.26118 4.68388
-30.4347 -2.50606 3.6313
-0.673032 0.205174 3.35266
-0.757957 -6.79828 3.36451
15.2021 8.89417 -40.1152
-8.04453 15.1238 2.30711
-10.906 3.02954 26.7203
-16.6604 84.7359 43.7301
-1.89475 11.5348 0.102721
0.56009 3.87142 -8.02646
-70.9521 -2.24732 -2.42048
-1.29515 -2.29466 -1.43377
-0.665671 -3.43216 5.24136
-7.02529 31.6814 60.2711
0.20874 10.0779 5.21776
-14.8887 -5.7128 -6.01741
2.35033 2.98642 4.70071
-0.0896447 -0.233746 1.62113
-13.059 95.9445 17.1092
3.36294 14.8653 -0.638527
-86.1506 63.0777 -43.9417
-0.056449 -5.58988 -4.0793
-1.00372 2.79491 8.02848
-9.72069 12.505 0.0882432
10.7257 4.21894 18.7004
-1.32207 -4.91182 2.85914
-1.26482 5.04672 4.30607
1.37596 -0.0948205 -8.06033
-3.3263 5.61381 2.42444
-0.167242 -0.789988 -6.49042
-0.186099 2.88727 6.9989
0.494629 9.41066 1.34833
-0.432381 0.740792 5.0763
-1.02488 -6.31987 4.48186
-12.6135 72.7794 49.87
-55.9719 63.0841 24.8531
0.208955 7.73503 3.26729
0.105181 -1.65709 -1.36781
-11.5401 24.8166 17.5924
0.260531 -2.85598 -10.6212
-8.03749 28.5436 25.5917
-20.9014 27.3981 17.9315
-0.748352 0.987814 -0.238668
-5.92629 -7.10163 -1.7497
-0.425319 2.21878 8.44516
1.34053 0.541084 -4.73503
-0.607081 -6.45315 0.0635077
-21.6597 2.7057 -9.10262
-0.477561 -4.29528 -4.31025
12.9372 18.8043 -9.97461
-0.442716 1.87198 3.25565
-2.62549 5.3247 -8.012
0.691479 0.728595 0.712978
-0.437372 10.6051 10.1161
-0.483556 -4.88805 2.64891
0.57802 12.1982 0.217736
0.927819 0.749467 -0.147888
2.82407 -0.0719404 -0.330361
0.736884 9.48108 2.23095
3.30122 5.64246 1.74249
0.22131 -0.153381 -8.73736
-0.168473 -1.16807 3.65694
0.464176 2.55188 1.88392
0.452704 1.13203 -0.505664
-0.418009 1.27735 -0.819955
-20.0267 47.4008 24.1577
1.91526 0.430646 -8.84565
-8.95382 76.295 22.0275
-0.386483 2.8411 1.69429
-8.75585 31.9346 26.5756
0.447212 2.86197 0.763118
-6.77295 -3.65645 2.06034
-20.762 29.2911 12.4835
-0.367468 4.69027 1.274
1.97486 6.99451 -3.27955
-6.1407 1.95524 -6.82085
-0.707887 4.57792 8.78147
-0.350447 -2.5014 -5.18627
1.64559 4.73418 -2.48717
2.57091 -9.19443 -17.282
-7.95285 107.14 84.083
-1.5834 -4.01647 -1.08245
-1.50217 -5.56477 1.21943
1.34447 -0.333626 -7.34727
-0.435385 2.54066 3.753
-1.06058 -4.91379 5.57711
-8.55442 -3.52885 -2.26926
-9.09565 4.34573 -5.2904
-5.29598 -1.59519 -1.39551
-0.487336 -0.767312 2.42911
-1.66344 -7.10496 7.34232
0.189624 6.11303 0.15833
-10.0257 9.81705 41.8664
0.453603 -3.79136 -9.19386
-0.736599 4.13604 6.15787
0.155951 4.60747 -2.3221
-1.94428 -7.32073 10.6661
-2.3793 -6.53618 5.4611
-16.6219 77.3743 38.1827
-3.91386 5.86772 -0.626105
-0.186659 -1.18688 6.93864
1.03794 -6.0492 -11.5904
18.4742 19.048 57.6545
-0.151297 4.34747 2.84662
-0.756259 -4.0445 1.1556
-1.94364 7.25095 6.74373
-0.451476 4.32578 9.87149
-0.446594 -3.64218 -0.100146
-18.7423 29.3147 12.5657
0.167516 1.66514 3.38408
4.34287 6.15693 6.91651
7.43426 10.2712 50.2431
-7.15021 1.9124 -1.98201
-0.757727 2.12344 6.93497
-0.726841 -4.63451 4.79704
0.48035 -0.178939 -7.65871
-0.153599 7.11492 0.869474
-16.2455 90.3933 75.0895
-0.38664 7.82869 5.31175
0.569889 2.19483 1.09429
0.753185 8.17627 7.54349
0.493392 2.54635 -4.9667
-1.9785 -8.44948 11.99
1.32268 12.4718 0.920512
-1.33687 -5.62928 4.37655
-10.2045 87.4882 46.0512
0.862607 -5.99175 -11.2752
0.544355 3.95222 2.37869
0.519671 2.5216 -0.216013
-0.453274 6.16698 4.03659
-19.1575 29.8809 13.0719
-5.60171 -2.11548 2.98452
1.47562 0.657218 -8.81154
-1.26903 -3.79035 4.42664
-1.26242 -1.89393 7.41363
0.441249 4.39422 5.31096
-2.64868 11.6601 -0.184809
-15.9826 72.2998 74.683
-16.3176 9.61341 -1.27022
-4.7487 3.49983 -2.04846
-0.0730515 5.85066 1.67029
0.7283 4.36964 4.62557
-0.666096 -4.63152 0.248474
-0.789055 -3.0633 -2.33102
-10.8216 2.91239 -3.34347
-0.472048 -4.29335 -8.96838
-0.304048 5.25114 5.50311
0.489777 3.19668 2.85854
1.01504 3.04716 -7.36502
-0.485779 3.71346 -0.745819
-0.0785139 7.20451 6.47643
-1.84464 -3.71746 0.734378
-1.7083 -1.91002 14.7167
-0.985637 -1.73408 -2.30215
-0.956686 -3.2343 0.265507
-0.482855 6.74794 4.91942
0.452788 3.36643 1.28439
-4.9576 3.82615 -4.95905
0.483058 1.90302 -1.00306
-0.378215 0.851532 3.19416
1.3524 8.93353 -1.30704
-9.9019 12.5052 0.0880334
-0.600729 -0.247627 -5.72767
-0.929308 -3.65489 -7.25186
2.03041 -2.09952 -11.7849
-1.2052 2.47135 2.89438
2.09324 7.56406 -1.1112
0.487826 10.2412 9.47592
-1.05453 -3.34636 -5.79134
-0.774326 1.14104 0.756376
-0.885187 -6.2087 5.6795
-28.8842 8.23513 35.1561
-0.428595 -5.0169 0.618758
2.17429 8.16922 -2.58734
-0.95456 3.64003 1.46918
0.713038 -0.467009 -1.05989
0.723241 2.57568 -4.64167
1.54992 1.36168 -5.21579
0.194204 -5.24574 -2.83186
-25.2655 6.56089 16.2373
0.552089 -3.18453 -4.88065
14.8549 -8.62184 3.54657
-1.72556 6.92207 4.36167
-20.7321 3.91857 -9.33002
0.124837 4.42801 1.96318
0.144894 2.93569 -0.515199
-0.440423 2.60741 3.44843
-0.432227 2.17389 7.69587
-0.987448 -3.68108 0.786391
-1.0764 -5.28869 4.29602
1.19037 -1.68581 -7.70755
-0.171813 1.25466 -0.866027
-1.34633 -1.30017 0.669198
-1.91527 -3.18875 -10.7345
-15.2498 15.3105 43.2504
-7.4179 10.2447 -4.17808
0.819304 -0.780769 -3.93043
-24.9695 25.6815 -5.86128
-0.305649 -2.83906 0.830177
-9.44838 17.8468 25.8129
0.110968 0.430845 1.02004
0.487182 -6.79359 -11.4669
-1.31047 7.95807 6.3914
1.09628 7.25295 -0.197457
-0.465157 -0.491442 8.18616
10.2793 14.6911 41.5766
-0.10969 9.87741 4.54419
-0.704098 -3.78989 5.893
-0.98087 7.25665 6.37141
0.532957 -0.198371 -8.58085
-0.650294 0.491043 6.6436
-1.05604 -5.19275 5.44506
0.182861 2.24296 -3.7819
0.44448 -6.12426 -7.69382
-0.579872 -4.42307 -0.413798
1.32046 3.82106 0.444275
-0.657359 6.09782 8.25932
0.719572 4.01377 3.70471
19.6151 10.8017 -12.2966
22.3324 35.9812 -53.7977
-4.07432 -0.0178012 -4.85134
-0.47111 -3.20287 -2.29817
-0.431534 -9.58302 2.65414
0.127883 1.9642 -2.74397
-0.736547 1.98143 8.56578
9.11956 1.62596 0.588797
0.921586 6.05316 -0.757836
0.462629 -1.64573 -6.82243
-0.372377 4.0401 6.36353
0.748682 -3.84939 -8.92507
1.34104 8.47373 3.41036
-55.3619 56.7302 15.5906
-0.152904 1.24654 4.387
-0.0992166 0.660612 3.55833
-18.707 1.91079 -0.473809
4.01161 -25.0939 -17.6268
-0.11281 7.01073 7.07332
1.64232 12.0341 0.353155
0.132834 -3.38458 -10.5859
-0.162344 -4.01478 2.58483
1.97222 8.80639 -0.952505
1.11373 0.54144 -4.73542
0.448387 -4.68258 -8.44389
-9.57505 21.9702 16.0026
-38.529 36.0715 -20.2762
-0.362942 -3.64887 -5.46318
-0.121395 -0.141266 4.28784
-0.495323 5.11653 2.42709
-10.5981 8.24994 -2.1653
-16.2998 30.6102 -1.06145
-0.415625 -0.453476 -6.81004
-0.0832084 -6.80084 -11.5715
-6.38877 -2.46741 -2.61004
-0.46988 -2.50274 4.93135
-9.81762 35.1178 38.4229
5.88548 10.5976 37.465
-0.345838 3.38137 6.42028
-0.2478 -1.50431 -12.5096
-4.87461 10.696 -3.06061
-0.360203 -3.34778 -8.0601
-1.56231 1.02852 2.9724
-19.9057 19.8289 18.7647
-1.07232 -1.69898 -0.983041
1.04127 -5.82439 -11.6728
-5.08584 18.1853 10.888
-0.0332048 -5.92291 -3.88357
0.934478 4.34735 -2.4969
5.86611 1.91299 -1.03686
0.551794 -3.48981 -4.89818
0.072162 -3.45838 0.12865
16.2539 14.3987 -9.04133
-0.696605 -2.00813 5.51324
-0.152839 -0.436955 -6.80349
-0.354772 1.33987 8.85429
-1.20835 -0.500794 -0.905895
-1.2122 -1.80885 1.20504
0.760657 7.471 3.23679
-0.166006 5.81561 6.4585
-2.87992 8.43359 4.0018
0.517659 3.49053 -5.24938
-13.0646 37.4254 2.70873
-15.9964 17.1287 18.2364
0.724292 7.11389 1.66256
-0.949085 6.78236 7.75351
0.470063 8.46528 2.02233
-0.470709 1.60874 4.40514
0.72581 -2.18695 -4.60852
-8.20152 6.48393 0.24711
-0.646521 -3.55252 3.91994
0.45337 -0.48387 -7.35842
-1.8713 -5.84474 5.21485
0.479645 4.91003 2.24959
-18.9952 58.1507 34.0988
-2.23765 -6.80839 8.36169
-0.123257 7.63802 6.16903
-10.8443 10.5502 -6.30202
-0.488097 -5.76959 -4.90635
0.408971 4.91822 -5.61584
-1.06268 1.84188 -2.5764
-0.778577 1.90095 1.11455
-20.2828 16.6888 22.9223
0.153702 8.20618 5.20246
-0.67599 0.338952 -1.21287
-3.97431 7.81178 -1.34383
-0.407922 -2.80118 -2.28786
-65.7858 71.2769 -14.617
0.747165 -5.36968 -7.39964
-0.742092 -8.54914 4.51852
13.3654 5.86463 10.3422
1.30521 -1.11627 -6.69148
0.437213 -1.65121 -8.02304
0.125407 5.81148 3.71269
-0.683289 0.324476 3.1199
-1.62724 2.59526 8.31548
1.92627 10.1613 1.91968
-0.742297 -5.76455 -4.37982
0.3153 -4.33777 -1.05116
1.92877 2.23331 -6.97356
-0.118098 -4.94557 -2.19647
0.205321 -3.21291 -9.25099
1.33247 -1.33608 -10.3323
-1.92222 21.4822 -2.56429
-0.352864 -5.20134 0.801369
-0.748411 0.175431 6.02747
-9.74598 -1.00637 -3.1992
-2.25956 -2.47561 4.68956
0.250402 -5.20816 -4.341
-118.64 -15.0099 15.1051
-16.102 71.2933 82.4192
-0.43337 -4.40603 0.241614
-24.7972 20.3015 16.3524
-1.00346 -7.90374 1.14715
4.75803 -5.68747 -14.1507
-1.50618 -4.06118 6.14994
8.56438 -7.94017 -45.0149
0.784309 -1.6909 -9.66889
-0.427474 1.94605 5.53039
-18.9061 75.6625 -10.6869
1.35851 -2.27681 -9.2317
1.36289 11.4068 0.546171
-11.1623 76.4208 57.4103
-7.36404 9.07168 -2.40496
-0.122715 -3.76861 -2.17937
0.172623 -4.28347 -9.14609
-35.5633 -4.47786 3.52376
-0.0942971 -5.2024 0.0375149
-11.6268 26.2008 19.8764
-0.707324 -3.05014 5.25171
1.77029 -0.549396 -11.2673
-0.325992 -2.03878 -6.46052
-134.746 -9.4749 -5.07417
0.124869 -1.3469 -2.56924
1.03644 -1.93883 -6.39582
-0.310653 -0.172072 2.43086
-0.371207 -2.64788 3.39984
1.37258 1.67573 -5.81136
-0.99153 -4.12957 6.68089
0.560173 1.81879 -8.79744
-42.1032 32.1662 15.2499
0.165031 -5.35138 -10.6192
1.22786 8.28723 -1.93689
-0.215953 -1.21187 6.59643
0.484463 1.29193 -10.6853
-2.84706 -0.508164 -0.352218
-19.0601 26.363 10.1963
-27.3748 46.0381 5.33886
-0.945138 6.32346 5.13245
-0.910317 1.18805 0.962659
-0.917765 -0.380991 1.59881
-9.72167 2.84754 1.25228
-2.20696 -6.76572 16.1782
0.151062 0.135563 -8.45582
-0.686252 1.40266 9.73887
0.217262 -5.17674 -11.2027
-0.0654619 -5.51715 -3.75812
1.32877 9.42362 4.68828
-15.3036 59.6868 13.3439
1.30965 0.807405 -4.62827
-198.363 184.592 -95.0525
0.452211 4.32571 -4.96321
-0.973098 -2.84906 -1.96956
-1.86965 -4.91067 -1.56418
0.880697 16.2213 -7.63392
-1.01872 -5.41581 -2.38716
1.9397 9.99331 1.03211
-0.77218 -5.88635 -5.26702
0.448689 7.02968 0.416389
-0.406441 3.28481 5.88761
-17.3426 15.3075 23.9462
0.464012 5.57862 -1.90551
-1.36213 0.192138 -2.63871
-13.8846 20.8319 16.6013
-0.484592 2.4474 11.2601
-0.447623 -5.4813 -1.61694
-1.03064 7.2959 8.69665
-23.5213 9.59757 12.9106
-1.27296 -4.81071 2.63645
-23.0044 34.5637 24.9741
0.762582 2.01353 1.6029
2.2745 -3.9062 -13.5465
0.15806 3.41683 5.84687
-0.414629 -2.42411 3.78625
-3.68766 -5.79275 6.85322
-10.8364 37.4032 16.3644
-16.9521 18.3607 19.8666
-1.26814 -2.33678 6.14903
-3.95427 19.8107 5.03153
-10.3586 9.52218 -6.40353
-2.24035 -7.84424 15.9084
-1.62885 0.594563 10.6341
-0.166603 6.46055 5.48368
0.753977 7.03337 -3.44965
-12.8282 35.2528 60.0951
-5.95122 10.5801 -0.287476
1.08152 -1.31407 -7.93947
-0.100931 0.15418 4.65476
0.253489 -8.32982 -6.98483
-8.76889 2.01745 -4.26186
0.419839 -5.7914 -4.20491
-4.39439 3.60971 -2.77064
1.12276 1.97055 -3.15581
-8.56306 20.4377 20.8818
-0.488072 3.03699 11.6473
-0.466472 -4.87501 -2.03219
-0.457807 -6.42381 0.425812
-0.457825 0.976392 3.66073
-7.63321 29.4198 30.3403
-17.8402 8.13299 -2.11836
4.74949 -19.3726 -13.5883
-19.0616 51.712 35.1164
-0.106253 -3.18875 8.64792
0.512833 -2.2951 -9.43483
-0.659392 2.45592 5.88482
-13.3586 57.7189 -6.77348
-0.118449 -3.40515 -5.30574
-7.05652 7.31257 -6.56213
-0.161249 5.41282 9.52068
-0.739331 4.11321 4.38499
-3.1443 0.367522 -4.75831
1.60473 5.54035 -0.487252
0.14806 -1.1329 -7.66313
-0.733798 -0.4114 -2.03535
1.05912 0.864164 -8.47954
0.237129 -3.98006 -11.0086
18.2334 14.1745 -1.53279
-1.85933 -3.66209 6.53215
-8.49672 16.0235 27.3429
-16.8926 34.7652 3.97833
-1.93876 -4.19707 0.96059
-17.5604 14.9979 16.2266
1.07005 0.161288 -7.87794
93.6135 -45.8312 -81.6902
0.5593 8.47129 2.53478
-17.6652 25.4419 11.983
-0.425354 1.68709 3.84959
-8.50371 34.3423 33.0149
0.718688 -3.43087 -4.04764
1.4587 4.36764 -3.41723
-0.634081 -0.627268 -6.05493
-0.740942 -3.17103 3.98609
1.94049 10.8293 -1.17709
-22.3515 10.2502 9.93828
-20.8475 40.6199 25.7269
-0.368126 -1.13071 4.68825
1.91276 8.81365 1.04761
-21.2432 49.6027 30.5827
-27.0836 7.12245 10.3277
-10.0586 -6.67535 4.98853
-0.13476 -0.26035 -7.16109
0.426176 5.58001 -2.86184
-0.472033 -5.76959 -6.2304
-0.420851 -6.65836 1.04662
-57.3654 46.2998 -23.4214
-0.158725 -1.8234 9.03172
0.242958 8.51854 2.23858
-15.3682 14.2236 46.9909
0.444426 4.38626 -0.35809
-7.54684 17.8724 12.4578
2.28075 11.3392 -0.0324381
2.26443 1.98653 -5.25536
1.025 5.23192 2.00341
-18.382 22.4606 16.3224
0.699954 1.37077 1.33858
-49.3867 2.30102 -4.14429
-1.03739 -5.43003 2.54642
0.206822 -4.25819 -9.64103
7.25579 5.85983 4.74251
0.138405 -4.08834 -8.3022
-1.0235 -5.15341 3.24764
-41.4741 10.2784 0.886805
-23.4958 20.2258 -14.7981
