ply
format ascii 1.0
element vertex 22792
property float x
property float y
property float z
end_header
-1.49778 6.46834 2.40289
-1.47698 -11.2196 1.49308
-3.56036 8.75078 -1.32515
-5.386 4.70412 2.35543
9.16376 1.76545 0.177242
-3.64308 8.72306 -1.32599
5.30372 7.51282 2.61806
7.89516 2.93502 2.89787
-1.33657 6.55305 2.3957
-2.90819 18.0792 1.59449
53.1613 -25.9371 2.59209
-2.30951 7.49448 1.81736
-6.23341 10.0487 1.10137
1.90793 -9.74547 3.17171
-6.22107 10.0612 0.900965
8.10379 3.08981 2.69379
7.3323 -5.65044 2.67705
-2.08225 7.48917 1.89573
-10.4983 -1.45827 -0.902116
-1.8308 8.05852 2.10248
5.30976 -14.0312 1.48821
-2.29988 7.83925 3.00965
4.12227 5.85361 2.63656
3.81453 -4.21036 -0.273593
-1.89272 7.90084 2.1071
8.75192 3.91081 2.09789
7.50222 1.70811 2.89572
1.14314 2.03208 -0.603546
4.50057 5.89452 2.63287
-2.05005 -11.002 0.628765
13.9047 -11.8506 3.49396
-11.03 -1.53236 0.899383
16.1941 -6.71065 3.30144
7.25524 -1.50323 2.5706
6.48622 9.30519 1.68991
6.34812 9.3746 1.67957
-0.900587 -2.28146 -0.514652
-4.05901 0.518511 -0.743361
10.3951 -6.76517 0.0903958
8.56375 -3.76503 -0.105878
14.3547 -11.1563 3.29447
36.3031 -26.926 4.20519
-7.04478 4.05082 1.80097
-1.81257 8.0776 2.29758
-3.75017 3.51423 1.95621
7.9075 0.667961 0.701932
-5.10083 6.88027 2.30572
9.14914 -9.6113 2.78441
10.0915 2.53775 2.89807
8.54439 -3.29636 3.15148
8.00084 -8.20221 3.31222
7.13297 -1.46397 2.60031
-8.56215 3.98651 1.39903
5.44806 1.92251 1.95953
6.36015 -7.18981 3.24253
-1.87585 7.89871 2.30598
9.88975 2.83469 1.90497
-2.06671 7.48656 2.10894
5.1632 0.236569 1.1166
1.60911 -9.99579 3.17349
-2.69717 6.93531 1.83216
7.73745 -1.56454 2.60125
9.46347 1.16597 0.272355
2.90882 -0.44139 0.298049
0.495113 0.309936 -0.165873
5.91581 -9.15305 0.0081953
6.20767 -11.9709 3.28004
22.7138 -9.57361 0.628114
9.50805 -3.9043 3.22395
4.8033 -11.3978 2.82254
-1.5556 7.13224 2.38211
-2.0267 9.29251 1.76157
-8.39722 -7.80039 2.40408
2.21622 -7.82097 2.59533
-4.4654 0.384887 0.00381255
9.29416 -3.75017 3.203
38.8577 -18.6817 4.28659
5.58758 2.27446 1.93613
6.3346 8.53945 2.09816
-3.65589 -8.52497 -0.389524
3.92737 -7.45597 2.64088
-8.03279 1.4953 1.86447
8.52087 4.05101 2.63785
7.44357 -10.6449 2.87917
6.30876 -8.75039 0.0617178
7.81964 -1.49413 0.971816
-1.70684 5.32625 -0.852274
7.77278 -1.67017 0.862367
6.92066 -6.71015 -0.0527981
10.3754 -3.42929 1.61931
8.85577 4.08903 1.56668
6.51466 9.28677 1.30235
-8.39297 -8.39049 -1.08204
16.5153 -18.6778 3.54368
8.3593 3.68755 2.6908
18.4393 -11.8372 0.557373
-1.96387 7.74251 2.09106
-6.26883 6.04238 0.327978
15.0403 -15.6048 3.61052
9.4447 -4.11735 3.23161
-3.26363 11.5066 0.523858
5.09751 6.65884 2.62926
-5.36312 2.82313 1.71722
12.6012 -9.4664 2.82352
-2.23703 11.2412 1.62909
10.4033 -2.00206 1.18155
6.39942 9.32814 1.32995
-2.00585 7.60898 2.32164
9.94727 2.07476 2.99922
2.98969 -0.481063 0.633195
6.48798 9.24216 2.07774
7.28272 -2.11142 2.68022
8.18922 3.18516 2.37953
6.42557 9.49174 1.27704
8.75417 3.89846 1.88337
-1.52203 6.32235 2.39441
-1.56019 6.29612 1.81476
-1.85811 9.64909 1.75994
-2.03496 8.81339 1.78462
6.39484 9.31991 1.12189
12.7488 -8.13114 2.89178
-2.23469 7.87204 2.96287
9.94702 3.01445 1.03211
9.87924 2.83303 1.14484
14.3924 -8.9928 2.93411
10.0456 2.5545 2.73265
-3.89359 8.57032 -1.49475
-1.3295 7.89122 2.34155
-2.74543 3.77333 -0.823946
6.13713 -8.71605 2.78967
5.678 8.06398 2.60875
21.1661 -20.6623 2.93804
-5.71535 -1.29867 2.10013
10.7641 -5.42258 2.67269
7.97005 3.28589 2.24487
14.5128 -8.70081 2.9256
-5.89673 5.1 2.33273
8.24819 -9.5646 1.29222
6.33097 8.92927 2.12642
15.073 -10.4799 2.95021
-1.46779 8.86878 2.27278
8.50441 3.70604 2.37495
8.0318 3.50107 2.23394
14.6873 -8.26297 2.91376
-7.50723 3.30272 1.81767
-4.04007 0.701196 -0.750352
17.9248 -12.1382 0.55054
20.4179 -17.833 3.85406
-6.73239 -3.89564 1.89253
-4.66616 5.40916 1.80624
-1.65521 8.48129 2.10796
7.27632 1.10213 0.163363
9.0296 -4.61875 2.49826
7.76784 -1.54504 -0.916721
21.7112 -10.4337 0.613502
-4.60492 8.01893 2.27771
4.80914 1.78848 1.92435
5.03768 0.191934 1.15358
-1.60198 8.60996 2.1047
-1.54694 8.7368 2.09416
-1.18998 7.13101 1.77981
-1.16561 7.25895 1.81
10.1189 -3.13802 -0.119618
9.13355 -3.20648 2.32561
13.2095 -4.72813 3.2899
-1.70984 9.67624 1.75993
-4.61758 2.69131 0.906486
-4.66214 -3.48162 1.94786
-5.99536 7.88226 0.558199
-5.37368 6.84467 0.27621
10.0286 -5.04852 2.56347
-5.05167 8.08751 2.24995
8.21363 -12.7986 3.19098
11.1087 2.30845 2.67292
-11.7583 -3.44996 -0.289813
4.86019 -10.5269 0.899428
-6.89995 -3.25163 1.70849
8.7341 3.90247 2.29914
-1.78297 8.17802 1.90928
-9.49998 -7.92406 -0.304267
-6.57812 2.69843 2.40104
-1.31495 6.5439 2.40737
0.834556 -6.45023 1.46084
-2.68548 13.0856 0.34032
11.2488 -9.52729 3.31741
8.53213 4.0678 2.39106
11.8514 -11.0132 3.09354
7.25419 -1.39746 2.59189
7.5211 -1.59187 2.57684
8.09411 -4.45533 3.17909
14.812 -12.3104 0.963568
-2.00831 7.62357 2.11228
-1.6512 6.11217 2.02149
4.75501 1.70695 1.9336
8.91615 4.30058 2.09139
8.84132 4.1229 2.08987
-10.977 -3.29407 -0.833084
9.24733 -8.07881 2.6482
8.72412 3.27131 2.41396
36.3153 -26.9384 3.93639
-3.79564 15.9988 1.63409
-4.1706 8.09865 -1.05504
8.02992 2.92891 2.7751
-10.3009 -6.25931 2.59908
-11.2504 -2.09459 0.712409
-1.36056 9.176 2.00049
4.42384 -8.85411 -0.054813
-0.698456 -8.11799 2.67938
57.3172 -27.5393 5.14844
-8.13888 -7.19654 2.27873
7.00188 9.08593 1.56291
16.1925 -8.52734 0.347685
12.9092 -5.4982 3.30695
-1.98142 8.3439 1.79921
-1.39732 9.08799 1.88617
8.62593 3.5419 1.49762
-3.79373 2.48711 -1.21692
16.2596 -8.43565 0.348033
-1.55462 10.0614 1.75949
8.55389 -4.43864 2.43777
7.41394 -9.14733 3.11409
11.612 -8.61465 3.29989
12.6299 -7.46615 0.194066
-4.77198 8.79684 2.04026
-2.51314 11.8693 2.17369
-4.31638 9.90302 2.08909
-1.7736 8.63817 1.7973
8.84264 4.09918 1.90917
-5.26448 -9.63557 1.49304
-1.35056 6.79603 1.79421
10.5236 -4.70248 0.0101083
-6.47941 2.18445 2.39806
7.97558 -13.4924 1.45596
-2.0934 -3.91609 -0.490067
2.5963 -5.3131 2.28275
-6.90089 -3.3243 -0.491912
-1.49551 9.48201 1.77796
7.12143 0.525434 1.08827
7.75331 2.85235 2.23695
-2.29228 12.3172 2.16599
6.83016 1.63753 -0.0517671
-1.68824 8.92105 1.79141
0.534068 0.143983 -0.121419
14.2222 -14.9408 3.82192
-3.90211 -4.36246 2.24493
-0.301074 -3.50698 -0.448809
4.28227 -12.1245 0.115184
-6.4827 -3.14371 2.60707
-7.94296 4.5003 1.74507
8.69874 4.46682 2.36882
8.65579 4.32078 2.38287
8.91046 4.31462 2.28926
-1.90096 9.12024 1.78095
-1.70758 9.17467 1.78399
-1.51465 9.23683 1.78935
-1.37917 9.3017 1.79758
7.31322 1.15775 2.69535
8.47193 -2.12387 0.492403
-10.3282 -7.49246 2.27254
-1.69346 9.41747 1.77227
8.54726 -6.34059 3.28054
7.5292 2.3051 2.24946
-2.07769 12.7881 2.10116
-1.89163 9.36084 1.76886
7.14261 0.630247 1.16495
6.92099 0.453349 1.18304
-7.59364 3.73555 1.48857
7.09377 -10.3429 3.01243
8.34053 3.6671 2.89552
-2.37234 11.9244 2.17828
13.37 -9.79144 2.86476
1.40326 2.43135 -0.606592
8.69693 4.48396 2.48622
3.67223 -13.3495 2.30571
16.5778 -11.6769 0.515548
-4.51136 -6.88914 2.83171
7.50712 1.73414 2.37398
-6.44295 1.59282 0.00574226
6.15079 1.9023 -0.0781182
-2.73252 12.1727 2.15678
-1.6709 9.99918 1.75207
6.48751 9.30803 1.88429
14.6868 -5.45931 2.61117
1.43044 2.41965 -0.599531
10.4053 -4.84258 0.0100255
-10.6031 -2.7264 1.82275
5.22398 -9.70404 -0.260783
-0.702689 -3.90738 -0.447063
-4.66331 8.72761 -0.413767
-3.13445 12.7385 2.08234
-2.58651 13.0091 2.09247
-2.27857 12.9027 2.06702
16.349 -6.19511 2.70747
17.648 -8.02195 3.00203
4.8304 1.87863 1.93238
18.6377 -13.8263 3.51627
14.0542 -13.8897 1.9621
10.8102 2.42752 0.929932
-3.88305 15.7161 0.912972
18.6282 -17.0954 3.7473
11.551 -16.618 2.93685
6.30162 -14.4559 2.28736
5.78294 -14.2114 2.88667
10.7144 -2.47541 1.49758
10.6616 -2.60149 1.4945
10.3132 -3.40731 1.47895
19.803 -15.0676 3.53783
-1.50177 8.05933 2.32461
19.5013 -17.4588 3.72101
19.7834 -20.0284 4.00189
18.2531 -19.4094 3.78729
7.38542 -4.96801 -0.101108
16.2122 -18.5632 3.50294
-1.46024 6.51218 1.82127
13.3544 -14.1997 2.05564
-3.29821 8.87187 0.152888
8.33338 -6.30004 3.27612
-3.82193 8.21038 -1.04888
26.8614 -20.7001 3.98006
7.97235 -2.4194 2.77111
21.7146 -15.2962 3.62086
-4.64836 13.887 1.48523
4.32808 -3.10072 -0.29919
7.93379 -9.42767 -0.0677694
-10.7579 -0.892986 0.87187
9.13066 1.816 0.122709
7.8587 -1.53865 1.04125
-1.39286 9.00733 2.30562
6.96293 8.97827 2.10476
23.1643 -16.5275 3.70247
16.7788 -13.0953 2.70062
6.24754 2.10579 0.835425
8.79009 4.10734 2.28797
8.66051 3.71917 2.27206
17.7072 -7.65448 0.366899
23.5476 -21.6093 3.95384
17.1979 -18.9773 3.16744
8.17081 3.23441 2.50492
6.30274 -14.4583 1.89878
-3.05553 5.06059 -0.900822
9.43913 -15.7492 2.32812
3.7502 -2.71089 -0.335586
1.68262 -8.45876 1.11958
3.72483 -13.3582 2.70689
3.79609 -13.4016 2.62018
27.8867 -18.1435 3.90521
-1.52883 -4.27232 -0.459165
12.4559 -10.6773 0.310803
20.6615 -20.4102 3.40748
-0.992099 5.32875 1.76734
1.09061 -7.05349 0.671355
13.9386 -14.4631 0.509849
6.08588 -14.3589 2.24628
6.52673 9.76618 1.45269
7.3425 2.70403 2.88211
6.4634 2.00521 0.773273
-8.69823 -8.22926 0.708998
30.298 -12.5473 3.65957
29.9116 -13.4764 3.66083
6.89793 9.09857 0.932813
-3.90232 3.45092 -0.699559
-0.114201 -6.30611 -0.342869
23.5606 -21.6152 3.56533
20.2566 -20.2545 3.10782
-1.52614 8.96432 1.79411
6.39857 9.26476 2.27617
5.26549 -11.9771 1.3784
-6.50867 -3.48686 0.295232
13.5633 -13.0768 0.596719
-4.64865 -0.704881 -0.716375
6.52926 9.26978 1.12545
9.80129 -15.9151 1.85505
-3.43908 12.7342 0.660761
-2.64654 4.60557 -0.451017
6.58427 9.85261 1.10325
6.44883 9.52293 1.07068
7.67742 0.51799 0.747308
7.75452 -1.68839 0.303159
4.56164 -0.0552622 1.20486
13.4735 -13.6396 1.78218
17.1253 -7.9711 0.359122
6.99483 0.601795 1.2557
0.982903 1.82208 -0.602856
-11.4665 -3.74967 2.45901
5.26506 1.49937 1.96844
48.0378 -26.4491 3.09297
7.79489 -1.80109 0.671539
-5.36013 -9.59828 0.954852
-2.99153 17.8916 1.52388
6.39438 9.31905 0.912966
6.51531 9.27459 0.915987
11.3782 2.84972 1.02063
-8.69133 -8.2449 0.302922
2.27063 -4.67518 -0.303098
12.9671 -14.6642 1.58214
7.6646 -9.3396 0.899668
-11.8531 -4.90848 -0.499887
22.0297 -10.4208 0.62072
-3.22909 13.2213 0.596139
-6.19954 1.79779 0.00560609
-8.0772 -8.48323 0.908851
8.54646 -6.92944 2.91367
-1.36358 8.70141 2.31339
6.60738 9.88809 0.924212
6.47845 9.5675 0.897847
24.1593 -16.1447 2.16726
4.34594 -11.8425 0.140271
7.19971 -10.0924 2.90694
8.79372 1.08458 0.646188
8.12334 0.598158 0.606916
-1.41862 9.0587 2.09206
-2.66802 13.4082 1.6043
9.48515 -15.7562 2.88149
0.151358 -6.18956 0.916739
6.88386 9.10488 0.711089
24.2322 -16.1944 1.81629
-9.29647 0.0296469 -0.903645
-1.86933 7.87704 0.256883
14.8953 -12.4571 1.20925
5.53379 7.8527 2.60197
6.69563 -5.70468 -0.100154
55.0178 -26.8628 3.45414
-3.58935 16.4561 1.30988
-10.8723 -7.31474 1.49793
-3.63235 12.2505 0.720461
-2.47882 9.41053 0.548436
-3.295 17.1215 0.928506
8.43122 0.777007 0.450172
10.5249 -16.1807 3.33583
-1.39596 6.24011 2.41839
7.08139 -1.52194 2.56386
5.10942 -9.88993 0.476589
2.47583 -0.241431 0.916837
-2.30223 8.09579 -0.294188
-2.70787 -10.7372 -0.296686
-3.43154 11.5707 0.6045
-3.136 17.442 0.887965
58.9499 -23.9857 2.79007
-3.46498 16.714 0.926761
11.5635 -16.6359 2.69691
20.4152 -14.3726 1.09268
4.2887 -11.9848 -0.223824
9.10225 -10.4174 0.604389
-7.5713 1.95295 1.93269
-11.6427 -4.16848 -0.825435
51.7402 -28.4761 4.78066
10.6311 -3.58385 0.213485
-1.3106 6.8979 2.38968
-1.51426 7.3088 2.36495
-8.35674 -8.38214 0.280277
4.15595 -10.8697 3.29952
-5.38101 7.07463 0.282143
-3.06272 11.0735 0.364827
-3.1245 17.3866 0.561148
13.8461 -12.7066 0.47723
22.3882 -10.0903 0.625585
7.90641 2.70325 2.86016
20.9833 -10.4832 0.59732
-6.4962 -3.49801 -0.300159
18.8609 -12.604 0.576954
15.1163 -13.4509 0.513931
-10.027 -7.62926 2.29442
-11.254 -6.91129 2.30255
14.4195 -9.63423 0.329031
-2.24712 7.98407 0.073471
15.8717 -5.68023 0.223849
13.9397 -6.59406 0.204349
23.4448 -16.9482 3.57945
13.4414 -6.7669 0.199332
2.71671 -0.353607 0.279008
4.77276 -10.9473 -0.101609
11.4845 -5.87168 0.0943374
16.5727 -13.2678 0.154318
9.32586 -7.56073 0.0872015
8.88392 -8.10433 0.0871897
-3.00657 11.4084 2.18588
11.9729 -7.75541 3.28737
-6.90092 -8.9555 1.5038
8.21661 -12.9828 1.52462
4.74418 -8.55542 -0.0541133
7.07536 1.56705 -0.0391194
9.31084 1.94228 -0.0513714
-9.80053 1.45645 0.983679
8.99649 4.45948 1.70456
0.0841239 -4.01313 -0.414547
5.73446 -1.95422 -0.291081
1.65989 -6.62674 -0.246231
-1.78489 -8.43051 -0.310794
10.6629 -3.59592 0.0807659
-6.06851 -8.84244 -0.450272
8.10077 0.709485 0.618715
-6.9963 -7.52912 -0.431352
33.7836 -13.2764 1.15353
-1.09953 -6.82691 -0.333697
2.49526 -3.30037 -0.351599
-5.39819 -7.97079 -0.464618
-3.12607 8.25284 -0.505764
-4.35597 0.376684 -0.315005
-4.22914 6.86146 -0.436799
-2.58701 4.83761 -0.29701
3.89289 -3.27572 -0.306924
-9.50029 -7.94603 -0.901754
2.74694 0.20828 -0.18823
3.20217 -3.24218 -0.3306
-3.70706 -10.3632 -0.801092
-10.6315 -3.4409 -0.812269
2.52909 -0.105877 -0.301104
-8.69372 -2.69519 -0.774676
-9.15778 -0.449639 -0.78011
4.10829 -0.900069 -0.389312
-7.35838 -8.85219 -1.04961
-3.13944 3.37083 -0.466662
-2.50979 -4.3343 -0.486701
-1.04809 -10.013 2.54524
-6.41944 -3.37952 -0.705222
-4.22593 7.62511 -0.819963
-11.9096 -3.90663 -1.34958
-4.67803 8.62577 -1.01377
-4.39633 10.6164 -1.18746
-4.60937 9.01963 -1.11081
-3.52196 7.57231 -1.01576
-4.34716 14.3429 -1.82452
0.490975 -3.30296 -0.42921
-6.62286 8.85374 -1.48237
-10.0574 -7.62769 2.08385
-2.17728 7.17389 -0.956744
-2.06882 7.47181 -0.989473
-5.05325 9.04618 -1.39109
-2.10881 -2.89867 -0.534102
-2.11649 5.69687 -0.887273
-2.30879 7.9578 -1.26369
-4.97271 0.926002 -0.802215
-3.0657 4.64943 -0.883276
-2.59702 4.78772 -0.863764
-4.53274 2.11071 -0.823219
-5.20117 5.13931 -1.24813
-1.48816 4.0647 -0.786298
2.71204 0.804786 -0.516645
-3.49642 0.890751 -0.73733
-3.43054 1.48806 -0.750023
1.70569 -0.901262 -0.459666
-2.50804 -0.899429 -0.632655
-2.90434 0.302134 -0.694861
-0.300039 -1.89739 -0.507463
2.05402 0.106669 -0.52869
-2.10201 -0.898241 -0.614791
0.998251 1.83901 -0.598352
2.60822 0.303818 -0.765944
-0.700634 -1.49907 -0.538425
2.81812 -0.497469 -1.08718
3.10759 -7.35311 3.05468
0.0220177 -6.27456 2.42264
6.26099 8.88826 2.49723
17.1955 -12.1228 0.535022
-6.00708 6.50838 0.470913
12.5826 -6.28627 3.32752
4.85257 -5.7018 -0.176548
7.92278 2.67646 2.69674
-4.93324 -2.96789 -0.630928
10.5437 -16.2114 2.74799
-1.97408 5.29898 1.84782
4.86609 8.58938 -0.595869
-4.27565 -2.39252 1.89114
10.296 -2.87514 2.65142
43.0498 -20.0659 4.42078
-8.68758 3.96623 -0.29511
11.3343 -16.527 2.66801
11.9033 -10.9931 0.306958
8.32616 -2.86934 2.2816
33.0578 -13.4653 3.76905
7.32094 -14.858 3.1014
3.09413 -7.35427 2.71501
-8.55472 0.290549 1.89711
-1.26258 -5.7977 2.26136
5.36702 1.80949 1.94668
34.2574 -26.0809 3.7483
-4.50325 2.62472 0.100693
8.01021 2.81709 2.64883
7.09996 -2.01238 2.53851
-5.10714 -3.93904 2.45674
-9.73209 -7.79087 0.889602
-7.76442 2.77925 0.261576
-0.769477 2.42797 -0.695979
5.9072 -3.52773 2.54943
8.22507 -7.64727 3.28074
7.8636 -15.1616 0.0680812
16.7971 -12.3095 3.47001
3.9354 -11.0102 2.88195
-1.90251 6.48605 2.3724
3.32795 -13.212 2.06243
-6.3056 -2.69704 2.12572
5.52624 -3.10657 2.44857
29.477 -18.165 1.73406
20.6678 -20.4198 3.23966
4.55797 0.876715 -0.450227
-5.70113 -3.70688 2.29232
-6.6355 -3.89724 -0.110684
4.49058 5.71909 2.64337
-8.54862 4.50153 1.31503
16.0401 -13.0097 3.19723
-7.04458 -6.42458 2.49595
16.8424 -18.8196 3.28495
-1.30435 -3.29912 -0.488693
3.79489 -6.99763 2.76581
6.89526 -6.90138 3.24489
1.92516 -12.6278 2.07606
2.32846 -10.351 2.71632
8.72687 3.83594 2.02789
-2.71031 -3.09152 -0.540463
59.0845 -23.6362 2.78932
-12.0252 -3.72894 2.40738
-6.90395 -3.29887 -0.692673
18.6241 -19.5668 3.09062
18.2719 -8.74063 3.29591
4.31465 5.92481 2.63772
4.49432 5.89007 2.63225
57.3748 -27.6046 3.19033
10.7135 -4.51707 0.0101793
2.60571 0.0970055 0.0664352
13.1204 -14.4834 1.69993
24.2327 -16.197 0.924628
-5.69915 -9.44492 1.90621
3.32602 -8.01005 2.59595
-11.0334 -1.69808 -0.312513
4.92876 -4.49944 2.56386
-3.89494 10.9001 1.9091
8.33007 -4.51879 3.20189
17.1422 -15.9246 3.32589
-4.35573 -2.76592 -0.627139
-7.04624 -6.42723 2.67554
3.29815 -7.46668 2.69554
-10.1129 -6.71726 -0.658491
-9.60675 -1.18489 1.90972
6.88576 -6.47908 3.22311
-3.3294 4.49699 1.94127
12.9186 -7.11119 0.195182
5.71579 -3.51871 2.54585
-1.2675 -11.4209 -0.694568
-9.32715 -1.50204 1.92547
0.145258 -6.27058 0.29645
8.03804 2.88228 2.46843
-3.35312 2.44667 -0.832812
23.5399 -16.9118 2.34482
21.4465 -10.6453 0.609481
10.5151 -16.1692 3.51411
4.14675 -13.5245 3.22904
33.2976 -13.3414 1.13924
1.91063 -7.04921 2.55269
10.8539 -10.5447 3.08743
39.287 -21.9553 3.91933
-5.29325 6.45184 2.31614
2.23456 -10.4076 2.69226
6.36959 0.958092 -0.331274
6.89942 -9.13757 2.82015
11.8662 -5.48503 0.0956571
8.32469 -3.30267 3.14288
-8.28696 -6.12739 -0.622597
9.1944 -10.5366 1.04196
9.89373 -3.34283 3.21966
21.7084 -10.2817 0.611505
4.43753 6.09976 2.62874
41.7059 -16.4174 4.45623
-5.99157 10.5787 0.683929
13.7691 -15.3886 3.31797
58.7931 -24.3781 2.78907
11.1067 -10.6458 3.03637
19.7356 -14.2749 3.69094
12.7302 -6.9094 2.95378
7.33472 -13.1417 2.96959
5.76791 -14.2956 0.0116649
-5.0488 -6.39099 2.8017
3.96282 -7.52772 2.6665
0.710193 -6.45239 0.286327
8.54433 -3.30107 3.15186
19.6232 -17.8019 3.61151
2.37343 -0.225479 -0.688796
9.67075 -3.34634 3.20978
-2.06652 5.09455 1.8494
-8.54167 3.9766 1.39565
22.7076 -8.76789 3.01283
11.682 2.09958 2.67107
-5.91748 -6.89445 2.49564
7.66561 -15.0115 3.32666
-7.49775 1.47783 2.40687
36.1798 -26.8567 4.4779
16.4933 -13.124 1.89712
6.26995 -3.48034 2.33964
-1.89886 5.49595 1.83995
3.93625 -11.0093 3.11237
9.69775 -15.8528 2.69686
16.8883 -13.1883 1.27099
6.6748 -8.73729 0.390894
35.1995 -26.4655 4.3765
-8.52978 -8.16938 2.49655
20.3844 -14.1768 3.53042
-0.70832 -11.5113 2.70246
-0.963223 -8.68779 3.00628
6.31573 -5.12267 -0.142032
4.28068 -6.00397 2.40547
2.71285 -7.51455 2.60668
7.2994 -5.10376 3.18966
10.415 -3.44236 1.73019
15.27 -5.84654 0.216693
5.15118 6.32412 2.62806
-5.52487 6.89337 2.27509
-7.25187 1.66678 2.41077
-1.75209 -6.99552 2.30222
-5.09777 2.33391 -0.854347
-5.7 11.292 0.758072
16.9067 -13.2 0.938583
-6.29509 -6.73466 2.49729
30.0323 -15.6004 3.973
4.37551 -11.7742 0.317828
1.96886 -10.5807 1.13423
-2.55526 6.30025 2.09657
8.83735 -5.50416 3.26514
2.09214 -12.7506 -0.346253
5.8963 -11.6357 3.37983
-5.43167 11.6717 -1.45107
3.23906 -13.1728 2.114
-5.70012 0.174047 1.9992
6.78181 6.37713 2.69093
40.5365 -19.2073 4.4593
3.90595 -5.86169 2.35569
10.9227 -12.5106 2.97491
28.5359 -18.8332 3.3978
7.49539 -2.09997 2.56451
-4.89867 -4.04194 2.29794
9.57447 -4.35396 3.24263
18.6113 -19.5544 3.51151
-9.09948 -0.167159 -0.88436
-5.53591 -0.891978 2.10087
7.64279 -7.46167 3.29233
4.11583 -7.64934 2.67638
8.91798 -14.4767 1.58005
11.0331 -10.0083 3.44809
-10.1845 -1.57639 -0.876365
6.15123 -8.62497 3.09802
20.6351 -20.3904 3.77386
3.11217 -8.22794 2.65676
9.54068 -8.23888 2.71889
-11.5542 -2.89679 0.0854841
27.1126 -23.1073 3.75929
10.0347 -3.70425 2.70663
17.8901 -19.2655 3.08455
-4.89493 2.65502 1.81577
36.1727 -26.8526 4.19166
7.39569 -9.1277 3.46717
8.80183 3.96682 1.57912
12.9575 -11.4659 3.30883
4.64443 -13.7828 1.53337
36.1889 -26.868 3.92418
20.458 -14.0425 3.5282
16.4989 -18.6724 3.54225
-6.49508 -6.90832 2.25025
44.4323 -24.8239 4.11953
28.9343 -18.0897 1.92381
4.32847 6.08676 2.63158
7.36204 -6.16006 -0.0523055
-4.05802 3.38453 1.91329
-10.5739 -0.292516 2.08864
5.70276 -8.65444 -0.181391
5.31376 7.11974 2.62166
4.29568 4.10766 2.26665
-3.90851 1.03065 -1.16028
-2.32184 5.77142 2.40291
7.49325 -13.6207 2.87927
-5.21188 -6.43688 2.79763
11.9894 -7.70099 2.99109
7.9682 8.79101 2.19806
-7.40853 -5.35574 2.64199
-7.29223 -5.91279 2.70091
-4.28407 2.53715 1.86356
17.8857 -19.2608 3.73648
-6.89657 -3.29081 0.499703
22.3764 -9.9268 0.623469
2.47553 -9.88699 2.57722
17.5216 -19.103 3.28897
14.1652 -9.5345 2.95203
34.2494 -26.0715 4.00465
7.30868 2.52269 2.88713
4.8298 3.70061 2.22044
6.87791 -8.931 3.12613
5.09304 -13.9782 1.52261
12.2815 -4.10408 2.71848
-6.669 -7.2711 2.25219
-4.68938 2.71397 1.51165
4.93509 -11.4258 3.25856
-5.1034 7.28629 2.29353
-6.50316 -3.47459 2.1005
1.34935 -10.4178 2.65642
-7.02443 3.2507 2.10659
12.3458 -6.90429 3.05184
-6.04714 10.4515 0.679264
20.1764 -14.4074 3.83887
10.0769 -2.79752 2.71022
7.42189 -9.16375 2.94366
6.33109 -8.70818 2.91693
36.3202 -26.9474 3.65923
-0.893121 -6.43433 2.43753
-9.28849 -7.96473 1.51267
-4.77019 13.5946 1.27565
17.1872 -13.2496 2.28961
13.0197 -4.48532 0.101077
14.4401 -8.87364 2.93028
7.69106 2.69732 2.24329
14.4513 -13.939 1.86699
9.70323 -2.75882 2.73268
2.09335 -4.32117 -0.329061
0.583078 -0.059215 0.179376
8.20075 -2.79648 2.26801
8.06741 3.10176 2.88197
-6.28686 5.85831 1.80282
-6.54093 10.3325 0.388385
-7.29283 3.28576 1.82536
11.0674 2.34266 1.43498
30.8687 -11.9249 3.49387
-6.28217 -1.50307 2.04112
40.0327 -20.4824 4.47035
2.70449 0.401883 0.378806
-10.4854 -7.48836 0.693422
-1.62334 5.99672 2.39949
-1.12978 7.30849 1.77568
-11.7088 -4.68338 2.48887
10.7743 -5.68185 2.701
-5.09779 4.31927 1.80836
6.39289 1.23207 -0.433596
19.043 -6.88442 2.31803
9.86964 -2.73682 2.7095
19.6773 -11.8896 0.584908
29.1405 -17.9683 2.98071
5.63505 -10.5442 1.40121
24.659 -22.0937 3.28937
16.7934 -13.1086 2.37541
-6.75493 -4.07875 0.902515
-6.60474 -3.58436 1.92094
14.0742 -14.6143 0.51549
5.02185 -8.15152 3.00144
-6.24732 5.19237 2.07673
7.70331 -6.90106 3.2736
7.87529 -6.88287 3.27995
17.1721 -18.9565 3.48583
10.3981 -10.4039 3.45046
-4.89414 4.83286 1.8181
-4.22543 2.53343 1.28822
10.2634 -3.39506 1.09003
-3.91732 8.55231 -1.49398
-4.30037 2.54175 0.295354
10.1742 -10.3067 3.12392
12.1661 -7.35167 2.98384
8.41056 -8.62537 0.0873396
7.9947 -13.7252 1.57613
5.46148 7.62728 2.60401
1.34268 -10.1399 2.64911
-2.09806 -10.9465 2.28983
-6.75938 -4.29838 -0.654769
58.3701 -25.0547 5.1425
-11.9517 -4.03174 -1.46218
-6.16082 -6.79687 2.36192
11.6398 -10.0468 3.03476
15.3801 -12.4713 3.24053
-5.46839 7.09871 2.24867
5.97623 8.3764 2.6033
-0.000646755 -6.38039 1.90296
19.1543 -14.0357 3.67675
23.8206 -15.9237 3.72835
3.84992 -7.31246 2.63902
-4.68918 2.73314 1.48587
1.76963 0.837526 -0.533961
4.9463 -11.4303 3.08533
3.69434 -7.29685 2.70532
0.0552707 -6.31276 1.50488
-1.52547 -6.42317 2.26955
3.98788 -13.4519 3.20319
5.8913 8.14727 2.60523
8.60983 3.48107 2.31346
-5.62192 11.4624 0.744903
16.9193 -13.2095 0.840749
15.2113 -9.25337 0.337945
11.9201 -9.54622 3.01421
-5.91021 5.71014 2.32249
0.967529 -4.79386 -0.354931
-7.29754 -5.11022 2.47588
21.8176 -10.5009 3.74982
4.39745 -11.2079 2.96502
3.49974 -10.9065 2.77429
8.10011 -9.50962 0.701551
7.41392 -2.45903 2.21637
20.8683 -10.6667 0.596721
7.83 2.48126 2.85305
-0.0210763 -6.48449 1.49647
6.8532 7.65371 2.02719
45.4468 -19.8437 4.31932
8.09613 -7.89714 3.27558
24.2522 -9.36276 3.05222
-11.1533 -6.96789 -0.51195
10.9307 2.33638 2.68687
33.1388 -24.2734 4.33566
12.7947 -5.77459 3.29105
9.3728 -4.79462 2.52922
-9.67625 -2.98031 -0.797637
11.96 -7.58018 3.40286
-7.7571 -1.99404 2.0498
-4.48328 14.2884 1.29369
1.89422 -11.332 2.62185
-10.239 0.439085 -0.178595
5.50147 -10.4813 1.34627
10.2117 -10.3416 2.96301
9.61914 -10.1101 0.441887
11.7535 -16.6983 3.09292
-11.1492 -6.96552 -0.633438
13.3306 -14.8984 3.45589
10.0804 -3.48724 -0.0574286
17.174 -18.9557 3.63603
-6.46192 -3.10667 2.29316
17.1892 -12.9229 3.32943
-11.8372 -3.54603 0.298496
7.5249 -4.26337 3.15847
13.1978 -4.73103 3.24593
-2.18669 -8.09981 2.37827
8.66337 -1.89271 0.117807
-6.29475 -6.49223 2.75927
-4.08183 6.80985 1.81175
12.8581 -14.7286 3.31819
-1.80209 -10.7736 2.58136
14.1451 -15.2342 3.56114
-3.72252 8.76166 0.301964
20.5172 -7.70454 3.11703
-7.29487 -5.11123 2.2895
6.87921 -3.73564 2.36419
32.9954 -24.4914 4.33722
-5.00086 8.22893 2.25816
34.2787 -26.091 3.4854
-5.95598 7.72953 0.608009
7.59333 8.37746 2.65219
16.9423 -11.9398 3.33121
8.6566 3.69502 2.10136
11.8654 1.75901 3.07201
9.58143 2.96985 2.28876
-7.599 6.39339 -0.092985
-0.000370682 -6.33655 2.27638
6.94265 -7.11569 2.51417
-2.69016 -1.50366 -0.613952
9.95747 -5.01858 2.54575
9.5801 -10.0689 3.12732
3.39209 -13.2096 3.08966
-7.21281 -3.09315 1.74076
-1.74787 4.07791 -0.802111
8.84264 4.10284 1.7082
-5.29877 7.51198 2.07805
37.3744 -27.3784 3.16344
9.65961 -15.8467 2.2945
9.5881 2.97219 2.47504
-4.12064 8.06234 -1.04889
8.58739 -4.96871 -0.0537808
5.51751 7.29887 2.61949
-5.61161 3.13339 1.89529
22.4204 -9.78855 0.62292
-3.85298 -10.32 -0.801168
7.76639 2.28334 2.71448
7.91281 -9.41065 2.66992
8.16946 -8.53356 2.83784
0.936348 0.0282249 0.278483
6.95537 -8.89812 3.31027
-4.66131 2.71704 1.11317
6.02241 8.33251 2.60109
17.8959 -7.42708 3.00035
18.2789 -18.068 0.814419
6.09813 -14.3569 2.69559
-4.79854 5.35834 -0.965064
7.66691 -15.0072 2.75658
8.48141 -6.21474 2.61691
29.9738 -13.2924 3.65859
-1.78151 5.76866 1.83773
-1.82639 5.64392 1.8346
12.0797 -7.501 3.06767
-4.1684 -4.71477 -0.535218
9.27215 -8.1068 2.65639
-5.69097 5.69136 2.32606
8.67944 3.31555 2.40718
9.58351 -10.076 2.99951
17.3699 -10.9325 3.29882
9.77153 -15.866 3.45189
10.9398 -16.3786 2.49816
4.88213 -11.6933 2.73227
-1.49513 -2.31313 -0.535419
4.82632 5.39464 2.44444
6.70568 -8.85395 3.25513
11.7597 2.06232 2.11219
15.0928 -12.4714 3.14629
12.9832 -12.1047 3.06842
18.7696 -12.389 0.572038
18.2315 -19.3922 3.46218
12.8404 -5.70058 2.94929
-9.32149 -4.03327 -0.737226
8.33813 2.52794 2.41824
8.50528 -12.9059 3.24367
14.9175 -7.6881 2.90171
15.0297 -15.6016 3.48115
-5.99962 10.4444 0.382205
17.9495 -7.30595 0.368696
-10.3973 -0.00164727 0.87286
10.7303 -3.62269 2.68905
2.69433 -12.9313 2.68955
-8.02539 -7.01045 2.23567
20.1191 -11.4459 0.589064
8.06434 -12.7401 3.11884
11.6695 2.09835 2.12332
8.84305 -9.76056 3.00678
12.8548 -12.2456 3.06895
-5.63062 -3.26605 2.11274
10.2784 -2.87099 2.10729
-2.38165 6.73338 1.92214
12.8719 -6.5082 2.94146
8.51538 -12.9203 3.10398
-5.37112 7.33791 2.04588
14.8384 -7.87925 2.90487
7.61124 -12.5305 3.04715
6.15968 -12.9287 2.91945
5.95732 -13.1702 2.9463
-8.21391 0.413518 2.08724
5.67835 -2.31054 2.36782
6.30994 -8.18899 2.61437
2.38319 -12.8041 2.67369
-3.17414 -7.40223 -0.388308
6.09728 -7.43111 3.24726
18.2601 -19.4197 2.972
7.17065 -9.79993 0.0877968
-5.59664 -7.08412 -0.490292
-5.04471 4.48705 1.78457
8.62106 -3.06014 3.14783
-11.4267 -2.53494 0.52012
-6.60412 2.63806 2.40156
-2.77214 8.12966 0.0914438
8.4454 3.82111 2.77557
10.2968 -10.494 2.90139
-7.7062 4.25882 1.68439
-6.66166 5.71065 1.78817
4.68582 -0.0166035 1.46717
7.41082 -9.15262 3.15245
-9.75032 1.69066 2.04703
-5.59549 6.73313 1.78424
-5.59073 6.81207 1.79592
3.27856 -0.611434 -0.292588
-3.76705 10.1812 2.21327
11.7788 -4.30146 2.47525
-1.73568 5.88917 1.8322
10.1957 -10.5842 2.90021
5.1646 6.21521 2.30138
9.88824 -10.9162 2.90664
-11.8053 -3.34696 1.31227
9.5977 -15.8021 3.31212
-6.41781 6.29594 0.869032
8.13887 -12.8603 3.05157
-1.28643 -4.25964 -0.451973
11.3348 2.10981 2.74284
34.2669 -20.5604 2.7291
0.381875 0.40096 0.11767
-10.2315 -6.48162 2.61313
4.49415 -11.4834 0.910258
4.40367 -11.6392 0.92685
-8.55291 -6.93384 2.17296
-10.7237 -7.33591 2.5056
-6.77105 -4.04912 1.49862
-9.61261 -2.50241 1.95977
7.97698 -8.33537 2.84168
7.73701 2.84635 2.23223
-8.03697 -2.6015 1.98038
-4.77576 8.78422 1.90244
44.39 -17.4389 4.44041
8.00282 8.77393 2.3073
11.3328 -8.96321 2.7628
11.3366 -10.8049 2.99472
6.31456 -4.30912 -0.180044
-1.12294 -5.38406 -0.399177
19.3987 -19.8901 3.43687
28.7968 -11.3305 3.83047
-7.86798 2.86963 0.110199
21.4331 -11.6328 3.46791
12.9469 -4.57152 0.10076
3.43963 -1.46447 -0.385274
-8.85485 -7.17858 2.17965
14.8424 -13.4642 0.509278
-4.63348 9.13348 0.480647
11.9241 -10.1647 2.90283
27.1723 -20.6853 4.22574
12.2854 -7.88982 2.97728
7.30132 -14.854 2.9127
-8.70245 1.89772 1.70254
-8.55134 2.28155 1.69172
-7.93934 4.49809 1.74418
13.7107 -15.7116 2.07072
-6.89298 -3.25847 1.50198
-5.70363 7.30945 1.77233
7.66113 2.5478 2.25678
0.500288 -6.29776 2.10044
13.6743 -9.95152 0.320749
-7.78567 -2.06556 1.93417
-3.4452 8.31941 1.72105
6.33301 -8.62604 0.28763
7.90626 2.90864 2.30985
10.3484 1.69677 3.03195
5.91326 -14.2817 2.71944
29.39 -18.122 2.15216
29.0762 -17.9245 3.60542
-9.30056 2.69718 1.49616
6.82843 -2.85469 -0.220484
9.1434 -13.8741 3.07785
-8.70445 -2.294 2.49839
-9.94747 -3.73601 -0.771335
-5.41725 7.24506 2.24812
37.3931 -27.3804 4.312
-6.72106 6.64046 1.63262
5.93086 8.42163 2.606
14.0826 -14.0949 0.506245
5.03523 -4.05711 -0.232321
-4.50424 2.66163 1.68796
-8.7695 -7.95095 2.19295
35.2139 -26.4694 3.83519
-9.03885 -7.60693 2.18796
18.686 -7.14735 0.380536
-9.75035 -1.97026 -0.846637
11.7519 -16.6932 3.46467
-10.2038 -2.49056 1.94534
-1.50711 -9.38041 -0.283799
-7.21383 3.57568 1.49067
4.71488 6.50229 2.62137
-7.17067 3.60927 1.48629
7.70728 2.10266 2.49328
11.3288 -16.5191 3.52523
2.7389 0.251658 0.0412987
8.50492 -15.3462 3.08736
-10.1127 -7.64907 0.282011
38.8252 -22.639 3.63739
5.69906 -8.68628 -0.564353
2.55391 -7.35866 -0.183823
14.1415 -6.80107 2.71311
8.98478 -15.6425 2.01054
1.49113 -4.08558 -0.360468
-1.7184 -8.09257 2.98789
18.2447 -19.4072 3.12515
-8.91397 -8.0934 2.0852
10.5268 -16.1886 3.10221
4.11258 5.68041 2.64641
-10.705 -7.34794 2.2856
6.93987 -8.1473 3.2985
5.1103 6.11194 2.49985
-9.90031 -2.84143 -0.810832
17.8941 -19.2659 2.93156
-11.8264 -3.30577 2.10699
14.2696 -14.4474 0.515484
23.1938 -16.3419 3.69173
-4.78614 5.09098 1.80935
7.30702 -14.8605 2.70871
29.9129 -21.9171 4.1365
11.1133 -16.4195 3.48937
14.8816 -9.88633 3.41729
-6.76577 8.87952 1.93165
8.51553 -9.67682 2.85972
7.64821 1.96442 2.38504
10.6368 -10.5133 2.95153
-3.12231 9.12453 1.67652
-3.64259 11.4967 2.0848
13.9849 -5.15555 2.57721
14.7012 -8.27952 2.91715
-3.99448 0.975043 -0.575452
14.522 -8.65455 2.9228
13.3238 -9.76603 2.85582
7.24639 -10.0343 2.13858
10.7196 -16.2643 3.30563
-0.89651 -8.83242 2.51682
25.2245 -12.7045 3.67571
-12.0771 -3.87823 2.13026
-8.41648 4.83609 1.64693
6.51749 9.75236 1.73799
-6.92721 6.16461 1.60229
-8.85289 -3.10718 2.02305
-3.04557 9.31883 1.69407
8.106 -3.30192 3.14766
29.3875 -18.1321 1.94679
15.085 -7.1392 2.78094
14.444 -15.3642 3.51313
11.326 -16.5151 3.27649
11.1232 -16.4327 3.30524
9.69573 -15.8481 3.09433
14.2403 -9.33322 2.94363
-6.74931 8.75707 0.75468
-4.24965 2.50724 -0.305007
9.64322 1.43021 -0.350053
8.74688 -15.4505 2.90488
-4.14028 7.41648 -0.825223
-10.2117 -2.62564 1.95284
6.68655 -14.6048 2.64324
-10.4947 -7.44175 2.10465
-11.2524 -6.88966 2.12038
14.6112 -8.4623 2.91934
48.0799 -26.1105 2.74093
11.8009 -7.99512 0.188362
-7.30988 -6.11604 2.70257
-8.71172 -2.53483 2.07388
-4.05551 1.28344 -0.257436
-1.86265 -7.24689 2.3044
15.093 -10.503 2.95505
14.4405 -15.363 3.38798
34.2588 -20.5564 2.9807
13.586 -15.5637 3.31952
2.70713 -7.95086 2.6326
5.2797 -9.67101 -0.260137
10.2463 -5.00627 0.00978462
6.91615 -2.71612 -0.221272
-6.73846 8.91429 1.72549
-6.06711 10.5613 1.87045
-5.10187 9.33759 1.70944
18.2694 -6.48297 3.00227
8.09086 -9.50055 1.50266
-4.63559 13.9177 1.11269
17.6088 -8.07952 2.99992
26.503 -22.8748 3.04718
21.4833 -11.324 3.68073
10.5462 -16.2168 2.33017
16.6966 -13.0401 3.27982
-8.07848 -8.54375 -0.784085
27.1232 -23.1276 3.54161
-8.88836 -6.89691 -0.610265
19.4723 -7.24564 3.08063
11.3268 -16.5208 3.09999
3.79674 -13.4088 2.17364
8.05427 -9.46027 2.68018
-9.31304 -7.94088 1.89565
-3.29049 -2.6985 -0.581275
10.5255 -16.188 2.9244
-11.8645 -5.04432 1.91374
-8.09534 3.89086 1.38957
-5.97956 8.38319 1.59349
-4.2414 -9.73147 3.91041
-6.57508 9.28808 1.67356
9.88105 2.82926 1.53155
29.3568 -18.1087 1.72739
20.1875 -14.4123 3.67696
19.174 -14.0472 3.52336
-4.53252 2.60436 -0.828977
16.7411 -13.0714 3.08372
20.3368 -17.7709 4.00328
19.9179 -17.6211 3.94192
-6.52507 -9.14914 -0.299971
19.4697 -17.4388 3.87425
19.0311 -17.2576 3.80792
18.6218 -17.1022 3.74774
15.4477 -17.0583 3.41079
11.3353 -16.5285 2.90874
8.96178 4.46919 2.29793
9.09175 -15.6058 2.62086
4.64149 -13.7712 2.10808
1.48244 -7.82555 0.93271
20.6236 -20.3833 3.95232
21.1178 -20.6127 3.11351
-11.5492 -4.95319 1.86251
-1.50884 -3.10612 -0.506954
-4.46086 13.7849 1.70404
29.1778 -17.9869 2.77357
-11.8057 -5.0634 -0.303388
-7.06437 8.09396 1.52095
-11.3468 -2.29545 0.900007
-6.08371 10.489 1.70056
-10.3525 0.126395 1.09133
29.2282 -18.0195 2.34475
22.0385 -21.0077 3.02493
-9.88798 -7.76617 -0.644432
21.076 -10.2934 3.33563
10.298 2.44722 3.00242
6.10175 -8.55892 0.34756
20.7244 -13.3094 3.50222
21.4067 -18.2457 3.99916
20.9012 -18.0374 3.92526
19.4955 -17.4666 3.72158
19.055 -17.2774 3.65676
18.6453 -17.1155 3.59815
-3.14626 10.1481 2.22978
-4.489 9.49273 2.09527
-4.41959 9.64966 2.09662
19.8028 -20.062 4.00788
19.3753 -19.8644 3.94487
18.6032 -19.5538 3.83713
16.5787 -8.34968 0.352678
11.9849 -16.8026 2.93305
-5.39358 4.62388 2.36186
9.09408 -15.6149 2.51489
3.30986 -13.2193 1.8954
20.0877 -14.5326 3.52527
7.27532 -3.89368 2.40927
-4.64161 13.9068 1.32005
-0.844959 -8.48256 2.539
-11.6353 -2.92182 1.50076
-3.86745 0.906716 -0.751046
-6.77561 8.79227 1.51122
-7.58561 6.46424 -1.43718
10.3663 -3.43118 1.45396
20.7849 -9.06951 3.09206
26.8347 -20.6972 3.97764
8.28173 -9.60494 0.399924
19.3106 -12.2426 3.11685
23.8045 -15.9165 3.90401
24.1433 -21.9023 2.83729
-7.78677 6.55232 0.383207
21.6841 -15.3812 3.62421
6.1627 -7.37352 -0.0525395
16.7497 -13.0793 2.89641
28.526 -19.0713 1.71824
19.3798 -19.8698 3.69675
19.8624 -14.3675 1.38146
18.9911 -19.7138 3.7308
5.50181 -12.3703 0.0975923
11.9741 -16.7905 2.80976
-3.77439 -8.24395 2.397
6.30164 -14.4656 2.10037
-1.05249 -11.4016 1.59222
-4.18095 -7.59829 2.72146
-10.2385 0.303258 -0.470987
6.17325 -14.4086 2.22725
-8.69185 -8.22641 0.891605
-10.6541 -0.515961 1.90982
-5.90947 7.29212 1.76579
26.1212 -10.6477 3.67134
-4.20631 3.94522 0.288349
8.59716 -15.4057 2.45532
-5.9936 10.7359 1.86268
-3.44731 10.8785 1.3386
-5.14899 5.61329 0.241509
24.0574 -15.4564 3.72088
47.9791 -26.4239 2.74417
16.7662 -13.096 2.69964
8.81402 -7.90136 2.62423
21.88 -20.5842 3.90815
14.8979 -13.5042 0.510667
19.7896 -20.0404 3.66376
7.71665 -9.35941 1.51476
7.42268 -9.66951 1.48736
5.67428 -14.1944 2.03429
19.5977 -14.7371 1.52775
34.1875 -20.7999 2.00425
-6.97825 -3.24414 0.889709
17.8871 -19.2642 3.25166
38.7949 -22.6122 4.17896
9.68165 -3.90812 -0.0563288
7.34377 -6.74169 3.2542
2.48678 -0.256164 0.0643099
-0.21252 -6.96219 2.35221
23.6256 -10.6621 3.20784
13.4897 -13.6656 1.7854
14.593 -6.36715 0.210985
27.7683 -20.8712 4.29851
18.8224 -7.40574 3.31136
17.157 -13.2286 2.68003
19.6455 -16.9621 3.21109
-10.9367 -3.28475 -0.829015
22.9954 -21.372 3.88395
20.6502 -20.4151 3.50003
10.3575 -16.1424 2.31031
-1.98325 -7.52588 2.2955
4.64437 -13.7776 1.70686
-4.03317 13.5935 1.49603
-2.10294 5.90998 2.40648
-1.62698 -6.66848 2.28095
-5.03094 13.0447 1.72966
25.3808 -9.4495 3.1796
5.39216 -9.12785 0.107436
30.5877 -14.2569 3.96204
25.488 -14.8635 3.46345
27.9337 -17.9482 3.89743
24.029 -16.0622 3.30806
8.10743 -9.51942 1.08638
27.2144 -20.7161 4.01428
9.73306 2.69193 2.8035
23.5369 -21.6141 3.75024
-10.5082 -7.49956 -0.108594
23.0183 -21.3918 3.68748
22.5217 -21.1892 3.62862
12.5295 -10.5914 0.310974
21.0931 -20.59 3.45876
16.2218 -18.5802 2.89357
11.5627 -16.6427 2.31803
-8.10348 -1.68936 2.50039
-10.0629 0.897118 1.89267
38.1476 -16.6517 4.39478
-4.42709 0.470906 -0.758928
8.85594 4.13268 1.87854
-4.50168 11.8841 1.49107
5.85343 6.10971 2.16559
27.1984 -10.6893 3.26084
28.6453 -18.6484 2.97583
30.2297 -12.7546 3.66086
33.1425 -13.2729 3.76946
29.0489 -17.905 3.80667
23.5496 -21.6212 3.56544
23.0329 -21.4007 3.50609
22.5153 -21.1866 3.44785
21.1007 -20.5931 3.2877
20.2455 -20.2585 3.10787
19.0243 -19.7412 3.05681
17.5518 -19.1315 2.89462
17.2025 -18.9833 2.85612
10.3562 -16.1424 2.0802
58.1329 -25.8087 3.96665
3.5218 -13.3606 1.5389
-1.05154 -11.4041 1.29192
-8.79559 -8.17381 1.30188
-9.30114 -1.92656 1.95044
-11.7106 -3.11619 1.28945
-6.06601 10.4895 1.28509
-5.08663 12.8696 1.48776
-4.25485 0.893457 -0.767611
38.2423 -16.4154 4.39413
37.3813 -18.5402 4.40558
-4.76497 13.5765 0.982455
28.7885 -18.2384 3.59715
23.5597 -21.6253 3.37439
23.0328 -21.4036 3.31761
29.486 -18.1622 1.5164
20.6723 -20.427 3.06619
4.12835 -13.5276 3.07887
6.4128 1.08303 -0.352646
6.71401 -12.3811 1.48452
13.0489 -14.4962 1.57697
-8.94063 -1.30773 2.10106
-11.8505 -5.03901 1.3192
7.31869 -5.64385 2.79962
-6.4198 9.53221 0.718592
-6.55197 9.28744 1.10812
-5.56447 11.6931 1.30199
9.96152 -15.9529 3.30978
-1.98333 6.08305 2.4097
-2.83412 18.3249 1.72547
25.3781 -9.62528 2.69821
7.80603 -2.42388 -0.192033
41.0808 -17.9318 4.45656
40.9466 -18.1848 4.45411
40.8669 -18.4505 4.45764
39.3937 -22.0214 4.48623
-1.52234 -10.2407 2.54913
28.7039 -18.4513 3.39114
7.72998 -1.52201 0.515391
13.4924 -13.7596 1.91392
8.99068 -13.652 1.62295
4.76709 -10.9506 1.18521
-11.5581 -2.88084 0.292145
5.14278 7.29487 2.62473
5.02679 7.08116 2.61311
-7.78068 3.00219 0.264566
-10.4077 0.00193619 1.03347
33.3008 -18.6124 4.25617
-4.31345 14.7109 1.47473
47.1577 -19.2113 4.74047
7.28756 -10.0856 1.31149
12.3019 -5.10521 0.0974709
45.5438 -22.9545 4.74689
45.3995 -23.2178 4.74614
41.1312 -21.3542 4.31334
41.934 -22.773 4.44099
44.8335 -24.7051 4.76409
34.5998 -20.1881 3.7277
-6.89759 -3.29548 0.31659
37.2716 -27.3153 4.29958
-1.5023 1.49986 -0.681917
13.8824 -15.7108 1.94938
-4.55198 9.30691 1.89874
13.8581 -15.8779 1.95957
18.9944 -19.7144 3.89182
12.0234 -16.8619 1.9254
14.3444 -9.08997 2.93601
7.78594 -13.367 1.4377
7.04239 -12.2626 1.31411
6.85474 -12.2323 1.32756
8.3869 -5.75663 3.25047
1.10917 1.90024 -0.604276
5.41997 -12.2296 1.24256
30.6531 -11.8364 2.8621
4.75073 -13.8156 1.8979
-7.70134 -8.69766 -0.905558
52.1562 -27.4898 5.13503
34.7341 -20.2694 3.50182
0.988552 -6.96145 0.501362
9.70926 -3.07997 2.71642
9.7377 -3.22272 2.65812
24.1075 -16.1188 2.52449
25.9042 -22.6368 2.99419
25.2455 -22.3352 2.93371
24.6783 -22.1049 2.88345
20.6464 -20.397 3.59003
23.0716 -21.4521 2.74198
9.23656 -13.829 1.47084
19.0847 -6.90672 1.32572
-4.26834 1.47194 -0.279154
1.50264 -6.79607 0.604418
-11.6243 -2.96451 0.911307
-5.24485 12.4464 1.0917
-4.31258 14.7031 1.28682
7.80767 -1.50815 0.642902
7.76614 -1.53525 0.676332
30.6632 -11.8365 2.66082
52.9686 -25.8827 4.77226
52.7713 -26.1728 4.76857
-7.68564 -8.67162 -0.443857
52.6324 -26.5076 4.77056
9.72545 -3.21742 2.49492
16.843 -18.8225 3.51628
36.9887 -19.5011 4.41446
37.3384 -27.3492 3.74491
16.862 -13.1642 1.73005
16.266 -13.8632 1.72828
23.5541 -21.6308 3.17705
14.0788 -12.7647 1.53652
13.0266 -14.742 1.59058
5.09354 -13.9676 1.38112
5.56393 -4.96911 -0.175854
3.6583 -3.93936 -0.291522
-2.98764 3.57379 -0.316433
-11.9838 -3.80003 1.01715
-11.4428 -2.53173 0.893356
-6.24987 5.90454 0.673483
17.5153 -6.09301 2.98134
17.5048 -6.27051 2.98922
-4.76731 13.5865 1.11947
19.0848 -6.90757 1.51426
52.7857 -26.1995 4.39785
51.8932 -28.1815 4.40657
3.45623 -0.657075 -0.120496
9.69511 -3.29587 2.30412
36.3366 -26.963 3.37514
16.8844 -13.1829 1.52949
-10.0921 -7.67943 -0.300532
16.3358 -13.4968 1.51294
14.5758 -12.4248 1.42771
7.54758 -9.20459 3.26418
5.85048 -8.82188 0.788327
-1.92222 7.80688 -0.534803
8.05632 -1.95915 0.312895
-11.3898 -2.41289 0.868387
-0.305645 -7.18757 2.60286
6.48478 1.22802 -0.478833
17.5298 -5.91771 2.97443
-5.5445 11.6926 0.884759
-5.46288 11.8949 0.907987
52.4909 -26.8557 4.77269
38.8204 -22.6507 3.06968
24.2454 -16.2174 1.90464
36.3593 -26.9791 3.09139
13.5896 -12.9428 1.28032
9.90513 -10.2842 0.931293
6.29641 -7.72363 3.25265
9.0977 -10.4194 0.943184
20.2982 -8.26863 3.11713
5.05772 -9.97368 0.703873
1.9083 -7.06524 0.476383
-6.61843 -3.88727 -0.888671
6.1657 -8.64717 2.87723
28.7158 -18.4506 3.17576
-10.0163 -6.10692 2.60089
1.50914 -5.88133 -0.292452
2.30342 0.502805 -0.504434
2.29187 0.308869 -0.510704
2.3097 0.0953569 -0.56525
8.29916 3.70628 2.29709
-5.24508 12.4437 0.922004
18.8394 -12.2698 0.571878
-8.19266 -8.39788 2.13676
14.7518 -12.4183 1.2583
6.87329 -2.27394 2.20832
7.58866 -9.36861 0.677032
-3.01193 3.86084 -0.458436
0.497833 -6.36296 0.304277
-8.21935 -8.42365 0.697466
4.46859 -13.6759 2.70715
5.62829 -14.1651 2.6817
-4.65602 -6.57039 2.82505
4.71133 -6.19316 2.39676
27.931 -15.1726 1.00884
13.5437 -10.0529 0.319918
-4.28338 14.7727 0.958757
-4.03958 15.3289 0.988116
15.6443 -5.66213 0.220551
-5.24317 -2.03942 -0.683882
-6.62441 -3.84519 0.0957148
13.6302 -12.8322 1.05449
58.1492 -25.8198 3.58908
57.3586 -27.6052 3.5906
20.0738 -14.3322 1.31259
5.65452 -12.7622 0.183369
-1.90103 1.49891 -0.698675
-0.110984 -6.84856 0.286484
-7.8575 3.04557 0.487172
58.9229 -24.021 3.18902
8.32014 -9.65141 2.74806
48.5571 -25.9851 2.75904
-2.17254 4.31817 -0.833927
28.9487 -18.1032 1.70985
28.8742 -18.304 1.71202
22.4076 -15.3833 3.70537
23.7631 -16.5278 1.44918
4.8966 0.0904174 1.41337
20.2922 -14.2994 1.2427
7.16448 -9.85313 2.85679
-2.7048 2.47861 -0.767629
-2.70323 2.7027 -0.779675
-4.12189 -7.49296 2.86706
4.93096 -10.3115 0.489664
27.782 -20.8802 4.0791
-5.74195 -7.94407 -0.456479
-8.87534 3.93391 0.365613
-6.72909 -4.08717 0.292991
4.65104 -11.1004 0.304648
-7.64571 6.84349 0.481368
-7.26475 7.94316 0.538958
-5.96562 7.50275 0.47971
-6.26768 9.89703 0.513667
-9.90324 -7.70463 1.71916
19.1059 -6.9041 0.890101
19.1197 -7.10858 0.893695
-6.91954 -5.67841 2.70383
58.9462 -24.0188 2.78935
57.7409 -26.8843 2.79102
47.9183 -26.3793 2.39608
-10.3336 -3.55865 -0.793389
3.90604 -3.67184 -0.290784
-10.4933 -7.49088 0.486579
-6.29276 -9.23479 0.488873
-5.54385 11.0068 0.539666
-5.57576 11.5968 0.563331
-6.47334 2.167 2.41204
-6.46141 2.28897 2.40427
-9.91377 -7.68975 1.90067
19.1149 -7.11332 0.70836
44.6222 -24.9499 1.92647
29.4087 -18.1423 1.30167
28.8766 -18.307 1.2879
28.542 -19.0836 1.29317
-11.6758 -3.27149 -0.508566
5.53356 -8.89812 0.320992
15.7816 -12.6371 3.30881
30.7409 -11.8724 1.04692
29.9988 -13.5413 1.04502
28.9993 -14.3976 1.0278
58.207 -25.8253 2.79017
26.1087 -15.024 0.955923
7.18107 0.485365 0.979809
25.0413 -15.0293 0.926694
24.8618 -15.3321 0.9268
24.6244 -15.6136 0.925075
23.6918 -16.7058 0.919545
23.5554 -17.0387 0.922039
20.95 -15.5492 0.827354
7.90972 -9.46322 0.312201
7.66398 -9.37161 0.287116
6.36681 0.952593 -0.502793
9.24621 -15.6496 3.31148
5.66039 7.43757 2.50476
2.68891 -0.356508 0.0889194
-11.4167 -2.53611 0.312267
-11.0147 -1.56544 0.282438
16.3076 -12.1068 0.516412
-1.78166 8.17321 2.08796
-2.71335 5.00248 -0.412711
11.9723 -7.58579 3.2587
-5.44529 7.63427 0.297438
9.65629 -13.3674 3.50907
-10.0493 -7.62567 2.10278
19.1043 -7.10825 0.51935
22.2694 -10.0498 0.622062
-3.12447 -5.84903 -0.441905
21.4395 -9.99376 0.602205
-4.10667 2.4614 0.297883
20.194 -11.2843 0.588732
-4.52784 2.63879 0.30995
19.0957 -11.7796 0.570781
19.2995 -12.3179 0.582416
16.4921 -11.8557 0.516477
15.0826 -13.5143 0.514682
-6.88276 1.50039 2.42281
5.14125 -11.5133 3.30128
-5.34858 8.77238 0.261586
19.0833 -6.90514 0.385897
18.2977 -7.45847 0.375586
17.9736 -7.57954 0.370899
-11.2525 -6.89977 2.29871
17.4575 -7.71104 0.362783
8.72015 -12.4723 1.32351
15.0535 -9.21618 0.335034
14.9347 -9.33809 0.334289
13.8778 -9.78204 0.322097
13.9266 -9.94488 0.324628
-1.97626 -7.68395 -0.33231
5.51229 -10.0932 2.69644
5.69274 -8.69709 0.166558
5.38966 -9.12294 0.200458
1.83667 -8.68593 1.20832
1.92361 -10.7022 1.14599
4.32213 -11.9051 0.304435
-10.1502 0.872345 0.193538
-9.10841 0.897004 1.74937
14.1995 -9.66219 0.325856
-9.99397 2.17828 0.194355
24.6669 -22.0917 3.07995
21.5436 -20.7763 4.0796
-4.40102 1.17283 0.0864165
-9.62093 2.7241 0.190097
6.43667 -8.57267 3.30403
13.9039 -6.6597 0.204186
13.7015 -6.69251 0.201939
13.1428 -6.97806 0.196945
9.23416 -15.6338 3.4717
7.89853 -9.45272 0.105992
-2.19862 -5.04871 2.09829
17.4383 -16.6112 3.56949
-9.9046 -7.74451 0.0998331
-11.7118 -3.28098 0.086741
-11.0043 -1.56352 0.114196
8.64029 -15.4209 2.29802
5.39268 -13.9905 3.23362
6.3596 -14.3621 3.00312
8.75083 -15.456 2.30952
20.2481 -12.6635 3.25568
11.7579 -5.57042 0.0951005
11.2642 -6.07107 0.0934711
11.1278 -6.22309 0.0930564
8.61549 -8.41567 0.0874834
-3.3672 11.6099 2.1655
7.93664 -9.20693 0.0880155
6.83299 -9.83622 0.0865532
5.27939 -12.4827 0.111146
38.8429 -22.6702 2.53603
-1.86851 7.71522 0.0581479
-0.00127456 -6.59623 0.343053
7.81292 -7.23733 0.00861352
-2.10761 -10.9389 2.47143
6.50602 -8.55538 0.00861674
6.15962 -8.921 0.00842913
-2.28616 6.88821 2.30649
4.8648 -10.2091 0.00893351
-5.91781 1.79466 0.00546825
-3.87945 3.5164 0.00455468
1.67301 -10.0518 2.89947
-10.3343 0.299628 2.09092
-3.00746 4.0555 0.00439149
-4.70772 -7.34549 2.69648
2.47013 -0.252249 -0.101619
2.67505 -0.357633 -0.105455
5.63595 -7.82366 -0.0529606
5.41969 -8.00524 -0.0531302
5.30475 -8.10311 -0.0530356
4.16875 -9.06545 -0.0550109
9.45339 -2.96619 -0.111983
8.85364 -3.45212 -0.107623
2.76009 -13.0503 -0.112797
8.93064 4.42614 2.02904
-2.69587 -10.7691 -0.671893
2.75184 0.257452 -0.0652292
2.62872 0.157199 -0.115371
7.96144 -4.3553 -0.102956
7.77503 -12.6232 3.06656
11.8463 -8.08194 3.13699
8.44346 -2.73444 -0.154433
3.84193 -6.68874 2.51633
-5.74418 -1.97683 -0.703206
13.4863 -13.1722 1.11788
4.65036 -6.65063 -0.141954
-11.763 -5.1541 -0.282887
-4.4054 7.88873 -1.04669
6.38196 -13.4476 2.93696
-1.4935 -11.2683 -0.321692
-10.4066 -0.191939 -0.351734
22.5369 -21.2123 3.07461
7.76707 -1.55736 -0.235616
1.04109 -7.31442 -0.220974
6.29857 -8.17928 2.61106
-2.78397 3.79899 -0.14011
-6.47604 -9.13752 -0.402507
-7.51611 -8.73564 -0.455142
-11.1054 -1.89205 -0.47291
42.8151 -20.5871 4.422
9.27867 1.75785 0.4429
1.1143 -7.50227 -0.22654
-3.71358 -7.60706 -0.408096
0.912087 -3.75638 -0.398795
-4.43329 2.58376 -0.285586
-4.23195 2.50115 -0.296119
4.63837 -11.1055 0.896137
5.2592 -2.64008 -0.282947
-4.67657 -7.91145 -0.442571
-4.90797 -8.07552 -0.455055
0.971156 -5.40324 -0.331362
8.0191 -1.86016 0.861636
-6.4152 -9.22934 -0.541322
-4.33264 0.370853 -0.293721
0.50675 -6.30425 1.90082
14.096 -15.0891 3.82611
-5.62655 11.2088 -1.25821
22.5586 -21.2238 2.88066
-4.64373 -6.34548 2.22852
5.06484 -2.26545 -0.300611
4.08124 -3.28942 -0.299828
-5.07369 9.4943 0.538989
6.16237 -12.3466 2.8957
4.74987 -13.8122 2.1188
10.5058 -3.47776 2.05004
-10.2937 -6.72226 -0.667553
-10.4537 -6.6696 -0.672581
4.36245 -2.73584 -0.310489
-7.06989 -8.94895 -0.8991
-8.09994 -8.54638 -0.915852
-9.70861 -3.88454 -0.759595
3.95894 -2.88007 -0.326005
21.0815 -20.5817 4.01586
-2.16233 -5.5049 -0.429269
3.30525 -3.51601 -0.321431
4.64104 -13.7699 1.9336
-11.0347 -4.34033 -0.79028
6.39592 1.09109 -0.466612
-3.77466 -10.3522 -0.800814
-9.17501 -4.07072 -0.728556
-10.742 -3.3691 -0.817816
-3.12014 8.25599 -0.688384
13.6751 -5.92247 2.8503
24.1367 -21.8851 3.03039
-10.0259 -7.62888 2.44731
-11.0648 -2.203 -0.888709
-10.2328 0.281555 -0.837967
-4.41635 2.57346 -0.425977
-3.87826 3.45559 -0.489583
-2.90156 4.01242 -0.389256
2.58331 0.0484749 -0.291288
3.4838 -2.10559 -0.36353
-3.65948 -10.4285 -0.940828
-8.27944 -8.46568 -1.06456
-11.0617 -7.29486 -1.12807
-8.94178 -2.53544 -0.79022
-9.40816 -2.23511 -0.822615
-9.53226 -2.17197 -0.83169
-4.5752 8.9394 -0.94904
-4.60732 2.6475 -0.515896
-4.18681 11.2664 -1.1684
-3.96977 11.5423 -1.18642
-5.21951 -8.21518 -0.468309
-2.36242 8.05761 -0.855294
3.753 -0.946789 -0.398812
-1.95683 8.58993 1.7956
-3.04775 5.45785 -0.645286
-4.6025 9.00723 -1.04534
4.32458 0.819315 -0.453903
-7.59165 -5.85305 2.18823
2.09896 -2.70382 -0.384653
-1.09732 -3.90121 -0.458909
-2.92667 -3.71432 -0.527298
-9.14294 -0.450545 -1.00368
-7.31325 7.49523 1.48883
-8.37874 4.34708 -1.03521
-5.48722 11.5461 -1.505
-2.88644 9.11189 -1.04822
4.15117 0.86569 -0.46408
4.11165 0.699132 -0.456451
58.8957 -24.0181 3.58837
-3.67949 -3.284 -0.570749
-6.23709 -7.82361 -0.440929
-3.30597 8.26634 -1.03132
3.90149 0.894788 -0.474897
3.90116 0.705521 -0.468806
3.89298 0.560541 -0.462002
-4.53998 2.60949 -0.675371
-4.35472 2.53795 -0.705413
-4.04177 7.29553 -1.01465
3.74744 0.90731 -0.487218
3.6798 0.697669 -0.474782
3.70596 0.561563 -0.469704
-11.1253 -2.06099 -1.48955
-1.49993 -3.29117 -0.494494
-12.0288 -3.97281 0.321619
-2.10142 -3.08613 -0.522315
-4.65498 0.479869 -0.73436
-4.67361 8.87104 -1.34631
-3.43627 8.90416 -1.2814
3.46754 0.676626 -0.479361
3.49129 0.53581 -0.469443
-4.50571 -1.48911 -0.680904
-4.93146 0.450089 -0.75842
-5.21511 0.546303 -0.734485
-6.31671 9.48427 -1.72686
-5.05215 8.9854 -1.44626
3.30548 0.880335 -0.495871
6.89768 0.539599 1.26434
0.303477 -2.88999 -0.449599
-2.69625 -2.69294 -0.559907
-3.03929 5.21703 -0.881522
-2.89936 5.67549 -0.930713
-4.10798 8.65224 -1.47542
2.67886 0.283796 -0.459478
-3.88738 -1.71107 -0.646559
-5.18482 1.72447 -0.832619
-5.53758 11.7087 0.885699
-4.86113 2.75245 -0.851219
-3.44683 4.8606 -0.908134
0.465553 0.492563 -0.161354
3.09221 0.687191 -0.492541
3.08038 0.507189 -0.483638
2.84394 0.375412 -0.46404
-4.70315 1.81482 -0.822185
-4.79802 2.26895 -0.841712
2.89273 0.490457 -0.488546
2.49214 0.0944653 -0.517767
1.36136 -6.85348 -1.15239
-4.63584 0.688237 -0.771387
-3.5473 3.86771 -0.864206
-3.13965 4.18105 -0.860968
2.90207 0.700581 -0.498734
-3.57996 3.59253 -0.864924
7.8023 -1.75366 0.25403
-2.09604 0.900049 -0.68447
1.98874 3.09636 -0.615862
-1.521 4.06728 -0.785214
-3.84481 1.30353 -0.766214
-1.91845 3.89979 -0.795421
1.70801 2.68336 -0.60636
2.54396 0.839406 -0.513093
2.50393 0.703893 -0.506383
2.49097 0.282392 -0.515781
-3.71861 0.298454 -0.726703
-1.49916 -2.09173 -0.542926
-3.28835 -0.305598 -0.683608
0.964208 0.275079 -0.271818
0.403208 0.616688 -0.201622
2.11026 -0.303407 -0.504642
-2.70386 -0.697916 -0.64666
-1.9136 -1.49547 -0.585083
-2.6984 1.31375 -0.721294
-2.10454 2.28284 -0.735574
2.64019 -0.385051 -0.662928
2.58209 0.357588 -0.626606
0.941782 0.227879 -0.309867
1.17333 2.02401 -0.595808
1.89969 0.359697 -0.508258
-8.00273 2.21675 1.84037
0.810557 0.204103 -0.217155
2.46364 0.551576 -0.67529
-0.299184 -1.69606 -0.516331
1.70062 0.274352 -0.51102
-2.91407 3.43948 -1.329
0.396611 0.547659 -0.204003
1.33912 0.219387 -0.503568
6.90287 3.28615 2.82661
51.9781 -28.2118 3.33392
6.65538 -8.86368 0.281089
5.06121 2.53535 1.96484
19.4159 -19.9009 2.93284
-2.19028 9.74117 0.437142
4.83455 2.9309 2.1618
4.06752 -13.5176 2.08073
44.505 -24.847 2.54925
23.8324 -16.3509 1.71307
33.1484 -13.2571 1.13047
7.52959 1.71257 2.70585
-3.58517 -2.69427 -0.601394
9.08564 1.68653 0.101204
-2.7032 -5.49889 2.34509
9.06974 8.35547 2.30887
7.09217 9.04317 0.517754
24.1085 -21.8581 3.43379
6.52277 1.73924 -0.624458
6.68904 3.50891 2.81261
46.1068 -21.464 4.73442
-11.678 -3.30049 -0.295527
7.89877 6.68877 2.73807
-6.45639 -1.49242 2.0413
-9.47896 3.09881 0.160966
-4.85781 -9.80244 1.55294
1.67973 -6.74572 2.57147
-6.34406 11.1599 0.170248
0.30913 -3.88921 -0.412228
13.8445 -11.8024 3.47889
-4.48314 1.11755 -0.787733
5.67344 -8.42738 3.23547
9.73935 -3.89741 3.23381
-0.519327 6.48306 2.43904
4.46576 -13.6645 2.88311
6.65784 5.13058 2.74348
2.63328 0.138634 -0.374001
8.09329 6.68329 2.74802
7.68405 -3.90389 3.15336
9.45258 -8.15419 2.69176
19.4203 -18.0469 3.61304
6.50671 3.54058 2.80466
6.66175 9.22849 1.28504
7.10437 -14.7895 2.13275
6.99723 5.32513 2.75709
1.80406 -8.51878 1.131
7.27307 8.97873 0.505786
6.47548 3.72235 2.79521
9.30411 8.24709 2.50276
6.21059 -10.8103 1.31403
8.09967 -2.40228 2.60277
11.5438 -16.6133 3.31
-0.509031 6.71992 2.43443
5.99682 1.58056 -0.449853
-0.631458 6.82896 2.44834
-3.91602 1.5012 -0.740671
8.18695 -2.75859 3.12771
7.09514 4.91665 2.77261
5.61161 -4.42984 2.58677
-10.3769 -7.50118 2.61082
-0.472838 6.37218 2.45224
-6.13905 5.84669 0.269147
7.39918 1.40372 2.77684
14.3055 -14.6664 0.520016
-4.60421 10.7432 0.585418
8.94182 5.25775 2.83301
-1.72432 8.07908 0.157027
5.85648 4.48395 1.90864
6.76347 9.17392 1.26322
8.03312 5.9559 2.77617
5.4932 -9.11176 0.804518
14.1347 -11.7039 3.47282
-0.62054 6.68602 2.43008
-6.27243 -2.5275 2.0984
-2.93052 8.35095 -1.02509
6.78043 -9.88378 0.157403
-0.388336 6.39242 2.43306
4.53775 5.7869 2.64814
5.67135 -3.05875 2.4887
14.4312 -13.9136 0.508887
2.57391 -0.301808 0.20874
5.65652 7.43214 2.28272
-7.04275 -3.27726 -0.850291
57.3134 -27.5495 4.74428
6.92044 4.11972 2.7978
-2.18673 11.3519 1.64318
10.7679 -4.34206 0.00900051
31.8179 -13.1801 1.09047
-6.89767 2.09233 2.3968
1.33787 2.27139 -0.604509
8.41321 -5.25442 3.23741
-5.60074 8.61175 0.326202
-0.628294 6.80688 2.39749
2.71388 0.402507 0.128166
-2.7342 6.10127 1.88079
-5.1065 6.70016 2.30944
6.47861 1.52212 -0.409679
2.10423 0.315987 -0.504431
11.6733 11.6724 2.65327
6.15986 1.56418 -0.423236
19.6776 -17.781 3.61413
-1.73876 6.71893 2.37594
16.7879 -13.1121 2.49947
9.51978 -5.5198 0.00845163
14.4201 -14.0692 0.510836
23.4669 -16.7389 3.74867
8.90761 5.11695 2.85199
6.29728 5.49799 1.85345
9.65232 11.8319 0.860787
4.9103 1.46664 -0.465771
52.5093 -27.23 2.58889
-1.63526 6.52349 2.40086
-11.2493 -2.31067 -0.693825
11.6857 11.6835 2.50395
-6.68524 1.983 2.39828
-5.99308 6.45166 0.331792
8.56176 -4.95662 3.22946
-9.57259 2.09653 1.89854
6.40525 9.27208 2.50032
8.23683 -5.07769 3.21836
8.60372 4.19623 2.59267
6.20503 5.3022 1.86161
7.29871 -5.71876 3.21028
-6.90448 2.5074 2.37445
15.4663 -8.50968 0.333744
11.554 2.15085 1.52768
9.20575 1.77311 0.00816664
-5.91676 -0.220169 1.99862
-3.90642 8.53012 -1.65954
-4.94944 5.13343 -0.956824
6.65472 -0.0795652 0.617742
-4.64771 2.70922 1.11
9.12404 -6.83873 2.80843
-1.49356 -3.8936 -0.470761
-0.903233 -4.10911 -0.445299
-2.62445 3.30572 -0.802122
-4.3934 -2.80398 1.92563
-4.97708 -2.31434 -0.667041
-5.82992 4.89392 -0.971458
2.02021 0.169273 -0.516046
11.5298 11.4363 2.67403
7.27206 4.87611 2.78417
5.17602 2.77548 1.92036
6.63108 9.41481 0.717406
1.47377 -6.81368 0.262585
6.63416 -3.59668 2.3646
-9.26059 -0.0706163 -0.899656
6.41294 8.64518 2.12414
4.90362 6.69854 2.62223
7.95627 -5.56528 -0.0531556
6.48914 3.88965 2.78655
3.0848 -11.697 0.009355
-1.3863 -0.696721 -0.60088
13.4477 -13.4794 1.48901
9.24096 8.2712 2.37158
-5.51352 5.09356 2.3474
5.15353 6.6723 2.63877
6.80086 5.51293 2.7372
10.4619 -3.45979 1.90473
8.0992 -2.26751 2.59112
8.99205 5.24188 2.75337
-3.08069 -2.79281 -0.565552
4.81492 -11.4208 1.34336
-7.1052 1.87255 2.39786
-4.41348 2.59651 0.700732
6.42745 -1.47119 -0.276225
-5.10447 1.70371 1.96509
8.91881 -3.31387 3.17638
5.5072 4.51966 2.11784
22.9348 -21.3012 2.90972
18.5333 -11.8945 0.558536
35.0195 -26.2991 3.54066
-3.2954 -10.5148 -0.564754
-5.71004 -4.47448 2.19044
-6.29677 -3.50753 2.14269
7.8053 2.36815 2.67197
5.45697 3.4789 1.90498
4.57279 -13.7526 1.49009
3.10204 -0.49363 0.902316
4.69765 -4.40481 -0.231537
5.31057 5.71475 2.1648
-4.63865 2.61778 1.55432
8.27016 4.88894 2.8354
-9.42052 -1.00541 -0.862318
5.09979 -10.1396 1.13784
-6.04378 10.4993 0.893728
-5.53346 1.49558 -0.836768
-6.89509 3.30604 2.349
8.5013 -4.46199 3.20594
-4.50273 -3.10297 1.94857
-4.8926 6.30919 2.32334
-3.48366 -3.13526 -0.569374
-0.900016 -5.09997 -0.407562
8.63454 -12.3704 1.49647
14.5545 -12.0918 3.1514
8.37286 5.12302 2.83766
8.67335 4.77295 2.86199
8.91594 8.43609 2.27331
-3.32091 -2.35875 -0.598171
-5.847 -0.103145 2.00513
8.16494 3.24035 2.68898
5.81787 4.37025 1.9039
4.51742 -5.68053 2.58732
-4.50233 2.45486 1.94747
10.0893 -10.4299 0.816756
10.7544 2.41531 -0.192104
9.03045 5.33877 2.77514
5.60458 0.343302 0.315938
-8.09583 -1.09503 2.48114
10.3866 -11.4609 0.292618
-11.1004 -7.12404 2.54508
24.1187 -21.8779 3.23509
6.54564 1.69948 -0.508099
9.50422 -3.01293 2.69965
10.5273 2.5281 -0.335533
4.78039 -4.24019 2.3975
-2.71704 6.02925 2.11175
5.70007 7.07706 2.13083
8.14087 6.5167 2.75858
8.45654 3.90545 2.69444
6.13751 5.13221 1.87398
6.0464 4.9121 1.87102
7.43346 -7.69907 3.2986
-4.41684 1.9671 -0.810041
-4.89104 7.49912 2.28661
10.7714 11.1741 2.68354
-0.965124 -8.75455 2.68004
8.90423 5.02445 2.75315
19.549 -11.7172 0.579017
8.41028 3.78883 2.49939
-5.70257 5.11777 2.34173
-3.72152 13.7892 1.41923
2.72952 -9.30002 2.56262
-6.68373 8.69539 -1.49897
-2.40035 -9.59484 -0.295419
7.26689 0.268841 0.33324
3.03004 -4.41415 -0.290598
7.07932 0.25967 0.354309
8.48859 5.12414 2.83909
5.58704 7.2482 2.30604
8.70887 -6.21542 2.77145
-1.92452 -10.9823 2.87168
-10.11 -7.64455 0.904703
11.8067 2.04903 2.73628
45.6108 -22.9531 4.74796
5.70229 2.0787 0.303438
5.68591 6.11835 2.16362
7.89645 6.93632 2.72366
-0.95452 -11.2932 -0.198936
6.45892 -8.93416 2.78817
8.73549 8.49654 2.27586
-4.00581 5.36847 0.34215
11.3067 10.7661 2.60145
6.27546 -12.0163 2.92378
8.47187 6.82356 2.75241
19.5253 -11.9074 0.580979
11.8298 2.50331 -1.95784
12.8342 -7.11899 0.193558
7.17869 8.97109 0.53912
-3.74196 0.909278 -0.753302
-6.59843 -3.62918 1.85394
-4.65159 5.4635 1.76658
8.15499 7.38732 2.71082
8.30972 7.29842 2.72477
16.652 -8.25891 0.353174
9.50564 -4.7847 2.55564
11.1017 -9.87677 3.48507
21.5526 -20.7806 3.89486
6.3732 1.5561 -0.436927
41.8241 -23.0217 4.4434
7.07006 9.04358 1.56686
6.89378 4.27738 2.791
-1.4928 -3.70122 -0.482998
16.8277 -12.2184 3.46469
8.80995 3.21184 -0.853515
5.8103 -10.5514 1.34155
5.07424 -10.7005 1.38794
-1.66205 -10.5292 2.55987
-6.74679 2.19984 2.40385
32.5568 -25.0836 4.58423
34.9675 -26.2662 3.80463
7.27068 -10.1248 2.84502
14.4294 -13.7368 0.505162
12.0294 -7.65049 3.28412
-2.86192 3.89499 0.0710951
-8.11075 -7.0644 -0.583556
1.6844 -4.51313 -0.33805
-3.9008 3.88949 1.9105
-4.49505 8.53564 2.2625
-4.07849 8.69246 2.2519
10.0968 2.75403 1.59533
5.33838 -10.5266 2.69374
13.2422 -10.2404 0.317398
1.95449 -11.2584 2.60792
21.2985 -9.59604 0.592678
23.4402 -16.9596 3.57998
11.4269 -7.04087 2.648
8.77701 3.97087 1.90132
12.9532 -11.4557 3.09766
-3.77194 9.10565 2.25014
6.911 6.07389 2.71529
6.83052 5.8537 2.71776
3.30727 -2.71319 -0.347845
11.7528 -16.6912 2.71773
6.65809 3.7254 2.80392
8.45891 8.25427 2.69876
-3.30287 -7.48893 2.89997
-3.88752 9.3117 2.23726
-5.31418 9.47066 0.402238
5.77437 7.68475 2.16256
8.70913 8.51548 2.67176
8.88741 8.43794 2.67337
9.40938 8.21728 2.62222
21.4498 -11.2976 3.75227
-2.6967 -0.294833 -0.663503
1.94818 -12.6135 2.79029
11.1841 2.0104 0.847188
-0.514746 6.89082 2.41609
27.5754 -14.094 0.980404
-3.60641 8.00555 1.73233
-6.06258 5.87983 1.80991
18.5234 -18.0828 0.819926
7.03741 5.9592 2.72138
2.90211 -4.49265 -0.290327
6.98295 0.213223 0.349402
7.05292 0.14593 0.294249
-4.22885 -9.71306 4.09557
2.83003 -3.83158 -0.317403
-1.48798 -5.13441 -0.420679
7.63575 -2.57669 2.23658
-0.667392 -8.04195 2.73943
-3.29588 -4.24799 -0.52197
17.3532 -10.9879 3.29969
4.0108 -11.209 0.00927579
7.54613 6.50571 2.69872
6.06077 -8.56326 3.26755
-12.0243 -4.31678 -1.40197
9.33012 3.0502 -0.592489
-6.97446 -3.23063 1.48814
8.69223 7.73304 2.7292
6.32825 0.252576 0.51155
7.16626 5.62627 2.75267
-4.96663 9.29251 0.396775
6.09275 8.00737 2.11136
10.8452 -8.67973 2.74058
16.4499 -18.6025 3.38331
17.2134 -13.2562 0.949304
8.90726 8.42748 2.49696
6.53772 6.11086 1.85053
-3.86744 15.8581 1.67251
13.9267 -15.2764 3.32136
11.5535 -5.6372 2.62005
-5.9374 -1.49923 2.05266
-1.46457 -4.2594 -0.455421
3.26692 -13.1602 2.71931
-3.44088 8.59705 0.405424
-12.0723 -3.86863 2.31033
-8.07949 -8.43787 2.30144
15.7319 -7.85585 3.1496
9.99534 3.09944 1.10368
-2.04958 -11.0011 0.354268
3.73962 -13.3621 2.6951
13.0754 -5.10101 3.07066
9.12077 -9.86026 3.06633
8.8212 7.60876 2.73269
-11.8498 -5.06268 2.10111
-3.73135 7.64476 1.73373
-1.63485 8.48525 2.28535
9.66596 -7.2342 0.0875944
7.09274 5.43069 2.75326
7.11283 5.28957 2.76025
7.28705 5.26677 2.77121
7.48069 5.33571 2.77618
6.67333 6.45776 1.85214
6.58597 6.27062 1.85334
9.50228 8.15561 2.62037
6.15752 1.92927 -0.250708
9.20726 -15.5796 3.46003
-1.69012 -3.91814 -0.477203
7.09792 5.0982 2.76585
4.91036 -13.8486 2.85882
0.701287 -6.45798 -0.116168
8.82305 4.90395 2.84276
-4.82192 8.68598 1.90394
7.4209 4.92688 2.79305
6.64695 6.327 1.81042
12.4679 -4.54777 2.53678
-2.70067 -3.42788 -0.530101
6.45434 5.89323 1.84321
-6.30402 -2.10516 2.06475
9.65107 -13.3538 3.14987
13.3931 -6.54238 2.85011
20.3832 -9.3414 3.05637
-1.50754 -3.48989 -0.484436
-9.90776 -7.6879 2.31443
6.85245 6.90827 1.84062
6.78492 6.68073 1.83471
14.1524 -4.86789 2.77198
33.1571 -13.2568 3.76888
2.35023 -12.7917 2.29339
-6.65793 8.67743 -1.73728
6.44762 -3.28162 -0.215918
4.30266 5.48683 2.64902
-5.64056 7.65473 1.76107
2.11279 0.492225 -0.510178
7.58871 7.13393 2.69898
-3.30202 8.7196 1.68874
-7.04118 5.87532 1.64226
-11.8112 -3.34822 1.5444
10.3039 -14.2523 3.14989
-7.20096 -3.13872 1.50176
9.93123 -15.8958 3.29825
2.67759 0.337536 0.148159
9.06359 -14.2138 1.56629
25.6522 -11.7452 3.66927
13.3768 -4.8772 2.54979
5.62921 -14.1635 2.48971
-9.29581 -7.9695 1.70358
7.72726 6.49822 2.73486
-3.18175 9.06677 1.72094
4.50972 3.91422 2.19829
8.58744 8.64078 2.18236
16.6878 -11.461 0.514827
2.38907 -0.205732 0.30993
14.1024 -9.73849 2.96169
-4.66601 -4.8728 2.25098
-7.7867 2.92302 0.263917
-1.65507 -4.21449 -0.467228
6.68533 4.91531 2.75973
-7.80295 6.40498 1.74482
-5.61994 6.12663 0.263926
7.64943 6.2366 2.73987
7.88342 6.0728 2.7626
7.20007 7.74927 1.82804
-2.09234 6.08039 2.38748
18.1221 -6.60719 3.21285
-10.1972 -2.62072 1.95032
14.2446 -15.0649 2.0587
6.7085 -0.064803 0.524197
6.95211 7.12452 1.84364
7.7012 5.91699 2.76754
-4.09251 0.305917 -0.736506
-7.08194 8.10958 1.71313
5.47108 7.09037 2.62758
-8.70204 -2.55162 2.0688
7.49044 6.33987 2.72426
21.4045 -18.2465 3.83395
7.50801 6.12499 2.74812
7.70826 6.11719 2.75131
7.88554 5.89922 2.77307
-3.28946 17.0966 0.553037
-4.68846 -9.91133 -0.258881
19.0558 -6.86005 2.91894
7.52677 -5.08483 3.19253
7.50226 5.89102 2.75748
7.73392 5.69832 2.77709
7.50248 8.48417 1.81948
11.479 11.2008 2.62507
-2.0888 1.70554 -0.711088
13.7986 -9.97301 2.94216
15.4001 -15.648 3.39842
12.1398 12.7519 2.29075
-0.167782 -6.81649 1.54287
5.62185 -14.1662 2.30751
19.4328 -6.54936 2.91423
19.2106 -6.606 2.8869
-11.8495 -4.90921 -0.302526
12.2474 13.023 2.48951
-7.73724 6.51104 1.50022
-7.48648 7.10662 1.50018
19.3649 -6.52815 3.02785
7.55686 5.56941 2.77043
6.89108 9.13886 1.69766
7.55218 8.53838 1.76412
11.7066 12.5985 2.66285
9.1216 1.89604 0.294121
11.9452 2.6806 -2.01955
10.2895 -3.16621 1.47513
10.2534 -3.26122 1.51514
-7.65224 -6.2024 2.49177
-0.624063 6.53613 2.44082
8.54714 -11.8224 1.17848
-3.32815 2.90157 -0.817102
-4.05674 1.10262 -0.769252
-8.84247 -8.21523 -1.02767
11.1211 -16.4281 2.87905
6.35844 3.52915 2.80992
11.9986 12.4474 2.56286
9.90496 2.85319 1.47408
20.7374 -13.4948 3.51746
4.41643 1.28116 -0.474317
4.22578 1.28785 -0.483564
-1.70937 7.10033 2.35771
-7.22285 -6.30786 -0.578942
4.06183 -1.09856 -0.382228
7.33268 -3.91912 2.40192
4.79049 2.8153 2.14543
4.94516 -10.5394 -0.133319
-6.53227 -6.29449 2.74011
-8.0968 -8.45379 1.69823
-12.0414 -3.88997 1.70843
0.149535 -6.14712 2.09192
-3.91876 10.8839 2.09531
-5.54365 9.44322 1.55639
-3.37498 9.08021 0.128523
6.70344 4.10317 2.79001
-3.28467 11.8576 0.538897
-11.9654 -4.51332 -1.29043
5.0902 -9.89248 0.69223
20.3587 -8.14036 3.11724
12.1331 12.7439 2.45026
12.0228 12.475 2.46342
11.909 12.2049 2.47612
-3.38217 16.9988 1.61274
-2.70728 8.07237 -0.101425
-2.29867 5.88864 2.3904
-0.938226 3.90067 -0.758467
-4.36073 6.15179 1.76774
13.7749 -12.9514 1.52778
-0.570811 -10.5227 -0.184785
-5.29498 10.0548 1.54863
9.22706 1.89133 0.0962452
-5.46037 6.99877 0.281804
23.9485 -15.6883 3.72468
10.9333 2.38513 1.83064
-5.50144 -8.45768 2.30254
12.4818 13.6029 2.45945
19.243 -6.3558 2.50587
5.35486 -3.74607 -0.235159
13.0098 -14.7188 1.70856
19.2069 -6.6046 1.38517
5.4206 3.35168 1.90014
5.29808 3.09468 1.91884
-2.86327 4.0638 0.028868
-2.07234 7.44611 2.27329
9.88885 2.83463 1.71443
-3.74632 13.2179 1.61225
9.37904 -10.3305 1.03932
23.0365 -21.4175 3.12484
6.87538 4.06395 2.80202
6.89414 3.89729 2.81137
-4.80026 13.6827 1.7941
6.38281 2.10745 0.830405
3.94764 -0.910366 0.473606
30.6004 -14.2398 3.95953
28.0017 -17.9721 3.90443
7.08265 0.131033 0.629759
28.05 -18.2445 3.92527
-9.55903 2.52001 0.251784
14.73 -13.1857 0.501303
-3.87084 8.57135 -1.27485
8.9216 -15.5219 2.09923
4.64257 -11.1612 0.305771
6.33399 3.65582 2.79833
14.1812 -9.79613 0.326396
34.1891 -20.7904 2.25511
-5.34258 7.89307 0.302329
-7.65631 6.66906 1.12543
-6.14373 10.3218 1.48578
-3.72326 11.5127 0.682176
13.1076 -14.638 1.58774
-4.53353 -7.49737 2.36012
11.4358 2.20285 1.36613
-6.41998 6.50327 0.907522
4.77008 -10.7728 -0.494077
18.7322 -6.95992 0.378015
10.6582 -11.0576 0.389337
9.10442 -15.6209 2.04985
6.31697 3.89359 2.7861
11.3959 10.9852 2.63748
6.2975 -14.4451 2.82148
6.01141 5.69944 2.11195
35.3111 -13.6149 3.9923
28.7111 -18.4232 3.59816
24.6214 -22.0594 3.87973
10.8886 2.23244 2.73837
9.71993 -15.8716 1.9146
-0.908404 -3.51804 -0.470155
5.36951 -12.1097 1.31292
-8.68971 -8.23708 0.509878
5.14874 -11.9411 1.37034
4.66735 -11.6755 1.267
-5.35928 -9.59704 1.12444
-3.29262 0.901617 -0.73052
-7.55389 6.93194 1.49991
13.1659 14.5277 2.06929
39 -22.0978 4.45203
-6.90122 -3.308 0.10476
13.9771 -13.9877 1.96341
5.69031 -12.0732 1.32438
4.95429 -11.7624 1.26644
-9.02646 3.28517 0.901731
-8.53136 4.49373 0.89787
5.8453 -13.4124 2.98217
13.7255 15.9048 2.08785
13.3227 14.8792 1.92141
11.3302 2.21705 1.08332
45.915 -22.4043 4.7507
4.39632 -11.8282 0.22784
-3.7049 -10.3546 -0.564762
-3.80097 13.5656 1.57105
0.786382 0.247401 0.215277
22.0609 -20.9996 2.83127
-7.61593 6.97541 0.358243
8.43449 -12.2916 1.34037
6.51744 -10.4348 1.10612
6.14546 -11.2432 1.19022
4.80762 -11.6022 1.1666
-10.2094 0.437716 0.950298
5.23229 1.46836 1.96549
5.8434 -13.4108 3.06948
13.7699 15.963 1.89854
6.93558 0.0644875 0.623485
25.0947 -22.1886 2.91375
17.3159 -7.89053 0.361079
2.65728 -7.16563 2.69759
7.23224 0.22189 0.629035
47.4418 -18.6271 4.12136
-7.83441 6.75918 0.359333
-4.69669 9.09967 0.260761
-5.08972 12.88 1.09137
-2.97471 5.33621 2.096
6.52196 9.28497 0.821374
-4.49118 0.89436 -0.780771
14.1028 16.7608 1.70337
0.997345 -7.02725 0.078885
13.7773 15.9732 1.70695
6.63649 1.5326 -0.32722
10.3414 -2.76944 0.75213
-10.6814 -7.45374 -0.295898
9.80781 -10.3012 1.05918
6.5385 3.30344 2.82448
-6.5339 5.63595 0.697756
2.09285 -11.2362 -0.0967353
-3.9058 -2.28408 -0.626791
-8.35089 1.94077 0.450713
-9.60789 -1.63588 1.92317
-8.66829 1.61493 0.657381
-6.09127 5.59068 0.616359
14.4379 17.5914 1.69793
-6.30755 -4.27479 2.16019
7.30528 0.262633 0.467902
19.0101 -19.7315 3.30198
-6.60276 5.69577 0.758688
11.5513 -11.1329 2.97134
-1.07802 -11.4253 -0.294945
-6.58124 -3.83609 -0.857863
10.4519 -2.76127 2.2203
5.36788 -4.34672 -0.206456
4.16363 -4.94756 -0.232704
2.59148 -5.59172 -0.258368
-3.40667 8.83203 0.356646
4.91117 6.50351 2.62659
7.46974 -14.8459 1.64953
5.14794 -12.0162 1.37804
-6.85012 2.22658 0.491344
8.5064 3.22245 2.39332
-5.06704 12.897 0.94629
20.1723 -14.4852 1.5457
3.74488 -7.10972 2.88857
29.9102 -21.8932 4.13332
-3.25464 8.59454 0.572552
6.58233 9.26342 0.662877
-11.8363 -5.06527 1.10956
42.1552 -16.5598 2.55068
5.68206 -12.7452 0.125923
-2.29513 1.50074 -0.713735
14.2485 17.1463 1.87262
8.53575 -2.08188 0.817056
-3.72408 16.1275 0.881421
5.10445 -7.09407 -0.0998176
-4.48636 -7.64599 2.34312
39.1191 -22.1562 2.24838
5.41368 -9.4218 0.542758
-4.22738 8.66375 -1.64669
-2.6914 2.71219 -0.778416
-9.10742 -8.08108 0.297838
-10.0133 1.23601 0.505276
-5.77422 5.13878 0.386899
-2.08557 8.10304 -0.249208
-6.55099 9.30027 0.534045
-5.32607 11.6304 0.64063
-5.14894 11.6182 0.636594
-6.74847 -6.30895 2.72617
-9.28046 3.15977 0.186553
-2.1026 1.29958 -0.699304
-3.87862 6.47316 -0.36276
-7.67963 6.9566 0.453852
22.5543 -9.99572 0.625939
-5.52532 11.4976 0.50682
25.4125 -9.62733 2.86816
7.20523 1.57052 -0.354704
14.6566 -12.3366 0.72054
2.17103 -7.00707 0.242746
-7.93286 3.07985 0.286975
-3.06029 17.6459 1.06342
-1.52509 -8.26963 3.00267
-3.13959 11.6234 0.453757
8.49601 -4.41341 2.42172
31.7797 -13.3934 1.09194
7.89834 5.78486 2.77668
26.7803 -13.4809 0.94913
6.9121 4.89363 2.77465
-1.68838 -10.4817 2.68284
25.7049 -13.9439 0.925711
25.0786 -14.8242 0.922168
1.72107 -8.79453 1.29455
-2.92322 3.35079 -0.817412
4.80317 -10.8331 -0.207803
38.8268 -22.6311 3.35332
-1.2863 -2.70568 -0.515928
-4.7935 1.35924 0.157961
-4.16933 1.72796 0.142975
24.0804 -9.11741 0.653405
10.7954 -10.5333 2.97599
22.0175 -9.51645 0.608579
8.11319 3.31906 2.88342
21.2992 -9.75401 0.594343
20.7908 -9.98815 0.585149
7.70668 3.10981 2.88723
20.8299 -10.171 0.589488
7.6887 2.91173 2.88467
5.32826 4.10684 2.12799
20.8046 -10.3109 0.589037
20.8659 -10.5013 0.59258
7.5234 2.69591 2.89338
5.19907 3.78224 2.13692
20.631 -10.5423 0.587753
7.43939 2.4579 2.88589
37.2421 -27.2923 4.58865
20.55 -10.6604 0.587286
6.50112 9.2907 1.47402
20.2571 -10.9863 0.584568
20.0544 -11.1971 0.582621
-8.80294 3.96638 -0.494093
19.5939 -11.2576 0.573188
18.8373 -11.7657 0.563322
18.8333 -12.5824 0.574447
16.4029 -12.3275 0.521021
9.30455 -10.329 0.352372
-9.87643 1.73027 0.255235
5.76658 5.11755 2.1045
-5.35468 12.0823 0.336761
13.9581 -9.86072 0.323576
12.9869 -10.3113 0.314101
-11.5329 -4.2505 -0.819707
-3.80321 3.159 0.0939244
11.9676 -7.47642 3.39
-5.55249 11.7375 0.247081
14.3164 -6.36391 0.207159
4.68008 -11.2978 1.06285
4.74393 5.78423 0.327195
-4.18318 0.595188 -0.176261
25.5127 -9.48502 1.36432
0.683221 -6.3674 2.09896
5.65866 -9.24992 0.142615
14.1339 16.7973 1.43392
4.59825 -0.394292 0.0871548
5.3213 -11.5406 3.28883
-3.32558 8.62122 0.122588
-4.17708 15.0991 1.50725
8.83878 -8.04064 0.0865052
33.0572 -13.4564 1.13013
17.7937 -19.1513 3.31602
10.5254 -3.62093 2.39985
6.58873 1.49408 -0.338308
5.56496 -6.76189 -0.0999384
-7.04011 -7.67091 -0.502434
5.79161 -9.19611 0.00837638
-6.99486 1.08133 0.00638567
5.35858 7.46417 2.60574
8.54646 -4.9436 -0.0543541
-3.28789 -1.8907 -0.619511
5.72448 -7.73481 -0.0529
5.78221 -2.76879 2.47605
6.99048 1.60084 -0.0600256
9.35758 2.04213 -0.0517312
9.25695 1.93129 -0.0510739
9.14994 1.82038 -0.106178
9.10384 1.69549 -0.105405
16.8969 -13.199 1.07313
8.9844 1.55999 -0.0492478
-6.01718 6.31889 0.595244
10.5109 -2.66675 -0.2561
8.67229 -12.1177 1.57094
9.23062 -3.0617 -0.110309
4.56014 -11.4021 -0.140401
-11.3962 -2.6323 -0.132313
-3.4255 12.0855 2.09271
-0.753923 -10.6667 -0.187179
-1.70512 8.12554 2.30276
-2.76202 4.98223 -0.0989814
7.49341 -4.09924 3.14649
-7.20102 -3.13821 1.16312
4.25093 -6.20525 -0.177639
-5.84812 -9.42891 -0.296293
10.7079 2.44672 -0.340492
-5.25287 -9.61216 2.63133
-4.85346 -3.88993 1.97405
4.77014 -4.94506 -0.205379
-11.4244 -2.77722 -1.43906
3.48102 -13.3629 -0.413347
8.07799 -9.48303 2.00033
5.60134 -8.38445 2.7981
5.54225 -3.55665 -0.236964
1.11285 -6.91662 -0.252302
-7.28264 -8.85024 -0.439211
5.40471 -3.02067 -0.25919
7.49054 0.345012 0.466768
-4.10127 -8.5325 -0.39685
7.74382 1.5885 -0.33062
6.10525 -1.32436 -0.300549
3.70204 -4.18771 -0.269271
-3.48812 3.29451 -0.313215
-5.70217 11.1582 -1.37459
1.49816 -2.09201 -0.428831
23.0545 -21.4252 2.9272
5.45222 2.2181 -0.282957
5.13669 -2.11495 -0.301092
-8.20262 -8.40242 2.60355
3.28816 -3.89052 -0.296896
-6.70577 -5.0817 -0.611042
-4.26016 7.51812 -0.468477
-10.0529 2.06166 0.195129
-1.52315 7.65347 -0.450445
13.5062 -5.89386 2.90921
6.35664 1.78063 -0.377922
-11.7911 -4.96846 -1.40389
2.78424 -4.23272 -0.305854
5.11051 -10.0722 -0.718587
1.72267 -4.97445 -0.317883
-4.78843 -6.45707 -0.485256
4.03938 -2.69745 -0.323745
1.96931 -4.51519 -0.328316
10.0667 -10.2 0.716783
-0.242656 -5.47494 -0.365436
-8.64963 -8.3052 -0.766447
-7.31426 -5.71036 -0.618581
4.1797 -2.16421 -0.341333
3.29643 -3.10837 -0.331876
10.2875 -3.40083 1.28433
2.70229 -3.71464 -0.333418
-0.895754 -5.4099 -0.398027
-5.89543 -9.45743 -0.858924
-7.45258 -8.83047 -0.893169
13.1033 -5.71288 2.9154
7.24517 3.873 2.82628
5.85301 1.83449 -0.44492
4.65531 -1.00038 -0.374409
4.68329 -11.1854 1.06626
1.34953 -6.77744 -0.544426
26.2631 -22.6455 3.86569
-2.83302 4.1821 -0.396968
5.53932 1.86893 -0.459816
3.09909 -7.35452 2.9017
-0.114333 -4.66394 -0.396474
-3.04969 -4.8654 -0.488355
11.1163 -16.427 3.1281
-8.84874 -8.21854 -1.0638
5.21213 1.58123 -0.462694
5.22413 1.30864 -0.457439
-2.09632 -8.10255 2.96575
1.08368 -3.96646 -0.380608
0.397369 -4.3168 -0.394132
-11.0995 -7.02642 -1.19637
-4.50927 10.6669 -1.09689
9.1238 3.08746 -0.912358
4.87788 1.25271 -0.45769
-2.68623 -4.35665 -0.496841
-4.87567 -3.80358 -0.600418
-10.8036 -1.19705 -1.05625
-5.1339 5.66597 -0.742416
6.11488 1.97741 -0.623986
28.6796 -18.6551 2.5496
4.661 1.44405 -0.47339
4.7087 1.31727 -0.474375
0.829845 -0.0055725 -0.0906433
-8.70047 -0.2665 -0.899118
-10.2173 0.271689 -1.10287
-5.0635 10.0616 -1.16396
-2.90072 9.15673 -1.05328
-2.74601 9.15406 -1.04799
4.22218 1.15471 -0.479097
-3.2714 -3.44312 -0.549374
-11.8435 -3.75415 -1.41411
4.04941 1.16072 -0.486963
-2.11128 -3.49648 -0.509504
-3.95444 7.36709 -1.01706
3.85249 1.29747 -0.493536
3.85392 1.14134 -0.487943
11.3188 2.25078 -1.47727
-2.90951 -3.15252 -0.54682
-11.2518 -2.38296 -1.46899
-4.64595 0.328984 -0.718203
-3.47189 6.12638 -0.944634
-3.43767 6.24354 -0.956155
4.35428 -11.939 0.129199
-1.4942 6.4627 -0.889773
3.48062 1.26299 -0.502032
3.45385 1.11098 -0.496567
11.5651 2.52436 -1.58984
11.0457 2.12841 -1.51066
-3.9076 -2.09349 -0.634908
-4.32317 5.22591 -0.950712
-3.69055 8.91231 -1.35312
3.33817 1.25423 -0.51176
3.31226 1.09092 -0.504075
11.693 2.68482 -1.72613
11.69 2.51059 -1.67805
11.3621 2.25835 -1.62572
-9.75511 1.28787 -1.47203
-3.94326 4.95982 -0.925151
-4.30457 8.73046 -1.46369
-3.33997 3.7441 -0.855567
-2.25741 7.8782 -1.19732
-1.33657 5.71076 -0.856195
3.2898 0.996742 -0.500871
11.6834 2.84948 -1.75838
11.819 2.53905 -1.76758
34.1999 -20.7983 1.75279
-3.75251 4.57069 -0.901142
-2.82241 5.20099 -0.90172
3.11611 1.20326 -0.508001
2.5056 -0.311641 -0.452591
-4.93369 0.694289 -0.789949
-3.70467 4.21561 -0.890048
-2.35373 4.88993 -0.860725
11.8445 3.04386 -1.94304
10.2295 -3.27415 1.29302
2.71274 -3.51911 -0.335803
11.9694 2.68739 -1.94911
10.3331 -10.3422 0.910214
-4.06463 -0.891261 -0.687305
-4.30636 -0.29206 -0.721612
-4.3931 8.73086 -1.61151
24.6177 -22.0409 4.08794
27.1291 -23.1232 3.31583
-2.0288 4.68193 -0.840136
-10.8399 -6.59057 2.58637
-2.91491 8.11643 -1.51602
48.6652 -21.2212 4.62512
-2.11852 7.84716 -1.33974
2.89892 0.959294 -0.511609
-2.84646 4.04356 -0.843165
-3.05157 8.16073 -1.50643
-1.50811 4.47659 -0.805434
1.10337 -2.09704 -0.443347
14.2607 17.1597 1.66465
-4.23563 0.35575 -0.750249
-4.03683 2.21336 -0.812897
-3.26985 3.45501 -0.839968
-3.79678 2.60518 1.35649
2.69239 0.991949 -0.514753
-3.69394 -0.303647 -0.698192
-3.90768 0.110329 -0.723474
-4.45094 2.59377 -0.0946395
-2.03427 3.87173 -0.800392
2.28578 -0.321124 -0.467369
0.903199 -2.10316 -0.451867
0.300123 -2.29025 -0.468827
11.8873 12.1794 2.63513
2.54044 0.925628 -0.517889
-3.44478 1.50456 -0.753875
-2.45011 -1.58363 -0.599251
-1.30072 3.29311 -0.745619
-1.50334 3.11626 -0.748977
-3.08527 0.304063 -0.699115
2.24083 -0.180366 -0.546194
-5.10124 12.8707 1.84391
1.87932 -0.232587 -0.483829
-2.10323 -0.903031 -0.614399
-3.66487 2.79085 -1.23568
-1.28817 2.10345 -0.695213
-12.0114 -3.72574 2.31052
1.50211 -0.304386 -0.493834
-5.10436 8.34058 1.75133
-2.10263 0.50131 -0.672347
-1.64009 -0.724956 -0.597726
-1.44969 6.68585 2.38051
17.0988 -13.1622 2.46842
-0.104042 -2.70118 -0.473622
7.99711 -9.16119 2.85179
6.17152 5.0022 2.73275
3.74246 -7.09999 3.06594
13.5171 -13.5162 1.77713
38.9176 -22.3431 3.90574
14.154 -11.6703 3.32861
13.3236 -13.4996 1.65018
12.566 -6.31886 3.29627
-4.00679 15.6043 1.60071
-0.898073 -6.27964 2.43553
7.40507 1.66313 2.79528
-5.87479 4.9111 -0.977417
6.1998 -8.63373 3.26516
-4.30264 -2.88709 -0.616102
-0.899463 -2.49971 -0.509313
14.4063 -11.0955 3.31298
-7.92957 2.2819 1.84116
16.7993 -12.2882 3.46757
6.09298 3.90824 2.77534
7.11537 -7.91135 3.29816
13.5945 -15.0069 3.5004
-9.73387 2.12358 0.253692
4.07037 -13.499 2.32036
5.77112 -3.26593 2.27962
20.4463 -11.2674 0.594089
4.95496 3.14014 2.23603
-3.88448 -4.68359 2.2489
-6.14878 -7.49515 2.27335
7.42822 1.53188 2.71007
-1.51901 6.54545 2.38668
9.73385 -5.31185 0.00891255
-3.29591 5.91435 1.85007
-2.28674 7.51442 1.81725
16.1218 -8.33264 0.344199
6.14505 4.82612 2.74116
7.74916 -2.27173 2.6217
11.4692 2.13522 2.7183
9.43157 -8.13051 2.68548
3.75639 -3.75176 -0.287934
2.38461 -10.3277 3.202
13.4746 -13.4273 1.68297
5.08824 4.68123 2.19124
9.4822 -10.2018 0.441039
6.88782 -7.91734 3.29062
4.09963 -6.30596 2.70248
-2.62898 5.6402 2.40346
16.2489 -8.11007 0.343687
10.9516 -10.2912 3.10905
3.49684 -13.3324 -0.248722
7.11317 4.7215 2.78675
6.71616 -7.28675 3.25476
38.9323 -22.3457 3.63092
30.0673 -13.1048 3.65903
-2.39758 -8.67286 2.37925
2.67661 -9.891 3.21314
-6.11091 -9.30486 0.896142
-2.89592 -1.49413 -0.623739
-1.17944 5.32347 -0.830785
6.6009 -7.84006 3.27432
5.51166 -3.16604 2.28068
17.5148 -19.0979 3.5316
16.7123 -8.08677 0.351385
-11.5548 -3.08907 -1.31892
6.53137 4.10751 2.78765
1.50124 -7.08401 2.53942
39.1914 -22.23 1.69775
11.7028 2.1043 1.91045
16.4486 -18.5974 3.22843
24.4623 -9.25204 3.2353
6.09009 4.29875 2.75134
7.26577 -7.8639 3.3001
-4.96528 -3.73404 2.09719
-2.67915 6.10956 -0.935161
-3.90933 2.2416 1.64693
-7.80167 -8.60974 0.866115
-3.93877 -4.6284 2.19858
4.2013 -6.03253 2.83993
-12.0154 -4.12004 -0.506674
-6.30386 9.88925 1.09206
-2.09059 -3.72086 -0.499807
11.2952 -10.4938 3.04269
1.27772 2.11809 -0.60523
8.54322 -5.50818 3.24807
-10.6491 -7.1174 2.61181
13.0603 -14.5832 1.70262
-4.89751 -2.70237 -0.647257
-0.292232 -3.53322 -0.44959
23.7393 -16.4947 2.33762
5.90973 4.09879 2.76015
9.6246 -3.48688 2.32143
8.05213 1.75673 2.43163
4.39327 4.39788 2.40094
-2.696 8.10383 0.0890074
6.16932 -8.15925 3.26811
-3.45243 8.7863 0.179297
-8.42836 4.49745 -0.890114
21.7343 -9.46381 0.602194
6.50941 -6.90767 3.23201
-2.8979 6.29821 1.85116
-7.97459 0.917708 2.10136
-6.36203 -6.89299 2.25312
6.48277 -7.0661 -0.0525132
-6.13859 6.29276 0.655302
-6.43398 -2.99947 2.56931
3.29106 -7.9659 2.65533
0.505141 -2.6867 -0.449702
-1.95855 4.20673 -0.819449
-2.10019 -1.08488 -0.608332
24.0488 -15.4544 3.89741
6.29588 4.12374 2.7719
-1.33923 -8.19142 3.00433
4.07658 -13.4996 2.11418
6.88596 -12.0596 2.91441
-4.67103 -4.87296 2.24969
-2.20587 4.7606 1.86543
12.6056 -6.2456 3.25641
11.297 -3.95354 0.0104299
-1.5269 -11.2443 -0.477347
2.11918 -10.7215 2.67105
24.3914 -16.0862 0.926132
9.43823 -15.7544 2.50175
2.22371 -8.22853 0.00656484
-8.08724 -3.29307 2.04726
-4.48334 14.3048 1.07095
6.63936 -11.4751 3.3098
8.79794 4.02678 2.14489
-3.1225 6.29889 1.84413
-0.101174 -2.09786 -0.492255
12.7557 -6.91416 2.9578
-7.65055 -5.49477 2.14906
1.8905 -3.29961 -0.372379
-5.31237 6.89239 2.30148
-4.42197 2.39864 1.63987
2.46785 -7.42445 2.59828
-3.18626 11.246 0.440517
-3.90212 4.10486 1.90548
2.05744 -7.65823 2.58739
11.6744 2.12216 2.65734
9.89832 -1.74306 3.15155
0.0159557 -6.64866 -0.266566
4.4933 -6.41651 2.62446
2.5721 -7.37568 2.60355
-3.50435 4.49777 1.90041
6.67949 9.21998 1.10647
7.01526 -10.6394 2.94881
8.81125 -9.72236 2.91089
6.92045 4.53817 2.79122
8.65539 -2.17201 0.446864
9.31518 -13.23 3.49033
-6.55905 1.9455 2.3994
7.0024 4.43717 2.80032
6.35659 9.1415 2.53988
8.23884 -5.1071 3.22395
9.89635 -1.86815 3.15798
7.67253 -1.49788 2.55073
10.7014 -16.2298 3.54199
8.45906 -6.6061 0.0088831
-1.38316 5.99218 -0.861807
-4.46066 13.7819 1.57198
-9.26955 -8.0001 0.835666
0.511721 0.314621 -0.119441
34.3976 -20.3327 2.2499
-2.49185 7.29591 1.82459
-1.59885 8.58171 0.165771
16.9723 -11.4819 0.520407
-1.66039 8.47855 0.164148
2.57953 -7.96727 2.62491
20.2559 -14.4439 3.53609
8.16701 -2.47324 2.78472
47.5597 -18.6695 1.92236
-1.28995 -3.90306 -0.46344
40.5577 -19.1831 4.45822
9.09503 -15.6114 2.29128
6.6621 -14.5415 3.05817
9.08912 3.16179 1.50315
8.13577 2.09061 2.4277
21.1721 -11.993 3.76713
22.7907 -9.42859 0.626589
-7.50777 1.30139 2.411
-4.40819 14.4927 1.43316
6.60318 -11.6491 3.21722
6.47211 -3.5622 2.35905
1.50405 -6.76978 0.29927
-6.74887 -4.078 2.10629
5.0787 4.50474 2.19691
6.67797 9.2322 1.68301
14.7755 18.4602 1.7642
-2.73209 7.64302 1.79869
16.3446 -6.29718 3.45739
-9.2527 -2.3426 -0.811771
-1.37485 7.93099 0.0589612
6.82528 4.68157 2.77771
-3.29589 -2.70395 -0.583129
-11.5208 -3.11591 -0.866506
-3.58426 11.6109 1.90209
2.22209 -12.7932 -0.32744
-7.34178 7.81081 1.06466
-8.35424 4.66503 -1.31181
6.26045 8.22871 2.1077
-1.39256 7.74257 -0.13687
6.70066 1.71024 0.292727
5.02967 -11.4639 2.9055
3.64556 -7.6555 2.64426
7.93982 -5.54912 -0.0529914
23.4177 -21.472 3.54216
-7.37298 3.6543 1.47325
7.64459 -5.80991 -0.0525384
-3.70621 -1.50164 -0.651808
0.0175501 -6.46316 1.29544
16.4441 -11.4631 0.508722
7.41472 -1.69752 2.54845
46.6704 -20.3363 4.73637
-3.75457 11.2738 1.90921
5.26721 6.55514 2.62894
6.7026 5.686 2.72602
7.76293 -7.34615 3.2942
-2.46299 10.7414 1.63282
-2.7245 13.0758 2.0678
-10.676 -1.58438 -0.918101
-0.512306 -7.69494 2.68881
27.8319 -14.0148 0.988362
-2.08762 -0.30039 -0.639041
15.0781 -8.78134 0.330163
6.39799 -0.15409 0.279383
-1.7332 9.63149 0.185878
8.04321 -1.67749 1.09387
0.497926 -2.09659 -0.469737
-2.1759 7.17607 1.92501
-7.01901 -6.48164 2.18005
2.69254 -2.10403 -0.385698
-7.71282 -8.63948 0.907228
7.89718 -7.57598 3.30645
20.4158 -11.0878 0.591232
6.68767 9.22812 1.48265
7.48036 2.14959 2.90863
5.01894 3.34273 2.1921
-7.71771 -0.881065 2.48121
7.50951 -4.10119 3.15186
-10.7933 -1.2002 -0.723931
-1.90272 7.50344 2.33818
-3.3066 -10.5059 -0.560085
-4.95053 -1.75807 2.02808
-3.70479 8.24323 -1.04687
-8.12455 -0.900256 2.469
-2.55529 8.23874 0.298654
4.42666 4.45232 2.29802
9.00198 -1.67954 2.48069
16.9527 -16.3522 3.34851
-4.51299 -2.30813 -0.646292
5.06905 -6.31354 2.44489
-3.28134 -3.2391 -0.558849
-2.89628 12.1998 0.319425
-3.68563 5.10759 1.86419
10.6771 -1.94885 3.10775
-2.71648 -3.26375 -0.536697
-1.79271 -10.7091 2.77798
-5.84075 -6.09878 2.75611
37.3049 -27.3312 4.02625
-5.12781 0.809654 1.9999
4.41625 -8.01852 2.7006
-5.69745 -6.69017 2.781
-10.4999 -7.49483 0.0923546
9.01156 -2.10806 2.62435
20.1241 -11.7229 3.17353
15.3135 -8.73062 0.333557
31.0679 -11.9811 3.30752
-2.27173 11.2357 1.62907
-3.30933 5.51241 1.866
-2.71071 8.08572 -0.705445
9.92748 -2.88622 2.70701
-5.29769 4.68449 0.44028
9.96814 2.01537 3.00175
-4.51825 2.66919 1.86133
18.7284 -11.5297 0.558608
-5.68102 -0.304468 2.01562
10.8425 -2.43041 1.64562
-4.30788 2.55776 1.85789
10.0731 -10.1946 0.976815
-4.31778 -0.900453 -0.699123
-6.90225 -3.30222 0.506435
6.69758 8.75938 2.10826
7.49153 2.2818 2.90299
20.4159 -10.9108 0.587216
5.06632 3.47549 2.14889
25.4531 -9.44719 2.52488
9.98968 -10.2417 2.91671
21.9436 -20.3875 3.89627
5.7696 5.1619 2.09594
-4.71333 0.307445 -0.106669
11.7028 -16.6071 3.63962
-3.99979 -10.1891 0.144669
-0.302284 -4.10958 -0.425119
5.08767 -13.9377 1.51888
8.53138 -11.9607 1.18709
-7.6277 6.72256 0.193131
7.81228 -1.47532 0.837615
-4.12886 -6.89225 2.84943
4.91658 4.53339 2.19602
8.55704 -3.2977 3.15471
7.18398 7.73195 1.82395
-6.64001 -3.71889 1.50609
3.96298 -8.20317 2.68759
-3.94149 8.53757 -1.62031
-2.29825 2.69372 -0.762929
-3.03229 8.31653 0.225191
44.2786 -17.3693 4.42446
-9.90389 1.28768 1.90816
5.00186 -4.47111 2.55764
2.09095 -9.71204 -0.113437
5.54122 -14.0905 1.59667
6.98417 -5.3773 -0.100435
3.89896 -13.4443 2.28849
6.81119 -5.5877 -0.100326
7.05581 -9.6318 0.0865799
23.7663 -16.5224 1.26699
5.25215 -9.92333 1.06694
-3.74286 -7.78923 2.3981
-2.76368 9.9876 1.66473
4.51194 -6.08037 2.41759
-4.17406 5.2833 0.171276
-4.51948 0.344789 -0.114067
-4.13288 14.7717 -1.86745
0.153398 -6.14859 2.0984
5.44514 -4.6632 2.59421
-10.9834 -1.63126 -0.840553
-3.01948 13.0696 1.86737
8.15154 3.85251 2.22046
-5.34543 12.2216 1.10752
29.5354 -16.7506 3.98601
-2.64402 6.10846 2.10326
8.69359 -6.5318 3.24749
4.54988 -11.2413 3.259
31.0702 -11.9668 3.51317
4.23172 -13.5757 2.13564
1.93194 -8.6008 1.10336
7.32395 -7.72995 3.29464
10.7611 -5.70703 2.70033
30.7282 -11.8476 2.05288
5.06038 -11.8016 2.84688
19.5697 -11.4753 0.576219
-3.09088 -3.30503 -0.54968
-2.50805 8.2639 0.351461
4.5031 4.30359 2.19131
12.022 -11.8647 3.02578
-11.7997 -5.14709 1.82981
-2.61868 -1.79632 -0.599737
7.76357 7.03366 2.71468
-0.645123 -9.60096 2.54472
7.20706 -12.3536 1.32931
5.66807 -4.03757 -0.207746
6.88179 -8.92414 2.93755
5.80802 -14.2498 0.0124485
9.59748 -4.39581 2.79259
17.5195 -19.1003 3.68435
5.496 -9.09869 2.78222
-2.70662 -10.67 2.85241
-2.69565 6.0729 2.4044
-4.14466 1.82897 -0.73609
18.1391 -6.74639 2.99732
9.95153 -15.9344 2.9073
-4.23903 1.81632 -0.306788
-2.03548 9.3329 1.76904
9.1819 3.1592 1.58821
8.68809 -4.13052 3.1998
14.1484 -5.25861 2.60827
7.71958 -8.70167 3.33722
14.7081 18.149 1.59551
8.50025 -6.30132 2.7412
11.5759 -16.6506 2.31886
-2.8305 5.67801 2.1075
-5.47658 2.84383 1.66989
-4.50621 -7.8976 2.35545
10.9293 -4.17038 0.00945054
4.35194 -5.70127 2.70242
-8.49861 -0.285121 2.10312
7.09069 -5.74022 3.20067
-8.28292 -0.0599269 2.42713
10.8053 -5.60608 2.69839
1.49269 -7.25739 2.54801
-2.55634 -10.7593 -0.261484
-3.81691 10.175 -1.12314
19.7301 -15.0158 1.39689
23.9929 -9.27055 0.655159
16.7111 -5.69197 2.94183
8.05304 -1.86539 0.10964
8.76377 -12.9807 3.28701
6.25494 -8.53943 2.67716
5.09042 -4.81668 2.58004
4.96812 -5.55086 -0.175912
-4.51705 -3.10193 1.9547
9.70135 -8.28028 2.73002
5.5325 7.08776 2.16013
-4.64526 -8.03166 2.34677
9.32397 -2.94951 2.77279
3.70643 -13.3579 2.0941
-3.90811 -8.30655 2.38931
7.30975 -14.8697 2.5089
4.83981 -13.7879 3.24026
4.32592 5.35809 2.65877
-6.29482 3.61703 1.83567
-3.54482 8.41205 -1.44944
-1.87953 2.68708 -0.741894
6.3164 1.83034 0.302364
4.40197 -11.1959 2.82135
-2.50588 6.89379 1.83813
52.1501 -27.8629 2.58818
8.30441 -4.31019 2.44061
7.53821 -9.299 2.69286
2.46133 -7.53441 0.0570329
-6.33025 9.90295 1.51322
7.7156 -9.30962 2.68989
22.1895 -19.8791 3.87611
-5.16314 11.64 0.557804
5.99036 5.66864 2.08572
35.0296 -20.4304 1.7759
9.97362 2.82635 2.62271
7.27019 7.82769 1.7792
17.402 -10.8635 3.41731
7.33431 -7.27351 2.53673
-6.61208 -3.74657 0.687417
13.5498 -13.0162 0.595115
6.4219 -9.36286 2.79603
15.4353 -8.54934 3.26914
-4.7261 7.94539 2.27693
6.10894 1.90334 0.305732
-3.69561 0.885906 -0.749255
-4.10649 3.89508 1.9092
10.331 -16.0943 2.66158
4.48791 -13.645 3.09921
-11.8826 -4.92206 0.917555
49.2081 -24.3753 5.1074
-10.9479 -1.68393 -1.4856
6.20078 -14.2388 2.96927
8.45067 4.65193 2.84702
6.09987 5.92535 2.07673
-3.79777 2.60517 1.32881
7.96993 7.53752 2.70249
12.6058 -14.2461 3.75501
12.7437 -5.89867 3.30328
7.945 1.47817 0.205547
8.27741 -2.71366 3.13255
4.8651 5.71379 2.64641
6.70418 4.47998 2.77391
-2.69477 9.08402 -1.03924
0.0445708 -6.27991 2.10833
5.44735 6.98096 2.61294
3.26694 -11.0145 2.75935
2.51739 -11.1054 2.73516
-6.89528 -2.68432 2.06765
0.0011191 -6.46702 1.51367
-0.100483 -6.71142 1.4994
-5.55757 -0.0675858 -0.778782
13.7667 -5.59818 2.84154
-6.73596 2.2914 2.40278
-5.60191 6.82599 2.19603
10.4125 2.23937 3.02114
34.9652 -26.2458 3.80504
10.3874 -10.3895 3.35265
13.5008 16.048 2.27646
9.26287 -13.2308 3.08832
11.2391 2.16433 0.925568
21.8389 -9.84288 3.26529
36.1231 -26.7733 3.63598
11.9356 12.2312 2.32961
5.68861 -11.3758 3.36467
7.88835 -9.25942 2.85254
-2.17561 8.77563 1.78378
27.8091 -11.1268 3.34219
9.31829 -4.50994 3.24636
13.0709 -14.7898 3.41197
-3.1159 -10.5029 2.4991
34.3669 -20.2922 3.71212
7.2057 1.29611 2.33824
-6.25238 5.19583 1.90492
16.3366 -11.766 0.511558
11.2967 2.24649 1.70865
-4.71209 -7.35066 2.69744
2.51871 -0.106222 -0.109328
15.494 -13.314 3.16231
-4.3 6.29264 1.75328
8.31716 -3.28602 3.14858
12.8954 -11.3923 3.08246
9.3064 3.08271 1.69001
5.10663 -9.90871 0.693729
8.22236 8.02251 2.69473
8.30919 7.95923 2.69907
8.43905 7.88727 2.70963
-3.51207 12.851 0.751214
-9.89044 -7.76812 -0.489528
-3.30684 -1.5058 -0.638405
-11.285 -2.10355 1.27901
-7.19656 7.74743 1.1147
-0.0570259 -6.51927 2.09592
37.1333 -27.1735 3.13976
5.50744 7.07424 2.30064
1.50432 -4.50811 -0.34496
-10.516 -6.50825 2.59575
-8.29403 0.895206 1.87618
-2.89379 7.04412 -0.972088
-4.2768 8.8538 2.24468
7.24919 6.52786 2.70805
6.8167 0.75487 0.342994
-7.66512 -6.1511 2.63695
-3.54911 9.20008 2.25101
1.73049 -4.32815 -0.338316
-2.91699 18.1264 1.28289
-2.10445 6.11979 -0.907147
-6.7024 -3.89664 2.08649
2.92873 -4.93959 -0.276592
-3.87453 8.25699 -1.05661
-6.1135 -3.89877 2.13877
6.89667 6.09894 2.71704
6.87257 5.77438 2.72279
2.37429 -7.8257 0.00583646
-3.56852 2.54761 -0.854519
11.2018 -9.65927 3.27977
12.2434 3.06723 1.02082
-1.50427 -3.30207 -0.49607
-10.6237 -0.686271 0.236526
8.48204 8.2262 2.69805
-9.28916 -0.823831 -0.820896
6.66405 -8.69647 0.277373
8.55989 8.1502 2.69883
6.7683 6.44313 2.70122
6.76148 0.717811 0.308559
2.71799 -4.1477 -0.306837
8.67226 8.52259 2.60965
-2.70596 -1.70384 -0.60882
8.0275 -4.67517 3.1957
-2.32175 6.87453 2.07707
20.9103 -18.0479 3.76513
7.07163 6.17505 2.71388
9.25776 -10.5357 0.184531
-2.19109 -8.31663 2.48523
12.1761 -16.8443 3.46235
11.1512 -6.09466 0.0922545
5.67973 -12.1013 2.88302
17.5593 -10.5196 3.28881
21.5368 -9.53548 0.598324
11.0531 2.12851 0.910231
9.95709 -3.22768 2.71265
1.86562 -12.5787 2.7174
6.40443 -11.134 3.39794
0.652182 0.456931 0.205001
-11.9684 -4.73281 2.10973
-2.5314 12.2397 2.16066
8.71711 -6.30817 3.27077
-5.67225 -9.44594 2.31105
5.16431 -3.00569 2.24159
-2.89721 12.5371 2.14374
-3.26392 12.4876 2.09924
-2.21794 5.82031 2.4058
12.1752 -16.8426 2.6583
-3.8593 -4.40169 2.20222
-11.7374 -5.20361 0.445571
-5.3744 7.33712 1.89889
16.8153 -13.1137 0.866923
21.6004 -11.0307 3.75477
21.3196 -11.7319 3.68701
36.1369 -15.742 3.91614
-5.90945 10.5812 0.213115
13.9078 16.3243 1.93133
5.97421 -13.0967 3.02064
-2.84733 -8.80573 2.44692
-6.00283 6.15216 1.80326
-4.59223 9.09563 2.22479
8.30695 -1.99798 0.716638
8.18882 7.74729 2.70863
2.29771 -2.12135 -0.397192
-6.44489 9.51701 0.53941
7.10274 6.49147 2.70946
6.90233 -6.89929 3.2457
-8.08862 -7.1549 2.23376
-4.38939 14.161 -1.48713
-12.0051 -4.38008 -1.40218
7.77327 1.34868 0.296934
7.88595 7.25868 2.71185
-8.20084 -8.40748 2.46495
34.2042 -20.7698 2.4928
8.85382 -6.56028 2.78737
-7.33218 4.21336 1.7741
-2.31798 8.05641 1.8075
-2.12677 8.12135 1.8101
29.723 -16.3417 3.98029
-6.32026 5.79959 1.79945
14.156 -12.2414 1.09826
-10.6504 -7.4026 2.24204
8.79377 -2.19932 0.453066
-6.60972 8.88594 -1.58645
-5.6022 6.82624 1.82624
-3.91912 -1.90998 -0.643608
-2.72945 11.4947 2.18884
-3.88473 8.56631 -0.292385
-5.35316 -9.58569 2.09896
-2.78028 11.7859 2.16941
-0.899081 -1.29541 -0.55176
-3.29557 10.0804 2.22574
-2.46131 8.18211 1.79245
-2.33416 8.23816 1.79631
10.4387 -3.4541 1.56259
6.94193 0.833594 0.199731
-2.35254 6.82341 1.92216
10.8765 2.44168 2.12071
-2.12248 7.66899 1.81574
-9.09984 -2.37266 2.10318
0.57989 -6.41412 -0.311208
2.10721 -4.70457 -0.311202
8.67972 -2.89685 3.14833
11.9171 3.10019 -2.03137
-10.8232 -0.903319 2.0861
6.8566 1.63564 0.319206
21.1195 -12.4902 3.48908
12.1995 -10.6933 0.30678
-2.25807 14.9051 1.59068
32.8445 -24.9824 4.35281
15.978 -8.46312 0.342767
7.82874 -1.73042 0.535181
8.1357 -1.94614 0.486009
8.31919 -2.03732 0.500591
12.038 -4.13649 2.74532
3.95142 -13.4451 2.70888
-6.09807 6.31369 1.78899
-5.25566 -2.43685 -0.670391
-2.54622 11.8462 2.17062
-4.33528 9.89108 2.08822
-3.28199 10.3588 2.21538
-2.43415 8.3932 1.78092
-2.31157 8.45332 1.7861
-2.13423 8.51982 1.79003
-0.439319 -7.48757 2.65997
-6.78081 -4.03979 1.91012
5.23619 6.46709 2.49719
23.6465 -16.6474 2.68924
10.6921 -8.66676 2.71595
-8.26023 3.96909 1.47186
7.69483 -9.29963 2.29341
-0.80237 -9.8186 2.55131
-2.33704 16.0893 1.5124
7.68149 -13.0886 2.99468
-0.888973 -4.51398 -0.427861
-3.60282 16.5143 1.36751
3.43127 -10.7732 3.1381
8.20439 -13.1103 1.5352
-10.9811 -1.63451 -1.08487
7.90972 -13.4724 1.50141
-3.30812 10.6726 2.20519
-2.29308 -3.89392 -0.495076
-10.7669 -0.908369 1.07261
5.18858 -9.84496 -0.730987
-5.69855 -9.44373 2.09586
-10.4885 -7.43593 2.49785
16.0462 -7.08333 3.14282
-6.94718 3.48622 1.50493
-2.661 7.69139 1.80366
-3.43237 10.6112 2.20092
-3.11186 10.7343 2.20578
-2.96495 10.7819 2.20692
-2.88775 10.8254 2.21121
-2.26966 8.72395 1.77833
8.45635 8.5987 2.36182
13.4481 -6.38448 2.84689
-3.84221 2.69697 0.495031
-6.89425 2.28248 2.38807
-3.00738 17.9865 1.53157
26.0212 -10.8718 3.66954
-1.71624 -11.1042 2.07974
-4.41242 2.6096 1.5536
-8.6264 4.05044 -1.15964
6.85684 -5.77311 3.20118
2.76789 -10.4837 3.20003
3.73951 -1.32288 -0.384671
15.1278 -13.2885 0.510969
6.1543 1.95929 -0.270674
8.71877 3.2854 -0.448369
3.91324 -8.47707 2.69754
-6.69337 -3.34549 1.50274
-3.88532 10.8715 2.15948
22.9383 -11.7088 3.35005
-3.24933 11.0186 2.1966
-3.12965 11.0488 2.19587
-2.05929 9.08676 1.781
57.3248 -27.547 4.34414
5.87974 -1.55916 2.33306
-4.51742 -2.90022 -0.621124
9.93889 -15.8986 3.474
-1.10042 -3.30457 -0.483471
11.551 2.15165 1.3092
0.701965 -6.46183 -0.298125
7.84131 -12.9784 2.95494
10.9893 -11.5355 0.301373
-10.5001 -1.88954 1.91044
-7.0888 8.1109 1.9204
-2.10001 -5.89125 2.3886
-2.09981 0.301838 -0.66438
-5.07012 8.11696 1.77255
7.57239 7.16246 2.70099
7.06132 4.53223 2.79055
8.8616 -9.74202 2.92161
5.51349 -12.1476 2.87709
7.67569 6.83058 2.71802
-8.09724 -3.09617 2.03264
-4.32121 9.88926 1.89701
-3.27606 11.2983 2.17947
-2.90214 11.4384 2.18632
-2.5901 11.5358 2.19042
-0.303914 -4.28763 -0.417106
5.10411 -8.21002 2.75837
7.53218 -9.35609 2.08954
-4.05767 1.09497 -0.254229
-2.88785 13.0551 0.424334
10.3112 -14.2529 3.15148
3.50852 -0.902095 -0.406256
10.9403 -16.3751 2.3095
8.48584 -15.2983 3.07866
3.81235 -13.3843 2.46881
4.91184 -11.1109 1.4002
1.36762 -6.76602 -0.248387
0.948892 -6.67347 -0.186921
21.6674 -9.75305 0.603645
-4.67115 13.8509 0.998108
10.6869 -16.1969 3.11802
22.8116 -12.7312 3.23104
23.2154 -16.152 3.67993
14.3002 -14.2958 0.513422
23.2528 -16.3599 3.69849
-4.14185 4.93443 0.163831
9.37339 -7.38307 0.0862856
-6.08098 -6.8292 2.69479
8.04856 -9.41257 2.8269
26.5557 -10.2291 1.24447
-8.55102 -3.26691 2.02905
-11.8246 -5.0814 0.891609
34.0551 -25.8874 2.9196
5.39198 -9.12229 0.72202
-3.50143 11.5418 2.16067
-6.78466 1.17676 0.00603501
-3.0808 11.6873 2.1652
-2.67304 11.817 2.17052
7.10977 7.52916 1.8328
7.88259 -4.3325 2.55006
15.4311 -9.9017 3.16972
13.2359 -9.68705 2.83465
-1.72104 7.92758 2.32964
18.3965 -8.45016 3.26353
-3.23891 -2.30285 -0.602681
-3.0844 11.7009 2.16799
-4.08948 8.65427 -0.294415
10.5147 -16.1612 3.27242
-10.026 0.978298 1.8938
-6.39124 -2.53389 -0.71013
-0.915284 -9.02212 2.51672
14.1903 -13.6671 0.500321
6.45276 5.13185 2.74186
-7.79231 6.39629 1.74208
-5.67439 -1.11267 -0.737498
7.33154 6.76506 2.70213
7.489 -1.77515 -0.229931
-6.29091 -2.28873 2.07006
14.8647 -12.6544 0.495748
5.44015 -9.47729 0.614881
-3.39807 11.9958 2.15516
15.5774 -8.19606 3.47439
-3.28389 12.0132 2.15277
-6.38469 1.69658 0.00582908
-2.67717 12.1885 2.15725
7.11594 7.47265 1.78318
-2.12538 7.47522 1.84162
0.298246 -3.28708 -0.435838
8.9356 3.24259 2.43371
-5.30372 5.71003 2.32623
-5.80754 2.61695 1.8398
2.67653 0.344037 0.340434
10.3509 -10.2114 0.63561
-2.99695 17.9337 1.07927
17.0608 -11.3898 0.520971
-7.34197 3.93916 1.79645
14.1237 -15.3867 2.07424
34.3233 -20.5437 1.75005
-7.20385 -3.14289 1.30825
15.5793 -8.19693 3.26159
-2.74816 12.5947 2.14764
-2.67389 12.6258 2.1501
22.9042 -9.6675 0.633108
15.6075 -6.02241 2.8925
6.99751 7.25999 1.8366
-2.02771 8.09676 1.79952
-2.13382 8.30283 1.79845
8.05466 -5.09264 3.21924
-2.50633 4.51196 -0.849799
25.3699 -15.277 3.66364
-8.13229 2.11359 0.673928
30.1812 -13.6014 1.04813
-2.69555 -4.07109 -0.504042
-6.29905 7.67382 1.65326
-9.59638 -1.54363 1.91787
15.1813 -13.0854 0.508983
-2.32607 12.8188 2.13192
-0.707872 -11.5489 0.720146
8.31876 -13.8826 1.50385
9.85026 12.004 2.58738
7.34614 8.1067 1.82206
7.35651 -2.12863 2.75267
10.5197 -10.4473 0.557506
-3.3023 17.1634 0.55485
2.91938 -3.73138 -0.318167
2.65114 -3.99547 -0.319485
9.75176 -15.8214 2.931
12.4069 -7.64496 2.97149
-0.518884 -3.9092 -0.441838
-9.24899 -7.9774 1.88797
6.39624 -8.62257 0.00846787
15.2087 -10.4259 3.18744
7.75164 -5.07684 3.19839
3.74552 -13.3674 2.50512
11.7095 -4.14395 2.45084
0.891201 -3.91808 -0.390092
-2.29885 -8.11635 2.95917
-2.11559 -7.74332 2.95642
22.0505 -9.92486 3.51071
-2.21481 -8.40592 2.70939
-0.911658 -4.37915 -0.435513
6.84815 -2.75825 -0.22031
10.0652 -7.69098 2.65801
-7.92547 2.7683 0.625653
-2.32063 15.3444 1.54187
-1.48666 3.29266 -0.753704
-3.07422 12.8919 2.0842
-2.72914 12.9919 2.13334
-2.70219 13.0333 2.08646
-2.47446 12.964 2.08201
2.10437 -11.0981 1.39626
8.02116 -15.2064 0.0935267
1.35974 -8.43415 1.16294
-2.5422 -10.7923 -0.14338
18.3274 -6.36493 3.0028
-5.11143 -4.29464 2.18867
23.7003 -16.4608 3.56964
21.8708 -10.3432 3.74568
-7.9619 2.3403 0.291934
17.4079 -9.0249 3.03508
21.1432 -12.1158 3.68572
-1.69278 0.898028 -0.669261
15.8321 -8.61065 0.341762
36.6131 -20.4214 4.42384
-11.7911 -3.42097 0.915523
-7.00264 8.74483 0.490578
-2.99189 17.8989 0.908935
0.712693 -6.428 0.871701
16.3409 -13.3414 3.07318
-6.12064 8.09881 1.5708
-3.7133 -7.4969 2.87809
10.1287 -8.41389 2.68404
-6.89493 8.50708 1.49079
13.4111 -14.0205 1.85283
-2.11484 -3.26077 -0.515383
-6.94576 -3.25608 1.10205
-7.55695 -2.98221 2.18701
6.12951 -1.17816 -0.30045
-6.89708 -8.95243 1.88306
28.2017 -13.9678 0.997388
-3.01657 13.0664 2.0758
-11.4375 -2.68142 -0.277275
-4.58948 8.98065 -1.10626
11.677 12.5667 2.65611
-2.66903 18.7925 1.6525
9.95944 2.80815 1.57318
4.31982 -12.0709 0.40581
19.2209 -6.34066 2.99942
-6.09107 -9.33001 -0.303137
-4.51416 8.74912 2.24756
27.1582 -20.6517 4.00294
-2.10342 2.10752 -0.728663
-3.23021 3.57267 -0.613966
5.09683 -10.1261 -0.129799
19.7768 -17.4739 3.91148
22.0638 -10.0933 3.44913
-2.86202 -9.23302 -0.243353
10.567 -2.57924 2.28267
-9.59589 1.97088 1.46744
-5.89258 -0.902593 2.0289
-5.71358 11.4684 1.87279
-5.35429 -8.12057 2.28015
-2.7287 13.0682 1.8987
-2.58856 13.0171 1.88786
-2.45393 12.9595 1.90515
-2.28407 12.888 1.8936
20.4405 -17.8554 3.6993
-7.50542 2.68516 1.84363
-6.76899 9.61185 0.44296
4.36584 -6.70549 2.66023
7.32206 -1.89986 2.55437
-5.43695 -9.60198 -0.126126
6.13811 -8.60378 0.268063
20.1007 -14.7034 3.54027
18.9052 -19.6039 3.87117
7.64256 -4.64028 -0.101858
-3.67496 -2.62342 -0.60521
-6.54764 -3.47097 1.49702
4.1587 -8.39061 2.70601
-2.15301 15.146 1.70523
-8.83956 -8.21356 -0.878562
11.1285 -16.436 2.74314
10.6467 -2.48969 2.49442
-3.08402 -1.5017 -0.625671
7.36894 -14.8524 2.30757
38.8109 -22.6246 3.91217
5.66572 -8.69615 -0.266108
3.80161 -13.3959 1.9786
8.92169 4.25303 1.58749
1.88895 -8.15975 0.981449
11.2911 2.28146 2.09789
1.8259 -8.874 1.28652
19.3623 -17.5363 2.273
-0.301719 -2.88379 -0.47597
-3.69501 -2.7856 -0.59376
-10.0054 1.04771 1.95414
-3.77057 11.2964 2.13336
-3.33596 8.97524 0.126795
30.6487 -11.8323 3.05805
6.42155 4.49327 2.74953
20.4031 -9.33549 3.05781
-6.3537 5.51566 0.640306
-2.12192 12.8085 1.86515
19.2264 -6.48061 2.70124
-3.56811 8.65551 -1.31342
12.4982 13.622 2.62869
-2.87829 12.1241 2.15415
21.1544 -8.0757 3.08595
22.0608 -9.446 3.27063
-6.19533 6.85668 0.810663
25.2989 -12.5336 3.84774
4.34574 -6.03995 2.36097
10.6842 -2.60413 1.58519
20.2503 -11.4612 3.17111
6.29676 4.31196 2.76452
24.0568 -15.4378 3.89603
-1.29846 -10.2701 2.54966
-6.07891 5.09847 2.32876
9.96481 -10.2163 3.25844
21.9676 -20.3923 4.08547
-9.3393 2.63128 1.69612
-3.67241 2.15638 -0.805367
5.4397 -1.66253 -0.308296
10.2826 -14.2306 3.14483
30.3224 -14.8975 3.96453
8.99439 -4.38373 -0.0547106
-4.06013 1.50945 -0.303181
1.72203 -6.93464 0.503389
-10.5056 -0.52666 -1.45744
-2.09051 -4.88029 -0.451168
-2.12585 -4.46819 -0.471801
-4.49616 8.9048 0.113104
-3.30809 11.3104 0.515939
14.6904 -12.2067 0.95463
57.9588 -26.0827 5.14169
16.4651 -5.99796 3.45896
-2.0638 11.684 1.61681
-0.474704 7.0205 2.42
-2.12924 12.8153 1.73681
-1.93237 -11.1081 -0.676607
-2.03023 12.7844 1.7239
6.87005 9.26262 1.57129
-2.5072 7.53723 1.81263
-2.49521 7.74668 1.80369
-2.29048 7.70901 1.81138
8.16174 10.0698 1.76638
4.58606 4.86538 2.55613
-6.60522 -3.74506 0.356179
12.7398 14.2294 2.60379
11.2906 2.2634 1.51476
10.5292 -2.56328 1.40847
22.2081 -8.2468 3.08111
-4.34247 0.699295 -0.496277
23.9998 -15.5971 3.7234
23.3141 -16.1453 3.68949
26.1007 -10.702 3.66977
16.3669 -13.3356 2.74579
4.5247 -11.6076 0.114801
21.9508 -20.4983 3.90704
25.3572 -9.51496 3.18024
-8.38697 4.7682 0.694076
9.65898 -15.8311 2.45621
6.58458 -2.17183 -0.249223
19.6673 -14.6578 1.52764
-11.7055 -3.11134 1.49524
8.3127 7.9626 2.70021
-7.59209 6.79692 1.31665
-5.17372 10.3304 1.50257
7.54195 4.84217 2.81036
-1.15982 7.05609 2.41491
-2.72063 13.0495 1.69132
-0.603605 7.00775 2.41902
-2.27719 12.8859 1.70213
7.03389 -9.60819 0.0858628
-1.87598 12.1308 1.59653
7.55351 -2.15093 2.57442
3.25005 -2.64202 -0.351785
10.6679 -2.32251 1.34943
6.4322 7.83726 2.12753
-7.0623 8.24625 1.07725
-3.37428 13.1331 0.679096
6.13927 3.77415 2.78446
4.10989 5.51918 2.64383
30.7815 -11.8644 2.4592
27.9018 -13.6032 3.84022
23.8872 -16.1044 3.5645
5.65546 -10.4878 1.34753
7.88698 -2.65955 2.25306
-2.58115 4.18748 -0.327333
9.69526 2.73696 2.69403
23.443 -21.5106 3.93581
-2.52553 12.6924 2.15603
16.3677 -13.5912 0.800297
-7.88487 1.50823 1.87172
58.7141 -24.2883 4.7387
-2.69519 4.30798 0.0366525
-11.5596 -3.10218 -1.40384
-3.80589 -8.44682 2.40003
1.87528 -10.8819 1.39259
10.9443 -16.3807 2.19554
-9.10213 -8.10087 -0.287608
-6.67158 8.99724 0.560698
-2.79942 3.98553 0.0535887
7.5244 0.624694 0.886824
-3.59821 16.5142 1.67973
6.29709 -1.3064 2.48387
-10.2725 0.112145 -0.299086
57.9793 -26.0958 4.74184
-4.00417 1.70467 -0.525428
7.92792 1.5275 2.44276
3.941 -2.74679 -0.322278
31.1469 -12.8909 3.95518
7.31576 -4.9163 -0.100425
-4.90757 13.3077 1.49593
28.8526 -18.0231 3.99238
52.6548 -26.8807 4.03559
28.2244 -18.344 3.95003
12.5178 -13.4846 3.06512
28.5103 -18.7796 4.00611
23.7729 -16.3074 3.29872
6.60102 -13.3068 2.93152
-1.10414 -4.08853 -0.452665
21.0038 -20.4769 3.44184
7.87887 -1.5444 0.101019
16.7935 -18.7412 2.87906
-4.31801 1.82773 0.00796842
9.65718 -15.8309 2.12064
15.0501 -5.1265 2.84965
9.42688 -15.7167 2.0959
-5.68598 -9.46324 1.49583
-7.89908 -8.55889 1.29751
-9.05808 -1.50448 1.99962
-11.5318 -2.70381 1.31971
-4.74873 0.0919939 -0.753034
-6.96351 7.97557 -1.74623
-4.49933 0.304393 -0.756764
-4.65604 11.6402 1.47078
-6.02652 6.73206 0.562671
5.70574 6.32145 2.15378
-6.73422 -6.56824 2.32019
5.2288 -9.70795 -0.701662
52.024 -27.8114 5.13589
2.09228 -5.07293 -0.297614
-10.4844 -7.43752 2.33393
-4.81932 13.4685 1.28793
-11.137 -7.05806 -0.957519
28.8125 -18.2229 3.80166
24.2134 -15.9455 3.23272
19.7209 -19.9431 3.12723
-2.05557 12.7694 1.83838
9.79135 2.70871 2.7196
48.097 -26.1088 2.39713
4.50412 3.69295 2.21849
34.5097 -15.783 4.23202
5.2553 -5.25248 -0.175239
4.86891 -11.0701 1.34733
4.8341 -11.3596 1.33851
2.77713 -13.2636 1.50952
2.77212 -10.5195 3.20981
6.82184 -5.91449 3.21001
8.44001 -5.70854 3.25553
4.49478 -10.4872 3.29806
-4.38071 8.84092 0.0723381
-6.1423 10.3176 1.30275
9.99962 -16.0173 2.21475
-6.01713 10.6596 1.30918
10.0979 -6.93332 0.0892166
-2.73423 13.9599 1.58635
-8.69934 -1.2796 2.46101
-2.08605 15.3438 1.72683
6.08677 4.12183 2.76552
23.9815 -15.5969 3.89969
4.70702 1.83109 -0.490039
23.9061 -15.7574 3.90304
19.1778 -6.58938 2.07646
37.9772 -17.0908 4.39469
-4.95734 2.84614 1.92933
14.0769 -6.50518 0.20543
-2.92631 18.1869 1.65874
7.81001 -9.39748 0.796558
-9.60655 3.04341 0.133649
21.4533 -20.6654 3.14209
-0.893514 -3.68871 -0.460268
7.68504 -13.5579 1.64312
4.65465 -11.7022 1.27598
2.18643 -7.36888 0.809391
-7.67072 6.37389 -0.235075
2.10611 -7.08653 0.692612
8.91379 -7.98859 0.0870028
-2.42528 -10.8036 2.63506
34.2868 -20.5411 2.48915
7.69912 -2.51571 2.21949
6.69304 0.638532 0.418427
1.31953 -5.54765 -0.309567
-6.73221 -4.2053 -0.673905
-8.31281 1.57421 0.112174
19.7163 -19.9425 3.29037
6.74508 -6.73807 -0.0521732
8.99906 -7.7583 0.0861341
-3.29665 1.2889 -0.743175
-3.81348 16.0645 1.69143
5.74353 -12.1461 0.0969493
-3.08209 14.4467 1.55879
-2.88899 14.5214 1.56242
41.6057 -16.639 4.45296
41.4234 -17.1446 4.45433
41.3155 -17.3977 4.45412
38.8737 -22.3387 4.4548
7.74613 -1.54601 0.351096
7.77459 -1.6663 0.488054
8.11034 -9.51976 0.854186
0.297625 -2.09472 -0.478097
-2.75051 18.5425 1.57443
19.804 -14.8675 1.39482
0.900105 -1.4955 -0.472966
6.15599 -11.1816 1.26702
4.81763 -11.6275 1.24936
15.4494 -15.5146 3.73929
-7.9284 2.6949 0.312967
16.599 -11.3828 0.510804
11.7669 -11.0307 0.305552
-3.45994 16.8665 1.68369
6.89832 9.12278 1.09972
6.15091 -8.61538 2.83316
-10.8044 -1.19868 -0.689754
10.352 -10.3457 3.29344
10.3402 -2.72262 0.929602
47.3059 -18.8927 4.73854
-3.49647 8.67667 0.491781
-5.23058 8.60839 1.74077
7.77695 -1.57258 0.197418
7.75817 -1.69291 0.299296
9.91728 2.866 2.48894
-2.89143 4.05412 -0.849281
7.09043 -12.3268 1.32171
-7.48792 2.9144 1.83358
1.12107 -6.89578 0.299973
-6.0746 3.34316 2.40797
7.63661 -4.90484 3.1847
-7.75953 6.63683 0.84081
7.35063 -9.90403 1.29955
-3.24473 17.4228 1.64874
2.10075 -11.0737 1.63515
-10.4981 -7.48531 0.885831
52.328 -27.1399 5.13276
10.4196 -2.75397 2.06073
-4.30271 -4.49896 2.23834
32.3346 -12.9366 1.10667
25.1159 -9.32347 3.31418
11.009 2.40029 1.94743
13.3276 -14.0817 1.68629
8.91634 -12.4875 1.33451
8.92507 -13.7196 1.42329
-2.98949 17.8744 0.344492
4.74678 -10.8786 1.03201
4.75366 -13.8771 1.31413
2.02782 -6.98411 0.631821
21.007 -12.9308 3.50665
-3.98958 -10.1808 0.891227
20.8422 -13.122 3.50211
-4.30674 -10.0495 0.882471
-2.53238 -10.7644 -0.306556
5.05442 2.35277 0.346788
-3.73555 16.1734 1.44511
10.8352 -12.1014 0.307383
-3.06078 15.3907 1.36606
-2.98634 15.5134 1.37531
-3.19853 17.4779 1.49246
-3.09383 17.7239 1.52036
3.31712 0.517505 -0.479858
14.425 17.5769 1.90997
6.24679 1.90617 0.481435
52.3741 -27.1398 4.77181
28.7644 -18.4433 2.76348
24.0019 -16.0267 2.33338
10.7544 -5.70837 2.69872
37.071 -27.125 3.71461
20.6566 -13.6268 3.51872
9.40005 -10.6215 1.14633
7.54552 -9.50821 0.893005
4.82093 -10.6975 0.919986
-1.04948 -11.4032 0.889394
-6.84798 -9.00498 0.914656
-5.98779 6.41969 0.330554
-9.36057 3.38087 0.804727
-6.2287 6.8722 0.749784
-6.09543 7.49008 0.678316
19.3333 -11.5773 0.572391
-3.90241 2.71287 1.82278
-5.95619 10.7357 0.907863
-4.82333 13.4809 1.11314
-3.16461 17.5922 1.44622
2.25334 -11.1408 1.54779
10.1835 -3.13825 0.703945
6.89225 -9.9088 2.89957
17.8573 -7.38994 0.365821
52.752 -26.5419 4.40445
2.87765 0.379752 -0.46933
6.11372 -11.9098 3.13262
28.7606 -18.4611 2.54842
23.7502 -16.4954 2.15577
37.0617 -27.1216 3.42365
8.17106 -1.89877 0.123166
7.54267 -1.89615 -0.23173
35.0134 -26.2886 3.26392
6.09398 -4.49032 -0.178569
9.25677 -10.4535 1.04011
6.03342 -8.84666 0.797538
2.55221 -7.29542 0.490711
-4.04828 10.6273 1.7101
-11.9787 -4.06813 -0.703481
13.0958 -14.8155 3.29399
-7.10759 -5.90729 2.69868
-2.63541 -10.8033 -0.518903
-2.38301 6.72739 2.08213
4.44942 -10.6362 0.00932273
-2.30394 5.67937 -0.894933
6.71291 -11.2858 3.27819
14.6153 18.0322 1.73181
1.29103 -4.54786 -0.349978
12.1171 12.7257 2.60483
8.08886 8.08811 2.68329
8.11212 7.81748 2.70692
52.9744 -25.8555 4.02513
5.75608 -8.54882 0.195074
6.07463 -8.58079 -0.356413
14.7086 -12.2876 1.30746
-8.8496 3.69722 0.714945
9.65471 -10.091 0.897002
9.19778 -10.2507 0.829868
-2.5101 13.477 1.60861
-11.7273 -3.5162 -1.42497
-3.10595 10.4298 2.21866
-4.54024 -7.78995 -0.434166
-11.1979 -6.98476 0.841733
10.304 -2.79006 2.70115
-10.8034 -0.998264 0.697357
-3.81904 2.6123 -0.307151
9.24397 -15.6459 2.86556
-2.78601 5.77131 2.0253
7.45281 2.12407 2.24707
6.70474 9.20762 0.706379
7.14689 8.97139 0.714623
-5.54617 2.91942 1.77594
3.30938 -0.57238 0.208306
58.459 -25.0315 3.96225
25.4435 -9.44289 2.86332
20.2601 -14.444 1.54957
20.0379 -14.4854 1.54028
5.58937 -9.34721 0.677444
-3.93687 15.7231 1.66057
4.62093 -11.1062 0.685849
8.28373 -2.8921 -0.153131
12.6787 -4.70371 0.0985612
-6.02554 6.83159 0.4666
-6.0653 7.8216 0.61647
-3.26195 8.53685 0.542113
13.5091 -10.009 0.318392
-3.09579 2.28921 -0.78642
19.1022 -6.89674 1.07964
-3.89923 -0.0960198 -0.713479
30.7477 -11.8487 1.85654
-3.30698 12.8536 0.58121
58.469 -25.0397 3.58435
7.90653 -3.34563 -0.150137
-3.91129 -3.03778 -0.601674
6.96581 -5.45358 -0.100663
-10.4949 -7.49169 0.286811
-4.56045 -1.89369 -0.661963
34.293 -20.5397 2.2522
20.0873 -14.3283 1.38933
14.9554 -12.4833 1.09727
57.7264 -26.8469 3.58768
9.19158 -3.23214 2.34061
9.91611 -10.2859 0.804056
-2.08513 1.49869 -0.703286
14.2613 17.16 1.94279
-7.75291 6.66022 0.511401
-7.60167 6.97433 0.516473
28.0175 -14.7438 1.00337
5.97593 3.97078 2.77218
16.5194 -18.69 3.32184
31.8964 -12.9705 1.09136
25.1191 -14.6349 0.920719
-3.67512 14.1171 1.53933
58.9517 -23.964 3.18531
2.49617 -7.08944 2.70592
-5.83444 -3.54739 2.13951
57.7516 -26.8503 3.18786
34.3084 -20.5438 2.0012
-5.01153 1.65532 -0.837019
23.8495 -16.3483 1.44675
5.19528 -1.50413 2.08842
6.46345 0.370235 1.33686
5.88379 -8.55733 0.491133
-0.888773 -11.1228 -0.196365
5.42385 -9.23709 0.468358
-2.6782 2.69656 -0.776577
4.64011 -11.0834 0.51044
9.48838 -2.19317 2.63743
12.7138 -10.4077 0.311001
3.88867 -2.51077 -0.335811
-8.7425 1.54534 0.444413
-5.6736 5.01824 0.378894
-3.90575 3.85967 0.274448
-3.0633 -8.09092 -0.362151
-5.42782 11.663 0.644194
-2.36497 9.69773 0.499695
-3.07673 17.7365 0.901808
6.69495 9.23303 0.49983
7.81469 -1.76732 0.313664
7.21269 -9.84693 2.8623
58.523 -25.0429 2.78549
28.721 -18.677 1.49902
24.1543 -16.1233 1.26975
13.2109 -11.5312 3.14105
-5.72085 -6.51324 2.76955
14.1364 -12.2144 0.836394
-2.95716 -10.6138 0.481889
-10.5017 -7.50824 0.496705
29.7275 -13.6044 1.03617
-7.45752 7.68577 0.468715
-6.24247 6.71604 0.401207
-7.0364 8.62323 0.487152
8.09708 4.45634 2.8488
-5.51952 11.6466 0.512202
-4.77808 10.2579 0.495472
58.4933 -25.0419 3.18484
-0.119613 -6.95549 -0.281441
7.51664 4.53726 2.80514
16.5021 -13.2817 0.733963
-6.6057 -3.74335 0.529989
13.6385 -12.9061 0.706135
7.31897 -9.71313 2.77495
-11.599 -3.10205 -0.380519
13.6017 -13.1106 0.71043
19.1152 -6.89755 0.704233
36.9161 -19.7084 4.4159
36.8163 -19.9464 4.41851
2.02351 -10.739 1.15176
4.37883 -11.8876 0.350556
-10.0209 0.850917 0.293133
-4.15791 1.82797 0.163962
-7.70539 6.71322 0.378427
-7.6836 6.91084 0.364591
-4.66776 -4.18037 2.19701
-3.34582 -8.26615 -0.373772
-2.73957 -7.27765 -0.374696
-4.49513 9.03282 0.34585
-3.38046 8.76254 0.217795
23.3389 -8.99113 0.635441
-3.17385 11.7503 0.458436
-3.14251 12.8823 0.499631
-5.37916 12.138 1.27698
-2.98004 13.2729 0.512446
-0.296803 -6.47535 2.4515
31.2327 -13.1496 1.07407
6.8046 4.36811 2.78163
25.4783 -14.2167 0.92458
-2.83814 -10.6153 2.69452
8.62703 -8.32556 0.0867745
25.2509 -14.5049 0.922281
7.0173 -8.02712 0.00855373
24.8414 -14.8788 0.917609
6.06535 -2.15928 -0.269325
5.43861 -9.29129 0.255549
5.14931 -9.89146 0.291776
-4.0069 15.523 1.45945
7.28934 -5.10069 -0.101111
-3.00334 -10.6015 0.358965
-7.7002 -8.65416 0.283457
2.91743 -0.425622 0.0495833
4.76024 -10.9173 -0.208777
-8.50901 -8.33435 0.291447
-8.77945 -0.809515 -0.856678
-4.63083 3.8496 0.190821
4.95163 -13.8342 3.25824
-1.85021 7.79643 0.254086
-2.79689 13.2206 0.428859
-2.98482 17.8613 0.51799
-9.90695 -7.69163 2.09035
19.5 -7.2389 0.528405
22.1182 -9.23471 0.608528
21.3181 -9.75357 0.595556
21.0651 -10.2703 0.595325
21.0913 -10.4437 0.597859
7.50184 2.88116 2.88666
9.24533 8.74702 2.2001
20.5775 -10.3471 0.58507
19.8948 -11.0189 0.577678
19.8901 -11.2568 0.580515
19.4453 -11.1631 0.569507
5.10204 5.70029 2.16095
25.429 -15.0403 3.65616
13.3318 15.0785 2.12433
16.5059 -13.2833 0.538095
14.725 -13.254 0.503132
14.3108 -13.6149 0.50162
14.1391 -14.3143 0.511076
-6.37535 -9.20379 0.271611
-4.56443 13.8196 1.80057
-10.1963 0.376316 0.275818
-4.69162 0.78546 0.120904
10.3463 -2.69689 1.12746
-9.80936 2.01432 0.254999
21.8076 -10.6404 3.44856
-5.41995 2.31128 0.149852
14.6096 -12.3025 1.30336
8.08062 4.30694 2.85156
-5.50688 11.7395 0.35731
7.52527 -9.12222 3.32746
-5.28388 12.1204 0.293926
-6.89187 -3.10567 -0.734231
5.72819 2.12849 0.0800645
14.5513 -10.7164 3.45593
-11.076 -3.32515 -0.839858
-3.15857 17.558 1.66004
-5.70472 -3.6996 2.51243
6.45735 -2.30714 2.52454
19.0494 -6.871 0.383704
7.48423 1.70505 2.37535
-4.23392 5.25862 0.171739
18.1884 -7.13397 0.370158
18.0417 -7.33693 0.368679
17.5529 -7.51382 0.361709
2.83097 -10.4677 -0.05943
17.3076 -7.72523 0.359057
8.71956 -12.4174 1.3193
-10.4884 -2.49355 -0.848855
10.8963 3.45054 1.17017
-1.47427 -8.27597 -0.302625
4.25314 -7.55728 2.68189
11.4625 -11.2466 0.303765
19.9968 -14.9154 3.54599
-2.99944 -10.5998 0.208903
-8.40257 4.62518 -0.461011
-4.57217 0.484124 0.0525073
5.09787 -10.8585 3.33024
-4.92097 2.06691 0.091057
-2.0921 7.93674 0.0829803
14.3218 -6.23631 0.205959
7.00362 -9.3232 0.153425
6.2461 -8.78802 0.021731
5.88499 -8.68503 0.138237
-5.39914 11.9836 0.334573
48.336 -26.2212 5.11836
-8.09767 -0.721931 2.45578
-8.10419 -0.522232 2.4531
-11.2909 -2.10331 1.4929
-5.5085 8.05245 0.315399
20.9026 -18.0403 4.09288
-6.3018 9.89803 0.889671
-7.10749 2.71237 2.36375
-10.3702 0.732909 0.137871
-3.74865 -8.25655 2.39778
-4.22877 3.84056 0.0756002
-3.31297 3.61039 0.0648429
5.27574 6.50897 2.2962
-5.79785 10.7456 0.171997
-5.47181 11.7785 0.238846
-3.35799 8.70661 0.123568
3.47455 -0.647519 0.0563507
10.7938 -2.35046 0.0802173
12.1704 -16.8409 3.27724
11.4526 -5.79922 0.0930702
-1.87464 13.2018 1.64935
11.0201 -6.19715 0.0920239
-3.08901 11.3668 2.18232
-3.29775 11.6368 2.16688
-7.22442 -5.53527 2.6859
8.21656 -8.79273 0.0871232
-3.98845 1.3192 -0.137606
7.94696 -6.9767 0.00846962
-4.07721 10.5036 2.07963
7.56881 -7.33288 0.00843578
-6.20157 10.2049 1.62713
2.63539 -7.80609 0.00667556
17.8696 -19.2445 3.49751
-5.43695 -9.60202 0.00868165
-3.90285 3.4731 0.00454464
2.89871 -0.44363 -0.111802
7.47713 0.566868 0.8648
-7.58474 -2.66006 -0.731917
6.09873 -1.43387 2.41982
-2.11461 -9.16187 2.48606
-2.56577 -8.95912 2.46434
37.1959 -19.02 4.41074
-8.69501 4.0947 0.900372
-3.27917 -2.17267 -0.606811
4.91927 6.88899 2.62522
8.07902 -5.4807 -0.0534172
4.95726 -13.8475 3.08582
12.2031 1.88682 2.00832
-2.47429 7.99597 1.80464
-3.99956 -10.1903 -0.091879
14.1451 -15.2397 2.06483
-5.84877 -9.42991 -0.127079
-6.52899 -9.15317 -0.128314
-8.73034 3.93662 -0.0848217
28.633 -18.8807 1.2909
-8.81589 1.60643 1.71286
4.05874 5.47439 -0.0367821
-8.54606 3.85251 1.45032
6.48921 -5.85742 -0.0995448
-5.68216 -0.897627 2.0347
8.01587 -3.21254 -0.150759
-1.86181 7.06264 2.35296
-2.95262 3.91705 -0.102396
-1.42677 7.88842 -0.0739476
-10.5164 -7.46466 1.51481
4.88164 -6.42569 -0.141235
-0.298549 -3.28833 -0.460675
4.25474 -6.96916 -0.143027
4.21745 -12.4986 -0.231024
2.12457 -8.36779 -0.151319
8.53826 -6.92579 3.1385
20.9404 -8.08375 2.92131
-0.719276 -10.666 -0.187447
-4.00373 -10.2007 -0.191298
11.1218 2.28295 -0.407782
-7.30013 -8.83785 -0.27954
29.1398 -17.9564 3.18481
-10.8648 -7.38179 -0.309616
-11.9827 -4.49785 -0.301906
4.94553 -10.3008 0.88708
-5.46526 -5.40094 -0.557721
2.77846 -0.387544 -0.0957705
10.4012 -2.75619 -0.253253
3.83603 -6.49199 -0.177999
9.04588 -5.71322 3.09612
3.66384 -7.46946 2.66673
-4.63853 0.198624 -0.123591
-4.24605 7.49562 -0.21603
4.46311 -5.2326 -0.205441
-11.8339 -5.08375 1.32407
-0.182268 -10.0181 -0.345159
-3.99634 -10.1856 -0.326593
16.4537 -18.606 3.07125
3.34693 -5.54108 -0.232693
4.97645 -11.8157 1.35148
5.55743 -2.74548 -0.259278
3.50318 -5.00553 -0.255922
2.1121 -5.93196 -0.263896
2.05756 -4.87586 -0.308302
8.60571 3.56351 2.06644
27.1554 -23.1487 3.10586
11.034 2.29939 2.7087
-4.25235 3.58928 -0.316048
-3.92839 3.46841 -0.301893
-3.66479 3.34001 -0.308687
4.65473 -11.1106 0.882272
-10.0508 0.876756 1.31775
4.94234 -2.96066 -0.27733
7.71112 -9.31225 2.1057
5.28345 -8.2469 2.90762
-6.07997 -4.4514 2.09038
3.56551 -4.34465 -0.270622
3.51762 -4.46368 -0.273725
5.23337 -9.72051 -0.532473
0.603396 0.445438 -0.0627568
5.16167 -9.90913 -0.538948
-1.30352 -6.88243 -0.33725
-5.05036 -8.13975 -0.461285
0.788054 -5.42229 -0.330848
14.5538 -10.7154 3.29312
-6.92262 -8.00898 -0.509731
-10.92 -7.34604 -0.634022
-2.59379 4.3144 -0.283018
9.08172 -15.5784 2.11437
7.60495 2.58912 -0.386485
6.46729 1.25904 -0.319466
38.9867 -22.4312 1.69477
2.56376 -0.225649 -0.181898
3.32576 -4.1211 -0.287304
3.07439 -4.08842 -0.300613
2.88123 -4.26963 -0.300012
2.69103 -4.67952 -0.292957
0.301318 -6.09794 -0.331453
-0.112053 -6.16859 -0.334894
-2.08229 -11.0268 -0.671718
-3.14786 17.5032 1.27086
-1.50704 -8.45754 2.99742
1.50574 -3.7097 -0.372556
1.0134 -6.2945 2.39177
12.1651 -5.16597 0.0958964
-4.59048 -7.06045 -0.456866
-9.49487 -6.90957 -0.6372
-9.93725 -6.8208 -0.653939
-10.6639 -6.75509 -0.685002
7.19612 3.03374 -0.423406
5.4457 -1.04 -0.334264
4.90316 -1.7104 -0.32565
3.68288 -3.34984 -0.305413
1.63937 -5.02161 -0.318765
1.48964 -4.89534 -0.32786
1.47853 -5.07024 -0.318891
-5.11796 -9.77296 -0.697114
-5.56587 -9.58466 -0.686232
-5.9013 -9.45318 -0.708101
5.43287 -9.31784 0.871116
-4.9021 -6.43037 -0.488341
-8.67845 -6.03348 -0.638318
-9.2792 -5.90687 -0.664283
4.53619 -2.02383 -0.330908
4.33104 -2.32443 -0.327405
3.68578 -2.89878 -0.331932
3.50638 -3.30642 -0.320114
2.15404 -4.30724 -0.327782
1.53277 -4.73841 -0.331936
-1.94651 12.7617 2.09997
1.11545 -4.92048 -0.344154
0.89494 -5.04862 -0.341775
0.916573 -4.90943 -0.347197
0.76084 -5.11281 -0.344309
-4.66697 -5.90838 -0.50198
-8.3852 -8.39059 -0.79108
-7.14343 -5.67554 -0.60835
-11.2507 -4.42371 -0.806045
-11.7596 -4.23136 -0.833281
-3.35718 -10.4976 -0.80076
-10.6925 -3.46131 -0.816138
-6.44747 -9.23147 -0.901698
-8.10454 -8.55163 -0.916406
-8.40158 4.62334 -0.696265
3.90383 -1.88842 -0.354343
3.83692 -2.22439 -0.348685
1.50205 -4.27358 -0.356294
-2.59764 4.51833 -0.409779
7.81345 -9.29056 0.493492
-7.55723 -5.08474 2.13561
2.08411 -3.6603 -0.353536
1.0977 -4.08462 -0.376076
-4.65684 -10.0098 -0.9395
10.9337 -16.371 2.91668
-9.09673 -8.12092 -1.03761
-9.27186 -8.04919 -1.04519
-9.39826 -8.00671 -1.07567
29.0062 -17.883 4.00007
-10.9538 -7.3688 -1.16279
-2.91261 18.1119 1.08893
-9.23196 -2.43415 -0.812
-2.75922 3.9483 -0.490338
-2.57674 4.75029 -0.458924
3.28811 -2.10431 -0.369103
-6.85921 -6.14286 2.15914
2.70637 -2.68766 -0.366059
-2.48821 -4.58587 -0.475771
-2.73829 -4.58866 -0.486085
-3.30292 -4.51699 -0.509031
-8.09302 -2.34585 -0.767046
6.76779 0.00185362 0.628222
-8.24615 -2.22724 -0.777287
-11.2574 -2.33434 -1.11741
-4.66184 0.196426 -0.464594
-5.59169 11.3296 -1.51954
-4.61314 10.4094 -1.08563
3.97867 -0.739886 -0.392552
3.09479 -2.10559 -0.375161
-2.69702 -4.33074 -0.495466
-8.04367 -1.60015 -0.796605
2.89671 -2.10514 -0.379732
2.29882 -2.68732 -0.376918
-2.10438 -4.15189 -0.480253
-3.17647 -3.99517 -0.526908
-8.63613 3.76607 0.269358
-6.99082 -1.98152 -0.750413
-5.55203 -3.77786 2.28829
-7.01147 -1.94098 -0.751339
-8.67757 -0.26651 -0.896911
-4.54249 10.2076 -1.15469
11.0902 -3.96567 0.00915491
-4.55375 13.7895 -1.50136
-11.1485 -2.09256 -1.31061
-10.7989 -1.26488 -1.1926
-1.91743 7.90162 1.881
-4.54603 10.6059 -1.26584
-2.75096 9.17072 -1.05012
2.11656 -2.50542 -0.392402
6.90281 -8.84289 0.490558
1.18141 -3.23605 -0.398092
0.902359 -3.28238 -0.413165
1.41526 -6.89007 -0.900661
-0.89624 -3.84799 -0.455463
-3.34923 -3.43253 -0.554914
-3.87338 -3.2511 -0.583795
-10.297 0.314772 1.49712
-3.8905 -3.10243 -0.589865
0.302063 -3.47142 -0.431188
-4.48952 -2.50799 -0.640025
-3.68776 7.47401 -1.01381
-3.40086 7.60261 -1.01313
0.895312 -3.09975 -0.418303
-0.316657 -3.49851 -0.451537
-4.61498 -2.2278 -0.65342
-2.07542 7.1529 -0.950562
-1.92669 7.21591 -0.953228
-3.49485 4.87546 -0.895925
-1.28846 6.47172 -0.885245
-2.90275 -2.70757 -0.568955
-4.4987 -1.67129 -0.672202
-5.12722 9.05394 -1.45996
-2.46553 6.11799 -0.924617
-0.906661 -3.08217 -0.485334
-4.34537 -1.54681 -0.672858
-8.80224 3.83797 0.894124
-4.65884 -0.869199 -0.71153
-3.87327 1.29921 -0.716703
27.9021 -18.1708 3.90849
-2.7595 5.65587 -0.918916
-2.08931 5.73089 -0.890728
-2.71119 8.05684 -1.2996
-4.11396 -1.50218 -0.666858
9.58228 -10.8343 1.1684
-4.93022 -0.152472 -0.751374
-3.86801 4.48237 -0.902402
2.50489 -0.104262 -0.47483
2.08975 -1.5038 -0.427499
-0.901271 -2.89118 -0.494962
1.30821 -9.31347 3.14021
-1.89368 -2.70276 -0.533648
-2.70355 -2.28222 -0.579783
-4.90525 1.8359 -0.830577
-4.64708 0.487189 -0.769125
-5.06853 12.8999 1.50423
-2.08328 5.02934 -0.86344
-1.82842 7.69955 -1.25641
-1.65662 7.6334 -1.28702
-1.49202 -2.72716 -0.521908
-2.76431 4.41769 -0.858097
-1.09532 2.10962 -0.688779
-2.72317 8.04024 -1.4791
11.4329 2.20024 2.2262
2.61701 -0.0763536 -0.52824
-0.298732 -2.66841 -0.480691
-0.893695 -2.67591 -0.500728
-2.69401 -2.10647 -0.590284
32.7101 -12.8736 1.11644
-4.09856 -0.288049 -0.715144
6.37708 -12.0064 3.3156
-4.28263 0.283605 -0.747157
8.76114 3.88343 1.71559
-1.7211 4.47159 -0.81699
-2.54026 7.97057 -1.49547
-3.91123 -0.489722 -0.699494
-4.08828 2.02616 -0.805669
-5.03633 9.03022 -1.52614
-3.43557 3.2688 -0.837465
12.5987 -11.2723 3.23268
-2.1117 4.13129 -0.819386
8.77412 3.96632 1.68988
-1.73154 4.21576 -0.804733
1.70048 -1.50193 -0.43939
-3.89008 0.300521 -0.730936
-4.05456 0.897291 -0.759886
-3.26837 2.90303 -0.817636
-1.97716 3.92773 -0.804787
-2.61029 -1.84136 -0.601311
6.86519 6.86487 1.79804
-6.60364 9.25557 1.53167
-3.6812 1.49541 -0.769468
-3.30544 -0.709513 -0.669116
-3.48818 -0.30443 -0.692583
-3.73613 0.50373 -0.736722
8.71942 3.31384 1.41814
2.32511 -0.127819 -0.523882
-0.298547 -2.31391 -0.492467
19.6116 -16.9194 3.2041
-7.05449 -0.312654 1.9114
-2.08857 -1.87171 -0.57278
-3.29093 -0.297195 -0.68443
-3.55169 1.0962 -0.747934
11.5572 -16.6337 2.5045
-4.42268 11.2601 1.64858
-1.49195 3.49901 -0.762996
-0.958726 3.49548 -0.7389
-2.38588 -1.66256 -0.602563
-3.28607 1.4926 -0.748646
-2.10749 2.88561 -0.76144
-1.09773 3.31643 -0.737215
-4.16227 1.6912 -0.141002
-1.71052 2.90908 -0.750991
15.1347 -9.26855 3.50383
10.3149 -2.78561 0.40141
0.302516 -1.89145 -0.485895
2.68465 0.0300427 -0.709616
-2.66342 0.897298 -0.705131
0.297928 -1.6924 -0.492898
-11.2464 -6.87411 2.50493
-1.50645 2.09339 -0.702154
1.8683 0.0710024 -0.500245
7.91035 -1.83905 0.232565
-2.09585 1.09483 -0.69285
1.37254 -0.0754299 -0.474839
0.389844 0.382679 -0.190725
19.2527 -12.1106 0.578629
2.5211 0.338942 -0.957165
-3.12031 5.7126 1.86642
-2.8915 -5.496 2.33573
5.79433 -3.84221 2.56252
-9.88489 -7.74027 0.896608
-4.62359 10.4348 -1.03902
-8.69521 1.90391 1.70134
0.355393 -6.22517 2.40777
-1.10668 2.28049 -0.695559
12.4798 -7.43682 0.19211
5.33712 -3.84498 2.50772
12.6623 -6.08743 3.29148
21.7419 -10.7301 3.5459
-10.3894 0.0893423 1.69139
-1.69996 -4.42479 -0.458738
-1.91437 -6.06103 2.39327
12.7858 -8.02874 2.88746
2.24396 -12.7531 2.30149
3.79227 -6.98427 3.05078
11.3446 -16.5351 2.29371
-4.176 1.49467 0.0167402
-1.09346 -6.30748 2.4274
3.75452 -7.12358 3.06761
-4.56025 -3.27504 1.94869
3.61618 -7.41613 3.09667
0.833183 0.286936 0.145958
-3.70306 -10.3588 -0.722459
3.50641 -7.47538 3.10052
-9.31748 -4.08851 -0.739034
-4.51976 8.98153 0.27164
-7.67584 0.697411 2.41619
13.5227 -13.2758 1.47236
10.4004 -2.53256 1.08986
-11.0317 -1.52485 1.10913
3.10371 -7.33678 3.04836
9.11132 -10.4382 0.479726
1.84029 -6.79876 2.72126
0.501934 -2.48202 -0.453905
13.1674 -7.09229 2.86002
-4.90412 7.12298 2.30417
20.8422 -12.8683 3.70098
-1.88969 1.69423 -0.703444
-4.67608 2.7256 1.29979
4.9272 -11.432 2.90427
-7.68568 2.91181 0.0601548
-0.711858 -9.59081 2.54301
-3.9193 2.2568 1.64623
2.73113 -7.27179 2.64756
20.5725 -13.9235 3.53158
-6.6452 2.84853 2.40384
-7.91952 0.51831 2.42557
-5.56766 11.6342 0.171213
7.24471 -8.60847 3.32061
3.84941 -6.84679 3.02518
7.30368 -4.90789 3.18586
-7.17206 0.17547 2.46739
2.30919 -7.33219 2.59568
18.9038 -19.608 3.54188
11.082 -4.92432 2.68872
8.44663 -2.66095 -0.154692
3.07998 -10.6606 2.7535
7.30955 5.48898 2.76185
-6.92386 3.4883 2.0801
-1.28833 -5.91524 2.28599
9.57936 -5.18077 2.75509
-1.90764 -5.93267 2.39407
8.28152 3.52669 2.87821
24.515 -21.9418 2.8634
-4.79706 5.10266 1.81341
4.99558 -10.8687 1.31448
33.1345 -19.0568 4.26443
5.03602 -3.73262 2.41191
-2.70592 -3.84279 -0.514868
22.8887 -10.3118 3.26596
0.0164538 -6.30392 2.42402
-2.69221 -5.49563 2.34491
-2.77895 -5.38023 2.33833
-7.7484 1.49943 1.94118
-6.81674 8.6252 0.922738
-7.63536 1.56763 2.40172
1.12641 -6.85642 0.33379
-3.81571 -6.96721 2.87324
-5.14339 6.81799 1.42193
12.3021 -7.6857 0.191791
-6.02638 1.26706 0.0450487
5.14542 -4.11931 2.54575
12.5864 -6.26267 3.27404
14.6339 -6.22248 0.209664
15.3376 -17.325 3.42927
5.07359 -4.28291 2.55345
12.5019 -6.48641 3.30149
2.90231 -7.2806 2.68591
3.5008 -7.70256 2.65203
2.49827 -10.3931 2.74793
7.91332 -9.40604 1.89878
-6.08221 7.68594 0.627942
-5.60674 6.83304 2.2628
-9.47252 2.30818 1.68485
-0.896013 -2.28364 -0.514091
7.21977 -10.8101 2.8822
-6.60672 9.25991 1.66325
-4.47278 8.99096 0.263552
-10.055 0.896553 1.49729
-3.66373 -2.63116 -0.596892
-6.28718 9.89549 0.715577
-0.90251 -6.28718 2.4372
-7.67198 -3.2317 2.04971
23.8258 -16.3562 1.62926
4.16342 -10.979 0.00949778
-1.72847 5.66062 -0.864167
-3.08526 5.89704 1.85635
4.7307 -11.326 3.10297
5.22779 2.91562 1.91615
7.52586 1.71435 2.6991
1.50532 -6.77387 0.312874
-4.227 1.43483 -0.488562
2.62903 0.00120189 -1.00866
-3.88511 3.48568 1.92831
11.0688 2.41401 1.43704
-5.0424 -7.67477 2.31991
-6.39494 -1.4918 2.0389
16.2672 -11.5688 0.50728
-5.0816 -4.09056 2.17833
-1.8523 8.61808 1.7966
-8.47635 -8.04548 2.48654
2.0817 -12.6836 2.10221
-3.09092 -2.86684 -0.564801
-0.909816 -8.68179 2.52847
-5.02826 -3.98075 2.45406
6.83908 -7.25792 3.25531
7.44331 1.50246 2.69893
-6.769 1.17297 2.45251
-3.96384 13.987 1.53405
-3.10489 1.87693 -0.760561
13.0146 -6.10639 2.93136
6.91986 -7.54019 3.26995
-3.6088 3.8279 2.01783
9.11338 1.02514 0.345402
-8.57278 -0.44849 2.00279
-11.0389 -1.51613 1.31072
5.13642 -13.9676 2.08359
10.8555 -3.58583 2.71335
-9.23429 2.9078 1.93743
-7.32023 -3.11285 2.07881
35.0119 -20.4313 2.52703
9.91463 2.84185 1.90979
7.11224 -7.99657 3.29868
7.08015 -10.8885 2.87945
-3.47339 13.1819 0.682666
-6.64523 -3.71014 1.90303
-3.71768 2.50723 -0.870952
0.295855 -2.48837 -0.462584
3.32098 -7.42762 3.08582
-9.47294 -4.00054 -0.746793
5.59676 -3.78987 2.56324
-0.910075 -9.55689 2.53853
-2.11176 -3.70774 -0.502215
-2.91549 -5.31261 2.32916
-10.7367 -4.54357 2.51477
4.50358 3.88524 2.20511
48.1288 -26.0875 2.39652
5.51271 -4.11161 2.5766
6.31514 -8.65007 3.27498
16.4351 -18.5794 3.30446
-7.90643 0.706236 2.4224
12.7423 14.2347 2.48589
4.59272 4.88323 2.50056
-8.55156 4.30401 -0.108874
-5.6542 6.66597 2.25893
-8.64453 0.797432 0.114998
-6.90858 -5.06032 -0.621691
-5.62884 -7.01371 2.50764
2.88683 -10.555 2.76781
-3.48105 4.10566 2.04932
3.46654 0.873374 -0.485673
6.65102 -11.4902 3.10832
11.5214 -3.8329 2.67977
-1.55571 7.6554 -1.1747
14.4068 -11.1016 3.31541
-4.6754 6.86211 2.30451
10.9817 -5.18112 2.69224
-4.70151 7.08776 2.30329
-0.712622 -6.47603 2.44475
-6.2857 -3.44835 2.5069
6.80036 -9.61019 0.950929
6.11637 -2.68702 2.52714
6.06658 -2.87804 2.5323
6.50969 7.78443 2.12938
17.9851 -11.3875 0.539894
-6.96518 8.31122 1.082
7.95658 -2.11983 2.58089
3.90183 -6.78774 2.55455
4.13593 5.75584 2.63716
5.86833 -8.49549 3.10024
-6.99719 -3.12705 -0.720642
-7.61609 1.82613 2.11449
8.45963 -7.12087 3.11335
-5.95107 6.5153 0.505662
0.0782213 -6.23075 2.30185
-2.43116 4.25975 1.87467
-5.38806 11.5776 -1.86716
47.1668 -19.1886 4.73738
8.50167 -3.49073 3.16212
-5.97606 -7.41114 2.28657
-7.05773 -3.12739 -0.702518
-2.09545 6.90745 2.35551
9.24222 -5.79318 0.00905977
-9.27372 -8.04776 -1.08161
17.1103 -13.179 2.27834
-4.90692 -7.3222 2.35553
9.95849 3.35746 0.914286
-5.46495 -6.85147 2.79965
-7.85817 1.48775 1.87504
-7.2657 -5.07917 2.30931
11.1445 -11.5646 2.97505
15.2394 -6.92484 2.89388
-3.79342 11.9548 1.63139
3.73487 -13.3599 2.90149
7.77809 -8.78944 2.95612
-0.916122 -11.473 -0.097127
-7.33285 0.113843 2.45877
8.14614 -7.56538 2.60701
9.88931 -15.9417 2.31899
7.35739 -14.839 3.11844
0.0934452 -1.8927 -0.492652
4.90657 -11.2899 3.32411
-7.07378 1.49601 2.42275
-3.73491 -8.71145 -0.396975
-6.30638 -6.1105 2.74361
4.11257 -13.5208 2.31854
3.08917 -7.33658 2.70931
7.77736 -8.76729 3.08304
-5.11746 -2.89862 -0.644352
40.1834 -19.6261 4.1624
3.94119 -13.446 2.28873
-0.782083 -11.5779 -0.631006
0.707723 -6.36508 2.44729
-0.716152 2.29484 -0.680747
9.92763 -10.1688 0.969678
6.16498 2.01559 0.543913
12.8267 -14.6939 3.61383
2.10142 -2.68771 -0.385798
18.9378 -12.488 0.576984
-4.2861 3.70199 1.91144
-1.6985 0.69689 -0.661877
-4.44342 2.59004 0.109627
6.41446 -7.62293 3.252
-5.30089 -3.87076 2.48144
25.9907 -10.9554 3.67042
-4.81119 5.05523 1.80709
2.05464 -8.54193 1.03563
-10.9935 -4.55394 2.49728
-4.70773 -7.70177 2.33812
3.93132 -13.4468 2.12755
-2.15093 -11.0068 -0.693407
14.089 -9.73453 2.96082
-6.80073 -3.36141 -0.292391
17.2128 -13.2772 1.62091
16.4051 -6.21228 3.14332
-2.62968 14.6188 1.56741
-1.06717 -11.3301 2.66145
-11.1027 -7.07877 -1.19915
-4.85655 13.4773 1.46481
-3.1061 6.09187 1.85092
-5.62299 11.525 0.407117
5.46469 5.84289 2.16612
10.6813 -16.1938 3.49563
9.79854 -5.32865 0.00940459
7.56345 -4.76365 -0.101636
-3.31431 11.3008 2.18173
5.52594 -8.91427 0.713231
7.28149 2.0828 2.90554
-4.51031 1.12224 -0.79249
14.3133 -14.075 0.510187
-11.108 -1.89408 -0.300511
3.35366 -0.603808 0.576583
-4.27336 8.08701 -1.05945
-3.26152 11.2408 1.30497
0.790121 -6.43506 1.30488
4.5618 -11.2975 0.878308
8.12038 8.73685 2.64503
-6.55432 -3.71397 -0.108643
-3.30648 -2.08273 -0.612036
-9.81464 1.45833 1.50589
2.30098 -6.31314 -0.241665
6.34067 -1.70975 -0.274662
10.5289 -3.76614 2.41142
-5.52288 6.71531 2.28361
10.0704 -4.91864 2.76075
-4.2699 1.70169 0.22911
-1.32793 -6.08765 2.35167
1.0464 -7.05396 0.367277
-3.84057 4.84894 1.86732
5.50845 5.49813 2.17927
38.9254 -22.3704 3.63288
-4.29261 -10.0298 1.88491
3.06057 -4.84809 -0.276029
7.94384 -2.11964 2.5781
3.85794 -6.873 2.64908
-6.21322 10.1312 1.09849
13.3199 -6.74894 0.196857
6.02292 -3.05375 2.53436
7.71195 1.19344 2.44629
-9.55473 2.11261 1.69106
-0.909988 -2.50783 -0.508327
13.8305 -15.074 3.79077
-2.75678 6.27288 1.83285
10.9065 -10.3412 3.46326
10.3719 -2.76632 0.867029
17.5898 -10.4271 3.28629
-9.52895 3.10323 0.136321
-7.68488 1.70811 1.92514
-4.943 -7.75461 2.32566
30.0516 -11.801 3.40712
-11.5704 -2.7103 2.05405
4.8633 -4.84179 2.56726
44.6155 -24.5424 4.11952
13.0101 -7.46752 2.86858
8.95718 1.07594 0.507422
15.4778 -15.493 3.71185
-7.12874 2.0133 2.38958
25.4458 -9.6455 0.693449
46.2243 -21.5061 4.74307
8.17032 2.4343 2.41731
4.75039 -5.76089 -0.176089
-11.8993 -3.68895 2.42038
6.53109 -8.90983 0.280346
0.906799 -2.89118 -0.425677
20.3785 -13.985 3.82676
7.48409 -9.69882 0.129456
1.29275 -6.81796 0.279468
1.72551 -6.78078 2.625
2.54525 -10.0281 2.61704
0.00103916 -6.42382 1.88027
6.71916 -3.65502 2.37266
-6.33406 -7.29852 2.26593
12.7179 -7.14988 0.192821
23.6685 -16.6673 2.34154
-11.5284 -3.07644 -1.34589
-3.31544 8.29183 -1.50289
-4.09009 1.28058 -0.0990589
18.8538 -7.32631 3.31086
6.23914 4.89685 2.7375
-0.934896 -6.42233 2.43521
-2.42807 -5.81531 2.36453
1.88764 -9.75682 3.17517
-8.84093 -0.298532 1.90744
10.5863 -10.4549 3.07814
-2.30544 -1.10432 -0.617368
2.28574 -10.4577 2.68204
-2.67362 -5.64568 2.34621
-10.9713 -4.66393 2.50213
-7.64562 6.67794 1.31944
7.77898 -2.18634 2.58078
3.2282 -7.3855 3.07229
3.36136 -7.48537 -0.143633
-1.10008 -2.71567 -0.508191
44.1454 -17.338 4.41263
-6.03607 -2.10993 2.43101
-7.54844 7.0568 2.03914
-8.69216 3.94902 -0.312655
8.03876 1.87311 2.43032
-0.766573 -8.31979 2.69815
-7.09426 -3.2328 -0.100624
7.67335 -3.89806 3.15199
2.48967 -9.93388 3.21111
5.89581 -3.51696 2.55216
7.31556 -8.97158 3.34654
-1.32971 4.77992 -0.816774
-3.71364 3.46917 -0.104703
2.31002 -9.96576 3.20762
-2.33153 4.50895 1.86953
9.50461 1.27114 0.39561
1.47889 -8.04794 -0.193092
6.90868 -1.55066 2.52623
-3.68045 -10.2854 1.68728
3.6813 -13.3488 1.67683
-4.28572 -1.30026 -0.682041
2.28045 -10.1552 3.20785
-10.5192 -1.45524 -0.903234
8.29218 -7.51579 3.26916
8.24489 9.20833 2.13651
8.31094 9.16828 2.13902
13.5653 -13.4113 1.70858
5.6579 -4.08958 2.5704
5.29392 -4.69991 2.58899
15.6954 -7.88961 3.46799
7.74241 -8.90807 2.90913
-7.86325 -2.25491 1.96428
5.10123 -10.6888 1.38858
5.79263 -1.79686 -0.291851
4.45459 3.97141 2.19671
-6.27432 5.8924 0.503698
10.9247 -16.3562 3.33793
18.9153 -7.16378 3.31073
-4.11193 -10.1018 2.0853
-0.917404 -8.46474 3.01906
4.95592 -10.3133 0.874786
4.5217 4.50038 2.18538
12.866 -6.18379 2.73022
-6.80482 3.47868 1.50722
6.8216 -7.61882 3.26743
-7.48876 -3.06495 2.08749
4.25712 -6.06193 2.63098
-4.09707 2.31033 1.63683
-6.19557 10.1126 0.700234
5.70481 -8.42191 2.91679
9.81641 -3.85791 2.90646
-4.36353 2.5482 -0.503641
-3.30932 5.69035 1.85534
3.24399 -7.3996 2.89701
-2.10494 7.84529 -0.343668
1.90498 -3.11296 -0.377178
10.9334 -10.3129 3.10505
-6.20012 10.2077 1.18621
6.34677 -2.6473 2.53196
5.69337 -3.90373 2.56595
5.33616 6.87876 2.6301
13.4298 16.1264 2.59703
12.5251 13.6513 2.17443
-2.58243 8.15511 0.428211
13.4119 -13.4104 1.29396
7.29813 -9.08755 3.09813
6.28642 8.92551 2.29054
-8.05451 0.102911 2.4313
-8.29672 0.097501 2.42045
3.39727 -13.221 2.10915
5.29942 -13.9846 1.54862
12.3376 -7.80908 2.97698
4.03456 -6.64165 2.58317
7.97088 -2.09977 2.58426
2.34116 -7.02584 2.69531
-5.88827 -3.64056 2.29772
-6.60139 -3.73783 0.760651
-3.10253 -0.0924544 -0.687352
0.939254 -6.61621 0.221449
-10.2498 0.0785241 -1.49109
2.77006 -13.0592 1.89681
4.43963 -7.30062 2.67846
13.4005 -13.4182 1.61067
-1.33032 -11.3439 -0.654026
8.05468 -8.08427 3.26648
5.52489 -3.87794 2.55923
-6.61609 -3.41939 0.293816
13.522 -13.2525 0.907334
12.6071 13.9098 2.50098
-2.50503 8.07859 0.0858101
-6.28379 -3.38718 2.61617
-4.65479 2.67515 0.0873577
7.24865 -14.7956 3.10122
6.54422 6.95767 2.05982
-7.13763 8.32402 1.01967
-7.84881 1.25552 2.4009
20.596 -13.439 3.80776
2.67055 -13.2188 1.50246
8.2644 -2.75848 2.25654
6.84685 0.377408 1.18403
6.28144 -8.68389 0.700632
5.48502 -1.57236 2.14726
-6.08901 -7.28212 2.27984
8.36009 -5.31551 3.23402
-6.70518 -5.10379 -0.611732
-5.30677 -7.14785 2.48857
-3.51274 4.10648 1.945
-5.2522 1.50223 1.97591
6.6559 -11.5075 2.94726
5.67048 -8.49108 2.76499
7.53759 1.70695 2.50581
1.55851 -6.81216 0.512589
-4.27037 1.4836 -0.323359
-1.34601 6.71211 2.3892
17.1049 -13.1774 2.47041
12.591 -9.46681 2.82222
13.9903 16.4224 1.47339
-3.47389 4.28115 1.92481
6.68503 -11.6529 2.90559
6.22823 -11.9781 2.94157
8.26384 -5.48508 3.23787
8.28175 -1.64833 2.60289
-3.90046 -4.49606 2.26176
4.27399 -6.28392 2.59762
-4.04552 -6.94702 -0.436056
5.68398 -1.72357 2.12582
18.4763 -6.99244 2.80815
6.16231 -4.36964 -0.177635
-7.54696 -4.58758 2.12089
-1.15759 -8.04767 2.99433
-9.10816 -8.0553 1.09407
-2.04734 -11 0.762872
6.93094 -6.64722 2.6004
16.5068 -13.1239 1.89788
2.70375 -9.88608 3.21361
-10.0943 -1.68761 -0.870642
-4.26639 0.885375 0.0560739
-6.10647 -9.30596 0.905761
9.92896 -10.176 3.10965
4.88064 -10.5813 -0.488653
-8.414 2.62043 1.68438
2.49535 -10.1197 3.21241
-10.2463 -1.57918 -0.881875
4.6705 -5.1055 2.56898
-3.46905 -5.43636 2.31941
-11.3123 -4.68738 2.4967
5.50608 -3.14204 2.28043
-1.29697 5.33481 -0.836587
5.54532 -14.1122 2.66763
7.09729 -8.33295 3.30723
6.64508 -7.32133 2.61464
13.4021 -10.1359 0.318633
-9.89189 1.29506 1.7043
-1.3065 -3.31017 -0.488283
-1.72022 -11.1281 0.700712
7.92888 -5.30898 3.22376
-10.3331 -0.108696 -0.872802
4.68826 -11.5025 1.11954
-5.70394 6.10415 2.31879
8.42913 2.87781 2.4121
-3.68162 -10.2814 2.0893
-5.13933 -6.49259 2.80394
3.59129 -7.13534 2.50327
8.2828 -9.56594 0.902754
-0.679406 -8.11937 2.53808
1.954 -12.6261 2.08998
-8.88575 -8.15472 0.898923
-2.56636 6.31058 1.92239
-8.42906 4.50039 -0.891437
-1.44 8.05536 0.108383
2.3043 -10.3202 2.74851
7.70734 -9.32895 1.89742
3.11573 -3.50816 -0.322567
2.62117 -9.54485 2.56376
28.7937 -18.2514 3.38802
-5.74531 6.3545 2.28954
16.2045 -18.5597 3.20456
24.4417 -9.26057 3.23448
-6.07779 6.51244 0.64715
3.23104 -0.577952 -0.0863243
-10.2755 -7.23731 2.63814
7.28741 -8.19308 3.31313
7.253 -7.85795 3.29614
-7.08771 -2.9339 2.07672
8.43111 -3.67518 3.16444
-4.89262 -4.48539 2.21668
-5.90226 -7.09983 2.27365
-6.20456 5.9394 0.272466
-3.53323 -7.14841 2.88882
-7.56063 6.65582 0.0620689
4.29335 -7.40032 2.67411
-7.32349 0.302988 2.45831
-4.159 15.1033 0.976461
-10.507 -7.49611 0.0909041
8.87232 -2.1217 2.62423
8.73429 -3.4966 3.1786
-2.81092 6.09042 -0.940274
-4.99393 -9.77936 0.27476
-7.43761 -7.71812 2.18497
3.07353 -13.0825 2.49468
17.2531 -6.54574 2.73563
-2.73791 5.9157 1.92498
5.48611 -8.58668 2.75934
13.7918 -11.7482 3.4653
9.13858 -5.48822 2.89287
-10.9601 -1.28521 1.50217
-2.8622 -10.6346 1.50739
6.66714 -7.4239 3.25711
22.8419 -8.807 3.02852
-7.6411 -3.24548 2.04425
16.164 -12.9358 3.20483
5.7331 -3.291 2.52021
-2.36278 4.4069 1.87534
10.7555 -1.93427 2.15564
5.65926 -3.43591 -0.237993
1.57095 -7.97857 -0.191899
-6.71839 9.63384 0.44252
-7.49128 2.68406 1.84212
-4.87989 7.85967 2.27868
6.38967 9.3116 2.15925
10.6072 -6.07275 2.7099
-10.6564 -0.917799 -1.30239
-2.1101 6.72898 2.3629
13.9202 -11.8654 3.21958
-3.75154 12.5088 1.6156
-3.26215 3.45729 -0.0673276
-2.25707 4.68488 1.86775
2.12551 -10.239 2.73254
3.93574 -6.71552 2.70897
-6.31132 9.90098 1.09342
8.12112 -5.29067 3.22885
57.859 -26.5095 3.5885
-4.03782 -2.6452 -0.615473
11.3066 -10.5045 3.047
3.00459 -10.5957 2.78635
1.20299 1.95107 -0.600341
8.44895 -5.67427 3.25208
-3.86289 -5.25983 2.28842
2.82064 -0.38384 0.73155
12.9306 14.0957 2.13357
4.90032 4.69681 2.18555
-2.64867 -8.62908 2.44393
11.4502 -11.4537 0.306718
4.28545 -7.84172 2.69895
-4.68153 -9.89293 0.885156
1.29642 -1.69268 -0.447538
-7.99993 -1.48814 2.49653
11.499 -8.17445 0.186117
-1.48905 -11.2334 -0.129463
5.5676 -5.77638 -0.140415
8.30078 -3.09276 3.13507
-8.85454 3.87114 2.04671
7.10319 -9.03824 2.89244
-11.103 -1.71767 0.907809
5.91857 -6.67065 2.47455
10.2926 -6.82331 0.0899893
-7.50147 -8.69743 1.91363
-10.6241 -0.754204 -0.508683
8.27289 -5.27295 -0.0535668
9.27802 11.6642 2.57688
-6.29409 -2.69384 2.12279
33.0466 -24.5001 4.34146
-4.20913 4.00743 1.8953
3.09071 -8.02691 2.64743
36.0582 -26.7334 3.34754
2.91174 -8.05934 2.64021
5.41951 -4.85021 2.59619
-1.58483 -11.1818 0.915318
6.25815 -8.30924 2.63108
-7.65532 6.68664 1.50771
20.3997 -17.8312 3.85233
8.25612 -7.70237 2.8971
-4.51739 -3.91914 -0.580626
7.16882 -8.62911 3.31073
14.2896 -12.1761 1.11326
-9.9302 -1.08715 1.78894
4.68213 -6.1473 2.4078
-4.89816 -2.6747 -0.645887
16.1301 -6.86708 3.14131
23.7347 -16.5051 2.33935
8.12182 -9.53333 0.16506
4.6505 -13.7942 -0.164962
4.91284 -5.4983 2.61198
58.241 -25.3861 5.14181
-4.74446 1.66559 0.127804
-1.68666 -6.10601 2.40596
5.24311 -9.83848 0.969115
-7.47953 -0.298801 2.46563
3.27137 -8.06544 2.53852
-2.69577 8.09553 0.0920102
4.44752 4.53432 2.43716
-10.1624 0.498621 0.509347
8.46536 -2.06584 0.730976
-4.47935 9.04278 2.2373
5.28909 -9.04713 2.77147
-4.51225 -6.72518 2.83225
8.29236 -2.31329 2.60057
-3.0912 5.49919 1.87192
0.503313 -6.2897 2.29826
7.92273 -4.2789 3.16761
8.50174 2.78647 2.42291
-5.82294 6.26686 2.26617
-8.44619 4.68798 0.89945
17.1155 -18.8763 3.31466
19.7624 -20.0169 3.83388
5.93403 4.28144 2.75547
30.1561 -12.9229 3.65949
28.5658 -18.8367 2.97847
18.6189 -19.5652 3.34089
8.2946 -3.70947 3.1589
8.72731 3.0635 2.44628
-5.50198 5.90352 2.32546
-4.51014 14.2868 1.29572
-3.72593 2.31874 -0.841012
10.1916 2.15023 3.01145
-4.05856 7.32598 -1.01865
-6.97342 -8.97135 -0.356066
-6.9689 8.3178 1.27498
2.28912 -7.46318 2.59516
4.9241 3.12044 2.17897
7.34404 1.9106 2.92268
4.57671 -5.13315 2.64174
3.10774 -0.886516 -0.420067
-11.0401 -1.74306 -0.29798
-8.21671 -8.4226 0.876569
4.93285 -4.50493 2.56478
-9.20805 2.90944 1.31223
4.88169 -5.68601 2.61786
-1.64048 -8.81712 2.4889
6.74078 -1.83883 2.52857
-7.14281 -0.550474 1.89378
4.08937 -7.47068 2.66962
-6.01387 10.6151 1.10551
7.13376 6.30932 2.71816
-6.3809 9.70753 0.519472
-2.89392 -1.50162 -0.622582
10.6569 -2.4761 2.48981
7.59526 1.88967 2.76306
-2.30525 -10.895 0.487334
21.5795 -11.0378 3.75261
6.82842 -3.62564 -0.181884
0.519908 -6.29448 2.42674
-0.85223 2.28734 -0.684798
4.7279 -4.69175 2.52845
-6.43646 -5.33342 2.11401
11.0211 2.40259 2.5383
8.67262 3.69653 1.68346
14.7171 -15.4657 3.69082
-10.2876 -7.58136 0.71181
-4.3086 -2.78724 -0.621593
-4.99437 -9.78084 0.0810461
6.14528 -8.1787 3.26874
-6.68457 -3.42886 -0.871505
-4.1084 11.3732 1.64782
-3.50568 -5.09147 2.29149
-8.69441 -6.91908 -0.602732
-11.3461 -4.29845 2.47385
6.49347 -6.45387 3.21227
17.2498 -6.5347 2.73496
-2.89467 5.88744 1.86558
8.64514 3.375 2.14783
-4.2836 3.60394 -0.483248
10.9753 2.1828 2.89737
-11.9725 -3.88553 0.289433
-3.736 2.9004 0.0907817
58.647 -24.7404 2.78923
-11.4141 -2.3439 1.87202
-0.933843 -10.371 2.56432
-4.33129 8.91109 0.252103
-7.49629 0.701565 2.42783
11.8229 11.9702 2.39212
5.47088 -11.6304 3.30386
-6.58371 1.74246 2.43126
-6.54191 1.91352 2.42103
6.4797 -14.4998 2.50442
8.38476 -12.7155 1.60582
4.91069 -8.30576 -0.0527279
1.89291 -9.51329 3.16597
-7.08606 -6.39085 2.68123
2.01976 -9.97991 3.19325
2.66854 -0.320366 0.928249
-6.17243 2.73916 2.41069
20.258 -17.6838 3.90359
8.29404 -7.51747 3.14109
16.1837 -6.71913 3.26008
6.36311 1.80242 -0.663132
23.9585 -21.7053 3.41126
-8.73148 -2.72224 -0.777772
-0.926094 -8.13224 3.01449
8.04785 -9.48518 0.314958
3.22341 -7.39037 2.75106
4.43739 -11.6852 0.316576
5.71859 -3.10764 2.51394
-1.07291 -8.51623 3.01758
-3.31504 17.2133 1.41846
-4.28778 -10.0292 2.07693
-9.5985 -1.74047 1.92481
-9.10961 -2.46108 -0.802687
-5.12141 -4.70025 2.21962
-9.27848 -3.22478 -0.77415
-1.46103 -8.61393 3.00538
11.3979 -9.12989 3.3348
2.53229 -7.25216 0.158672
-6.43477 9.67301 1.70016
7.53363 1.23657 -0.507792
-6.21634 -7.11806 2.26975
8.61679 3.06905 2.4192
-5.68855 5.89268 2.32236
7.1058 -7.16822 2.52579
6.13727 4.68581 2.745
-5.18799 -6.8408 2.80175
-6.01962 3.0379 2.40704
-8.6939 1.78367 0.717558
-9.61569 -1.4743 1.91942
6.51498 -6.71715 3.21939
-2.91295 6.09733 1.85567
12.5698 -6.32905 3.03601
-1.77968 7.75152 -0.909541
-3.27239 -10.4382 2.83472
10.9153 -5.30614 2.69093
-1.46614 -9.12881 -0.277055
3.08076 -1.10539 -0.412613
-2.04851 9.67753 0.372664
-5.40002 5.2708 -1.24376
7.43937 1.72618 2.91539
19.1869 -6.59462 1.70246
-4.40093 1.54548 -0.795286
6.83796 9.21935 2.12637
14.2133 -14.4789 0.515862
21.3223 -12.0732 3.4835
-3.8878 1.0252 -1.2524
-5.24404 2.97005 1.90595
-6.77728 8.75068 1.09327
15.2716 -13.1528 0.638412
6.27586 4.68672 2.74394
43.1928 -19.7787 4.41745
-7.65822 6.3648 -1.41997
-8.79828 -8.17533 1.56178
-6.35661 -6.92748 2.25804
-5.68687 6.10497 2.3156
4.46694 -13.7537 -0.253573
6.97157 9.08478 2.06696
-4.41128 2.60706 0.970415
41.2846 -17.413 4.45382
8.08329 -9.45011 2.48031
5.60639 -8.38676 3.20808
-7.06295 -3.26048 -0.859131
-6.10722 6.31856 0.654879
15.3638 -10.0597 3.17468
8.30322 -7.5239 2.90216
1.71965 -12.5002 3.06968
16.1862 -6.70379 3.13904
38.9126 -22.3689 3.90794
0.158119 -6.2469 0.316599
9.46584 -3.15892 3.18874
8.11027 8.74533 2.49263
11.9982 -11.8539 3.02119
15.9758 -7.26598 3.14468
-5.43078 0.344619 1.99627
23.5573 -16.9096 2.34535
-9.82131 1.46979 1.7198
-1.29168 -3.10622 -0.499888
-10.2237 0.302823 -0.303989
13.998 -12.3545 0.702478
3.75705 -7.12535 2.71237
16.8751 -12.1134 3.46095
5.14526 -9.82607 0.861131
3.23194 -1.27766 -0.401535
7.43966 1.51526 2.87974
-4.31272 1.72298 -0.73012
10.4838 -16.1096 3.50263
7.28039 -5.49081 3.19945
-3.29759 8.47148 0.120369
7.88481 8.84376 2.4937
-6.63205 -3.93352 -0.303652
10.4846 -11.428 0.39349
3.2816 -7.92204 2.65396
8.58234 -1.89811 2.59356
3.18626 -8.15101 2.52869
9.14548 -10.4768 0.352931
1.90209 -6.8642 2.62653
0.50129 -2.6906 -0.450337
-3.78984 3.1264 -0.834232
10.9313 -10.3069 3.28995
18.2858 -8.71339 3.31497
10.3899 -2.74959 0.477368
-3.75211 13.7355 1.41454
-2.90195 1.69374 -0.744773
-6.0153 -2.32031 -0.706481
-0.7058 -8.85502 2.51862
57.5106 -27.2005 4.74652
-0.728955 2.50135 -0.690991
32.7762 -24.9357 4.3469
-7.67506 6.70455 2.01104
6.37812 -8.27526 3.27616
-3.87142 11.4832 1.65138
-3.8407 10.3241 0.482138
7.49451 -13.1407 2.9855
-1.24161 -8.81247 2.68597
57.2769 -27.5053 4.7407
-3.05291 5.13607 2.17096
0.0236452 -6.46767 1.09411
6.5583 -6.37938 3.20999
4.14003 -13.49 3.22206
-7.30502 -6.32548 2.50114
5.84247 -10.9395 3.35893
-3.79739 2.19243 1.65856
13.5836 -13.4214 0.718431
8.55772 -2.05856 2.59707
10.8679 -10.4717 3.12237
5.01156 -10.2673 -0.690983
-1.92411 -1.08584 -0.604391
-4.89156 6.50303 2.31774
39.3347 -21.9588 3.92138
2.68915 -10.4649 2.76817
15.1822 -7.06465 2.89462
10.7625 -10.5224 3.11029
51.7478 -28.4883 5.14497
-2.09355 -1.08593 -0.607495
36.1065 -26.7685 3.06825
-5.49706 6.51245 2.30792
10.1471 -4.71916 2.75666
-11.2327 -2.319 -1.31561
-5.32975 12.3278 1.7471
-9.28958 -6.93577 -0.629045
-8.23342 3.06652 1.6793
8.20609 2.30608 2.42271
5.74922 -8.4247 3.25211
9.75086 -3.89725 3.23703
44.4915 -24.8515 2.87289
-6.89924 -8.95575 1.50501
-4.46363 -7.66242 2.34496
4.12383 -13.5228 2.1206
-0.577589 -7.84598 2.68418
-1.26706 -8.47484 3.00609
5.53402 -3.15322 2.45983
-9.89993 2.3175 0.193189
10.2702 -2.91527 1.12084
-3.1429 17.4844 1.05484
-1.5108 -8.49832 3.00159
6.10948 4.53232 2.75211
28.6656 -18.6441 2.97621
8.3107 -3.2902 3.15089
-8.00769 2.89968 0.372905
-5.06352 -4.82194 2.23264
-6.15835 -7.50362 2.27645
8.02017 -8.17913 3.28017
7.45191 -4.21929 3.15423
10.6845 2.50377 1.55946
-10.7622 -1.11117 -0.721919
11.7598 2.06348 2.68036
52.8539 -26.5929 2.59067
-1.45805 -6.31169 2.29916
-5.64816 2.9027 1.82301
6.27115 7.29978 2.13334
52.7096 -26.9266 2.59159
6.47486 -11.903 3.06666
-3.45596 5.03536 -0.79905
-4.91754 6.94146 2.3037
22.8963 -21.2569 3.29566
-6.19551 2.79056 -0.911628
26.2086 -22.6008 4.2819
-8.6597 4.09659 0.30288
4.13484 -7.2152 2.65595
-6.06415 10.4845 1.09332
57.4896 -27.1867 5.14655
8.77783 -3.32998 3.17186
-10.9977 -1.42575 1.45942
-4.64965 -4.87617 2.24973
-5.62393 -7.43573 2.2958
-6.43821 -3.41365 2.51219
15.0889 -15.7268 3.37343
10.2923 -9.26775 0.183018
-1.11142 -9.73734 2.53871
11.2193 -3.89706 0.01035
-1.52946 -11.2521 -0.477026
-9.10491 -1.70132 2.1014
4.5381 -2.33523 -0.316562
4.86983 -5.86711 2.62218
-10.7015 -0.92278 -0.319494
2.09881 -10.7347 2.67757
13.2407 -5.15852 2.89818
16.4112 -13.4661 0.735755
-2.29824 -10.8579 2.32788
9.8721 -3.47159 3.22596
-6.10278 -6.50344 2.76591
8.11197 -9.46976 2.50105
9.78857 -3.69396 3.22511
-6.77856 8.77885 1.29312
8.22439 3.33471 2.47032
-6.05914 5.68785 2.27526
-6.71265 -3.02371 -0.715025
-1.30244 -9.71251 2.53838
19.0258 -12.3792 0.577371
-4.25259 3.55032 1.91396
11.7137 -16.6298 3.08162
-5.47273 -7.59303 2.30493
-7.07163 3.50557 1.50825
6.50826 -7.53516 3.25011
-7.87784 -3.28046 2.04942
-1.56663 -11.2035 0.0899007
-4.55135 8.29047 2.27207
10.7592 -2.50259 0.0465243
2.70006 -3.29377 -0.342557
11.8764 2.89705 -1.94231
10.2606 -2.92257 1.30373
6.7066 -7.7256 3.26879
-3.68452 4.10041 1.90745
-6.89313 2.11292 2.39707
-4.58811 -6.26691 2.24418
6.93278 -12.031 2.91398
16.1732 -6.72366 3.45789
23.7916 -16.322 2.68369
4.71614 5.88248 2.64325
4.61485 -5.04596 2.62183
3.33784 -0.9174 -0.41475
20.6206 -11.351 0.599161
-1.90636 9.59145 0.310402
7.56045 1.90299 2.88483
-10.5134 -7.45442 2.10885
8.95448 -2.24404 0.46196
-4.2409 1.29181 -0.782761
-2.51173 4.18838 -0.264445
-10.9911 -1.63127 -0.330473
-9.61178 -1.31709 1.9142
20.1536 -14.1868 1.23258
11.2985 -16.4644 2.72117
6.42863 -6.83481 3.22876
-2.90056 6.30394 1.85295
-8.05861 -3.45435 2.05579
-2.02958 8.09821 -0.452703
-1.11669 -8.85599 3.01505
12.1696 -16.8376 3.07862
-3.90708 3.70216 1.92299
7.39885 1.42484 2.59163
8.93859 -13.6471 1.41831
-7.84284 1.28688 2.08051
-4.09213 -2.87215 -0.607544
-11.9836 -4.49616 -0.497844
-1.72158 -11.1369 0.0797077
18.1594 -19.2981 3.44637
-5.11908 -9.72619 0.27991
6.64235 -11.497 3.29115
7.74221 -5.16787 3.20261
-9.49843 -7.88175 1.68583
-8.76898 0.273399 1.8918
-3.76319 -7.77628 2.68425
-2.29785 -3.53633 -0.513981
3.25421 -0.567002 0.696328
-7.28812 0.897801 2.44058
4.70064 -10.6881 3.31154
3.11172 -5.50864 2.32115
9.1066 -14.019 1.55359
-7.66823 1.69795 2.10427
-2.89716 5.50105 2.10204
11.5309 -16.5795 2.31033
29.0223 -17.882 3.17106
-5.94311 10.7222 0.689637
10.2921 -2.9109 0.468598
-3.66143 13.9051 1.42859
-2.92354 1.86939 -0.754259
3.80444 -5.80783 2.34641
46.7678 -20.0494 4.73598
6.69769 -6.69546 3.22836
10.3067 -4.27268 2.74844
10.9794 2.39517 1.52981
-7.21811 -6.42506 2.20587
2.30839 -2.31262 -0.392426
10.5583 -10.4269 3.48106
-3.12072 6.31006 1.84476
5.05231 -5.71339 2.62282
9.73931 -10.7386 0.368075
2.47704 -7.10449 2.63531
-10.0987 -7.67725 -0.103421
1.90659 -3.7552 -0.357719
7.69547 -9.35905 0.496528
-4.9014 6.7223 2.30897
3.30027 0.679557 -0.486698
6.57668 -11.6643 3.08489
4.84282 -10.4929 0.718711
34.5244 -20.0984 3.23111
11.9266 1.99308 1.90713
-5.09488 6.69949 2.30717
10.4635 11.8346 2.63222
12.8174 -6.70101 2.94924
19.5393 -14.1217 3.73242
-5.29755 6.68278 2.30445
23.4302 -16.9335 3.76116
7.21604 8.57647 2.00764
-2.69493 7.45931 1.80985
38.6836 -15.4468 4.39555
-1.73403 -6.04434 2.39696
-5.76795 -1.47897 2.26171
-9.32087 2.70309 1.94661
6.36818 5.44281 2.71956
7.70022 1.34656 -0.510288
-3.49359 4.70514 1.88826
10.1359 11.9726 2.61387
4.69243 5.69134 2.65062
-3.39952 4.29776 2.04827
14.4538 -10.9368 3.31037
-3.747 3.51244 1.95586
2.38662 -7.71824 0.0063447
16.5246 -18.6911 2.78135
2.11443 -7.36839 2.5884
11.098 -10.6288 3.03289
-1.72762 -0.864121 -0.603769
-2.72628 -8.13933 2.90639
-5.08945 6.87262 2.30435
-6.72029 -6.29185 2.7295
-4.17721 15.0912 1.45657
5.33642 1.68789 1.95709
12.7719 -6.8766 2.95832
-5.30209 6.9082 2.3031
-3.48567 5.68234 1.85054
8.14469 2.13971 2.43381
-6.89171 8.5028 1.28591
8.32473 -2.11282 2.59439
4.32589 -6.87749 2.65111
-6.13855 10.3089 1.11942
10.856 -10.4635 3.48999
3.68678 -7.57144 2.61191
9.62755 -5.07019 2.75269
0.708164 -6.44127 0.287371
8.55831 -3.30072 3.15631
-5.89693 -7.50868 2.29302
-2.90885 8.13012 -1.41291
-1.29992 2.31954 -0.706274
-4.28282 10.1206 1.72406
4.81324 -6.32627 2.64276
19.5884 -17.9313 3.61969
-7.15711 0.306903 2.46385
-4.03503 8.81191 0.246593
-7.10987 0.501972 2.45137
8.90065 3.24507 2.10186
-2.97319 6.96832 1.8306
11.2941 2.05436 2.90635
9.68113 -3.27028 3.2047
6.64247 9.23744 1.91018
6.87856 -10.9122 3.08958
14.7715 18.4582 1.91323
5.31497 -13.9044 2.5257
5.16573 6.29457 2.505
4.8539 -4.67398 2.56772
-1.69045 6.88429 2.37329
-3.4089 12.6225 1.61737
9.4966 -5.59354 0.00930255
-2.55094 14.1729 1.60608
-10.5253 -0.517213 -0.506563
-3.89284 4.10189 1.90611
-7.41195 3.86905 1.80269
4.6968 -4.91414 2.59852
3.28686 -0.706024 -0.420845
12.7635 14.2572 2.30682
13.6686 -12.8568 1.07501
4.67884 5.08006 2.29369
-2.30676 -10.8969 0.282089
6.68054 -6.86799 3.23678
9.4274 -3.30768 3.19252
14.6788 -13.8068 1.75303
8.00354 2.7815 2.44769
-12.0659 -3.90363 2.42524
7.74083 -5.58682 3.22517
11.7142 2.10536 2.67844
-4.45769 -2.68036 -0.632172
-6.34732 -4.11335 -0.643152
52.1029 -27.8534 3.68257
6.91591 -5.67931 3.19603
2.9172 -10.2998 3.2342
-10.5093 -7.49736 0.686916
-8.34737 -3.66526 -0.717858
-6.05437 -2.10402 2.11103
7.24255 -2.27998 -0.226377
-6.32192 -1.71086 2.04991
10.7436 -10.5087 3.47859
-2.88726 6.47724 1.84581
2.50609 -7.28951 2.59805
6.07352 6.86831 2.14993
52.4871 -27.2216 2.58943
-5.52391 6.91863 2.27202
10.0159 -5.04514 2.76252
7.92173 2.65897 2.75863
-9.31775 -1.70622 1.93076
1.48421 -9.3034 3.14561
-11.2595 -2.31368 -0.694717
9.85909 1.87722 3.00892
-6.92654 1.90556 2.41035
10.4375 2.40979 2.91025
-5.6838 -3.71857 2.62401
6.98147 1.64253 0.519143
2.91229 -3.11544 -0.344853
10.415 -2.81299 1.26732
11.9686 2.95727 -2.03381
-10.8233 -0.898029 2.07691
-9.9362 1.10099 0.900243
9.00421 1.39235 0.736519
15.6059 -15.224 3.50364
9.83515 -4.55881 2.7424
-9.49747 -6.86695 -0.636225
9.98183 12.0132 2.60255
17.4416 -19.0041 3.51583
8.51649 -3.10678 3.14349
-5.80634 -7.631 2.30289
4.32109 -11.9221 0.891311
7.11784 7.20716 2.67948
4.73757 -11.3399 2.9172
-11.673 -3.29527 -0.702351
-3.67891 11.52 1.70939
6.52204 8.47294 2.11002
10.7808 1.91674 3.04028
35.411 -13.9299 4.01782
11.1132 2.33466 1.88713
-6.38327 9.69114 0.912385
5.51524 -8.36701 3.20142
9.57122 -3.69131 3.21713
-7.2827 1.29013 2.42063
10.8661 -10.4855 3.30674
13.2634 -11.5925 3.36883
2.04629 -8.55353 1.03048
2.63974 0.312122 0.89743
-11.0209 -4.46308 2.49559
-5.25539 0.551238 -0.740392
-6.65755 2.49373 2.40085
17.2029 -13.2577 1.44518
-10.4204 0.0837049 2.10188
1.60902 -9.99111 3.11626
-2.91127 6.65574 1.83437
-6.70918 1.91559 2.39947
-3.68826 3.47016 -0.491172
-2.67657 6.70247 1.83919
0.841974 -6.46693 1.0781
-3.71488 4.31179 1.9038
-0.329062 -10.2975 0.320893
5.20065 -5.04388 2.60291
58.5365 -24.6648 5.14089
5.87818 -8.50931 2.90412
11.3304 -16.4982 2.28943
-3.0129 5.25696 2.24398
7.93983 2.68075 2.50525
8.33625 -4.90707 3.21752
38.8333 -22.6343 3.0701
21.9824 -10.0673 3.74334
8.48409 -5.08489 3.22943
-1.09603 -3.50029 -0.475222
6.86597 -8.7949 0.419811
9.66202 -13.3718 3.36343
-0.904285 1.50081 -0.654592
1.44099 2.34858 -0.6051
8.65994 -5.2989 3.24407
-3.28555 8.33885 0.0343527
5.88049 -2.71774 2.50204
-1.36811 4.50061 1.81541
-6.95841 -8.97476 -0.129767
-7.69521 6.69258 0.216059
-11.9329 -4.6881 0.091552
-5.21862 6.65988 1.44394
-6.50197 3.4031 2.36721
13.1387 -4.43086 2.56893
-7.1168 -6.40536 2.50271
-10.6503 -0.524933 1.71329
-5.68014 -2.06806 -0.699675
-2.88301 -8.13786 2.68301
-10.1433 0.685187 1.69441
-1.50926 -3.88895 -0.471719
-9.76931 1.51064 0.899766
-0.335278 -9.67055 2.54155
-9.56912 2.10568 1.91448
-1.53495 -10.021 -0.239728
-4.31 -7.29435 2.85327
8.25021 -5.08397 3.22383
7.45116 -6.27003 3.23899
-11.1396 -1.89794 0.286974
9.92141 -1.84577 3.16458
-2.9525 5.21188 -0.656138
-8.47786 -8.26905 2.47962
-3.66883 3.71127 1.98243
-3.74781 3.03743 1.6902
5.91288 -11.7805 3.31771
-0.385582 -10.4267 0.329262
-6.62055 9.06958 0.703067
-11.3233 -2.28899 0.719732
10.3448 -4.07059 2.73894
6.25321 -8.77384 2.79134
-3.07905 5.28271 1.89767
10.0777 -9.67653 0.183994
14.8561 -16.0823 3.38912
-1.30325 -9.15812 2.50462
-2.72729 5.90094 2.09775
-3.56246 3.92646 1.99742
2.42398 -8.04501 0.00686835
-2.84332 -10.6341 1.89697
-0.319568 -9.41995 2.55234
2.76999 -0.425291 -0.687115
9.29036 3.08229 1.52255
-2.50963 15.3202 1.54255
-11.469 -2.50234 1.88605
-2.66355 12.9787 0.337395
-3.37496 5.88973 1.84759
-7.61157 -5.9162 2.4782
-7.07395 1.50625 2.42153
-4.66767 2.70562 1.69735
5.52261 -10.1129 2.70956
2.69782 0.881667 -0.507987
-3.82126 2.84705 1.49733
-7.12375 1.306 2.42797
-2.70218 7.13596 1.83226
2.38006 0.0619544 -0.656392
-6.5005 2.30794 2.39326
-2.50463 14.2934 1.61828
-10.447 -0.320707 -0.502413
15.2912 -13.6925 3.17738
-3.47505 12.5608 0.652807
16.5208 -13.1007 1.50976
7.70326 -7.42799 2.57013
5.09106 -10.1072 -0.476683
0.535327 0.23034 -0.124599
6.29877 -9.11883 2.80302
10.2442 -4.46937 2.75321
7.1092 -13.3012 0.198795
-9.11352 -8.05981 0.90683
6.20637 -9.16936 2.80049
18.1533 -19.294 3.68777
10.2051 -4.60196 2.75801
-2.55131 7.27106 1.80626
0.831016 -3.67055 -0.403777
20.1539 -14.5612 3.53478
9.76287 -15.8389 2.70084
5.63487 7.2842 2.15784
9.77306 -8.15355 2.74514
6.69191 -8.08143 3.29021
5.0906 -2.97621 2.26223
2.39081 -0.190277 -0.896366
-1.73369 5.03918 -0.845214
-3.23408 11.2833 0.442332
-3.90471 4.30306 1.89375
-5.69638 11.1498 0.397322
5.51353 6.09498 2.16178
-3.69458 4.49107 1.89045
15.5518 -15.3586 3.51259
5.9071 -9.10806 0.00877807
-6.37265 -5.98095 2.74005
-4.7181 0.318375 0.0181751
-0.697014 -11.5023 2.69173
-6.08799 8.03369 0.504616
5.0691 6.32963 2.64418
8.97968 -13.6253 1.6195
10.4723 12.3932 2.60782
7.46295 -4.88643 3.1858
4.13654 -7.17295 2.64452
8.12603 -2.4463 2.68378
8.27897 -4.10348 3.17915
-4.02802 2.4147 0.306619
-8.78471 0.108027 1.8943
4.28449 -13.5765 3.07046
7.02048 2.29651 -0.40043
5.91439 5.45855 2.08461
22.1192 -20.0453 3.88355
-5.94705 -1.90366 2.29814
-1.48345 -4.44264 -0.451451
47.5334 -18.6851 1.92602
-9.49415 2.28711 1.9085
-5.02219 -2.92271 -0.636915
-7.7027 -0.293586 2.4529
5.31241 -13.9165 2.31269
25.5816 -14.6951 3.64978
-5.80856 11.0331 0.395671
5.31851 6.16718 2.15336
6.94745 -8.15629 0.00847258
-3.57323 16.4969 0.886878
-10.8857 -7.30389 1.90276
15.8957 -5.46081 0.221679
-5.05804 -2.21844 -0.671366
-2.75753 -8.18676 2.68367
-1.29241 -3.87947 -0.465695
1.26856 -7.81062 0.926831
19.6752 -14.4925 1.06918
21.8373 -10.4305 3.7473
-11.5904 -3.09072 -0.507678
4.87463 4.10529 2.20145
-2.30828 13.544 1.61217
10.5562 -6.52531 0.0901039
-4.52776 -9.96892 0.479284
-12.0707 -3.86526 2.42354
-8.07931 -8.43078 2.52203
-8.17804 -8.38682 2.51418
-6.12022 -1.51306 2.04188
7.77026 -1.52743 0.848767
-2.83375 9.85778 1.64763
-8.32149 -8.33851 2.48945
-3.68714 3.89347 1.92536
2.68756 -4.10209 -0.310556
-7.04036 -4.52971 2.2461
2.59055 -0.1672 -0.521494
9.1144 3.15991 1.39782
12.4239 -6.67498 3.28718
-5.23644 7.68294 2.22268
2.69578 -7.53161 2.61013
-3.38237 17.0087 1.29367
1.26933 -3.22646 -0.40083
10.3046 -2.72821 1.89763
7.85038 -1.52908 2.5685
23.4863 -16.9589 3.05631
9.0537 -5.70421 2.89319
7.31465 -5.08804 3.18972
7.42093 -11.2601 2.9082
23.4806 -16.744 3.7526
14.9443 -15.8924 3.37603
5.93499 1.98807 0.0693948
10.1956 -9.35599 0.18334
-5.91736 -7.93791 -0.41378
-3.10021 8.32419 -1.0289
-11.0209 -1.38494 2.0595
7.04784 -7.04751 3.25419
-5.73962 -6.21821 2.76549
-5.48513 -3.8672 2.17654
16.2121 -18.5655 2.74779
1.9044 -7.27191 2.57001
-6.44125 -3.41615 2.28676
16.1415 -11.9658 0.50991
-7.09127 3.09683 1.90079
5.91294 7.11555 2.13303
-10.5711 -0.341534 1.71475
7.09331 0.923927 0.0940396
-5.47113 -1.85772 -0.702333
15.3533 -5.75054 0.21682
7.04068 -1.31059 2.51168
14.9092 -15.9351 3.37812
10.1298 -9.52684 0.183429
-1.30266 -9.42956 2.51709
1.69779 -7.24584 2.55906
16.159 -18.4915 2.73814
-6.51867 -3.31384 2.30117
16.0911 -12.0893 0.511577
-6.41387 10.2707 0.384237
-7.05922 3.27328 1.87527
-2.49262 -10.7651 2.72884
-3.85576 -8.81627 -0.377105
-6.4779 -6.08545 2.73632
-10.3019 1.3351 0.137422
-9.73335 -7.79125 1.69709
-1.89981 -2.86838 -0.523919
1.30406 -9.25123 3.13967
-2.48404 6.67204 1.86945
-5.86562 -1.7095 2.29399
14.4679 17.6303 1.55767
6.50405 -11.7491 3.36307
4.5544 -11.2605 3.25154
8.62812 -6.69782 3.26303
-5.0232 2.65438 1.6089
2.56523 -12.9089 1.94871
4.30527 -7.13226 2.66078
-11.1371 -7.10141 0.0941747
8.29715 -2.4878 2.65937
7.47135 -1.90294 2.55704
-4.89281 -4.05292 2.30008
-8.57791 0.0809678 1.9013
7.74637 -1.48506 -0.235416
-0.890911 -4.10389 -0.445267
-8.31976 -8.37206 1.67779
-3.66567 -2.54924 -0.598262
6.35512 -3.50208 2.35715
2.62356 0.129715 0.812912
-11.0726 -4.07786 2.47654
8.82777 -5.02174 3.24521
-11.4062 -4.02421 2.46596
8.60587 3.38006 1.52446
-7.49286 -8.68261 2.47593
7.46024 1.50783 2.5046
35.8345 -26.582 4.43119
7.55607 8.9792 2.31761
27.4856 -14.8974 0.990769
4.23799 -5.98062 2.36243
20.287 -11.33 3.16732
10.7172 -2.51405 1.55113
-8.82517 3.87568 1.68525
11.7435 2.06639 1.52966
52.813 -26.5878 3.68566
-8.30761 -2.69087 2.45098
29.6129 -22.2396 4.13003
-3.54764 8.4168 -0.0856592
6.32551 -9.15485 0.899433
5.66617 -2.10221 2.3339
-1.59441 7.64253 -1.14764
19.9987 -12.4893 3.21357
21.5404 -15.7694 3.63883
-5.74961 7.54516 0.344115
0.10727 -2.5023 -0.47278
-4.48674 -4.26165 2.27289
10.2361 -2.87743 1.90145
7.86605 -1.6985 2.56159
7.64372 -1.69089 2.55468
-4.88346 -9.83059 -0.287801
8.21206 -15.1955 3.21305
-2.4939 3.3649 -0.802545
-3.10547 12.8675 1.70429
-11.0848 -1.8901 -0.679523
-0.341145 -9.205 2.55606
10.3266 -2.69921 1.51736
-10.8852 -1.08069 1.86804
-4.24446 3.86723 1.90667
-4.28648 2.49567 1.66377
5.29218 -11.1606 3.34574
-6.7358 1.30273 2.44495
-6.08053 -6.09729 2.75087
6.49465 -4.89099 -0.142063
43.5402 -18.9946 4.42172
-6.91755 1.69247 2.41916
0.060492 -6.49155 0.28692
4.36829 -11.7521 0.0910934
25.6394 -22.3902 3.59397
-10.4341 -7.55758 -0.620614
11.7685 1.84925 3.04878
7.27887 -9.89531 2.28889
-6.33018 5.70195 0.688903
19.3339 -19.8038 3.24673
27.3692 -10.5478 3.27105
16.3502 -13.4897 1.71377
-3.10432 3.88634 -0.848242
-9.90128 -7.77455 -0.489665
-7.69038 0.305803 2.43536
6.1456 -2.50476 2.52598
-6.28023 -3.46605 2.51439
6.82093 -9.5585 0.948977
-7.34121 2.50105 1.91101
7.55453 -8.75932 3.34392
7.04799 3.5076 2.83444
13.5688 -13.079 1.40469
11.6812 -5.52274 0.0935289
-3.92472 15.2777 -1.63112
-11.6419 -3.33856 -1.32878
-1.08764 -11.4304 -0.49856
-4.85374 2.82804 1.74463
-7.29159 1.60951 2.40645
-6.50229 -5.91455 2.73251
-11.0551 -1.91121 -1.47582
17.8568 -11.7722 0.542434
-5.26124 2.97986 1.91216
-6.69381 -3.37625 0.691824
14.4777 -12.3313 1.41753
-5.62763 11.7089 0.52915
6.5875 2.3115 -0.421091
5.40315 1.78484 1.95581
-7.31602 3.51174 1.81603
-3.09906 -10.5522 0.683124
-7.86222 -8.58372 0.7182
-6.08855 1.50459 0.447192
-0.130642 -6.82238 1.09439
13.2042 15.3088 2.13379
16.5224 -13.0478 0.534696
5.13646 6.06435 2.16307
-7.29338 1.48377 2.41027
-11.9931 -3.80206 1.78827
-7.9152 -8.53556 1.70995
-2.92461 -10.6005 1.903
6.6873 1.87746 0.274915
-10.9647 -1.27556 1.90107
9.26543 1.90616 0.299033
-3.30813 -2.72319 -0.581297
5.37173 -9.28147 0.468624
-0.954767 -11.1284 -0.195154
-3.5961 11.5994 1.95117
-9.28122 -0.0845833 -0.901986
2.02129 -12.7219 -0.355976
-5.92526 3.06489 1.55066
7.69563 -7.10377 3.28425
-5.65917 -1.12203 2.08674
-7.62162 6.36192 0.0316571
-11.8119 -5.06443 0.285576
2.76116 -5.48848 -0.257414
-6.88838 -3.24747 2.03746
-10.4882 -0.515054 -1.27865
-10.8181 -1.12182 0.281762
-2.10847 -10.9513 1.51748
-3.86688 -5.24851 2.28565
10.8406 -2.08358 1.90988
4.44661 -5.50532 2.66437
3.10204 -1.29629 -0.407907
19.1542 -6.68181 1.70337
1.48573 -7.12171 0.00574856
-4.45389 1.72764 -0.775645
2.05973 -4.44994 -0.326696
6.68549 -2.14024 2.17813
-2.72553 -10.7671 -0.655434
-10.9122 -1.47649 -0.7151
-0.976183 -8.81182 2.74513
-7.68386 1.29819 2.41274
8.45674 -2.06431 0.435573
14.0714 -15.5317 2.08144
9.29311 -13.1976 3.48237
0.189894 -6.18609 1.51521
-11.8366 -3.70728 -0.51692
11.5909 -8.17153 0.187375
-7.92981 -1.48568 2.50043
20.411 -8.01637 3.11768
5.19024 -9.68169 0.693898
-4.6963 8.87292 -0.291322
5.64548 -2.09888 2.3262
6.31284 -9.13885 0.896942
-3.49866 8.37756 -0.106895
-6.82636 -3.34324 0.100436
13.456 -13.2939 1.12157
4.44632 4.51884 2.295
58.813 -24.3402 2.78709
-10.1668 0.506172 0.692362
-3.69704 -1.49085 -0.650805
0.50604 -6.32397 1.0951
-6.48873 9.49408 1.50538
-3.49125 1.71342 -0.769094
2.28021 -7.14164 0.141465
17.3001 -11.1065 3.33853
-4.57756 9.02481 0.225066
-0.709996 -11.5622 0.0819306
-7.67173 0.897418 2.42147
-4.51391 2.49812 1.61185
-7.70667 1.11007 2.41853
-3.49614 4.51132 1.90086
1.33287 -6.78923 0.350267
16.4284 -11.5712 0.511728
-10.2797 -7.60235 -0.110943
2.34446 -12.7902 2.77859
10.4732 -3.46082 2.7168
8.5762 -6.95035 2.79249
18.3626 -7.35387 0.376003
3.07107 -13.073 2.69353
13.5702 -14.4368 2.93597
-4.16506 15.1111 1.3196
-2.67972 -10.7014 1.90592
3.91588 -5.84429 2.34919
9.95654 -10.2713 0.453114
-10.7533 -0.732488 2.08549
-3.30844 5.10972 1.88216
5.1588 6.48728 2.63369
16.971 -11.8893 3.45256
-2.8941 -2.91369 -0.555214
-7.73297 -8.6117 1.7166
39.1606 -22.1884 1.9714
-4.30172 -7.54753 2.48981
14.6529 -15.3841 3.8069
-10.7517 -4.49282 2.51389
-6.65639 -9.03229 2.48945
-6.89059 -3.28989 0.89978
-7.29546 1.72728 2.39464
7.06331 -8.05978 3.30368
-5.31315 2.80554 1.58223
-7.73643 1.51117 2.33731
28.7211 -18.438 3.39117
-5.71506 6.50116 2.2776
-10.9404 -7.35642 -1.20191
-1.58558 5.34419 -0.84947
-4.4626 -0.683688 -0.712047
-4.29154 -0.497481 -0.711521
7.68738 -9.32681 1.70533
7.77142 8.89365 2.61898
35.9421 -26.6467 4.16216
3.9189 -7.71451 2.666
4.6896 -11.4187 2.81783
5.41512 -2.40482 -0.284883
4.82751 -11.4478 1.3717
3.50147 -7.88898 2.6555
10.4676 -8.59612 2.67302
8.03781 -7.43233 3.30779
-9.10903 -8.06502 0.687872
-4.33907 -5.66885 2.21806
-3.98062 0.94912 -0.352526
-11.5427 -2.69631 1.89055
7.77703 -2.09109 2.57258
10.0944 -3.24573 1.89436
-3.04819 6.77796 1.82969
11.1125 2.12627 2.91421
-6.22013 6.08602 0.268777
-3.48825 2.02859 -0.786185
2.34419 -7.45027 0.0565027
4.90027 -11.3176 3.29611
-4.722 2.60224 1.61193
57.7965 -26.4689 5.14462
7.29055 -9.07069 3.28362
4.07268 -11.0496 3.11181
6.71692 6.22765 2.70309
-10.9975 -1.42465 1.51086
-4.52452 -4.90904 2.26037
8.90861 -3.28658 3.17338
6.27058 -11.2329 0.094182
10.8681 2.43951 1.72113
15.7144 -13.5625 0.527464
22.914 -21.2765 2.90907
19.4143 -19.9001 3.09986
-8.55084 4.50288 1.31543
7.37148 -9.75033 2.11287
-6.19614 5.72086 0.535031
-6.66623 -7.12303 -0.529544
19.0033 -6.92837 3.25054
-5.30723 5.5071 2.33683
6.48013 8.84882 2.097
6.73702 -11.3133 2.93074
14.6015 18.0145 2.01915
8.52325 -7.03842 2.79624
-3.48902 5.07682 1.87066
-9.57948 1.95078 0.895271
-5.50899 -2.64504 -0.669749
10.5742 -2.5942 1.69406
4.18947 -6.02601 2.52377
2.56057 0.0852786 0.318492
-6.45384 5.36363 1.80952
5.27615 4.91041 2.19107
21.5583 -20.789 3.70506
13.5893 -6.07062 2.84646
5.27114 4.7678 2.19268
23.8426 -16.363 0.917211
-3.66623 -7.81684 2.68382
10.3163 -1.92037 3.17062
11.9046 -10.9196 0.306033
3.0696 -13.1027 1.9126
8.72787 -2.67585 2.68559
-8.72545 4.09091 1.70395
9.55196 -6.1266 2.79528
-5.75235 7.86785 0.338306
-6.55043 0.852882 1.87212
28.0978 -13.0798 3.83526
-9.5849 1.96036 1.08701
4.16464 -6.12214 2.7751
2.703 -1.9067 -0.392921
-4.6149 -3.34227 1.9448
3.65775 -7.3197 3.07014
1.05403 1.76919 -0.602623
8.31053 -5.89041 3.25485
-4.50522 8.92356 0.10929
4.33169 -10.551 3.29704
-5.30012 5.30246 2.34426
-3.95218 3.37905 -0.854586
10.7382 -10.5156 3.28747
8.74855 3.86139 1.552
-11.3194 -4.48806 2.48274
-9.45295 2.30588 1.29416
1.44437 -9.02113 -0.159957
4.07998 -6.30931 2.86274
5.31224 -4.35422 2.57777
-7.74085 -8.6263 0.871045
-6.81893 -8.96148 2.49857
8.31163 -7.11868 3.30667
19.2621 -6.49662 1.08178
7.95369 -7.52529 3.30872
19.1704 -6.7288 1.08116
7.84435 -7.65639 3.3128
-4.47674 2.6091 0.49765
-5.50876 -0.500427 2.02777
-5.96433 0.190264 -0.800194
-0.276512 -10.2276 0.154045
-7.34444 2.11899 2.38797
-3.69372 3.03293 0.293136
-11.8851 -3.7258 0.088969
-10.1067 -7.6414 0.712037
14.9215 -15.4773 3.71699
20.6254 -13.4372 3.64892
4.56671 -7.96346 2.77491
-5.79543 11.1486 1.08974
6.66695 3.97593 2.8047
20.529 -20.2699 3.75322
14.0848 16.7403 2.03565
2.9152 -0.431665 0.495148
-7.92718 -8.52587 1.88151
9.93209 -6.93389 0.0879671
4.67975 5.12658 2.49458
3.42731 -7.60592 2.51952
1.41742 -3.02969 -0.403976
-8.16573 -5.63971 2.14013
-5.01819 -3.69745 -0.605172
-7.71269 -0.952037 2.4825
3.22097 -8.19562 2.66077
-2.93236 -8.76107 2.44302
1.25709 -6.5817 2.54617
7.46765 5.64642 2.76292
-6.03666 10.4626 0.496945
7.22248 -5.56528 3.19969
3.25979 -10.2286 3.24342
7.64057 -3.65012 -0.147982
-0.901413 -1.88015 -0.531438
2.13607 -10.2308 3.0766
-6.41389 5.53402 0.424157
4.91485 -8.26575 2.72662
42.2777 -16.2974 2.26924
-2.89562 -7.52619 2.92292
-1.14409 -10.9369 2.57888
-11.5824 -2.77912 1.87577
-10.4165 -4.33815 2.50214
13.8198 -11.77 3.30784
9.89701 -9.65766 0.183216
5.80782 -14.2685 0.202913
10.0891 -1.74897 3.15617
-2.70072 4.7003 0.00471612
9.99004 -10.5022 1.08011
37.2091 -19.0055 4.40945
7.54753 -9.34802 1.92195
2.91353 -3.48672 -0.329623
-1.92835 7.69827 2.30783
-3.53619 13.5778 1.56459
-3.32552 -10.4973 -0.563732
-4.93772 -1.74476 2.02163
-6.30714 -3.50734 2.13956
8.13653 -7.3224 3.30747
3.06474 -13.0864 2.11901
4.63977 -13.7748 2.29174
7.54223 -5.94437 -0.0523995
-3.89332 -1.51144 -0.655906
5.4709 5.30933 2.18812
-4.98724 -8.33204 -0.366723
-3.49239 9.76291 2.2364
-2.13427 7.82843 -0.946165
-3.69885 -10.2538 2.82425
-10.8875 -1.47319 -1.28229
-9.25669 -8.0147 0.503274
-3.71501 1.68938 -0.776575
2.10788 -7.09843 0.147691
-4.59227 -2.52904 -0.642094
16.9588 -16.341 3.34783
9.02772 -1.62452 2.48376
5.04075 -6.28831 2.43381
2.09447 -0.310114 -0.480235
-5.06278 12.9811 1.81255
-10.5464 -0.51912 -0.120166
9.35386 -4.96131 2.88616
-5.95886 6.88862 0.494395
23.7853 -16.3167 3.04368
-9.64158 2.9896 0.133813
-10.9425 -1.2824 1.49993
-8.42828 -0.11395 2.10839
-4.49324 -4.7061 2.23732
-5.39074 11.7737 -1.49849
-4.24773 14.889 0.965076
8.45096 -8.34603 2.85365
6.6951 5.93353 2.7171
-8.93135 -8.16256 -0.10015
-3.30456 5.29515 1.87066
-4.11025 -10.0971 2.48708
-2.69251 8.08381 -0.693451
7.4659 -9.5009 2.08562
-8.63248 4.27842 1.10281
5.29121 5.12496 2.18306
-1.72311 9.57539 0.184794
-3.45267 12.1885 0.634251
7.77688 -15.0158 3.08121
7.55677 -2.49073 2.22217
8.28894 -9.5747 0.688073
-10.4101 -4.61863 -0.75959
-6.42714 -9.2215 -0.881821
0.501501 -2.10426 -0.468083
5.30261 -8.25913 3.05032
2.76401 -12.9879 1.92647
8.51466 -2.50143 2.62689
7.62393 -1.88102 2.56221
-4.70261 -4.13392 2.29057
25.8046 -22.5469 4.02152
9.70558 2.92269 1.89765
16.2339 -13.657 2.30158
-0.304555 -2.31589 -0.492548
4.13491 -7.85122 -0.10117
8.91912 -2.72231 2.66839
-6.69514 -4.10134 -0.309975
7.07247 -6.48972 -0.0525888
5.71052 -8.41957 3.12054
9.80949 -3.85367 3.08578
-3.07771 12.8901 1.89253
-11.0791 -1.89333 -0.852126
8.00376 -9.39343 2.35912
9.63995 -3.51655 3.07048
8.08504 0.597444 0.552967
-5.62869 -4.56131 2.20512
7.45673 -2.15999 2.6715
21.3116 -10.2544 0.602061
-5.89545 6.0862 2.07883
-6.36985 -2.88691 2.13825
8.1112 8.84014 2.14923
-12.0597 -3.89074 1.9072
-8.08844 -8.467 1.88618
9.84397 -7.0226 0.0880988
-3.52401 1.899 -0.77997
2.30734 -7.26901 0.119938
8.27694 -9.58513 0.216926
17.2137 -11.3045 3.37048
5.02909 -3.6896 2.39471
-1.91132 6.26439 2.40106
-11.4273 -2.69869 -0.709055
14.2326 -11.4727 3.33756
-6.10222 -9.25391 2.50803
-3.4714 12.08 1.68066
4.52452 5.68806 2.66564
6.31171 -8.67315 3.10267
15.1605 -13.4927 0.642996
6.28931 4.44655 2.75856
22.4065 -21.0735 3.05584
24.1279 -15.2766 3.8929
17.5376 -19.1199 3.04389
-0.0953129 -4.26034 -0.413568
-10.213 -1.77223 1.79118
-5.16658 -3.24954 -0.630251
10.8563 -2.08058 1.77559
-7.90733 -0.511159 2.46273
7.85117 9.3293 1.80678
18.1391 -17.2689 3.56202
4.41034 -8.01405 2.69877
8.22558 -3.46909 2.63438
-6.58566 -3.624 1.55205
4.09147 -8.15166 2.69089
6.3801 -12.8249 2.92073
3.22642 -0.563876 0.542656
11.0181 2.38142 1.69239
10.4582 -6.6393 0.0901277
3.90424 -6.73673 3.00846
4.67603 -13.7695 1.50406
-10.4285 -7.54739 0.0919159
9.03492 -1.997 2.62374
20.3155 -14.126 3.83113
0.700191 -1.69131 -0.47583
-3.99 15.5242 1.14515
3.33594 -7.84694 2.51519
-3.21442 6.98137 -0.98102
-4.59313 8.99333 2.23884
10.8721 11.141 2.69155
6.86696 6.51553 2.68975
8.12106 -6.905 0.00850902
-4.55771 -9.98699 -0.596147
-3.15459 17.5359 1.21665
1.47861 -3.71212 -0.37242
10.6426 -4.44257 0.00967383
-6.26599 -7.81101 -0.473651
-3.41045 8.38229 -0.823583
-4.9094 -9.751 2.69133
-6.30988 -7.78586 -0.482396
-3.49497 8.4559 -0.832683
-5.08427 -9.67348 2.69422
7.89541 -7.10184 0.00861823
-4.8919 -9.84471 -0.540333
-2.09112 -8.45673 2.89791
1.10243 -3.67672 -0.390677
-5.11371 -9.75676 -0.530236
26.5578 -10.2421 1.42345
-2.50997 -8.11023 2.94687
0.711536 -3.94536 -0.393902
8.48671 -4.30285 3.20387
-5.4672 -9.61744 -0.493637
0.0697276 -6.49355 0.0832727
-7.08931 3.08658 2.32058
-6.56179 -3.48881 1.89321
-0.4982 -1.68682 -0.523904
2.69198 -10.4603 3.1022
-0.697395 -1.70048 -0.529519
2.50391 -10.3857 3.08965
18.5983 -19.5447 3.67706
-6.53882 -3.47311 0.704423
4.32976 -11.9069 0.903676
-8.73872 -1.109 2.45447
-0.705694 -10.4403 2.5132
12.2535 -7.09129 3.27768
-2.26028 14.9137 1.72606
52.2568 -27.5247 3.68147
-8.94368 -1.69165 2.46515
23.8406 -16.3572 1.08777
16.5471 -12.8609 3.33723
-3.66993 -7.82208 2.49551
-9.11314 -1.71032 2.4353
58.2771 -25.4059 4.34198
5.06112 -9.96281 1.03811
-3.91675 -7.72122 2.4793
22.9047 -21.2752 3.30046
31.0356 -11.9856 3.30757
-4.53132 -9.97464 0.0776795
16.1475 -11.6724 0.507397
-1.46408 -4.38311 -0.448231
3.08439 -5.75749 -0.234875
-6.47218 -2.91926 2.08775
4.57145 -11.8044 1.263
15.8293 -14.7036 3.60098
-4.46569 -5.93448 2.24281
7.97197 -7.97065 3.32713
9.8593 -8.31633 2.65255
13.6588 16.4396 2.32009
3.0883 -1.68424 -0.389856
-8.89326 -8.13412 1.48643
-6.52909 -6.9179 2.24591
-5.69187 -3.43476 -0.645777
-8.26346 -0.686979 2.44663
10.2347 3.17367 1.13015
-3.15242 12.7534 2.11097
20.9 -8.76807 3.08945
-4.08027 -1.29532 -0.673461
7.31171 7.60967 2.67005
-4.61416 2.68955 1.42998
-5.28826 5.87844 2.32462
-7.48012 2.70235 1.83943
-6.66065 9.85086 0.44801
8.66006 -8.05613 2.84142
-3.51364 5.29842 1.86376
-7.16136 -2.45817 -0.735472
9.68873 -9.86606 0.18237
-1.71154 -9.05787 2.49592
-2.49883 14.6649 1.56982
-10.3549 -0.105367 -0.50572
-0.976528 -11.3837 2.67731
26.9277 -22.9311 3.7322
10.6089 -9.09941 0.184403
-7.90073 2.58778 0.0609182
-0.84644 -9.80545 2.54959
-6.38566 9.67811 0.713909
6.46548 -11.4182 3.4003
22.7291 -12.8768 3.23211
8.91219 -2.31447 2.60537
7.89901 -15.1301 0.0628108
-10.7359 -7.41313 0.321553
8.78819 -2.33989 2.62851
-5.05917 1.10346 -0.821003
-6.30775 3.08119 2.3843
9.59476 11.8419 1.69962
0.858689 -6.50846 0.0793333
8.76696 -2.50551 2.63535
-3.52369 4.91166 1.88155
-4.69859 0.247175 -0.127335
-7.89592 -2.8682 2.27291
5.19949 -10.0983 1.14217
10.0259 -3.88354 2.72
-7.7037 -0.0969804 2.4426
-9.42223 2.45253 1.90301
7.1759 2.42223 2.88875
6.40967 9.4659 1.48604
20.1799 -10.6964 0.580162
4.6984 3.69167 2.21615
-6.18593 6.18786 0.277493
10.1032 -3.53858 2.71473
-1.51101 -8.86477 2.49539
6.7399 -1.67893 2.51908
-3.9604 -10.1731 1.68616
-8.67639 3.9483 -0.516901
-7.51573 7.09173 1.90878
-8.00241 2.75031 0.370217
8.69934 0.931931 0.523167
15.256 -15.63 3.70767
-4.10266 8.70192 0.0334759
8.71883 -5.70939 3.26829
-11.8633 -4.91507 0.285351
-7.65723 6.48303 0.0923255
7.59843 -6.06594 3.23746
3.47035 -10.7565 3.24986
23.531 -16.8977 2.69459
-5.5863 1.47704 -0.843497
-6.91414 3.31709 2.34017
52.4753 -27.2257 2.96059
-9.76518 1.50684 0.913844
-4.46723 -5.03715 2.26949
-5.58129 1.30413 -0.836714
-7.02659 3.26877 2.30943
-6.56582 -3.38648 1.92128
7.40224 8.16665 1.77066
4.45832 3.84882 2.2085
30.1805 -15.1913 3.96594
0.508779 -6.3555 0.513632
34.1789 -26.0023 2.93179
-5.98023 0.676076 0.202718
5.95331 8.12906 2.48384
14.0072 17.506 2.50107
3.68523 -10.7141 3.27524
-10.5037 -7.55323 -1.11553
2.72783 -0.434643 -1.01068
9.29123 3.09054 1.89084
20.5206 -13.9014 3.5243
-5.20563 -0.238863 -0.760557
16.4449 -18.591 3.5286
-6.34022 -3.69596 2.12178
-5.71833 0.727391 0.182691
-3.40275 8.46799 1.69309
7.6749 -7.82149 3.31107
-5.01205 -4.11346 1.99621
4.53813 -4.52689 -0.230378
-6.54984 9.30096 0.919297
-0.253438 -10.1471 0.0709075
6.09628 7.11144 2.13807
-6.22421 -2.67186 2.6049
6.09558 -3.40036 2.33637
9.20125 1.71334 0.756619
15.7582 -14.9102 3.3584
11.0369 -8.4486 0.183331
-8.49682 -1.09832 2.45955
14.1222 -12.3362 1.29881
13.2855 14.8416 2.10238
25.3562 -15.3054 3.66563
5.11116 5.52277 2.17004
-5.75054 -3.41044 -0.649197
6.93695 -13.5253 0.200196
-9.84881 1.30678 0.894541
-8.50361 -0.706991 2.44404
7.87023 2.50227 2.50448
27.0384 -13.4068 0.958452
-4.83837 -2.50795 -0.662277
16.6507 -16.2454 3.44666
4.70989 -6.17727 2.41581
5.60798 -8.39555 3.08037
7.0261 -6.44567 -0.0514986
-5.29477 7.09637 2.29387
-4.76719 -3.686 1.98018
-7.61027 1.22534 0.0564559
34.1482 -20.756 3.47884
10.1531 -10.2813 3.19703
-5.89088 5.0951 2.33035
-5.32477 -1.5454 -0.707189
-10.471 -0.110248 1.68704
-11.1403 -7.10385 0.293488
8.88247 1.42609 0.128451
-11.2479 -2.09448 0.924679
-3.70012 -2.31137 -0.617866
-1.49765 1.89488 -0.697578
-4.4345 9.70365 1.74617
25.6473 -11.7388 3.67023
-6.46069 1.08186 1.87888
-2.70816 4.89614 -0.0758171
3.22767 -0.538207 1.23278
-5.13121 5.48828 2.34179
-5.47699 8.45015 0.319585
-6.2798 1.49107 1.86438
-3.8356 2.76694 1.10848
-6.2209 1.63942 1.85822
9.28349 3.10171 2.49074
-5.09331 5.90525 2.32784
7.73624 8.91236 2.18635
9.21352 -13.7968 1.54209
10.6683 12.2901 2.61573
-5.2744 -4.53849 2.20666
21.1948 -12.0329 3.63964
-4.72895 6.50101 2.32328
21.0783 -12.2872 3.69715
-3.68953 -10.3151 0.479486
15.0098 -16.7575 3.48254
7.11037 -2.01322 2.56642
-5.10467 -3.95548 2.30035
-6.91378 -3.323 -0.957395
14.6468 -15.3802 3.67198
17.4474 -19.0066 3.35632
19 -19.719 3.562
-6.60491 5.62692 0.914798
11.0296 -5.05674 2.69034
10.1722 -3.12059 1.12155
8.28545 3.49122 2.50113
-5.89969 5.48766 2.32713
-3.72618 8.88056 2.25857
-10.7014 -7.43901 -0.627845
11.5184 1.76742 3.0832
9.16915 1.7644 -0.219654
8.26631 -15.242 2.73427
-3.65687 5.29534 1.85884
-0.89702 -5.08451 -0.406305
9.18122 -3.16174 -0.109797
8.61248 -12.2309 1.57747
-4.82102 2.47875 1.94278
4.89012 -8.11301 2.76136
-8.71193 4.08717 1.1015
13.1488 15.0567 2.10984
16.4799 -13.2771 0.537482
9.16311 -9.62458 2.7888
4.99526 5.74297 2.17004
28.0278 -13.257 3.83672
19.1 -6.90631 1.0815
7.87449 -8.0588 3.31882
-3.80538 2.9134 1.69945
-1.42012 -0.723612 -0.592706
5.70026 -11.7025 3.3189
-3.75452 3.04261 1.69391
7.65905 -14.9807 2.34185
-5.87459 10.8963 0.711737
10.4133 -2.67851 0.438123
0.495314 -1.6947 -0.484659
15.2146 -9.05713 3.49543
12.0912 -10.7522 0.306975
8.94922 -2.49283 2.6234
-0.31581 -6.47445 2.45151
7.91122 -4.10823 2.48803
9.95583 -3.49449 2.92532
8.37595 -3.11134 2.4959
7.48912 -7.48869 3.29249
-4.27993 2.37019 1.63263
5.31101 5.32384 2.18289
6.85797 -2.19122 2.18136
2.29436 -7.10237 2.58061
-5.98208 -3.5871 2.30095
-10.6227 -0.771935 -0.708763
-3.90375 -2.10619 -0.635387
5.67815 -6.56672 2.46098
4.85757 3.83944 2.21875
6.98788 -10.7165 2.94071
-8.76089 3.91364 0.715326
-3.27045 -2.31894 -0.597352
6.66269 -6.26575 3.20581
-5.75465 -7.68034 2.30495
6.33691 1.83468 0.088712
-6.17337 -2.77453 -0.698878
19.8036 -11.5557 0.583395
-8.53468 4.30252 -0.502549
-7.38918 7.38965 1.89789
5.05911 -8.18792 2.76117
-10.4023 -0.190502 -0.24466
-2.31866 -9.54209 -0.293305
-2.69638 -7.46666 2.92388
-9.87182 1.31865 1.49473
12.9692 -7.56086 2.87073
-1.92382 6.33473 2.3886
5.30062 -9.80925 0.00854311
14.1542 -11.688 3.28989
0.0426344 -4.84158 -0.380971
42.0787 -16.5305 2.2651
-3.08074 -7.30116 2.91
5.3152 -13.9035 1.56982
-9.21208 2.91901 1.493
5.15627 -13.9774 1.51326
-3.7092 -7.10269 2.88068
-7.46459 7.10688 1.27456
16.3134 -13.471 2.48214
9.14344 -5.78616 0.00905499
-7.7198 -1.06135 2.48907
4.53739 -4.92019 2.44351
5.25639 -1.04401 -0.357157
1.2688 -5.59303 -0.311201
52.852 -26.1985 4.02847
-9.67964 1.71038 0.915071
-2.68186 -10.7108 1.50236
-4.29886 -4.88852 2.25521
-4.89302 1.69742 1.96998
-8.83334 -3.40972 -0.745743
-7.37092 -5.30666 2.49161
-7.81154 1.40747 2.30694
6.46701 -8.94927 0.82192
5.77223 -1.90373 2.33208
-6.49875 -3.89569 2.12469
7.43265 -8.05291 3.31115
7.6096 -5.02445 2.53073
-11.9821 -4.53881 0.284732
-7.34947 -5.70081 2.68866
-3.28757 -10.4322 2.68643
-1.71962 7.72337 -0.88203
7.57563 -8.32473 3.32195
-12.0188 -4.51003 0.916556
33.0453 -19.2542 4.26609
5.02876 -3.85991 2.44826
-5.03749 12.9687 0.960852
10.8117 1.81294 3.04381
-7.37257 -4.97601 -0.646167
11.6715 2.09875 1.50439
39.0138 -22.4088 1.96957
-8.45599 -2.6249 2.46682
-1.45704 -11.2191 1.67389
-4.37716 -3.33078 -0.602519
3.0876 -0.690364 -0.428264
-4.12192 -6.88489 2.85198
-4.16686 1.82469 -0.244248
-3.06655 5.09877 2.24717
13.9427 -12.3225 1.27001
4.91085 5.46231 2.16444
-4.48982 2.44806 1.94198
2.29365 -3.09877 -0.364348
12.9053 14.5986 2.1734
9.00344 -10.0547 2.83245
16.3133 -13.693 0.541191
4.86355 5.31697 2.17678
4.56702 -6.40306 2.63406
28.7166 -18.4311 3.6016
-8.4304 -0.104904 1.9506
5.13009 -3.95295 -0.232709
-10.9376 -1.28233 1.29375
7.53482 -9.33113 2.29538
5.13905 -8.19536 3.03285
58.1781 -25.8243 3.18971
-5.46136 -4.58635 2.19686
20.7729 -17.9151 3.8986
-6.46476 9.64229 0.491094
6.94292 6.35107 2.70702
-7.25467 2.697 2.09779
-9.10219 -8.088 -0.0993145
-3.48988 5.49165 1.85747
3.1364 -5.19415 -0.254022
-6.5162 -3.47337 2.08908
16.1528 -18.4881 2.88057
-6.53664 -3.31918 2.12664
10.4288 -10.4313 0.554794
7.34174 -2.12648 2.74799
-5.09299 -7.23263 2.69527
3.69841 -5.30605 -0.232526
-0.854281 -4.8158 -0.415689
-3.73305 16.16 1.28963
-9.7009 -7.87256 -1.06336
14.2771 -12.087 3.11643
6.71405 -8.31376 0.0085685
10.7622 -3.62937 0.115972
-11.1698 -7.12259 1.88365
-5.8804 -4.10494 2.14511
-4.30059 -10.035 1.48558
9.51086 -10.1361 0.477574
4.74843 -13.7939 1.35611
3.92308 -6.68168 2.92197
2.49942 -2.4935 -0.378151
9.18759 -9.76992 2.81444
16.4304 -13.4567 0.539865
5.06539 5.67633 2.16312
3.85036 -6.87606 2.88744
-1.89844 0.497659 -0.662697
-11.5115 -2.92306 -0.862656
-3.55736 11.7306 1.89449
-10.109 -7.6442 1.10191
2.93817 -5.41932 2.31278
19.0606 -6.88804 2.07609
3.89472 -8.23476 2.68742
-2.29732 2.51217 -0.755972
4.85986 -5.66941 -0.1761
21.1925 -12.1912 3.47662
12.403 -10.4262 0.306825
9.22729 -2.18288 2.6318
-0.20829 -6.79994 2.13137
-6.70427 -3.34856 1.49628
3.91923 -8.48837 2.70199
2.78362 -7.2112 2.84913
1.31065 -3.09792 -0.40201
14.9151 -12.5442 0.852456
7.72659 -8.89136 3.12167
-2.29118 2.71025 -0.763161
21.1378 -12.333 3.47998
12.2529 -10.634 0.308367
9.11029 -2.33376 2.60995
20.1928 -14.3025 3.831
-4.15414 1.09959 0.0180094
3.01975 -8.60629 2.53107
9.22101 -5.91955 2.77207
-6.30615 3.50502 1.84988
5.50055 6.69833 2.13451
-8.5049 4.31463 -0.897742
16.7999 -6.01022 2.97345
10.979 -2.13574 -0.263013
9.71937 -4.09438 2.89786
-3.89967 2.5035 0.0894277
-12.0553 -4.31448 0.284552
7.47564 -5.30131 2.54336
-3.8869 7.29405 1.73382
10.3574 1.69822 3.03459
16.4733 -13.2694 1.12502
9.92495 2.84472 2.10286
-6.88543 2.51451 2.37497
5.73146 -1.7545 2.29979
19.0949 -6.70071 2.93844
-1.51134 5.66984 -0.856755
4.20224 -11.0921 0.00972435
-12.0311 -4.1001 0.0877082
-3.83643 2.69335 0.29431
7.39536 -5.4868 2.55556
10.1173 1.56505 3.02176
25.8265 -22.5641 3.61895
-2.15989 7.29549 1.89053
9.71484 2.92375 2.11133
14.5175 -9.48931 0.329296
7.2404 -5.86802 2.58638
1.93651 -7.68203 2.58475
-6.37944 -2.92479 2.30894
8.49092 -2.12207 0.382667
13.9348 16.3564 1.6709
-6.11407 3.12213 2.39126
-4.77017 1.11425 -0.806444
7.08147 -5.4794 3.19778
4.52239 4.11989 2.20507
13.2307 -4.46071 2.75494
-6.89871 3.87998 1.80608
44.4805 -17.5001 4.44945
8.1234 8.74784 2.28356
5.76484 8.18199 2.59346
8.25993 -13.1124 1.53874
3.45795 -10.7779 3.10416
4.99904 -10.2386 1.05822
-8.02389 -2.81483 2.2846
-9.33426 -0.841307 -0.834588
3.94034 -7.16857 -0.143123
-0.498987 -3.05286 -0.471971
23.5376 -16.905 2.52221
8.01312 -8.21388 3.102
6.32376 -8.68383 2.89239
-3.0077 13.0278 2.06994
-3.20319 -7.1787 2.89502
3.34406 -5.60833 2.33808
-3.68534 -10.3003 1.08514
-6.29463 -4.09647 2.14925
9.28239 -10.1498 0.482988
-10.7977 -4.16413 2.49648
-4.68954 3.93965 0.276024
-2.45643 -10.8192 0.887564
-3.86588 -10.2286 1.07931
-10.8664 -4.10527 2.48633
-0.786061 -10.6557 2.50564
-8.95352 -1.49243 2.4554
9.47417 3.01627 1.71381
8.97542 -5.98057 0.00876428
-7.91049 -0.706692 2.46839
4.35999 -5.29123 2.44704
8.78331 -3.0247 2.28769
-8.85074 3.69764 0.715137
9.5003 -10.1211 0.893273
-4.30511 -10.0433 1.08393
3.69726 -10.1403 3.26095
-8.56207 4.10643 -1.5638
-8.27221 0.291266 2.31298
2.36568 -0.0811366 -0.615638
8.70667 3.32889 1.55207
-11.3893 -3.99691 2.4611
8.18914 3.45126 2.90087
21.9103 -20.8441 3.74108
-6.12912 5.50902 1.90063
6.26536 -1.98104 2.15384
-1.52666 -6.09453 -0.379053
2.35053 -13.1133 1.4844
8.05608 -2.68799 2.24559
-9.7995 -0.814365 1.76082
7.89065 1.43569 0.0241323
16.8914 -16.4806 3.3548
8.95641 -1.73312 2.47045
4.31035 -10.7168 3.29637
-0.69332 -11.5709 0.29352
25.5038 -9.46971 1.10649
0.668145 -6.37419 1.69702
-0.0291242 -6.50275 1.69858
-5.6902 -3.71913 2.29951
-3.10213 -10.5495 0.883995
9.99786 -2.49855 2.67047
4.6966 -8.66117 2.73435
12.7978 14.2992 2.14045
20.9805 -20.471 3.62662
4.74234 5.084 2.18196
7.39578 2.04697 2.26379
-3.35635 -7.96304 2.39809
-5.51054 7.74365 1.76026
12.2438 -7.1023 3.35351
8.73613 -6.11322 3.2868
23.839 -16.3564 1.26608
16.559 -12.8213 3.48924
-3.70186 -7.89801 2.38993
-9.09963 -1.6855 2.27829
-5.08459 7.45967 2.28365
11.7377 -9.93931 3.03567
2.01224 -10.8063 1.15845
-9.30229 -7.97568 1.51541
-9.4001 -1.09489 -0.861384
-3.97034 -7.78799 2.37261
-7.47283 -6.24231 2.66418
-11.8101 -3.98426 2.46051
-5.19012 12.6853 1.70049
-7.71702 -8.59047 2.49431
-6.88711 -2.90179 2.07357
7.57498 -7.90217 3.30747
3.11186 -0.506089 0.69131
-7.69141 6.68168 0.133601
-11.9355 -4.68945 0.284968
-8.69295 -2.49575 2.46817
-6.0375 6.38686 0.352496
7.18491 2.17856 2.90118
4.70242 3.38083 2.23648
-5.48651 -3.91317 -0.613656
11.2795 -8.31269 0.184919
7.25119 -12.9855 0.195937
-10.5046 -2.4957 1.79821
-8.1169 -1.27995 2.48215
40.2659 -19.9687 4.46697
-4.58194 2.17756 1.95828
4.42828 -6.06298 2.42155
8.15956 -1.90923 2.58451
15.487 -15.4882 3.51982
-11.1252 -1.70848 1.51469
-8.62706 -0.548468 2.3093
-8.51379 -0.29537 2.28232
-10.9928 -1.42566 1.28013
2.49748 -12.923 -0.387964
-6.77243 0.325111 1.88086
13.6789 -15.5092 3.32307
-7.84293 -3.26802 -0.722639
-5.47094 4.56906 2.36094
9.48746 2.89087 2.63951
13.2843 -5.0771 2.89975
16.4872 -13.2835 0.733973
15.4086 -6.52455 2.89286
34.6011 -20.1604 1.50747
19.3345 -11.9132 0.577212
-5.52956 1.89854 -0.853537
7.53324 -14.9301 2.53265
3.84292 -13.4376 1.89467
9.45374 -2.88299 2.67685
-4.4401 0.368358 -0.11949
-9.60109 2.03224 1.81765
-0.494724 -8.49343 2.50974
3.72321 -6.82176 2.48168
8.36543 3.67714 2.50477
-5.88343 5.26661 2.32482
-10.5575 -0.519007 0.07557
11.3009 2.24778 1.92065
2.53449 -0.100401 -0.298915
-4.72313 -7.36876 2.71076
1.26009 -7.14901 -0.0397594
-3.27894 -3.05266 -0.56607
3.77949 -5.75311 -0.205578
-0.698416 -4.36789 -0.429317
20.5822 -10.6678 0.588869
7.54169 2.44117 2.94805
5.15333 3.68357 2.14173
10.3507 -2.71031 0.930406
17.5827 -10.4063 3.40435
-6.87705 8.90098 0.492565
-7.58799 1.89307 2.09401
8.47075 -7.12251 2.89909
7.24891 -5.87436 3.21003
3.16037 -10.6498 3.21171
-5.64168 -3.0294 -0.661229
-9.71019 1.64391 0.775544
-8.82551 -3.21882 2.02564
19.6492 -14.5766 0.776882
16.3637 -6.31169 3.14274
-10.7841 -1.07267 0.0672581
-5.37811 12.1328 1.11432
-8.16474 -2.75513 2.44334
-2.72145 -8.87921 2.45567
-6.69239 1.7083 2.42039
-7.3404 7.5241 2.00976
12.7524 -8.12929 2.89174
-0.0927191 -3.51821 -0.443978
-6.26566 -3.80717 -0.667016
-11.3744 -2.28173 1.71503
-8.85475 -1.09027 2.41614
8.60499 -13.2335 1.56834
9.23108 -4.23383 -0.0552041
-3.71451 2.90086 -0.306979
-2.64602 6.09484 2.0904
-5.31067 -3.19443 -0.639954
-8.09797 -0.521186 2.45116
4.26511 -5.49999 2.44052
-7.29159 3.10814 1.83778
8.12553 -3.90605 3.16338
-0.111187 -6.6933 1.71002
-10.9807 -1.43543 0.88521
10.0926 -2.39897 2.68818
16.1944 -13.8098 0.540984
4.76417 5.19624 2.18224
-5.81419 0.0739969 2.00138
-5.73474 -9.43469 1.69395
5.68273 -9.56386 0.967217
-3.44782 -8.17696 2.40294
-2.30823 14.7199 1.69082
-10.3376 0.118296 0.898929
-8.94454 -1.89165 2.47601
8.97028 -5.72731 3.28065
-7.59852 6.50366 0.0915787
16.7289 -12.4859 3.47808
23.9216 -16.1901 1.26405
-5.92644 -9.36087 1.50771
-3.53827 -8.11202 2.39646
-7.01698 7.93721 -1.54848
7.66842 -15.0122 2.49697
5.28872 -13.8783 3.20393
2.94356 -0.424074 1.09193
-5.32559 4.82843 0.404819
9.92865 -3.1048 2.70524
4.29693 -13.6094 2.0566
28.3126 -12.5509 3.83243
12.2726 -7.10315 2.9763
7.72062 -9.31845 2.51135
9.36473 -3.49359 3.1939
-3.99893 -10.1874 0.487119
-9.58441 1.93749 0.910305
-4.12349 -4.71369 2.25544
-9.03992 3.29657 1.10137
-9.5271 2.10338 0.911863
-4.10122 -4.41945 2.27005
21.96 -20.9066 3.55797
-4.10628 2.47236 1.30676
-6.3287 -1.50687 2.04403
-5.1796 -6.63682 2.79988
-3.2798 6.0992 1.84345
-11.7691 -5.16393 0.285641
-5.30282 0.69814 1.99103
2.4835 -5.64714 -0.258348
-7.08141 -3.1255 2.05146
7.45148 -7.69404 3.30179
-6.03414 -0.505173 2.01239
-3.07347 8.26739 0.0464141
12.1955 -16.8674 2.32028
3.05878 -1.43298 -0.402634
-8.68761 -0.70039 2.28522
-4.924 -4.09587 1.98315
30.043 -15.5821 3.97222
-4.57002 9.31601 1.77153
-11.6846 -4.71405 2.48699
-6.58781 -7.3602 2.25475
-3.70964 3.02262 0.497518
-4.70131 7.68204 2.27825
8.91386 3.26229 2.2894
11.2779 2.06483 3.03344
14.0845 -15.1568 3.51215
12.0632 18.2876 2.17732
4.09939 -11.1541 2.78672
-7.8654 1.29088 1.91496
7.39091 -7.56962 0.00825357
-3.89214 8.70933 2.26405
10.1355 -3.22842 1.11558
9.49278 3.02306 2.08262
25.6636 -22.3969 3.79767
17.7652 -7.71249 2.99831
11.8766 1.92659 2.72483
-6.55548 -3.48117 1.70203
8.13211 -3.69335 2.53245
9.87877 2.66085 2.69705
8.0835 -1.7323 2.57453
-4.30299 -4.31214 2.28674
19.0532 -6.87755 2.31749
-3.96187 -10.1809 1.2827
-6.11015 -2.29521 2.30348
9.78537 -2.35339 2.66199
9.75355 -2.69624 2.67629
30.4537 -12.171 3.65619
28.913 -18.0635 2.96761
-0.50024 -11.6475 0.082434
4.44629 -10.7573 3.30201
-7.50036 0.887674 2.42268
3.09885 -0.485286 1.10133
8.38635 2.94003 2.40663
-5.89002 6.08017 2.27394
4.31826 -13.5698 3.25122
-5.96471 10.7704 1.68802
-4.53882 8.82547 -1.41997
10.1373 -16.0063 2.69266
0.997145 -7.02177 -0.102784
-3.50745 -3.15696 -0.573386
-0.72527 -9.82094 2.55122
-11.1298 -1.71925 1.84381
-0.117092 -6.48355 2.44297
25.6669 -22.4176 3.38574
-10.2972 -7.60898 -0.498289
9.46793 3.02826 2.50701
-0.495581 -9.63901 2.55219
-11.0513 -1.50679 1.91543
8.68434 3.34856 2.30002
11.0031 2.16211 3.03794
8.41344 -7.25798 2.87621
16.3017 -6.46073 3.14211
39.0409 -22.1194 3.9066
25.102 -22.1882 3.11618
21.91 -9.87409 0.61209
8.37226 -7.35797 2.8852
-12.0303 -3.95113 1.10502
-4.54328 -4.25778 -0.566613
6.62915 -7.40343 2.62864
5.61371 -3.19746 2.27273
6.96709 -8.46067 3.31165
1.57025 2.48807 -0.603598
8.75177 -5.12167 3.24013
25.4721 -9.46981 1.69368
6.98038 -8.96348 2.93434
15.4091 -13.4556 3.16724
-4.92071 -7.3034 2.69566
-3.92925 2.37213 -0.304773
-2.90285 5.49953 2.09655
10.89 -2.29358 -0.307441
17.4433 -19.0031 3.66725
5.50529 -8.93234 2.77488
-5.6218 0.479251 1.99342
3.58438 -10.8543 2.88942
-7.4474 3.47252 1.81369
9.92197 -15.8879 2.90055
-1.08876 -2.28272 -0.519655
-5.0498 -3.98282 2.18792
10.4363 -10.3084 0.464697
-0.726406 -9.81946 2.54951
15.4987 -15.5024 3.39346
-11.1439 -1.7245 1.68263
11.921 -16.926 1.92392
9.51805 -15.7401 2.67008
11.1092 -9.88021 3.39484
0.708297 -4.09905 -0.387939
-2.51423 -8.09269 2.94681
-6.67973 8.68698 -1.50466
26.4817 -22.8534 3.25371
10.2957 2.67681 2.62066
-3.31951 8.52794 0.12129
-4.11458 -8.04909 2.37627
10.2814 -2.70932 2.09853
-10.8152 -0.96215 1.47551
-4.4761 -4.49775 2.22436
-6.72983 -4.06283 0.89938
-4.36868 -2.82415 1.95111
9.93919 2.10492 2.9987
20.3956 -12.7434 3.27856
2.66857 -13.1943 1.50094
8.18262 -6.51061 3.27914
-7.8472 1.29289 2.30676
-4.69118 -4.50774 2.22288
6.58143 5.87962 2.71997
-6.76416 -4.08396 1.09844
-4.42936 -2.90033 1.92384
-1.48191 -6.0775 -0.377834
2.48937 -13.1322 1.48923
-5.74303 -6.97176 2.34023
8.72226 -3.8922 3.18948
-5.19785 0.953218 -0.805137
-6.49162 2.90779 2.38469
0.707048 -6.44582 0.0863802
-4.90028 -4.27835 2.19266
21.387 -18.2306 4.16583
-6.70833 2.9298 2.37317
0.538594 -6.38214 0.0821859
-7.64914 -6.20077 2.6045
-6.56967 -3.65873 0.693568
18.5149 -19.4425 3.65946
6.55824 -9.38447 2.81993
6.26654 -14.4221 2.29139
3.75144 -13.3439 3.10414
7.8187 -8.67684 3.07679
-6.70366 -3.33264 1.89931
14.9136 -8.93788 0.330491
-8.84649 -1.08788 2.29942
8.83101 -7.86782 2.84136
20.7605 -17.9039 3.73672
5.87051 -8.47813 3.2507
-6.47697 1.66409 0.00587669
4.68851 -4.51888 2.42797
5.00941 -10.9058 1.4011
4.39315 -5.56284 2.72411
2.89469 -1.28457 -0.409748
8.54944 -6.25978 2.71221
59.0104 -23.5989 4.7421
1.90239 -2.69251 -0.391269
-7.68742 -6.09645 2.17481
-5.2907 -3.88042 2.31818
14.9273 -16.8856 3.48892
-4.90658 7.69758 2.2783
-6.47853 -7.10504 2.25456
15.9504 -7.28337 3.46169
4.07113 -11.0586 2.90463
-7.92426 1.10125 2.09434
-4.95513 4.71124 1.78424
7.60988 4.72258 2.80834
16.5693 -13.0972 0.732105
-3.99925 13.1098 1.44633
9.57544 2.97355 1.92241
17.7126 -7.85421 3.00041
-5.50107 -9.56707 0.0817475
-6.51072 -9.19023 -0.884852
-10.5154 -4.59526 -0.765217
15.0279 -9.51744 3.51154
4.53147 -8.73669 2.73138
9.98832 -2.71441 2.68184
7.70673 -8.91007 3.28465
9.15713 -5.4913 2.7665
23.6341 -16.6555 2.87273
-6.81777 0.217722 1.91996
1.50566 -9.53939 3.15219
9.72643 -3.04557 2.69552
0.0539343 -6.35168 1.47841
13.7513 -10.5976 3.00213
57.6226 -26.8544 5.14642
21.5647 -20.7892 3.34012
-1.68488 7.84942 0.0585174
-3.00819 3.61982 -0.283705
16.4044 -13.2924 2.30335
-7.56376 -4.89389 -0.654371
-6.15923 -6.79536 2.53195
18.041 -9.28579 3.317
-3.11689 -8.64916 2.43098
1.1165 -6.7099 2.50599
0.0970884 -3.701 -0.430906
8.89485 -6.1054 2.7953
-8.68598 -8.22581 1.30586
-7.59961 7.08314 0.345013
8.45535 -12.3237 1.34457
-8.34524 0.103754 1.94193
-4.30373 7.54086 2.29625
9.24731 -15.646 2.6925
-3.80824 2.62292 -0.69178
5.70509 -8.7005 -0.488508
-0.566416 -11.5985 0.828646
8.41949 -6.08604 2.69142
8.55058 -6.26358 2.67887
6.4915 -7.71807 2.61252
1.87359 -4.05353 -0.349103
-1.28331 -8.01225 2.9884
-3.87965 2.50206 -0.308283
9.22209 -15.5974 2.91199
-2.8276 5.66535 2.09629
9.92449 -4.31202 2.73754
29.1256 -17.932 1.49662
5.96406 -8.96957 2.7446
-5.45844 -8.12005 -0.466971
-4.10888 -10.0932 2.6861
-11.9181 -4.66963 -1.27055
12.3685 -4.1306 2.49338
4.09932 -13.4977 2.48226
12.2115 -4.18811 2.52755
58.6824 -24.2839 5.13672
8.19548 -6.83649 3.28975
-5.43537 2.82066 1.63761
6.29464 -8.483 3.31252
5.50887 -6.50691 2.46343
58.7108 -24.327 4.74235
4.10067 -11.5705 2.80199
-7.90648 1.6869 1.86533
-4.4146 1.88571 -0.811036
19.072 -6.89032 1.7027
0.981158 0.373877 -0.183967
-7.84212 2.09225 1.85224
10.2785 2.67368 1.30994
3.83249 -0.798487 -0.403581
1.74082 -12.5362 2.69146
9.89484 -3.21647 2.67778
-4.11814 15.2443 1.32605
-2.67795 -10.6824 2.85325
7.3659 1.29466 2.50841
5.50433 -8.34313 3.09216
6.31745 -7.29153 3.24851
-10.7888 -1.06332 0.247573
7.01575 -3.42763 -0.18368
1.61174 -9.99692 2.87178
-10.4276 0.0429068 2.08034
21.7338 -10.7009 3.75187
7.11976 -1.89895 2.53421
-4.57851 -3.19372 -0.611631
-4.06813 -8.24265 2.38091
4.67276 -13.7284 3.21538
-4.48551 -7.91501 2.35642
-2.88967 9.68292 1.68283
28.9743 -17.8417 3.79485
-6.08626 -6.85772 2.30738
3.27814 -3.49047 -0.318962
-6.38782 -5.16269 2.14433
-2.1985 7.15392 2.1262
34.6536 -20.1889 2.49972
12.1191 1.9224 2.67918
23.6974 -16.4872 3.04666
-6.03276 6.93494 0.515713
9.29698 -5.1126 2.87371
-6.89413 -3.25434 1.90212
-6.98589 -3.21299 1.8905
21.8622 -20.5718 4.09189
-6.46165 9.23435 -1.5113
-6.23548 5.27398 2.28963
1.49545 -1.29674 -0.453991
-8.23092 -7.43056 2.28207
7.54462 -13.5672 2.87576
-9.89847 1.28314 1.90906
-2.9086 -9.11951 -0.30476
-2.50983 8.15321 0.268512
-10.564 -0.50776 0.290519
6.51112 -7.90285 3.27168
14.0684 -11.8396 3.46179
-3.62227 11.9471 0.703737
9.96431 -15.9503 2.28103
11.6235 -10.1151 3.04113
6.64062 1.69465 -0.37911
-6.20737 5.31781 2.08046
28.6007 -18.8596 2.13469
3.09788 -0.511329 0.0829532
-5.76447 2.9641 1.56936
7.86518 -6.90911 3.2829
-6.12441 5.51861 2.08355
-5.58147 -1.0282 2.13721
-5.01484 -3.99698 2.30584
7.29481 -2.04563 2.55856
0.0370315 -6.49153 0.701079
11.2805 -9.50982 3.07084
58.0558 -26.1302 3.18675
-5.5072 -4.29353 2.18688
16.4928 -13.1263 2.09339
-3.07706 3.47139 -0.491709
25.8503 -22.5866 3.19303
16.2795 -13.6987 1.58577
9.71128 2.91108 2.62706
9.87404 2.83521 2.62515
5.44916 -6.84276 -0.0996632
-0.0425166 -6.51176 1.89699
3.46878 -7.55899 2.51842
14.3009 -12.2581 1.28516
5.29205 5.69544 2.16501
-1.65777 8.89821 0.171897
14.2744 -12.3128 1.28611
5.29901 5.49945 2.17483
24.3773 -15.9782 0.925177
-5.47985 -9.53804 1.90061
-3.94066 8.56694 -0.104978
-7.47813 1.68109 2.40275
9.9194 2.84094 1.71083
-2.87573 4.26686 -0.0753925
15.7531 -12.1406 0.505473
-7.49511 3.29738 1.81476
9.1295 -6.09996 2.77764
10.3788 -10.3798 3.09736
29.7964 -16.1619 3.97867
13.6821 -10.7329 3.00609
-6.49276 3.67015 1.83622
5.31517 6.51918 2.15759
-1.72601 8.1494 0.158233
-8.50434 -8.30072 1.32381
-2.71348 4.29854 0.0445069
6.05899 -9.56811 0.98477
-2.89217 -8.19302 2.45749
1.29842 -7.09211 2.52834
-5.83608 10.8632 0.378555
13.3583 15.681 2.17423
5.28424 6.31681 2.15422
-6.50314 5.89386 1.78876
-1.67881 8.34595 0.161715
11.6213 2.13368 1.89839
8.95671 -6.34894 2.77729
7.08618 9.08027 2.07506
4.52323 -13.7646 -0.209614
17.8754 -9.69634 3.32838
5.7388 -9.61213 0.972896
-3.22746 -8.02224 2.45578
0.966316 -7.27814 2.52454
-2.4952 -10.767 2.51932
17.7837 -9.93094 3.33372
5.25144 -10.2708 1.28531
-5.82782 11.0652 1.08767
-7.60285 6.80684 1.51406
7.73506 -13.0884 3.0015
5.30333 -4.90976 2.59926
28.9321 -18.0856 2.12666
24.002 -15.6132 3.72681
-2.72974 5.90209 2.14376
1.70721 -7.06338 0.0731786
-4.17689 1.76732 -0.800838
5.10297 -4.82838 2.58699
-3.30775 -5.49297 2.3257
4.90834 -5.18186 2.58281
10.8476 -2.01951 2.51181
-2.11085 -10.9649 0.901554
23.7653 -15.8718 3.7179
4.66642 -5.08923 2.56353
-5.4663 11.64 -1.51385
-5.11933 7.713 2.27558
-2.30372 -10.8836 0.898204
-4.49579 -3.10673 1.94764
6.5657 -11.6782 3.30876
-4.48074 -4.50272 2.22638
-10.8667 -1.08686 1.49412
4.80927 -10.6699 0.79879
3.10299 -0.522744 -0.107787
-5.2019 0.359339 2.00857
-2.78379 4.98538 0.0050499
-11.0658 -1.71122 0.284366
21.5702 -11.1443 3.55487
1.48315 -10.4341 2.6656
13.6544 -13.3245 0.718951
-0.124305 -6.80993 1.21866
-1.52967 -11.27 -0.652654
11.9492 -16.7469 3.36655
-4.26244 0.49502 -0.752884
-4.9145 -4.11552 2.1906
9.11484 -4.31906 -0.0550389
3.70213 -10.8937 3.1024
5.78335 7.98242 2.60738
3.57347 -10.8417 3.10084
-2.97314 4.94881 -0.822449
15.8722 -7.46562 3.25049
-10.1077 -7.64113 1.29739
12.5374 -14.2894 3.75267
9.25304 1.1979 0.466917
-9.80552 1.45308 1.12768
-5.78129 8.91227 1.57393
-11.9513 -4.07025 -1.34547
-3.15561 17.5512 0.893163
-4.2865 14.4553 -1.5589
-7.49354 3.10538 1.82408
25.2964 -12.5378 3.67362
5.12542 -11.7641 2.84478
-4.60829 -3.37055 1.95841
3.67564 -7.29416 2.90051
5.15168 -3.76999 2.43356
12.4072 -7.43277 0.190398
-10.8807 -1.48558 -1.47979
4.53154 -11.9293 2.82897
-11.2934 -4.84264 2.50541
-1.57551 7.59026 -1.41389
-2.96152 9.51554 1.6804
7.29038 -6.28628 3.23935
-6.08676 -1.90827 2.05855
-5.96403 5.91094 2.07165
-3.00475 9.48369 1.70345
4.02521 -10.6308 3.28594
-4.80159 8.98152 0.00887306
7.96658 -5.94629 3.24513
-8.35866 4.58349 -1.56448
-8.0944 0.721474 2.30517
3.72586 -13.3651 2.10117
-7.22016 2.80899 2.30563
-7.12016 -3.15602 1.89561
-1.11676 -11.3422 2.3208
-9.26235 -2.07196 2.27396
5.13133 -13.9155 3.25267
-8.9902 -1.44529 2.29186
-8.62123 -0.571601 2.11031
17.1624 -12.5731 0.540914
5.73495 6.56255 2.14628
18.1882 -6.65254 2.99823
-11.4374 -2.72055 -0.27078
10.1287 -15.9973 2.86803
-6.47215 10.7626 0.319758
16.0157 -12.4995 0.516259
7.09808 -14.7724 2.05771
-7.26362 3.70726 1.80742
12.9813 16.2183 2.57071
2.60412 0.214151 0.674695
1.95518 -8.70498 1.1593
28.6861 -18.6616 2.33624
2.91014 -10.0349 3.22026
6.97369 -5.36882 3.18626
-6.24905 -2.62235 2.30082
2.6636 -4.28681 -0.304561
-7.00057 -4.43957 2.21524
9.66513 11.5569 2.60485
0.557701 -4.23727 -0.387472
-2.687 -7.90133 2.93391
20.5312 -10.1779 0.58363
5.03374 4.30234 2.20276
5.4929 6.45742 2.14416
-6.32561 3.62603 1.84348
-5.95492 6.6862 0.511417
9.39127 -4.86126 2.88469
-2.32432 6.50048 2.36256
4.93705 -10.0419 0.008843
-0.991249 4.54979 -0.793936
-3.99913 12.3627 1.60725
-3.3898 3.40386 -0.0795702
7.90589 -1.89465 2.56958
-4.99794 -9.78216 -0.0993467
-5.21192 1.29323 -0.818117
-6.45851 3.29231 2.37294
-4.46726 7.82931 2.28015
-3.32338 -7.32702 2.90415
-4.07276 4.22815 -0.894643
-5.48602 6.26792 2.31182
-11.0651 -7.24698 -0.514644
19.4847 -14.9342 1.22887
16.2272 -6.60641 3.45895
-5.51195 11.935 1.86878
-5.3029 6.28957 2.31887
-3.9881 4.30493 -0.894381
-10.9173 -7.34312 -0.511937
7.51399 -9.31501 2.69264
-9.91054 -7.74356 0.507763
-0.0705166 -6.82951 -0.420705
-8.12062 2.49893 0.519039
-1.32009 -11.2731 1.68291
-11.7473 -3.29086 0.909634
5.80924 2.0678 0.0219572
6.85202 -1.1845 2.51051
-4.08929 -7.09669 2.84966
34.5181 -20.1131 3.23195
16.192 -13.6253 3.13631
4.85871 -10.5196 0.721302
-5.30394 -4.29975 2.18723
16.5041 -13.1262 2.09498
-2.96757 3.54295 -0.473902
9.92516 -10.1678 3.24432
25.8342 -22.5818 3.40909
-3.20996 4.16722 -0.866117
16.255 -13.6759 1.71777
9.71382 2.92817 2.50101
26.3208 -22.6962 3.23269
-3.35603 13.2293 0.683572
10.1373 2.70523 2.65461
-8.29826 -5.94475 2.14185
8.02601 -7.05209 3.29323
10.5295 2.36416 2.747
-2.63664 7.16147 1.83247
11.6775 1.8978 2.91687
15.5431 -5.77871 0.220114
-5.35542 -1.94239 -0.692337
7.25174 1.02968 0.0526298
13.9986 17.2725 2.32392
10.1859 -7.38575 2.60799
12.4833 14.5603 2.6147
4.47371 5.30728 2.66197
0.705035 -4.3238 -0.380263
-2.50974 -7.87559 2.94651
10.2039 4.08027 0.956128
24.0775 -16.0863 0.917888
-4.29576 8.73243 -0.11069
-5.7009 -9.44693 1.90645
9.48355 -15.7318 2.3173
11.1449 -9.83364 3.07499
15.382 -5.7214 2.63737
-4.77493 5.15283 1.7761
8.64914 -7.43704 2.80966
1.88934 -12.5697 3.08718
20.4156 -17.8477 3.69644
-6.80295 9.53519 0.441333
8.45483 -7.66543 2.811
7.33506 -8.52299 3.31872
-5.60986 11.4941 0.188033
14.428 -12.1392 1.06201
-7.48306 -4.9042 -0.649364
-6.08397 -6.83112 2.49864
8.82594 8.50739 2.19604
36.9852 -27.0805 4.55484
-1.80587 -0.787752 -0.599044
6.65871 -4.68928 -0.142283
5.76435 -3.31384 2.5351
12.9882 -6.93995 0.194295
8.03547 -1.60216 0.0600763
-8.6358 2.06225 1.69703
7.37037 -7.28443 2.55271
-0.183415 -9.99556 0.0322856
-6.46619 9.48877 0.90993
-7.62009 6.39664 -1.43731
-6.29659 11.1159 0.169416
-10.4208 -0.18093 0.112817
-5.90475 5.68943 2.32503
-8.47234 4.49477 -0.109071
7.8775 -1.68235 0.0963779
-6.61227 -6.61368 2.6826
-3.31146 -1.89267 -0.619624
6.19794 -6.78973 2.48913
9.35934 -15.6506 3.48754
-1.71646 -11.142 -0.124051
6.82568 -9.20547 2.82273
12.932 -6.31222 2.93479
-0.0542614 -6.72686 0.507563
-3.50847 9.46893 2.23877
6.96488 -10.7378 3.09138
-4.66771 -0.682708 -0.718449
-8.7645 3.92247 0.882679
-7.08456 -3.24548 -0.30324
14.7852 -10.1439 3.2675
-10.6365 -0.526446 1.51717
4.06831 -6.6779 2.62213
-4.13218 0.108134 -0.733508
-7.15426 7.89507 1.68025
6.46715 -11.8856 3.31397
5.42393 -9.31554 0.307379
14.3495 -11.1583 3.52126
2.50548 0.498682 -0.497227
5.67195 -11.7249 3.10587
-4.70517 8.91448 -0.119579
5.18171 -9.73193 0.821188
-6.24564 -9.21981 1.92068
7.82338 -4.46226 2.55362
-1.71886 7.68923 -0.282676
6.35184 1.79867 0.350866
23.585 -16.8502 2.16146
2.88477 -10.6885 2.72657
5.18139 -10.3016 1.27311
8.09863 -9.51435 0.702064
7.28301 -2.40594 2.21591
8.74832 -4.52533 3.21537
2.27073 -10.7386 2.70315
-0.70529 -11.5111 2.27845
0.82329 -6.51822 -0.496753
-12.0186 -4.50987 1.11613
4.99488 -3.79775 2.39181
8.1812 -6.78151 0.00879865
-4.67012 13.8445 1.6294
-1.69637 6.08505 -0.885438
-4.47795 14.3272 1.47237
17.3716 -9.0185 3.03034
5.15761 -3.01923 2.26124
-3.73828 0.894328 -0.751322
-3.26822 13.7072 1.57135
-2.627 4.71218 -0.0854718
-6.82495 8.6898 1.50432
-3.88315 0.894684 -0.754907
10.8843 -8.71213 0.183944
9.02426 1.39508 0.794231
-9.93041 1.10144 0.899567
2.05101 -11.0198 1.66018
15.615 -15.2369 3.37735
-0.560163 -10.1039 2.49225
-6.5283 -3.70007 -0.498977
-1.0844 -10.3368 2.55956
-7.52534 -8.70991 1.08225
10.9388 2.38564 0.90471
-4.10341 -4.37278 -0.545476
1.5124 0.244947 -0.510618
-0.297854 -10.2848 0.309187
-6.54014 9.28714 0.707784
2.02246 -4.73129 -0.310513
26.0962 -10.7138 3.67089
9.9249 -5.30855 2.77254
1.54223 -6.24337 -0.269406
-7.99926 -2.49998 1.96489
12.0938 1.90867 1.13856
-3.97544 -7.08998 2.00124
10.9443 2.38617 1.73081
-7.50681 -8.70345 1.91567
10.3194 -6.69788 0.0893449
-10.1036 1.49733 0.194112
-7.10581 -6.39304 2.2922
-3.91424 8.63586 0.0838134
-9.19186 -1.9049 2.28409
-8.07949 0.728532 1.94372
-3.49211 -10.3583 2.29279
-7.57057 -5.83289 2.29664
-4.4439 8.77504 -1.46286
10.3012 -16.0486 2.65576
7.66058 -1.49869 2.54672
-7.57606 3.16452 0.00734372
6.69834 1.68706 0.0967414
7.44362 -5.24486 3.19526
-12.0907 -4.29244 2.4535
7.49517 -14.8922 3.13861
11.4874 -10.2851 3.04323
11.2047 -9.5082 3.50321
-5.82685 6.25496 2.05802
-4.63748 5.48106 1.76746
1.56323 -2.71801 -0.399383
-8.02158 -5.93035 2.1513
-0.297718 -2.10847 -0.500355
-4.2973 2.54039 0.693682
-0.70774 -11.5076 2.48689
0.802291 -6.50854 -0.657655
-4.88745 5.28556 -0.965911
5.14033 -11.4963 2.91436
33.1411 -19.0331 4.26282
-10.9941 -1.74095 -1.44334
11.592 11.4475 2.52241
-6.64096 2.11693 2.39718
7.45915 7.84238 2.66637
7.80983 -7.6238 3.29748
58.3923 -25.0178 5.14087
-3.79399 4.10952 -0.887056
-5.10435 6.10421 2.32332
-10.7129 -7.43329 -0.508183
-3.47353 -8.16614 2.40224
23.9226 -16.1937 1.08689
5.48934 -9.55286 0.957761
-5.92483 -9.35591 1.71066
16.7366 -12.4938 3.35648
-2.74382 4.24756 -0.847302
26.2981 -22.6821 3.4493
10.1151 2.76094 2.50677
-6.79038 3.41896 1.49935
8.14384 -5.45389 -0.0531692
13.1055 16.1692 2.57563
26.9724 -22.9672 3.29409
10.6773 2.49567 2.653
-7.43496 -5.47404 2.17355
9.31163 3.07464 2.10885
-2.49319 7.07739 1.83346
-10.3606 -7.59105 -0.856394
11.797 1.84079 2.88344
9.08357 -3.1072 2.3059
13.1363 -4.92967 3.28924
13.0749 -5.09054 3.28924
13.0249 -5.20964 3.28857
12.91 -5.49286 3.28578
12.8383 -5.66601 3.28247
12.7962 -5.76591 3.34269
8.06417 6.25006 2.76366
2.68375 -0.339219 0.500477
12.7448 -5.88757 3.29118
-3.24827 2.7373 -0.806513
9.76625 -15.8444 2.47846
-2.4878 3.06666 -0.787346
10.5141 -16.1561 2.50674
8.91519 -7.73965 2.83619
0.699139 -6.44881 -0.114505
-3.82434 -3.81306 -0.557517
0.541128 -6.38864 -0.112997
-10.4243 -0.34517 -1.28884
21.7055 -10.2838 3.27417
-3.92614 -3.77996 -0.56262
-7.27425 2.70571 1.89855
-6.56939 9.84873 0.446058
8.7674 -7.95835 2.84448
28.7374 -14.0312 1.01559
-4.09873 -3.71987 -0.571426
0.672264 0.25836 -0.0706339
7.81985 -7.44396 2.59327
2.03963 -10.9611 2.61378
13.3039 -10.0478 0.315715
-9.96759 1.11677 1.69682
3.2474 -10.69 3.22937
17.2667 -13.3154 0.691304
8.27283 4.5186 2.84819
6.08134 -14.2962 2.91527
-1.29064 -3.50782 -0.479476
-1.99635 -1.24856 -0.602398
7.6098 -7.36592 2.54403
-9.32345 -1.91542 1.94008
-4.27267 -3.33735 -0.593982
-4.42463 0.682212 -0.0885954
-10.352 -0.0979762 -0.688687
-0.982607 -11.3939 2.49395
-8.08936 1.15057 0.0597735
13.8189 -10.382 2.9879
0.179951 -6.18895 1.30451
-11.8475 -3.71483 -0.292829
3.5142 -7.4894 2.904
-5.70422 -9.45168 1.50124
16.8107 -12.3082 3.47208
13.5807 16.1332 2.0958
-7.79096 -2.11325 1.93855
-2.65969 -3.63865 -0.519915
11.1067 2.13682 2.73484
-4.17525 3.60154 -0.332253
8.75404 3.33843 2.06665
10.2858 -2.91236 0.694607
-3.63775 3.84595 -0.871664
-5.01029 5.74364 2.34182
-8.73541 4.10564 1.93604
7.30435 -9.30198 2.84126
-6.89423 -6.48443 2.68212
-1.55653 7.07877 -0.924992
-7.11973 -6.32503 2.70286
38.9685 -22.3952 2.80112
10.3002 -16.0419 3.47409
-4.44979 8.77549 -0.510402
-5.91699 -9.34479 2.32014
14.2976 -11.2993 3.54126
-8.9017 -8.1626 0.30639
-3.09782 -2.68364 -0.574574
-6.75091 -6.31105 2.72672
-4.25323 14.9109 1.49161
-1.88894 2.49014 -0.734244
-4.84674 10.2336 1.67781
-3.48683 8.36497 -1.48783
-8.30948 0.905379 1.87792
3.68935 -10.9438 2.77409
-5.41814 11.6422 -1.87776
-5.21302 7.74133 2.06949
8.68312 3.28066 -0.85769
-3.62983 8.42135 -1.47254
3.47471 -10.9679 2.76358
-8.57956 1.12243 1.86569
3.33207 -10.9898 2.75834
2.60784 -0.0329476 -0.339754
11.4621 2.19935 2.09013
-8.49869 -8.29338 1.50609
6.65965 -6.99053 2.55338
10.6939 -2.30503 2.66202
7.46003 -6.04455 -0.0523989
2.08078 -12.6528 3.04876
-4.09536 3.69523 1.91203
17.7554 -7.75443 3.00012
25.6701 -22.4151 3.99764
34.6429 -20.1887 2.49634
-10.2766 -7.64178 -1.07443
9.47284 3.02265 1.89391
-4.04297 13.0377 1.44023
-3.31288 1.10479 -0.735787
-11.031 -1.42638 1.91812
3.6854 -5.7467 2.33047
-5.70004 -4.06748 2.16326
-8.80521 3.70696 0.362166
9.67061 -10.1005 0.479836
-5.46574 11.9318 0.23065
7.43532 -8.94874 3.36355
-0.14242 -6.69177 2.29767
-5.54949 -0.0670233 -0.777574
4.3249 -5.34914 -0.205349
2.90774 -7.26069 2.89739
-6.3234 -3.92549 2.13776
-4.70199 -9.86561 1.48715
9.14198 -10.2733 0.491256
-2.76005 -9.51853 2.38047
1.12365 -6.39977 -0.272158
-0.351571 -11.6549 2.08127
34.3261 -20.3028 3.9634
-4.35278 -6.96738 1.97226
-4.53568 -6.87049 1.97203
-6.35063 7.53242 1.58263
-7.51065 -6.25274 2.29452
-0.209217 -6.85493 2.4441
8.04841 -3.89507 2.53518
-6.69293 -3.34338 1.69806
-8.48008 1.849 0.701636
-9.59692 -1.24295 1.90934
1.51778 -6.68277 2.63312
-5.82093 11.2213 1.87333
-11.2793 -2.2948 -0.109361
-2.71836 -3.66538 -0.520634
-7.82017 -2.1581 1.94806
13.8937 -15.6413 2.07776
-4.57261 9.2971 1.91857
-7.66437 -6.13164 2.3037
2.51147 -0.700321 -0.443471
-2.03278 -9.54972 -0.210975
-0.704836 -11.4883 2.90796
-12.0057 -4.4637 0.28464
-7.46705 1.06031 1.53659
-7.52882 -6.10104 2.68326
-5.61865 6.69296 2.06894
-4.45518 5.91628 1.76978
2.08579 -3.2873 -0.36342
-1.11319 -8.86186 2.90609
-7.63747 -5.5042 2.1489
14.7676 -8.07553 2.91016
-5.35098 7.4128 2.08463
11.0978 2.27837 -0.162942
-7.41278 -8.78388 -0.0967696
8.67437 3.46785 -0.907771
-4.19354 6.54939 1.75745
10.1343 2.42236 3.01254
6.34563 9.00848 2.10678
10.5181 -6.30814 2.71927
-4.89521 8.11183 2.27601
20.3405 -14.3186 1.08791
11.5235 -16.5762 2.68837
15.3732 -8.70778 3.21372
-4.68265 8.18977 2.27564
-2.96071 -10.5713 2.50447
13.2727 -14.8226 3.43978
1.41777 2.28595 -0.596438
10.8971 13.5288 2.57516
10.0205 -3.44404 -0.05779
1.49929 -7.08435 2.53933
33.5893 -17.9488 4.24821
-2.76196 -8.1947 2.50553
-6.92537 1.24533 0.0060872
-8.09036 -1.89422 2.50994
8.29177 3.46564 2.37674
24.4985 -21.9224 3.46897
-5.21495 12.5225 0.926146
10.6832 2.2667 3.03227
-4.10055 8.50858 2.26894
11.0851 2.09605 3.05638
11.4896 1.93594 3.05947
13.5783 -12.9365 1.05622
4.60244 4.88751 2.31193
7.35763 1.29562 2.69787
-2.00188 7.79325 -0.328525
2.09507 -2.8933 -0.376762
-7.56747 -5.83225 2.18056
14.376 -15.2802 3.49545
-5.78586 7.05036 0.343614
9.5171 -5.31437 2.75758
35.964 -26.6663 3.89714
-6.71723 2.33783 2.39332
-6.4466 -3.1022 2.29947
-4.75621 13.6934 1.48495
52.3131 -27.5388 2.58846
-6.24658 10.5702 0.312668
16.3224 -12.4198 0.522328
-6.92749 3.47759 1.90203
7.53502 8.14741 2.66644
-4.50307 -4.70177 2.23822
-2.94581 -10.6006 1.49271
-6.35387 9.86038 1.90491
0.116523 -6.27996 1.09779
11.3229 -9.2941 3.47829
-11.8759 -3.72355 -0.104162
-6.95244 -4.29382 2.1533
25.6659 -22.402 3.59379
-10.2803 -7.61668 -0.616194
9.46652 3.02719 2.3068
-7.67501 6.37711 -0.113691
-7.41054 2.3254 2.08033
-1.89639 -2.68909 -0.533084
1.31539 -9.54861 3.14603
-11.8311 -3.56581 0.328285
-0.0585626 -6.50455 2.29699
9.76164 -5.72717 2.78753
3.07213 -13.171 -0.404366
25.9216 -11.1104 3.66977
-5.88981 -1.43545 -0.736911
-0.52177 -8.09474 2.4992
3.62401 -7.25161 2.51922
11.2976 -11.508 0.305505
4.109 -7.86305 2.67961
-4.83604 -9.82974 0.88191
-5.5606 7.99886 1.74455
-2.69104 0.296983 -0.686197
12.0828 -7.46767 3.4133
5.1434 -13.974 1.88779
-9.21831 2.92542 1.70032
10.8084 -3.56822 2.66956
-11.6572 -3.30631 -0.808083
-1.05302 -11.4184 -0.0967636
-3.71961 11.3028 1.90845
-3.83122 11.0758 1.88585
0.199885 -6.17418 1.90007
-11.8182 -3.70763 -0.825929
-6.6976 2.09884 2.40271
-6.85954 2.07133 2.40777
8.46128 -6.20236 2.52004
2.09268 -9.72797 3.17937
-7.55323 0.916967 1.55022
-4.72012 6.70056 2.31566
-5.39573 -0.600983 2.08265
-4.25203 2.51299 0.504256
-2.08736 -0.296821 -0.638654
24.1002 -16.1115 2.69695
-5.8438 -9.4194 0.28095
9.67618 -4.86879 2.54006
-2.87193 3.95544 0.0639611
0.846395 0.102771 -0.0863664
19.2494 -6.50737 0.38524
8.0479 -7.56907 2.59073
-6.31122 -6.48334 2.75505
-2.71463 6.91732 1.82942
11.5227 1.9595 2.89055
9.00395 3.22035 2.15126
14.8912 -12.8463 0.500823
7.69094 -9.27854 2.82633
-9.06344 -0.501409 1.90447
-7.99933 2.5826 0.639906
-9.06688 3.7555 0.110765
9.43103 -10.274 0.183537
-2.08198 -8.64551 2.46762
23.1172 -10.4036 3.29758
-2.49768 -3.66932 -0.513441
14.3032 -11.3053 3.60005
-5.92026 -9.34913 2.11595
-4.42464 8.78181 -0.325883
-0.859601 -10.9073 -0.191117
-3.11172 -1.90119 -0.614776
6.48634 -6.89557 2.50391
7.70262 -15.0715 0.0789121
33.2339 -13.0349 3.76691
11.3006 2.06694 2.76042
8.91794 3.25232 2.08938
34.5097 -20.0949 3.4755
4.9288 -10.4806 0.95952
-11.7363 -3.28658 0.685441
-1.32013 -11.2753 1.47483
4.51418 4.47537 2.18591
24.8889 -16.4109 3.69012
-8.13314 -6.18088 -0.616843
52.6901 -26.9281 2.96336
21.9041 -20.5918 4.09711
-6.43964 9.26349 -1.51637
-6.12028 5.3258 2.31888
7.27496 -10.1459 2.87928
7.07072 -10.5119 2.93161
5.2861 -11.5712 2.94113
26.9286 -22.9415 3.29263
24.0772 -16.1037 2.87834
28.8099 -18.4739 1.49653
9.71821 -4.86921 2.74988
8.48818 -2.87956 2.26695
10.4603 -6.74453 2.51078
8.04542 -5.45516 3.23316
49.3591 -19.7396 4.62816
-5.98194 6.70299 0.338375
9.39642 -4.86433 2.76343
-5.14436 7.89779 2.05764
-2.60478 1.81641 -0.736253
8.92989 3.15761 -0.871895
3.85795 -11.2171 2.7816
23.7858 -16.3256 2.86628
-5.97982 6.83718 0.366062
9.32269 -5.09511 2.75269
5.98259 -2.0977 2.41725
-4.70098 -9.8605 1.68734
3.4981 -7.50809 2.71747
4.36615 -6.16324 -0.178303
-5.23496 -2.48374 2.04421
-0.0994262 -4.04887 -0.417556
4.70602 -11.9022 2.83736
8.78617 -7.29155 2.81238
-7.48897 -5.89525 2.68238
12.8671 -14.7269 3.25808
6.297 2.07903 0.819221
12.781 -14.6309 3.35856
-1.91648 -11.047 0.697713
3.1289 -11.3606 2.76323
3.96073 -13.4535 2.69032
-8.05442 3.48226 1.67721
1.58139 -8.79951 1.32261
11.008 2.40074 2.08663
4.30616 -13.6063 2.81609
12.3551 -4.25102 2.74227
-7.78819 3.62532 1.80223
-10.8929 -3.45339 1.83618
-0.427496 -11.6066 2.68823
-1.41916 -10.8199 2.55872
38.0782 -16.8765 4.39653
1.90565 -10.761 2.69142
-10.0581 0.896719 1.683
3.28441 -5.56621 2.33552
11.0228 2.37901 2.30738
8.6057 3.52274 1.54008
-8.88356 3.87058 0.400796
-5.89115 -3.941 2.12689
-1.86105 8.09613 1.87664
15.8705 -7.465 3.46259
15.822 -7.58918 3.46458
2.31937 0.670877 -0.513795
11.7203 11.9371 2.68885
5.46726 -11.6432 3.08267
-7.50973 -5.66997 2.48006
-2.09615 7.85345 -0.711697
-3.48972 -10.3469 2.49185
-6.69794 -3.36264 1.09915
-0.168074 -6.81205 1.87583
2.35368e-05 -6.40126 2.20088
19.5519 -14.8731 1.22932
-11.9698 -4.71931 2.29976
-4.58933 3.94996 0.364484
-2.30457 -10.8877 0.692545
10.6905 -2.11927 2.70641
-1.50983 6.10937 2.41197
-7.18844 -7.45765 -0.625497
-4.29538 8.72387 -0.704897
-5.78557 -9.38909 2.51617
13.6528 -12.9172 1.05908
-6.56229 -3.70947 0.097138
20.9065 -12.7082 3.70739
3.25415 -13.1593 2.09448
-0.374792 -11.642 2.29962
34.3367 -20.3001 3.71132
5.10597 6.88523 2.62243
13.2809 16.1816 2.59054
10.8762 2.44747 2.64943
-2.1069 -2.09822 -0.567179
2.29664 -8.10411 -0.0789116
8.25968 8.67099 2.65555
8.99818 -4.60774 2.49002
32.8924 -24.7059 4.34151
-0.251865 -7.1161 2.50788
-6.64294 -3.72323 1.70593
-10.4171 -0.0706803 0.90635
2.68919 -12.9239 2.49852
5.2212 -9.55205 0.656722
20.4452 -7.88606 3.11574
5.24542 -3.86508 -0.234118
-8.5008 -0.281023 2.02284
-8.69478 -1.10123 2.4589
-10.0292 0.865889 0.888266
15.7369 -14.9017 3.355
4.37369 -11.9436 1.02769
10.8991 -8.53287 0.182632
8.74775 -12.9725 3.13921
-4.98724 -1.87851 2.02651
-12.0104 -3.97084 0.28155
-3.79123 2.76726 0.0838813
-0.904232 -3.29955 -0.478285
39.0676 -22.1318 3.34932
-3.88814 3.89085 1.91132
-7.44113 -5.50606 2.65529
-5.41878 7.24343 2.05681
-4.26596 6.37244 1.75465
-5.00842 8.24084 2.20169
-4.13461 6.69673 1.74412
10.1515 2.27877 3.00804
-5.21565 12.1754 -1.61258
15.2739 -8.90329 3.19876
-4.90935 8.32937 2.25581
-2.07949 -5.18606 -0.439713
-5.48341 -9.54506 1.29261
-2.45188 8.0232 -0.815007
-5.29524 -8.18823 -0.464276
-3.926 -10.1672 2.68984
1.88293 -2.89459 -0.384708
-7.79764 -5.78038 2.15143
4.46802 -5.26392 -0.206007
-0.103685 -4.88377 -0.384379
3.09464 -7.33679 2.89515
0.373886 0.493528 0.029083
34.2796 -20.5403 2.72827
-6.69577 2.50329 2.39036
7.23542 -14.7921 2.89783
-6.43116 9.70229 1.88401
11.395 -9.12214 3.50754
-8.40051 0.000416089 2.4278
-2.76752 7.24103 1.81728
11.778 2.06248 2.29975
25.6021 -22.3418 4.2038
52.8344 -26.5946 2.96231
0.00216086 -6.64689 0.080396
-9.70011 -7.84332 -0.104674
-6.90847 -3.31969 -0.110468
19.834 -20.0852 2.97805
10.929 -2.1694 -0.363578
-5.12686 -4.3868 2.20124
-6.80574 -3.35635 -0.10955
0.909048 -6.50196 2.49149
16.9787 -11.9029 3.33219
8.66141 5.08533 2.84883
7.21107 3.06619 -0.424844
6.23566 6.23543 2.06766
47.4518 -18.6342 3.80018
4.68992 4.10087 2.20309
5.20339 6.33644 2.22006
-6.7217 3.8405 1.8235
16.6193 -12.9655 2.93446
-3.72444 -7.75604 2.86971
16.241 -13.6655 1.91025
9.71702 2.92493 2.30691
16.2158 -18.5693 3.04882
-1.30306 -4.88355 -0.429577
24.3069 -9.2848 3.05329
0.835525 -6.4535 1.30272
-3.23293 11.2714 1.30729
-4.27661 8.12004 -1.06318
-1.52156 -11.2322 -0.338695
23.9071 -16.1249 2.50987
-3.92766 2.50017 0.488691
6.42232 -11.8384 3.40766
-7.24082 7.70079 1.66697
-9.30815 -7.95701 1.90321
-4.38998 14.484 1.50377
11.4632 2.19284 1.88495
-4.56384 -7.43859 2.77237
-8.11403 1.90292 1.84712
-3.25135 1.68724 -0.755239
11.5003 -8.9203 3.27541
-8.86578 -1.09262 1.95299
-11.3584 -2.29601 1.28846
-5.65759 11.5054 1.31321
-9.49599 -7.93393 -0.292006
-6.37513 9.79745 1.66132
0.134593 -6.27935 0.906262
11.3442 -9.29233 3.31033
-11.1273 -1.89605 0.0806559
8.38355 -7.69218 2.59785
10.6836 -16.1984 3.35512
9.53904 -10.018 3.11281
10.3324 -2.56183 2.49463
-3.30693 -1.49442 -0.638403
7.3889 7.54974 2.67276
-4.41607 2.61046 1.48821
-6.08156 2.8969 2.40486
9.3438 -9.95623 3.06244
-10.9967 -1.428 1.03136
-3.50005 -1.70003 -0.635457
10.4513 2.61758 1.92916
11.433 -9.09131 3.28405
4.77931 -3.17176 -0.276227
-9.70771 -7.82459 0.504892
-11.2706 -2.09968 1.27751
-9.10403 -8.07709 0.49676
5.32522 -3.10473 -0.257938
-3.06634 -10.598 -0.328672
-2.58722 4.4506 -0.229889
10.2934 2.67879 1.90444
2.89067 -12.9939 2.72046
-9.14756 3.11571 1.93834
7.76923 2.28189 2.52336
4.72932 1.5815 1.92478
-4.05929 0.88027 -0.285414
-4.20695 5.46121 0.175492
11.082 -3.65728 2.66372
2.9222 -13.013 2.66102
-9.14232 3.11353 1.69895
8.18417 -4.24511 2.41782
-0.105624 -6.35427 2.45107
-0.493527 -1.4841 -0.530074
-3.08704 -9.13425 -0.404003
-5.71596 -6.30713 2.76829
7.57449 2.29433 2.28502
-0.185105 -10.0679 0.287756
-7.32085 2.31768 2.35677
-11.8111 -3.55078 0.0881198
16.5461 -13.0778 1.31359
2.6893 -10.4664 2.89679
-5.68973 -0.297286 2.01616
9.85093 -3.73153 3.11248
7.14726 -6.32613 -0.0521198
-2.82051 6.16061 -0.949895
15.9596 -8.71774 3.14377
7.30625 -1.4886 2.53582
-6.37115 -2.58583 -0.71011
-1.0256 -9.22418 2.51359
-3.30848 -10.4426 1.69192
8.93851 0.93699 0.36561
4.87783 -3.66072 -0.255247
1.94715 -12.613 3.06595
-7.65785 3.90909 1.46292
9.99967 -3.3726 3.11267
7.33217 -6.12805 -0.052029
6.70984 9.14025 2.07254
6.85195 -11.0618 2.92044
-10.3221 -1.85626 2.00504
-6.62808 0.659487 1.8877
5.35308 -10.5486 2.70067
-4.0015 1.28086 -0.502052
13.1796 -9.65095 2.82458
-5.08621 4.27825 0.617343
5.47991 -11.6488 2.91046
6.07938 -11.2942 1.30575
-6.70223 -9.03801 1.87501
-3.51018 -7.48159 2.88551
6.84122 -13.5865 0.200038
-5.93512 -3.40337 -0.664528
-8.67773 -0.69588 2.42143
-0.322474 -9.49154 2.52766
-5.75258 -2.95494 -0.667901
-8.47738 -0.287281 2.42827
-2.70538 -3.48663 -0.52812
2.72249 -9.88287 2.33934
-6.30618 6.78933 1.77125
-4.43918 -10.0136 -0.258356
-4.60501 14.0356 1.32997
-3.81342 2.16323 -0.80232
3.08521 0.880509 -0.500545
-7.37767 7.3553 1.46576
7.61098 -9.50852 -0.0955265
-1.71083 -2.3022 -0.543958
-1.13411 -11.3682 1.09767
2.71214 -7.92674 -0.134944
2.30946 -12.7559 2.90025
13.3004 -10.0532 0.316002
1.95327 -11.244 2.60545
2.88426 -1.47311 -0.404741
-6.65985 -7.25931 2.24846
-4.28813 0.49597 -0.492627
5.48269 7.02416 2.28107
2.89022 1.07339 -0.515568
-8.56894 3.93035 -1.03872
-4.04029 1.50452 -0.477707
7.28823 7.94283 1.82909
-5.02544 -4.31159 2.19428
0.0310668 -6.49417 0.900199
11.2593 -9.5173 3.31299
34.3411 -20.3129 3.47424
-8.48158 -2.28278 2.50778
52.6654 -26.9113 3.68621
-0.372016 -11.6373 2.51168
3.31524 -13.2127 1.70706
-4.54787 -1.32 -0.691973
2.69552 -2.29226 -0.378721
-6.93829 -6.40667 2.17004
5.11756 -9.91169 0.912244
-3.7702 -7.7838 2.49007
11.602 -10.9189 3.04648
-3.63366 12.7119 0.745296
16.4498 -13.287 1.50961
-0.296378 -7.45691 2.48085
-6.7196 -3.91198 1.69799
-0.491509 -6.66911 2.46175
-6.96105 -3.23621 1.69259
7.57748 -4.01313 2.43096
-0.613495 -6.64703 2.4572
-7.1282 -3.15957 1.70565
-8.3543 -7.29639 2.18868
-10.4265 -0.336326 -1.14429
0.529974 -6.35984 -0.288508
-9.1265 -2.37493 2.09221
10.3452 12.7632 0.822814
-1.89072 1.29457 -0.691002
-4.91253 9.12115 1.72546
7.01453 1.13259 2.26914
1.70306 -2.6775 -0.402081
-7.9352 -6.11518 2.16057
-6.66992 -4.06691 -0.933165
-8.31603 1.72558 0.339477
-0.19085 -7.58954 -0.272908
9.12141 -3.3094 3.18216
9.13017 1.12682 0.445833
5.0322 -3.50708 -0.256696
-8.57651 -0.471926 2.03252
-6.07382 3.34462 1.8679
5.72433 6.8447 2.14318
-6.1111 3.14075 1.53702
24.4993 -21.9201 3.66615
-5.21803 12.5221 1.09679
10.6995 2.30088 2.89871
-6.17657 -5.96961 2.74404
-5.03851 -2.00271 2.03097
-12.04 -4.10183 0.282686
-3.83354 2.67472 0.0918428
9.22253 -9.93444 2.92364
7.45442 4.34474 2.81632
16.3619 -13.5567 0.720415
13.2336 -5.2899 2.90598
14.0527 -12.3756 1.37627
-6.50418 -6.68189 2.29219
-6.30446 -6.74387 2.33326
16.194 -12.8051 3.37884
-6.49862 -9.11982 1.72084
-3.69362 8.26348 -1.04845
3.56494 -10.8293 3.23333
6.39773 -14.4346 2.92604
-1.10049 -3.27537 -0.485157
-4.71314 8.68839 2.25652
10.5124 1.89214 3.02989
-4.9703 13.1217 0.958031
10.8502 1.70321 3.04952
-5.35252 4.90457 2.35642
-2.70097 7.04114 -0.962634
-4.09506 8.93994 2.24481
28.9801 -17.8531 3.59199
11.1659 1.75146 3.06206
6.07387 -1.13349 2.3285
25.2786 -14.7428 0.928903
-11.0597 -7.2448 1.10976
-2.28958 7.91453 -0.313047
1.69496 -3.08117 -0.385685
-7.84166 -5.66532 2.14426
11.8521 -8.07521 3.31949
-7.11008 1.87529 2.40696
26.4278 -22.807 4.09682
-3.07975 -10.5991 -0.521291
10.285 2.67874 1.69897
-2.61133 4.46179 -0.0989372
-2.4937 7.10334 -0.960898
-3.86709 9.03595 2.24376
8.26722 -3.51401 3.15203
8.85834 -5.49272 3.26856
-0.504482 -9.10963 2.53172
7.66796 -1.50071 2.54993
2.08365 -3.8821 -0.346603
-7.63252 -4.89335 2.12579
7.87197 -9.32612 0.491136
6.22337 7.03841 2.14451
2.1036 -7.09057 2.56825
-6.09537 -3.54728 2.30502
11.9003 13.237 2.63869
7.8605 8.59337 2.65927
-6.50237 -3.50197 -0.106544
-0.501892 -11.7035 -0.681086
17.0503 -11.6939 3.4042
-5.08174 1.49468 1.97011
8.75145 5.31684 2.84288
6.3389 6.49669 2.07171
3.29391 -9.97069 3.23643
-3.93766 2.5018 0.890668
7.2933 -5.30722 3.19465
-3.28608 -1.51139 -0.636306
-9.64208 1.87891 1.52001
25.2299 -22.3138 3.75627
11.4993 1.98005 2.76376
9.1038 3.16649 2.0965
7.85691 3.08753 2.23233
-4.00205 7.06443 1.86129
-4.14825 8.15743 -1.0601
-8.63918 3.98997 -0.895804
7.42541 -7.29189 2.54646
-2.16515 -1.42771 -0.600659
-4.03585 0.893197 -0.756321
-2.09212 4.64495 -0.838842
10.8787 2.44168 2.47421
8.12131 -4.44505 3.18525
8.67278 3.72041 1.90513
11.0128 2.40198 2.62226
-5.02588 0.308572 -0.748795
2.49434 0.106218 -0.876227
-6.3472 2.31371 2.41177
-5.33922 -3.91007 2.17909
10.094 -10.2453 0.489707
13.2109 -4.72779 3.11135
8.90525 -5.89521 3.26409
2.89524 -7.10294 -0.180983
-3.48982 -7.27845 2.88906
5.47749 -5.02723 -0.175264
2.51843 -12.8665 2.10565
10.3617 -6.68671 2.73408
11.536 -10.8481 3.02805
-5.51197 8.30708 0.316369
-3.77713 2.50347 1.16121
-5.93937 5.91778 2.29246
7.45476 -10.6592 2.88388
8.09291 7.11218 2.72606
5.84166 -11.788 2.91696
16.3524 -6.20569 2.70821
17.1733 -13.2311 1.28569
-5.39477 11.7825 -1.17993
13.468 -14.3174 2.91295
-4.25081 14.8976 1.30103
-3.49322 2.87596 -0.835242
-5.06276 -7.23773 2.82162
5.14661 -11.0599 2.70443
5.2375 -11.6539 2.83254
-5.72701 6.92019 1.77581
-0.35656 -11.6821 -0.0640071
-10.534 -0.323631 1.111
4.91775 -13.8808 1.50724
16.6344 -12.7181 3.3648
23.8438 -16.3455 1.08772
-6.11614 -9.27575 1.71631
5.2808 -9.68199 0.908545
-0.51664 -11.6359 -0.0810065
-5.17616 0.490551 2.00727
-10.3992 -0.0639434 0.508932
2.69112 -12.9161 2.88519
-1.50276 -3.29198 -0.495119
7.88324 -9.37028 2.74024
2.55139 0.109494 0.904073
-3.8765 3.4841 -0.119474
7.76242 2.30373 2.69731
2.28305 -1.88589 -0.403822
-7.24857 -6.848 2.21037
6.95316 -8.91547 3.28226
2.37301 -0.140346 -0.882812
-4.11731 3.62417 -0.10331
15.0239 -16.5754 3.46326
2.04366 -2.29275 -0.399365
-7.54002 -6.342 2.18393
5.01617 -8.2342 -0.052673
8.48175 -12.4827 1.57275
-8.26365 0.279121 2.1139
-2.68679 9.05756 0.588444
12.619 -7.24768 2.96699
-0.842999 -5.68937 -0.382919
9.51527 -10.067 0.684043
-4.30248 -10.0399 1.28253
-10.3612 -0.0693257 -0.11795
-4.89126 13.4087 1.85674
8.26892 4.09842 2.21678
-2.77755 13.1291 0.426022
-1.49129 1.6887 -0.689239
-11.091 -7.12942 2.54194
-4.49395 9.49984 1.75033
2.88401 -0.473189 -0.691651
0.512141 0.61509 0.0618752
-8.04507 -6.21989 -0.614032
34.382 -20.3216 2.72683
-4.58718 5.58618 1.77944
7.68063 -9.33117 1.11539
14.8583 -17.0135 3.49672
-11.9504 -4.70648 0.888242
-8.41192 -0.41283 -0.870093
1.50819 -3.30053 -0.384544
-7.97561 -5.33328 2.12678
-2.88981 -5.6817 2.34652
-11.787 -3.41819 0.876465
5.25441 -5.04067 2.59919
9.37633 3.06664 2.60943
-10.4387 -7.54859 -0.304138
-10.0507 0.903052 1.89305
-11.2437 -2.11373 0.71772
-4.49353 7.68991 2.28541
-8.53956 0.290538 1.89384
-3.70578 3.02725 0.30501
-8.4553 0.704102 1.8805
15.7675 -9.18497 3.15397
-4.26111 8.64547 2.25636
-1.32284 -11.2983 0.707883
-8.35667 1.11098 1.86843
-8.74538 3.91521 0.514931
-0.702075 -5.34032 -0.390951
-7.88822 2.50126 1.83408
8.12662 -7.94043 2.79857
-7.82017 2.63914 1.82917
12.1044 1.91932 2.10613
5.12292 -12.5167 0.0978906
0.145943 -6.14854 2.30982
-11.8848 -3.89159 -1.32978
-5.80597 -1.56912 2.27367
-1.70457 -4.62685 -0.448408
-6.85896 -3.11495 2.07651
-6.05481 5.74881 1.87437
-5.54384 6.89032 1.8907
-5.47213 7.10277 1.90741
2.28245 -9.47483 3.18131
8.18678 2.70313 2.39279
10.6073 1.62831 3.04412
-7.60892 2.88295 0.059558
-5.86402 -2.90172 -0.675505
-0.588743 -9.59962 2.54386
-11.0349 -1.44998 1.72282
6.07837 -11.5778 3.38869
-4.9729 8.32195 2.0647
16.0834 -12.882 3.19006
-6.50946 -9.11482 1.88944
-2.84167 4.29512 -0.625687
26.2821 -22.6797 3.4511
10.1138 2.76296 2.29766
-0.462604 -10.2646 -0.159478
17.0739 -13.1523 2.87026
-3.29431 -7.50645 2.90027
-5.12045 1.45193 0.168589
22.1497 -9.70501 3.52636
6.85602 6.49601 2.70245
4.90228 -5.70162 2.61634
-3.3312 -4.93825 2.29462
5.89485 7.51098 2.11658
2.69053 -0.337035 0.697617
2.02086 -8.63053 1.09895
2.66009 0.340495 0.668407
7.89133 -3.69859 3.15538
-3.3696 16.932 0.70361
-4.11595 9.76747 2.22445
-6.83569 -3.35604 -0.49256
2.75499 -5.35408 2.30864
-1.44601 -9.95285 2.57956
-2.08942 -2.28972 -0.555046
2.48422 -7.86753 -0.104085
3.88936 -10.6652 3.28163
7.86256 -6.09715 3.24797
10.2383 -7.29424 2.5167
-5.027 9.13585 0.0653389
-8.41718 1.62985 1.84861
-4.53752 7.11136 2.30684
-6.3485 1.29826 0.505443
52.7924 -26.6154 3.33464
39.027 -22.4222 1.69485
-4.47123 -7.29567 2.84726
58.5628 -24.6797 4.74171
-8.04023 2.09505 1.84147
9.57809 2.9696 1.70775
8.89788 -6.10334 0.00886441
-7.86412 -8.58985 0.510055
-11.9741 -3.9158 0.475074
-6.02128 1.60203 0.464051
-3.98685 0.973807 -0.113101
-4.67946 -7.09916 2.83484
-6.21906 3.48261 1.85653
5.64248 6.61899 2.14189
8.51627 3.07594 2.42335
-6.67884 -9.1139 -0.722049
14.9651 -9.69778 3.30433
10.1692 -3.21725 0.272364
14.2764 -12.3158 1.4054
9.53072 -10.0257 2.9837
-0.125581 -6.82867 0.873025
-2.34362 8.08535 0.217503
3.50383 -5.66931 2.33396
13.7028 -13.3723 0.720049
-0.0950399 -6.70871 1.29393
-2.54337 4.4572 -0.317309
-12.0515 -4.48113 2.10391
-4.11033 10.2987 -1.14603
10.4691 2.62141 2.09654
-4.98863 0.833407 -0.802034
-6.31595 2.71501 2.39275
15.9934 -8.32716 0.341847
4.93579 -3.88356 2.39407
-0.501688 7.06527 2.39197
-6.08215 -6.4087 -0.533458
-2.06802 -11.0262 -0.517247
52.0424 -27.8313 4.7772
21.566 -11.1083 3.67696
8.09369 -1.94454 0.288144
-1.89468 1.10048 -0.684781
8.7311 -12.9627 3.31907
7.28159 -11.3465 2.90783
-5.08782 1.50069 1.97222
6.91311 -11.5361 2.90067
-2.30884 3.15233 -0.783795
-4.73269 2.0296 -0.120904
1.11996 -7.37906 0.830704
10.7227 -16.2621 2.47102
6.04186 6.65512 2.15894
8.92156 -7.11732 2.81118
4.89723 -11.777 2.78927
-6.90078 -9.01835 -0.757358
-11.0322 -4.40216 -0.792199
1.67086 -10.7584 1.42389
-2.85812 5.01985 -0.720615
-6.51249 -4.56979 -0.626348
-9.17441 -1.89998 2.45337
-0.632378 -7.93877 2.86245
2.53416 -4.33311 -0.305232
-7.07185 -4.45581 2.1366
17.5496 -10.5199 3.2893
4.67388 -13.7243 3.08495
3.73644 -13.3371 2.9062
9.05118 -6.9483 2.81088
21.9246 -9.71996 3.26933
-3.68232 -4.46119 -0.526173
26.5416 -10.2476 1.42578
0.55523 -4.04474 -0.396114
-2.65857 -8.22559 2.87311
10.099 -8.39548 2.67774
17.8737 -7.45191 2.99799
12.3251 -4.49693 2.50905
-8.48427 4.31144 -1.10801
7.59693 -9.52602 -0.243476
2.05673 -12.653 2.6892
1.94275 -12.6148 2.67734
7.09224 -9.44687 2.83747
21.4605 -20.6826 2.96003
57.6699 -26.835 4.74535
-8.08072 0.716716 2.09882
-8.76253 -8.17579 1.92164
-8.65936 -8.22099 1.9209
-5.54091 3.14229 1.85813
-5.48705 0.101752 2.00665
-0.024453 -6.54045 1.31562
-8.66454 3.95658 -0.692054
6.0517 -11.2363 3.37604
17.1268 -11.5202 3.37816
8.31631 -9.60528 0.230197
1.1062 -6.1314 2.40606
-3.58491 7.99725 1.72351
-6.6075 -3.58291 2.03012
-5.25654 -9.62121 2.29969
10.2371 -3.09198 -0.122058
-3.96751 8.60734 -0.508178
-5.48229 -9.52522 2.30538
-2.11603 7.2757 2.30811
9.00714 -6.02045 0.00906928
16.2309 -13.655 2.48857
9.70546 2.91842 1.68891
8.78704 -6.24205 3.2661
8.56497 -6.33221 3.28327
5.33787 -9.28604 0.686702
-3.54123 11.5663 2.16069
20.5664 -7.64396 3.1203
8.4673 -6.48952 3.28846
2.09598 -1.699 -0.419356
-6.59137 -3.84321 -0.279354
-7.55077 -6.92014 2.20869
4.84573 5.5114 2.50443
6.72727 -8.83906 3.24466
-5.69468 7.93152 0.338953
25.7879 -11.4296 3.67037
9.61226 -6.00662 2.79193
9.4396 -6.33628 2.80044
1.35012 -3.17366 -0.398586
-2.59569 8.02316 -0.317474
-8.18501 -5.54186 2.1317
-1.86948 7.32571 2.34681
-7.41429 -6.24102 -0.58488
-3.50569 13.1335 1.595
-2.9422 4.09367 -0.0722848
38.9122 -22.6709 1.97251
52.6419 -26.9406 3.68733
-8.69342 -2.29986 2.49606
-0.517502 -11.589 2.50311
-11.8789 -3.88528 -1.44863
-10.7361 -0.924722 0.273656
-1.56259 0.717543 -0.657648
7.27925 1.69302 2.2712
-11.7986 -5.1445 1.5227
-0.251632 -10.1148 -0.097646
8.9124 8.9109 2.17858
4.87647 4.29362 2.20138
-9.10476 -1.69024 2.01564
12.5391 -10.4587 0.309378
2.09515 -3.30532 -0.362817
20.8428 -8.9054 3.09051
10.1041 3.09937 1.11465
43.3991 -19.2134 4.4149
-7.07695 2.03095 2.40253
10.0909 -1.87716 3.16376
-2.74833 4.88687 0.00495545
-8.67215 0.719951 1.87636
-1.48966 -11.2286 0.704855
-8.53208 1.29241 1.86069
-5.10535 7.09161 2.30174
5.46429 6.99718 2.48375
7.22331 -7.24897 3.26971
-6.32058 3.22652 1.53302
4.91334 -10.4995 0.304045
11.8957 2.02652 2.10471
-7.27518 4.09579 1.79416
-6.57493 -3.64391 0.904057
18.5256 -19.4527 3.32318
8.10916 -3.50192 3.1547
-4.0779 -7.28423 2.86095
-1.45316 -9.95117 -0.23731
11.9299 2.00179 2.09096
-6.35442 5.48677 1.81022
-2.5207 -10.8396 -0.511475
15.142 -12.5048 3.15579
5.75582 7.66072 2.50904
7.52662 -6.52456 3.25161
-1.49051 -11.2345 0.287248
-1.49075 3.68135 -0.770921
9.22037 -15.5864 3.29984
-2.77472 5.63119 2.3417
-3.89022 2.49952 -0.10954
-5.61986 -1.12794 2.21035
2.68917 -5.53344 -0.257494
-7.00305 -3.20927 2.03667
21.0675 -9.79569 0.590212
-6.2824 5.67125 1.80812
15.0405 -12.6537 3.15846
-5.41841 7.23757 1.9061
0.699322 -6.47924 -0.512101
-0.884676 -11.4337 2.30269
-5.33877 7.43064 1.88808
18.4486 -18.0057 0.818614
8.71641 3.48672 -0.681612
-5.33372 7.32691 2.27713
5.38334 6.81112 2.45758
-6.52218 3.3081 1.51899
-5.98287 -3.31338 2.64191
-5.04184 8.16426 2.07846
23.0993 -9.73249 0.635994
-2.95356 3.46977 -1.11086
11.7188 -10.688 2.9384
10.2806 1.9132 3.0234
-3.97363 7.09632 1.76008
6.28889 -14.4235 2.64035
0.695765 -4.61215 -0.368846
-2.51971 -7.55234 2.93213
-2.93771 8.17236 -0.497731
-4.41989 -9.96894 2.28029
6.93987 -8.91652 0.314484
-0.490337 -9.35307 2.53595
-2.92783 -10.6017 1.70078
-9.98283 1.91355 0.821854
-10.9561 -1.27225 1.70234
-3.95153 9.57511 2.23419
-2.49172 7.74116 -0.989231
-11.7952 -5.05523 -1.16871
-3.8498 9.62883 2.23674
2.11961 -9.72006 3.17786
8.56145 -6.18708 2.53715
-4.9363 -8.36518 -0.38034
-3.48926 -10.3445 2.8288
-3.33191 9.82468 2.23758
17.1937 -13.2434 0.860858
-9.78094 1.5652 1.70866
-1.10092 -3.09859 -0.492096
-10.2179 0.280881 -0.30405
14.0668 -12.286 0.702717
-7.28676 -6.31396 2.65886
-1.31432 4.82866 -0.823972
11.6294 2.13885 2.48479
4.73265 -10.2963 0.00898205
11.7163 2.10674 2.49796
-0.534534 -7.92712 2.51548
-2.94137 -1.93905 -0.599906
-2.30286 -10.8785 1.10293
10.7915 -2.14687 2.30915
-4.80167 8.98166 -0.739404
-6.32864 -9.16858 2.47383
2.6866 -1.49663 -0.40763
4.45508 -11.6848 0.495821
7.29655 4.70513 2.7936
13.1618 -4.90242 2.94823
10.7177 2.49636 0.903694
-10.7451 -1.12508 -1.31557
7.25437 4.54729 2.79464
13.0868 -5.09309 2.94762
7.11844 4.2992 2.80922
12.9886 -5.34062 2.94778
7.06118 4.08681 2.80673
12.9258 -5.49481 2.94817
-7.74469 3.6924 1.46728
4.27423 -13.5918 2.30465
12.8469 -5.6934 2.94947
11.1102 -5.42243 2.59434
-7.25185 7.71166 1.89555
6.70147 3.29841 2.8264
28.6045 -11.8448 3.83109
12.5875 -6.33683 2.95799
2.2639 -8.17343 -0.253392
6.06306 8.38627 2.3123
-8.11496 0.673135 2.4025
-8.40178 4.62546 -1.40184
10.3207 -7.08144 2.62667
-7.11137 -6.09842 2.71005
29.1342 -17.6953 3.99938
8.90355 3.2468 1.90032
-8.64217 -6.71677 2.15961
-5.94718 -9.39104 -0.945672
8.47654 -1.68695 1.26718
0.949505 -6.67391 0.636627
10.4304 -2.63763 0.238895
8.30221 2.62864 2.417
4.67746 -11.0989 0.293584
0.536238 0.349286 0.0889554
-7.5817 6.928 1.88821
-1.32261 -11.304 0.498026
16.1939 -13.7981 0.540501
5.76923 2.10314 -0.256668
4.77758 5.25498 2.18789
13.7519 -12.5396 1.26975
8.92236 -10.1286 2.83267
-6.05881 -2.09903 2.11209
-6.85014 -9.00447 0.715866
10.397 -3.91899 2.73706
-1.31895 -11.2672 1.89006
-11.7541 -3.29294 1.09864
7.752 -12.5765 3.05648
6.10223 -12.3928 2.89865
3.19125 -4.72763 -0.274609
9.12358 -10.2814 0.699261
-4.70441 -9.87115 1.28398
-1.29448 -5.45097 -0.406665
-3.25958 3.42767 -0.835328
8.29753 6.39519 2.7713
6.03787 -12.4633 2.90686
8.2467 6.43706 2.76746
5.93895 -12.5176 2.9075
-5.37609 7.34429 1.79566
12.3989 -6.71521 3.35564
5.96521 -12.8104 2.96619
34.4917 -20.1028 3.47517
-8.37177 -2.51187 2.52628
5.81409 -13.5171 3.06154
4.68995 -12.1595 2.73576
13.9671 -6.7115 2.77677
-6.03027 6.11745 1.80208
7.87088 -8.70636 2.88582
3.88647 -13.3953 2.88551
0.696859 -3.82475 -0.401098
-2.48381 -8.28847 2.88497
-6.29142 5.77358 1.80363
6.61841 -1.32173 -0.281955
-11.7715 -5.16323 0.479176
-6.60731 -3.79543 0.217362
4.61975 4.9755 2.50355
-7.61617 -5.92708 2.30458
9.30627 3.10932 2.49688
-3.53601 3.97615 -0.876192
-4.93822 5.94445 2.33419
-10.4424 -7.54972 -0.500376
2.51403 -12.8417 2.70655
1.49087 -2.67761 -0.405621
-8.21184 -6.07831 2.14862
-1.89383 0.696311 -0.670787
-4.92085 8.50299 1.7595
-2.08887 0.898387 -0.684405
-5.0928 8.67892 1.73904
-6.82171 -8.96651 2.29447
10.3648 -4.07243 2.74296
-3.74352 2.49232 1.43741
-6.92966 0.897396 2.45087
10.8621 2.43965 1.52884
6.6673 4.29407 2.77769
22.897 -21.2715 3.1049
-9.65104 -7.82316 1.4967
-7.334 -6.72708 2.20597
2.2961 -2.06369 -0.40041
-7.30739 0.911092 2.43518
9.97891 -4.12623 2.73186
-5.01169 -6.42264 -0.492157
5.35388 -9.36232 0.819137
-11.4759 -2.91493 -1.29356
14.7417 -6.26703 0.212455
8.38824 -9.60539 0.989968
-0.647511 -8.03511 2.53607
3.54055 -7.31099 2.50249
-6.96716 6.08631 1.59855
57.2742 -27.5154 5.14165
9.06584 -5.70481 2.77533
0.560535 -4.0767 -0.396644
-4.20904 2.52313 1.12497
9.3471 -6.50129 2.80456
-6.91325 -3.32157 -0.298374
-8.01143 -6.51423 2.16655
7.08742 -14.749 2.6771
-4.86563 4.89751 1.78763
-10.8981 -1.65158 1.97446
-9.78402 1.37262 0.538062
2.169 -11.2633 1.49162
-6.88931 -3.30568 0.501843
-3.10222 7.6817 -1.00777
-4.41807 9.6621 2.1708
-4.6779 13.5623 -1.66299
-2.87831 -10.6553 0.279541
-10.9621 -1.47198 0.277378
12.9169 -7.69052 2.87471
-3.65605 -7.81314 2.85078
14.1575 -11.6159 3.61498
5.09586 -13.9675 1.69903
-2.87222 -0.491567 -0.659386
8.82193 -4.50979 2.43989
-6.8955 -3.26987 1.49476
6.35793 9.38832 1.95971
3.80712 -13.4328 -0.244102
-5.46402 0.872823 1.99269
9.09736 3.10508 -0.511656
24.9306 -16.4478 3.69595
-0.0592618 -6.71167 0.708345
4.74437 4.47402 2.20169
21.3402 -18.8764 3.70653
-6.64477 3.55429 1.85527
-10.4794 -0.482314 -1.1505
-9.05137 -2.46016 2.00361
4.53562 -11.2408 2.91363
-11.2376 -2.12016 0.50429
-0.00147191 -6.57622 0.659992
4.69042 4.27907 2.19106
16.5489 -12.5927 0.528564
-6.70586 3.70859 1.83316
-9.26817 -2.06556 2.03961
21.5451 -10.6862 3.27914
-11.6834 -3.11232 1.10621
-4.1292 -3.3877 -0.585189
-9.29283 -1.9228 1.9482
-11.6923 -3.12865 1.29095
-9.17304 -1.87051 2.03463
-10.8124 -0.997821 1.07782
10.2944 -2.71483 2.29668
-8.01899 2.30619 0.650507
-9.0786 -0.894603 1.91398
10.2343 -2.86762 2.29131
-9.8894 -7.75829 0.316696
-8.01727 2.48646 0.648432
-9.07209 -0.697589 1.90902
-4.23388 2.50252 0.305938
-9.00832 0.0481006 1.89
-3.33207 17.13 1.69747
6.39029 -1.89422 2.50113
9.54192 -10.1467 0.183533
-4.29767 -10.0335 1.68583
-1.88355 -8.73453 2.47946
8.76419 -6.41439 2.7473
7.02504 -1.59062 -0.258543
-6.71624 -2.49872 2.06901
7.63881 -5.31484 3.20181
-8.40759 0.0025115 2.27662
11.7136 2.10632 2.09458
-11.7398 -4.48808 2.48049
26.9243 -22.9375 3.51502
3.61918 -7.42532 2.90376
5.00859 -5.481 -0.175017
-4.5602 -3.25457 1.9556
-3.37696 -10.4381 0.682768
-7.37013 4.23509 1.78319
1.53804 0.0859278 -0.502377
6.9383 6.73692 2.68461
-0.252478 -10.1045 0.375345
8.47257 -9.58088 2.87773
13.8382 17.0757 2.57997
8.91067 -4.53551 -0.0543408
-8.49839 -8.29334 1.68799
18.2046 -8.90679 3.31703
-10.7787 -1.08263 -0.12329
10.7175 2.50962 2.10527
3.35098 -10.1895 3.24067
-3.85325 2.69892 0.899048
-5.47902 8.62986 0.266532
-3.80396 2.82164 0.914246
12.1001 13.1857 2.65297
8.07066 8.45136 2.66834
3.08251 -13.1527 -0.0741003
-3.76375 2.91125 0.904009
20.8444 -9.85697 0.584956
13.527 -6.21923 2.84722
-6.48545 5.63934 1.8031
-2.69655 -1.69475 -0.610674
7.83994 -8.83509 2.83752
3.88644 -13.3967 2.7532
-3.9251 2.26824 1.66792
5.64025 -11.009 3.35061
-6.14557 5.96922 1.79731
-6.07087 6.04874 1.79788
8.19368 -7.77688 2.9319
12.9775 -5.32972 3.28884
8.73794 3.2764 -0.65116
13.3283 -14.3084 2.06238
-5.1391 7.91001 1.89958
8.9114 3.19782 -0.662999
-3.87939 -1.89421 -0.643704
8.01055 2.70236 2.39708
10.3991 1.54172 3.03946
-3.82818 7.45279 1.72075
11.9724 -7.77745 3.09419
8.27906 -2.68349 3.13089
10.7433 -3.79269 2.39102
-0.900813 -1.29596 -0.551824
4.45197 -12.6846 2.7403
-11.853 -4.89893 -1.13934
-3.90418 9.85103 2.22391
20.5201 -20.2653 3.93117
-3.87414 -7.87211 2.37553
16.4808 -12.8552 3.48294
6.15967 7.97624 2.11471
-10.4511 -0.106172 1.29112
2.68775 -12.932 2.10574
-3.31219 -7.11816 2.89143
-7.00515 8.22438 1.10614
6.45889 7.82071 2.12842
6.71929 -8.31197 3.29446
-3.48618 3.30556 -0.296062
-2.47654 6.49345 2.10915
13.5724 -11.7146 3.09936
52.9065 -26.2212 2.58593
-2.84364 4.28488 -0.451812
26.2788 -22.6582 3.66143
10.1177 2.76598 2.1036
-2.80716 7.41208 1.80858
-6.69656 2.71703 2.38342
-4.11756 8.26161 2.2736
3.06046 -11.7714 0.00979635
-2.4256 -10.8025 2.52649
17.8317 -9.81474 3.33139
-2.04769 -11.0023 0.506925
-11.3847 -4.10661 2.46767
-7.26184 -8.78224 2.4951
11.1232 2.34496 2.32047
-4.24232 1.69523 -0.26446
-3.15092 4.91709 2.2362
11.0105 11.6611 2.67242
-6.5937 9.12327 0.693068
6.99431 6.99044 2.67847
-1.59189 0.569482 -0.655396
7.34482 1.91191 2.25215
-2.46606 -10.8276 0.0786053
-8.94714 1.29919 1.72813
4.42872 -6.05899 2.36484
7.36204 1.31115 2.85728
-2.00514 7.79731 -0.633726
-3.49031 -10.3515 2.49199
-7.56217 -5.80037 2.48837
-6.87978 -9.04118 -0.855221
0.0987192 -2.28273 -0.478764
-10.8873 -4.45841 -0.784511
12.0207 -7.67986 3.08295
-5.27995 -9.63003 1.50389
-4.43734 -10.0107 0.277421
8.62978 -3.07123 3.15157
-10.8154 -0.978837 1.30223
10.2892 -2.71098 2.10101
-5.48427 -9.54617 1.49815
26.6124 -14.0205 0.954958
-11.292 -2.10959 1.8543
1.68893 -10.8946 1.53616
4.62216 4.98073 2.62506
-6.62918 -3.84983 0.323465
15.1919 -5.97756 0.216332
10.4473 -3.45903 1.70063
-5.59995 -1.73433 -0.712631
6.93354 0.81179 0.0920847
10.244 -2.88712 2.07494
1.51364 -9.78207 3.16238
-3.2918 3.48012 0.0752047
-5.22908 -4.02888 -0.600709
-7.91784 -1.30219 2.49459
12.6271 13.9318 2.26667
-6.6629 -3.40512 0.0970727
-4.23544 1.47619 -0.791934
1.57651 -6.77344 0.13614
-4.7629 -4.17836 -0.576394
-8.19602 -8.43066 1.09437
-10.1864 0.236142 -1.15785
-9.03091 3.35626 1.32605
6.74534 -5.92726 3.20683
-1.55708 4.75769 -0.824192
-7.0788 -8.84488 2.65689
11.2877 2.27792 2.48137
3.9191 -10.3469 3.2644
10.435 -6.83161 2.50076
8.03357 -5.84416 3.24296
3.92182 -10.3517 3.26704
10.392 -6.94417 2.50712
-4.18377 -5.29464 2.22091
-5.90115 -5.80896 -0.551871
2.59715 0.19305 0.226082
-6.90175 -8.95637 1.88452
10.488 -3.46633 2.11297
2.28514 -12.7607 2.11108
-3.68246 -7.30009 2.87735
31.0063 -11.9603 3.50942
22.8997 -21.2606 3.48465
-8.10261 0.713711 2.30657
6.05424 8.3739 2.48378
10.327 -7.08559 2.51223
25.2326 -14.9192 0.930243
-3.60143 16.5095 1.53841
6.0198 -1.27001 2.32065
-6.49521 -9.1041 2.27761
-5.77147 -1.47776 2.12121
-12.0471 -4.47812 2.45778
-5.4203 12.1766 1.73381
10.461 2.61915 2.31062
9.54299 -13.7649 3.10297
-8.7213 3.94302 0.306192
-5.71571 -3.89464 2.14933
16.3927 -13.4471 0.927493
-11.8173 -5.06709 0.48499
2.64848 -6.0444 -0.237294
-6.95225 -2.65239 2.07175
-7.68006 6.87407 0.196024
-11.9812 -4.53811 0.091498
38.92 -22.6997 1.69774
52.6465 -26.9467 3.33566
-1.87953 -9.63334 -0.375766
-0.529581 -11.5717 2.7163
0.656946 0.00292664 0.204954
-3.89251 -10.263 -0.5519
40.3108 -19.6857 4.46013
4.0984 -13.515 2.69969
-7.9135 3.66806 1.67081
-6.28013 -7.77294 -0.496964
-3.38187 8.46039 -0.829269
-4.90693 -9.74852 2.68996
10.5424 -4.56682 0.00938753
11.2706 2.27801 2.12248
47.8059 -22.6141 4.60489
-9.49619 -7.87326 1.90195
4.31303 -12.1811 0.0947284
7.88704 4.12344 2.84355
9.71332 -10.172 2.86741
22.3329 -9.26505 3.51184
-6.03645 -2.1113 2.3011
-5.03669 1.01873 0.162805
35.0722 -26.3367 2.994
10.8942 2.44604 2.06768
-7.13403 -8.90089 -0.279365
46.5362 -20.6253 4.7359
-8.1017 -8.45699 1.52093
-5.73755 -7.30274 2.28699
9.53416 -10.3259 2.86524
-5.50733 -6.30687 2.7844
-2.74403 -9.04688 -0.340037
-2.37472 8.19334 0.257398
22.3939 -9.11621 3.56975
18.4435 -13.6774 3.55477
8.73226 -15.4569 2.4617
-4.27346 2.46756 -0.831331
-6.41719 6.33464 0.855392
8.92734 -4.54174 3.22096
2.54603 -10.732 2.71639
-11.6413 -2.92462 1.70469
-6.6854 -2.88405 2.08042
-1.51232 -4.44668 -0.449703
2.98024 -5.78749 -0.233991
-1.10957 -11.4419 -0.653363
-11.6479 -3.34105 -1.44211
8.63373 4.3119 2.47091
-5.66638 4.72756 2.34218
13.8411 -12.5478 0.591985
13.2211 -4.71462 3.32661
5.85788 -11.8154 1.39034
2.45517 -7.47331 -0.185777
-11.9051 -3.72115 0.50942
-6.04454 1.90468 0.511893
28.183 -18.3344 3.9477
16.1083 -8.334 3.13531
14.6376 18.2873 2.03964
-5.27275 1.29042 1.97772
8.49637 -12.8823 3.0961
-10.8769 -1.08798 1.68897
-0.366816 -9.15846 2.54416
10.4191 -2.64419 0.835242
17.6479 -10.2873 3.28328
8.3143 -12.8432 3.05597
-3.11295 -10.539 1.08882
-8.79977 -0.0987729 1.9019
-5.75466 11.3341 1.84019
7.61707 -12.5294 2.98933
7.06412 3.39848 2.83786
5.71479 1.45008 -0.427619
-0.120612 -6.86678 0.501433
12.9769 -6.24701 2.93657
7.2973 -12.519 2.95415
3.10281 -0.508776 0.522625
6.28569 -12.8743 2.92071
4.49309 0.722105 -0.441391
44.4921 -24.8484 3.17621
-3.65976 8.75265 0.536108
6.02884 -13.0784 2.93585
5.91746 -13.2815 2.9642
1.47193 -4.2841 -0.356402
-1.68753 -7.90369 2.97644
4.50337 -11.4625 2.81125
8.6236 -6.84349 2.81015
-4.48807 2.46537 1.61931
7.30382 -7.51818 3.28699
-8.63478 -8.22196 2.098
-3.9352 3.47397 -0.294709
13.1482 -11.9179 3.06764
11.2895 2.27853 2.6627
-4.71259 5.30127 1.7867
7.56556 -3.95454 3.14455
-7.11114 -3.18733 1.09402
-2.09405 8.5823 1.80032
15.6252 -8.05948 3.47083
-8.99747 1.1663 1.73414
7.06532 -6.32882 2.56847
-0.522262 -11.5907 2.29023
6.81631 9.18965 1.69729
-6.66554 6.85081 1.59175
-2.29089 -10.8523 2.68296
5.05866 -4.27754 2.54659
-6.23749 1.40074 0.00555722
-12.0757 -4.11405 0.910988
5.31233 -8.68772 2.75759
-11.5803 -2.82543 1.51209
9.44028 -5.48634 2.76221
-5.91187 7.31515 0.370348
11.1576 -8.32806 0.183724
-8.27605 -1.30664 2.47221
6.70476 -7.10344 3.24886
10.9813 -2.26158 -0.402332
5.64768 -8.85224 2.77678
9.64917 -4.29314 2.76661
5.52665 -9.19669 2.77935
9.55899 -4.51781 2.76882
-11.8443 -5.05529 1.51324
-0.194915 -9.97985 -0.0904507
1.70044 -0.298724 -0.487096
-7.9092 -8.51453 2.29462
20.2071 -14.4679 3.53388
1.11717 -0.715159 -0.491123
-8.47816 -8.07199 2.31138
-10.5875 -6.72812 -0.68127
-3.39762 9.50394 2.23756
1.49482 -1.88631 -0.433657
-8.21418 -6.82758 2.1772
-3.83237 8.59951 -0.819371
-5.31917 -9.58032 2.63225
-2.72548 8.04697 -1.5129
-10.7893 -6.74127 2.59417
-4.09729 -10.1504 0.278579
8.90604 -2.93973 3.16867
-2.88308 8.08936 -1.54121
-10.8176 -6.68587 2.59293
-5.87673 4.92583 2.34203
11.1641 -11.5011 0.303503
3.90803 -7.94789 2.675
-4.95901 -9.77795 0.885333
-6.70892 -3.91173 1.50455
-9.88943 -2.28433 1.94043
-4.70267 -3.84355 -0.589768
11.9183 12.5148 2.67592
7.88054 7.92766 2.68582
-7.01953 -3.21578 1.53551
-0.328293 -9.14107 2.55599
10.3176 -2.73664 1.51757
-10.8155 -0.926648 1.83929
6.86631 1.64506 0.295449
13.5912 -15.0087 3.75199
6.9595 1.58136 0.376299
-4.61273 9.6006 1.71099
-1.50251 1.90181 -0.697612
-11.2289 -6.98279 2.49094
-4.67888 2.68989 0.401714
-10.6727 -0.930255 -1.16086
-9.3459 -2.90446 1.9949
16.2045 -12.163 0.514558
-6.97142 3.35325 1.91139
0.168382 -6.28609 -0.292691
-9.32706 -2.52073 1.96931
-9.31116 -0.687633 1.90297
4.47495 -13.6937 1.52881
10.1092 -3.2666 2.27028
-8.17929 2.82282 0.699434
-9.27034 -0.398959 1.89106
-10.1349 -6.68242 2.61869
6.34884 1.79897 0.146507
-6.23935 -2.68666 -0.701645
7.4611 -1.42818 2.54359
-0.887334 -9.2803 2.52422
-6.36018 -3.03893 2.60193
-9.7894 1.57464 2.03901
5.71857 -11.3605 3.36443
6.96053 0.841051 -0.113599
-5.92423 6.19718 1.79857
-6.49651 -6.65721 2.49252
7.76414 -13.7092 1.66086
-2.04878 -11.0042 0.283633
18.576 -7.98765 3.30977
10.098 2.76305 1.89949
6.87864 -6.66707 3.23622
-2.13575 -10.9663 0.281151
-3.08764 -10.6175 -0.688741
10.293 2.67666 1.52039
18.5241 -8.12922 3.32095
-8.90514 3.69983 1.93331
1.88881 -6.89628 0.49884
-3.98554 1.45897 -0.34293
57.8159 -26.4817 4.74461
-8.83651 3.87916 1.94169
-2.91006 8.18561 0.0650912
-1.37865 -11.1855 2.5724
14.603 -13.0742 0.499142
7.4015 -9.53527 2.80727
-8.67516 4.24752 1.93741
34.2626 -26.0934 3.21251
-6.84533 -2.50035 2.06423
-10.6977 -7.38732 1.68998
-2.06873 7.75651 -0.83739
-7.5207 -5.70939 2.65488
-4.5108 -9.96942 0.679444
4.41787 -7.68603 2.73175
34.3322 -26.1237 3.21769
6.17106 -10.7304 1.37893
-6.83718 -2.35378 2.05608
-6.54732 -3.47134 1.50197
15.8098 -8.46744 0.34044
-3.71649 3.03056 0.904476
42.1805 -16.5688 3.09498
-11.8231 -5.06774 0.68442
-6.28816 6.28874 1.7831
6.84758 0.759342 -0.0779732
-6.10742 6.29747 1.78793
11.3398 2.219 1.48384
-4.71577 -7.4128 2.35397
16.4837 -16.2911 3.43474
-5.19728 -2.47129 -0.666105
-6.11103 6.50888 1.78291
-3.16941 11.4541 0.447747
-3.98071 4.46899 1.88166
4.80937 5.37246 2.32928
13.8414 -12.5478 1.06335
-6.72898 -6.56521 2.4892
-5.90993 6.52036 1.79357
5.90318 -9.61318 0.980468
-3.08831 -8.07721 2.47487
1.10298 -7.27786 2.53112
-3.09264 1.49671 -0.743076
11.62 -8.61929 3.30191
8.07818 -8.07248 2.91914
19.5082 -7.25111 0.529045
8.37168 -8.37323 2.84438
-5.00479 8.23601 1.87862
8.10879 3.07108 2.48244
-6.0089 5.86668 2.27414
7.29485 -10.7507 2.88035
4.56105 6.47631 2.63411
-7.31088 3.65168 1.48795
7.74798 -5.76323 -0.0525827
-10.9826 -1.27667 2.11196
-2.96417 -10.5794 2.10322
13.2744 -14.8247 3.68738
-3.67718 -1.68167 -0.640773
-4.89524 8.5056 1.89139
-8.15051 -2.91734 1.97567
4.37409 -11.7505 0.875932
0.584317 -5.92144 -0.322387
-2.72961 -10.7636 -0.500012
-2.92331 13.3 1.59788
-10.9231 -1.48203 -0.528234
-11.8601 -5.05551 2.10576
-1.51689 8.2681 2.32161
9.70899 -7.12346 0.0874422
26.9402 -22.9624 4.15441
14.8895 -12.9248 3.16837
-10.7662 -1.10771 -0.528071
10.7035 2.50469 1.6959
19.5535 -14.8708 1.07481
-11.9719 -4.71946 2.46087
3.94571 -6.31461 2.47496
-10.783 -0.864927 1.67163
2.75909 -0.351796 0.991633
6.35568 -12.0059 3.21237
-3.71867 7.69466 1.72525
-11.9109 -4.89235 2.10697
-10.5763 -0.702206 -1.16272
7.67019 8.8893 1.81711
-5.32618 -2.77418 -0.657978
10.7014 -2.48762 1.70244
-8.07067 -0.118134 2.43814
-3.90967 10.116 2.21111
-7.26466 -5.06325 2.4645
-9.38053 0.218327 1.73775
-3.66573 10.2194 2.21342
-3.50175 10.2805 2.2142
-6.90682 -3.31356 -0.688133
14.6642 -15.4037 3.41908
7.7081 -4.26514 3.16736
25.2279 -22.3169 3.95278
2.55487 -0.262851 -0.921705
9.10311 3.16233 1.90255
-0.783717 -8.30472 2.71913
7.40379 -2.39281 2.20538
11.9272 1.76961 2.75333
17.7116 -7.85032 2.99899
-5.01728 9.98878 -1.15531
9.5902 2.97379 2.04669
-0.216166 -10.0023 0.253768
-7.5907 6.38568 -1.51357
-7.31707 2.49607 2.32762
16.4643 -13.2612 1.31673
-8.73057 -6.94536 -0.605602
8.67762 3.69918 1.53359
11.0346 2.41269 2.30136
8.34674 -4.48347 3.20096
6.16854 8.6432 2.29094
-8.03315 0.322755 2.42476
10.4403 -6.8204 2.61701
-7.07977 -8.84539 2.51346
2.54812 0.0997819 0.896062
11.2935 2.27243 2.2864
18.1377 -9.07439 3.31949
-8.67753 -8.22145 1.6935
-5.49128 -6.69985 2.79122
9.98019 -5.18158 2.76998
-7.11378 -3.19888 0.701148
2.67589 -0.0541825 -0.680971
11.4825 2.19379 2.31113
8.6814 -4.6746 3.21874
-5.29231 -6.71295 2.79581
6.90495 -7.90525 3.29173
13.3354 15.6526 2.47904
5.20073 6.35315 2.48571
4.09774 -6.30462 -0.177386
-0.312469 -3.88597 -0.435036
23.6891 -16.4734 3.30233
9.26659 -5.15329 3.23587
-6.11544 6.95875 0.823873
-2.10796 -10.9546 1.30976
10.8343 -2.08537 2.11
-11.4238 -2.76118 -1.27236
5.31114 -9.50587 0.84806
-4.54076 8.83677 -0.100012
5.54213 -14.1062 1.59841
1.99585 -9.79096 -0.113862
-8.54498 4.09866 -1.64048
7.88676 -5.50714 3.22855
3.83456 -10.1269 3.27161
3.73866 -13.3458 2.6929
-3.69235 -10.3204 0.0776503
11.7141 -3.91046 2.66362
-3.50692 8.5715 0.277705
7.65847 -5.71189 3.22766
3.68549 -10.4173 3.26099
23.637 -16.6543 2.69045
0.696831 -1.49599 -0.482966
15.3591 -8.71734 3.48629
-2.90358 13.1268 2.08122
0.0633824 -5.13815 -0.372681
8.89717 -13.3184 3.0626
-8.289 4.1096 1.45848
7.71849 -9.32725 2.31493
-11.5194 -2.70127 0.882562
21.6464 -11.0735 3.46693
2.09595 -7.66335 -0.187464
6.02102 -3.01926 -0.24182
-11.5735 -2.84297 0.869069
21.5971 -11.0385 3.59644
15.9462 -13.0966 3.19446
-4.30823 -7.54137 2.69914
28.8668 -18.2844 1.92582
21.8994 -13.2948 3.33247
9.87832 -3.19564 2.49507
1.74095 -12.5298 2.49746
21.4724 -11.3044 3.59679
9.82851 1.39484 0.314906
-6.79023 2.28777 0.488697
1.69499 -7.89128 -0.190473
5.82949 -3.25525 -0.23984
21.5102 -11.4968 3.46782
8.35119 -11.5942 2.81971
8.11841 -12.9053 3.00914
7.50571 -1.51699 2.54625
-0.69758 -9.0658 2.52313
-0.0739005 -6.69119 1.10299
-3.6595 10.2191 0.475087
7.54746 -13.1317 2.98935
19.9129 -14.2974 1.30384
8.55398 -15.3149 3.46266
-7.49446 2.09836 2.31264
7.06405 -12.5396 2.9341
-1.7164 -11.1049 1.87217
-5.90844 -0.500281 2.01807
19.1034 -6.70365 2.69681
-1.49184 6.46773 1.79651
8.19747 -15.188 3.37099
7.07397 -12.3069 1.40925
-5.88385 -0.700362 2.01999
19.1715 -6.54899 2.69889
2.92207 -10.5625 3.09493
8.33377 -3.94252 -0.104697
39.096 -22.1504 2.80048
14.8306 -10.0418 3.26387
-3.961 8.59818 -0.70714
-5.49808 -9.50747 2.50832
10.2725 -3.06219 -0.25243
-1.12095 -4.29498 -0.444812
5.38629 7.74599 2.61891
7.9012 -13.5641 1.55963
-8.26771 1.17487 0.0612706
-1.31089 -11.2537 2.50382
6.0359 -12.177 0.179008
-11.781 -3.26117 1.68715
-1.70999 -3.68132 -0.488056
-4.52246 -0.501729 -0.721319
-8.69738 4.09071 0.894732
6.34291 -8.60632 0.388025
-1.89696 -3.69762 -0.493082
2.52243 -10.3439 3.21666
7.67317 -15.0197 2.1387
7.59002 5.00418 2.80209
5.30868 -13.8913 2.88892
-3.29686 -0.486279 -0.675991
2.32037 -12.774 2.48278
5.56096 -13.9151 1.48877
-3.60241 16.516 1.31428
7.54181 -4.48424 3.17719
22.0574 -13.4184 3.35945
-3.48894 -0.692183 -0.676294
2.04173 -12.6537 2.48378
8.47356 3.91309 2.36097
10.3442 -10.3442 3.43179
-2.86001 4.2989 -0.627415
9.9345 2.8416 2.30343
15.5665 -15.2911 3.50653
8.93838 1.42612 0.672897
-8.75551 -0.877709 2.29222
4.31277 -12.2841 1.0523
4.93399 -4.13091 -0.231239
-2.51356 -10.7681 2.11989
-7.06014 8.18508 2.0024
2.9022 -2.68916 -0.359538
-2.68006 -10.6993 2.10883
-2.11175 -10.9331 2.31307
-3.68268 -10.296 1.28389
4.29938 -4.29547 -0.254427
5.67784 -8.42792 2.89189
-0.30656 -3.30214 -0.459556
16.8342 -11.3604 0.516112
2.48437 -0.0979189 0.337263
3.55016 -13.2718 2.8985
9.28986 1.71767 0.460873
-1.2799 -8.28121 3.00758
7.62124 -9.37597 0.317224
-1.48705 -8.28053 3.00405
-3.2873 8.32441 -0.713039
-4.7001 -9.84503 2.48626
1.70821 -5.3091 -0.302586
0.26633 -3.89771 -0.413061
-3.88505 8.55091 -0.307668
-5.35397 -9.58889 2.10032
-3.96001 8.60109 -0.36798
0.106465 -3.89397 -0.41954
-5.484 -9.53273 2.10551
5.1578 -9.93611 -0.747138
-3.52812 8.42208 -0.710329
-5.09626 -9.67635 2.49509
1.49266 -5.46783 -0.307523
-5.69142 -9.44633 2.10249
-5.79061 -9.39721 2.17776
3.43868 -10.7711 2.78467
7.88072 -8.4841 3.2821
6.27484 -14.3951 2.52381
-7.65824 0.729797 1.56738
1.86848 -9.33336 3.16553
52.4717 -26.8207 5.13115
-6.11197 -9.26986 2.12312
9.52208 -4.50423 3.24713
5.91044 -14.2675 2.52637
0.905134 -5.72899 -0.314703
-8.51521 -1.50563 2.4755
4.51367 -11.5153 0.929386
4.41411 -11.6521 0.888845
9.50901 -8.30372 2.72277
4.73374 -1.31005 -0.356142
0.736184 -5.88905 -0.321797
2.02866 -10.1862 2.9039
-7.75723 0.524274 1.58407
-1.88258 8.38414 1.80281
-8.49158 -8.26725 2.28517
10.4614 -2.7123 1.53635
12.0565 3.09769 -2.1272
7.0337 1.57837 0.183303
-8.45215 -7.11191 2.17964
-8.61284 -6.78981 2.16406
-4.40038 2.60146 1.29564
9.81545 1.70678 3.0105
9.66878 1.49468 3.01589
-1.24828 -8.80829 3.00489
-9.11135 -3.32449 -0.763855
-1.09622 1.49461 -0.662857
9.47894 -13.2837 3.32734
-10.6845 -7.36491 2.49871
-9.73484 -7.79315 1.10909
0.116093 -5.35729 -0.357129
-0.408778 -9.48752 -0.2234
-6.76764 -4.07771 1.48612
5.23686 -9.9507 1.0877
-3.76796 -7.77837 2.39858
-3.01694 3.6186 -0.831975
16.4284 -13.3131 1.70992
9.52193 -10.4783 0.186523
6.35104 -2.12064 2.51325
-1.89182 -8.54965 2.53263
4.96147 -10.3265 -0.413072
19.7594 -17.6904 3.61499
0.553689 0.138659 -0.187867
-12.1027 -4.12182 1.30935
-9.63339 -2.85719 1.98254
0.145765 -6.29542 -0.291391
-11.9342 -3.68775 1.30881
-9.5945 -2.48112 1.95531
-1.45249 -11.2138 1.88393
-9.59367 -1.92809 1.93083
7.12846 -4.12503 -0.143827
-7.86185 0.368089 1.55235
-3.86687 15.8498 1.26859
8.37509 -1.66624 1.23909
9.32581 -5.70728 2.76604
-6.70763 0.494286 1.88592
-10.2216 0.287598 -0.291578
14.0848 -12.2398 0.889545
-6.49268 -6.65248 2.68745
22.9664 -9.01945 0.626092
10.1515 -16.0201 2.16907
-5.97685 10.7353 1.28818
15.8024 -5.49238 2.89273
13.719 -5.75383 2.84499
5.40431 5.08279 2.18845
-1.92333 -11.0988 -0.676546
6.96419 -5.47625 3.19646
-4.31931 2.55312 0.896545
0.128491 -6.27828 0.693006
-6.37383 9.78746 1.47546
11.3646 -9.27903 3.10652
0.0863512 -4.39557 -0.399679
-3.09969 -7.6846 2.90681
14.4892 -12.2712 0.890217
4.58639 -11.3165 -0.0997018
-9.69866 1.66708 0.78015
-2.6819 -10.7056 1.7046
-8.26766 -0.28008 2.44086
-7.63268 -8.62195 2.47844
-2.70259 7.70938 1.81039
12.8994 14.5893 2.28573
5.77088 2.14393 -0.144687
4.7614 5.27737 2.32382
13.7735 -12.4869 1.15777
5.6953 -11.7161 3.3132
-6.06935 6.66505 1.77849
7.97298 -8.35128 2.8739
7.43893 -8.43221 3.31864
-10.8127 -1.33462 -1.49572
-6.02557 1.19966 0.0449149
12.3446 -7.52864 0.190862
-5.91616 6.80918 1.77967
-5.66184 7.03154 1.78108
-5.42565 7.26139 1.78836
6.70282 5.50195 2.73169
6.88104 -14.6593 2.10501
8.45616 -8.79009 2.86062
-5.71402 -6.94826 2.71787
-5.68751 -0.0897208 2.01208
-4.82462 8.70397 1.90306
-4.23417 10.0974 2.0872
-3.11131 17.5017 0.706368
-3.88132 10.4445 2.19904
9.62563 -4.23909 3.24221
8.66828 -12.9792 3.27544
-8.41519 4.63119 -0.10923
-4.29844 7.9241 2.28042
-8.89906 -0.82034 -0.868338
-11.7622 -5.17143 0.0783528
-7.55519 -8.757 -1.05963
-3.67373 10.524 2.19989
-7.42994 -8.82755 -1.05073
-3.52482 10.595 2.20367
53.0469 -25.8787 2.58391
-10.8711 -3.96722 2.49667
11.5866 2.15637 2.30234
11.7136 2.10572 2.28843
4.89459 -10.4924 0.292731
34.5101 -20.0922 2.72546
11.9252 2.00802 2.31326
-11.8593 -4.91303 0.0916507
-9.1489 -0.511825 -0.883319
-3.89087 -4.49183 2.25744
-7.81691 3.63832 1.59655
4.11542 -13.5193 2.49007
12.2047 -4.25409 2.48049
-1.55119 6.18796 2.39426
10.4959 -16.1322 3.26691
-7.13873 -7.34117 -0.555493
5.90286 -11.3065 3.37399
8.30025 -15.3029 2.09616
5.90097 -14.2411 2.71294
14.0182 -4.91786 2.84065
12.1984 -4.40906 2.4804
57.5843 -27.2425 2.79141
-6.09212 -3.29129 2.62947
-10.9495 -1.4875 0.0790986
40.666 -18.9378 4.45811
-0.0208465 -6.7081 -0.467048
-9.29041 -0.514378 1.89647
-8.11518 2.67377 0.690729
5.3636 3.27872 1.91887
6.91606 9.10701 1.09884
-6.42374 9.66959 1.51576
-3.32966 1.88624 -0.771482
2.49804 -7.29113 0.138084
14.8733 -9.9371 3.42088
14.8239 -10.0374 3.42385
0.702169 -6.45418 0.0874859
-5.21569 1.12513 -0.812984
-6.50318 3.10542 2.37469
1.8913 -12.575 2.6934
4.94911 -10.0696 0.975314
-4.11235 -7.63848 2.48327
-1.49294 -0.895599 -0.589248
58.4142 -25.0778 4.34343
6.77082 -4.56541 -0.142731
-1.68495 -0.913587 -0.595019
-6.12411 -2.29406 2.12166
58.0093 -26.1489 3.58784
-3.9839 -10.179 1.0949
-7.9937 2.44918 0.341618
-9.89459 -7.7483 0.712327
6.99444 -6.5594 3.23953
2.68086 -0.360004 -0.295779
-4.50975 -7.12065 2.8423
-4.44996 2.62063 1.85891
10.8134 -2.43675 -0.1343
9.58637 -4.38824 3.11856
1.48547 -6.83275 0.108597
-11.6466 -4.90838 2.49457
-3.81436 2.75723 0.508314
6.62342 7.12965 2.04191
-9.02756 3.29123 0.894461
-5.0449 -1.43411 -0.70317
8.59417 -2.5713 2.48974
19.6131 -14.727 1.0731
-11.9119 -4.89109 2.46245
5.59851 -14.003 3.25296
-11.3609 -2.50897 -0.274451
-6.08757 -4.29211 2.15039
-6.02889 2.15249 0.500333
6.55753 -3.1163 -0.216559
-9.30456 -2.07878 1.96587
-11.7652 -3.28358 1.2841
-1.31843 -11.2634 2.09931
58.0314 -26.1585 3.18872
-3.95994 -10.1755 1.4857
-5.68967 -4.30032 2.17778
5.51883 2.10976 1.94497
9.64509 -13.3421 3.14867
-2.88643 -0.904331 -0.646632
-9.41409 2.4202 1.50175
-3.8905 -4.09829 -0.548529
21.8453 -9.92622 3.2718
-5.9341 -4.29475 2.16555
12.1829 -16.8579 2.70528
9.32823 -13.2507 3.09853
23.6448 -16.6444 2.87228
-6.00667 7.0507 0.34872
9.22768 -5.3125 2.75883
-6.87444 0.0835979 1.90225
-6.29281 -3.10695 2.61139
-5.53024 -0.892105 2.09739
6.28104 -4.28799 -0.179245
-5.54393 6.88443 2.06933
9.07008 -15.5445 3.44155
-6.90319 2.28362 2.39034
-7.68624 -6.13728 2.64195
20.0275 -14.2832 1.07632
8.72457 -15.4009 3.3452
-2.09884 -2.70681 -0.538467
-11.8965 -3.72565 0.318825
-6.8849 8.49609 1.08554
-2.42729 10.8137 1.642
15.2654 -10.2651 3.18013
-3.34979 12.2987 2.09828
-3.62689 16.1482 -1.91887
-3.51473 -7.86747 2.86268
8.33855 -15.2436 3.41185
9.058 8.33355 2.71097
-5.17171 0.683226 2.00005
-6.54656 -3.4744 1.3029
6.84686 -14.6333 3.07322
2.0985 -10.8894 2.60036
-9.35484 -7.98059 0.0913819
-10.004 1.04695 1.7067
0.68729 -3.06585 -0.424875
6.51407 -8.6805 0.466842
11.4728 -3.91241 2.69141
3.3883 -13.211 2.64463
-2.28118 -0.289407 -0.647432
3.25714 -13.1581 2.50649
21.9965 -13.3643 3.34705
-3.6779 -0.711027 -0.680374
1.94872 -12.6126 2.47959
2.43571 -7.14585 0.203594
4.57924 -1.90631 -0.333799
-0.913642 -11.4338 2.12338
-7.88333 2.92919 0.159839
28.7012 -18.6769 1.92988
17.3358 -16.498 3.54628
21.4134 -11.7339 3.47176
8.11219 -12.7195 3.12121
11.6391 2.38912 -1.88773
2.48812 -3.87717 -0.332344
-7.18178 -4.86328 2.17926
-4.54126 5.71076 1.77309
-0.328264 -10.3375 0.516455
-6.707 9.23427 0.49979
-7.49995 2.10132 2.08668
-0.758412 -8.2287 2.92015
8.11904 -9.53131 0.508867
2.33706 -3.97444 -0.335192
-7.26036 -4.6898 2.12839
1.24608 -7.30553 0.824899
19.0423 -6.88052 2.505
-3.78788 -4.25161 2.18994
10.5553 -2.22897 1.40215
2.487 -11.4483 1.46282
-2.42573 -10.8045 2.08382
-6.85485 -8.96122 2.07903
4.36606 -0.952218 -0.379382
10.8536 2.43782 1.30684
-11.9953 -3.80363 1.40276
4.07407 -1.4657 -0.367655
0.131743 -6.12907 -0.340873
-3.97894 2.51449 1.70122
-7.49471 -8.69332 2.12223
-8.52181 -7.759 2.20322
-6.62618 -3.7359 1.29235
-6.56551 -3.86587 -0.639624
51.9579 -28.1788 3.68389
-10.7199 -7.40266 0.693003
-6.50053 9.10743 -1.70938
-6.25385 5.19558 2.14982
2.29605 -2.89687 -0.370851
-1.71897 7.69901 -0.341393
-1.92178 7.81484 -0.288802
-4.76869 13.3276 -1.59696
6.8593 -8.1809 0.00856863
-11.0646 -7.22277 1.88815
3.48992 -1.49192 -0.382532
6.39605 -2.44832 2.52565
-5.98777 -3.59101 2.48815
-10.606 -7.41817 2.08477
-3.91204 9.29012 2.23474
-8.83157 -7.15714 2.17313
5.7517 0.799236 0.128787
-3.18025 12.6963 1.90002
-11.145 -2.07399 -0.859464
12.6475 -11.3214 3.04098
1.69497 -0.301842 -0.486521
-11.9693 -3.65493 2.30508
-4.47014 9.08728 0.485051
-10.1207 -1.88394 1.96813
-2.30709 -8.36879 2.6966
-10.4514 -1.81335 2.02799
-11.0515 -1.50575 2.09204
-10.31 0.316043 1.90978
58.7455 -24.3375 3.96417
-10.2365 0.495087 1.90488
5.73192 -13.7182 3.07561
-0.907007 2.10358 -0.679867
-2.56005 7.98395 -1.46656
-11.9193 -4.68292 -0.695001
23.7306 -16.4923 2.5146
-0.299304 -3.50779 -0.450648
5.10381 5.29539 2.16949
-0.101763 -2.89062 -0.46688
-4.09947 5.35475 0.399768
-1.91444 12.7539 1.90226
-9.84014 -1.89488 -0.852332
-0.0970085 -2.50442 -0.47955
23.5593 -21.6265 2.97444
5.08159 5.0867 2.17824
6.13959 1.93501 -0.247985
24.2556 -14.9476 3.88405
8.16738 -9.46392 2.85421
15.3124 -13.1248 0.639593
-3.23754 6.27602 1.83872
-5.90405 -1.51182 2.06449
7.72827 -2.512 -0.191299
-9.51884 -0.965693 -0.870919
18.9979 -7.06698 0.385588
-8.30512 2.88592 1.68052
-7.89278 3.85245 1.66127
4.90432 5.90954 2.64506
-10.3809 -0.0537632 0.331335
2.6997 -12.9168 3.07754
-4.6158 5.4162 0.661106
13.3435 15.6662 2.29548
5.20101 6.33683 2.30435
10.4402 -4.70218 0.00933777
2.06027 -0.127481 -0.519157
-7.56798 -8.65749 2.28066
8.23232 -4.04715 -0.104189
-7.6743 6.70292 1.88685
-9.27341 -8.05219 -0.893242
17.1203 -13.1892 2.07857
16.4389 -6.08878 3.46097
4.8581 -4.11248 2.41973
48.9154 -24.9882 5.11024
12.0863 -7.71716 0.189267
7.90323 -8.498 2.90964
-6.0842 6.98887 1.77131
13.8927 -13.0662 1.18765
5.58376 -8.71923 0.344345
0.798414 -6.41601 1.90624
-0.709319 -11.5616 -0.097753
-5.90447 7.14168 1.77133
-5.69731 7.30144 1.77035
6.49979 5.30105 2.73773
4.28748 -13.5754 2.90575
8.30528 -8.94097 2.862
-3.44424 14.4991 1.38616
-5.89817 -6.89498 2.70682
12.4265 13.882 2.64926
58.1118 -25.7591 4.74264
-5.37577 7.57215 1.77514
6.97806 -9.49987 0.155498
-3.53928 8.15436 1.70355
-1.5032 -4.84813 -0.431393
2.94705 -5.364 -0.256288
-6.68332 -3.3076 2.0638
-5.84614 -9.42356 0.0787146
28.8144 -18.4902 1.28868
-3.47321 11.9734 2.07676
5.28853 -9.48815 0.473144
-4.55435 8.81369 -0.446153
5.03069 -10.7187 1.33113
-3.67761 16.2993 1.308
0.909448 -2.49645 -0.43976
-5.27103 0.894357 1.98565
-3.47441 8.28179 1.71667
-1.51617 -4.63559 -0.443695
-6.66995 -3.10682 2.08419
0.889882 -2.66186 -0.430736
-4.93416 6.12307 2.32442
1.93215 -8.48379 1.04664
13.191 -11.5196 3.34916
22.4786 -8.91057 3.58472
-8.26176 0.685374 1.89194
-4.28454 8.18162 2.2748
7.67076 -3.65899 -0.148109
-0.897485 -1.88191 -0.531243
2.31477 -10.3009 3.09892
13.232 -4.55792 2.76298
5.12836 -13.9258 2.70336
22.4044 -9.11757 3.43898
-2.9909 17.8781 0.738526
-3.71016 10.869 2.19604
-4.48783 -6.89787 1.97596
34.2187 -20.5184 3.96493
0.102726 -1.42041 -0.509704
-2.97833 9.40367 1.88561
1.49947 -4.49448 -0.343434
-8.50415 4.31201 -1.30605
10.3324 -6.87359 2.7019
-7.2761 -8.77999 2.32244
11.1281 2.35551 2.10653
4.17483 -12.1311 0.0910729
16.2138 -13.6431 2.68858
12.1269 1.91294 2.28264
-3.36303 10.9688 2.19376
-1.97859 9.13932 -1.02558
10.1666 4.13792 0.954999
23.9195 -16.1941 0.915284
-5.9221 -9.35361 1.91287
-4.44296 8.80119 -0.112093
10.4998 -2.5617 1.90123
10.9466 2.38801 1.52523
-7.50993 -8.70646 1.70524
58.6915 -24.7401 2.40245
2.3319 -1.72199 -0.411778
1.71188 -10.7256 1.34223
-10.6456 -7.40573 1.48385
-8.17531 -6.19095 2.1517
-8.56791 1.54507 0.350023
3.91509 -2.50103 -0.33692
-0.463969 -7.74214 -0.279004
-3.36259 10.0759 2.22914
15.7806 -7.71282 3.23699
-2.9309 5.15146 -0.877808
8.69328 4.89039 2.85599
14.4482 -4.7707 2.81886
6.27879 -8.06469 3.2656
12.7013 -4.59705 2.50255
-4.69389 7.33063 2.30213
-0.301689 -3.28832 -0.46012
4.18069 -6.97185 -0.14188
23.6583 -16.6637 2.51861
19.6478 -14.6678 0.922993
16.3561 -6.30188 3.27371
-2.32298 3.83718 -0.816296
-4.93525 -9.76369 -0.370785
-4.69003 8.28014 2.27215
15.3089 -8.85984 3.25035
7.79094 -15.0159 2.89772
11.7845 -10.4599 2.91918
13.0183 -14.7192 3.39715
-7.2738 -5.67093 -0.614959
18.3792 -8.48658 3.33351
-6.2848 3.16545 1.54837
10.5413 2.36555 2.90215
-4.46807 -1.08364 -0.700214
9.5667 2.77263 2.71532
11.2935 -11.5041 2.9866
-1.48952 -3.50755 -0.485629
57.295 -27.5268 4.3402
-11.7595 -5.1692 -0.314282
9.82563 -13.5946 3.1075
-5.76357 7.71374 0.34229
-6.5861 0.749517 1.87855
13.6165 -10.8853 3.01354
11.9656 -16.7603 2.29588
17.6 -6.29364 3.00397
2.33552 -7.01711 2.84057
-5.88604 -3.70818 2.14172
9.32096 -13.8582 3.09403
-10.3837 -0.262448 -1.30209
-0.914002 -11.4412 1.91231
21.6517 -10.4285 3.27623
17.0465 -13.1392 3.33193
9.13038 -5.50135 3.08954
-3.31926 -8.53152 2.42062
-1.69492 -1.10278 -0.589355
58.432 -25.039 4.3414
6.86121 -4.45737 -0.142918
-11.1931 -1.9121 1.13145
-7.91569 1.9051 1.85802
-3.66818 12.0985 0.712665
7.56268 -14.9316 3.11015
-8.22033 1.57179 1.85493
-2.90047 12.5597 0.328251
-9.2532 -8.02635 -0.107633
-3.62417 5.43636 1.85157
4.09388 -6.29802 2.53963
7.0722 1.54208 0.0295571
20.1481 -11.5721 3.30308
-2.75062 -7.43933 2.92079
10.8644 3.44218 1.20211
2.29876 -3.708 -0.343171
-7.3286 -5.07925 2.1579
-0.851575 -8.48549 2.88745
6.85817 -14.641 2.91718
-0.696864 -3.05592 -0.479909
-5.42459 7.80393 1.76028
-2.49857 0.100853 -0.673987
12.169 -7.27557 3.40707
2.91477 -9.84272 3.2187
-9.96946 -1.78065 -0.86144
-8.59294 4.3915 1.28463
7.38771 -9.69118 2.12699
-6.20509 5.69285 0.533623
6.68835 -14.5769 2.92184
-0.694145 -3.27672 -0.4743
-5.13809 9.20174 0.139881
10.1546 -7.48211 2.5294
7.71699 -6.29348 3.25066
3.71035 -10.8873 3.26208
-3.49324 8.2601 -1.03884
6.48004 -14.4891 2.88837
-5.84881 -1.50097 -0.734384
15.0104 -6.00393 0.214498
6.83712 0.746 0.108327
-0.323903 -8.12502 2.50513
-0.893007 -3.28753 -0.478666
-4.35653 -9.99242 2.14382
1.11783 -3.34698 -0.401357
6.96043 -8.87702 0.505514
-2.10284 -0.102786 -0.648546
3.39648 -13.2137 2.4934
9.99448 -3.23481 2.32847
1.87249 -12.5837 2.31454
-8.672 -0.691831 1.98093
-2.54613 7.85992 3.1521
-8.25905 -1.70723 2.48848
15.9796 -14.3066 3.4468
8.98535 1.61701 0.622861
-8.80885 -0.975655 2.32197
4.55787 -1.10586 -0.368668
10.9669 2.39266 1.31868
7.29484 2.27901 2.9033
5.09746 -11.8846 1.36384
-8.79544 -8.21112 0.508059
9.74035 -10.106 3.0699
-6.65783 8.72333 -1.74328
2.93193 -0.424671 0.895929
-4.50923 0.898085 -0.783886
2.75293 -12.9393 3.07493
13.0885 15.2691 2.61694
5.03031 5.95954 2.62999
-6.11912 2.9304 2.39626
-4.75893 0.972498 -0.799626
-10.6594 -7.12442 2.61407
-9.50937 -7.95202 -1.05485
-11.212 -2.16018 -0.304429
-6.08878 2.26839 0.514767
6.49278 -3.24053 -0.216306
-8.25227 -8.41864 1.08281
-4.90415 -4.13186 -0.583408
38.8723 -22.6633 2.53748
-0.513099 -11.599 2.07977
-7.30774 -6.33801 2.28847
14.2164 -14.1727 0.510104
-11.0456 -1.50046 1.72254
-7.51447 2.84718 0.0587839
9.8263 -3.87273 2.75539
5.82524 -8.49379 2.78909
6.22487 -3.52289 -0.213367
17.4887 -19.0754 3.83583
10.8233 -2.45723 -0.22757
9.58503 -4.41406 2.90805
-6.87029 1.49821 2.41837
-4.43413 2.6203 1.71613
11.7119 1.8841 2.78277
9.30546 3.1001 2.09916
-10.4698 -7.56917 -0.938517
25.6259 -22.3753 3.79603
-6.60928 9.2569 1.89225
10.8896 -16.2953 3.09161
6.32828 -8.7042 3.11277
4.50633 5.50148 2.64832
-8.03655 1.52419 1.86126
51.7656 -28.4939 4.40975
-4.3068 -2.32967 -0.634817
5.26999 -6.3895 2.4431
3.34092 -3.75326 -0.303214
-6.2691 -4.91337 2.10582
-11.0597 -7.24312 0.703321
5.30282 2.2347 0.260915
-10.7114 -7.39853 1.09265
-9.1014 -7.65869 2.20357
-4.90128 8.51165 2.08587
-9.6347 -7.80939 2.25937
-10.3042 -7.52456 2.29259
9.48569 -13.2965 3.47592
-10.6791 -7.37153 2.30991
-11.0796 -7.20829 2.44875
-9.36995 -5.9343 2.05432
-6.70312 -3.35275 1.30292
-1.22502 7.05951 1.81161
19.5966 -14.7223 1.25748
-11.9103 -4.8915 2.30594
-5.10242 -7.27003 2.34297
-10.5722 -0.670615 -0.834229
-12.1094 -4.29171 2.30092
7.55471 0.510767 0.798088
-3.53511 16.717 1.69797
-2.03814 -9.18921 2.48888
6.17442 -1.42274 2.44707
3.42151 -9.94555 3.24163
7.41798 -5.28478 3.19577
1.90112 -0.902359 -0.4516
-11.7594 -3.13868 2.25485
5.19838 -9.69434 0.355148
-4.71024 8.89431 -0.48371
-6.23656 -9.21193 2.32047
-10.8019 -7.40871 -0.548386
-5.30797 6.10285 2.32465
4.91846 5.70274 2.49996
-2.49732 -3.8804 -0.505418
-10.1675 -2.2838 1.93019
-8.09971 2.51127 0.511573
4.624 -3.42982 -0.277064
15.2203 -15.3876 3.87814
-9.88292 -7.76326 0.511788
-2.87602 -8.03423 -0.357869
-6.90594 -3.32654 -0.303596
27.6408 -14.3295 0.986681
20.4775 -10.7688 3.26673
-10.2893 -1.88861 1.90099
5.86022 -2.37877 2.44242
-2.3062 -8.37293 2.50837
27.5497 -14.2947 0.982575
-10.4785 -1.88508 1.90648
29.0082 -17.8695 2.96537
-10.5838 -1.76712 2.00577
-5.0095 0.481865 -0.774644
2.47015 -0.0899259 0.856263
-6.36951 2.48373 2.39783
-6.69699 -3.90457 1.09757
5.34517 -5.94829 -0.139829
-4.34525 -2.70795 1.93369
11.6537 -3.93487 2.65377
-3.87837 -10.2418 0.0775938
3.53227 -13.2708 2.6938
7.07711 0.902759 0.269028
-10.5623 -0.318006 1.88556
1.69872 -10.0359 3.10456
-4.35894 -1.55335 -0.675206
-9.5009 -0.0528027 1.75959
-5.62884 -8.20391 -0.416537
-4.23524 -10.0514 2.8263
-3.37811 16.9748 0.705165
-4.08916 10.0452 2.2112
14.893 -9.88539 3.25744
-8.89313 3.71543 1.69544
-4.21192 5.39532 0.466756
15.8848 -14.5165 3.50055
-11.1097 -1.71804 1.11588
-8.84776 -0.515941 1.91114
-7.72325 4.28968 1.63605
2.69242 -10.077 3.21505
-4.5687 2.66275 0.841009
10.749 -2.28307 2.30538
-0.478554 -7.70466 2.51742
-5.25531 1.10523 -0.818351
-6.69522 3.08914 2.35911
15.5867 -8.70288 0.339337
-8.92701 3.69793 2.05575
6.51074 1.75317 -0.253865
-6.43267 5.37113 1.80679
13.6697 -5.90935 2.84787
-6.05429 7.30412 1.75707
6.34229 5.17723 2.73976
8.11152 -9.08963 2.85732
-6.12216 -6.72874 2.73752
12.2786 13.8873 2.63583
-2.29373 0.0952263 -0.665596
13.18 -14.3659 1.82808
-5.29499 7.87453 1.75972
7.28232 7.33531 2.67849
2.82848 -12.9859 2.90575
-4.42077 5.45455 0.567324
-9.1751 3.08467 2.06479
-5.08472 8.08517 1.76896
-1.91824 -11.057 0.0793913
14.3797 -15.2868 3.37264
34.4034 -16.0093 4.233
2.01736 0.369385 -0.509328
7.44347 6.97295 2.698
16.8445 -18.8248 3.12446
3.88623 -5.67397 -0.205256
-0.707121 -4.55091 -0.420776
-8.29095 -3.11194 2.02111
-12.0013 -3.96597 0.0928993
14.5733 -9.29041 0.328512
-3.7916 2.78092 0.2489
-2.09528 0.501627 -0.672468
-5.01617 8.30811 1.77956
3.97035 -5.60419 -0.205052
-0.50248 -4.52264 -0.41376
-8.11086 -3.1008 2.03591
12.8413 -5.68486 3.03814
-7.67806 -1.84625 1.94439
-4.40447 9.69945 1.90753
-4.31796 9.90653 1.89327
-8.26051 -8.42305 0.313269
-2.48955 -2.89775 -0.544121
-7.51341 -1.47135 1.93588
-4.66832 8.8443 -1.2692
-6.02577 10.6972 1.85988
9.95248 -15.9315 2.72649
-3.32835 8.64918 1.70191
14.3074 -6.76477 2.73554
30.432 -12.1576 3.65551
-5.83516 6.26522 1.87278
-6.49434 -2.69099 2.07341
-4.70922 -3.52198 1.97624
25.4787 -9.47438 1.53239
-3.49012 11.2167 2.17629
-3.48375 11.9234 2.12124
-11.4366 -2.76044 -1.10121
5.2627 -9.49254 0.675494
-4.52653 8.82533 -0.293235
-5.36208 -2.77727 2.05038
-0.291987 -4.30159 -0.418473
4.33994 -5.70557 2.6948
-3.91884 -4.90905 2.27644
10.7628 -2.28258 1.90347
-3.90241 -4.69118 2.25205
4.27781 -5.90496 2.68661
10.6829 -2.47846 1.90545
-4.37052 9.39118 2.23421
-3.6014 16.4931 0.739295
10.4066 -2.54129 0.688978
-4.09036 15.3253 1.47584
-6.69556 -5.89138 2.72107
22.3086 -9.07868 0.611118
15.1194 -5.40518 2.87682
25.075 -22.1626 3.5313
-10.8951 -7.32791 0.698501
-8.46656 2.48365 1.68647
-4.69706 8.00742 2.27693
15.41 -8.6132 3.21122
14.8653 -9.22239 0.332044
-7.6864 -8.66649 0.0788291
14.727 -9.22558 0.329727
-11.9622 -3.91027 0.0898116
-7.86424 -8.59764 0.0828439
10.4484 -2.65942 0.0766853
15.2207 -9.08725 3.2396
-5.3129 -6.49251 2.79841
-11.516 -2.90893 -0.498549
-2.89096 -0.100704 -0.678177
10.9748 -12.3846 2.96419
-7.06558 5.87125 1.64497
2.97574 -11.8735 0.00972749
15.8002 -9.098 3.15188
-4.30202 8.49679 2.26605
7.92918 -9.30676 2.11258
7.71612 -9.33604 2.0929
6.9855 -4.36803 -0.14376
9.6667 -1.73599 3.13805
-8.44426 -3.62118 -0.72356
6.88842 -7.07014 2.50407
6.91869 9.10681 0.926397
7.69329 2.06234 2.44746
-4.04759 1.09683 -0.258082
-9.96064 -7.67571 2.4337
-8.53751 -3.56136 -0.728448
-10.4147 -0.192561 -0.118526
-4.92997 13.3116 1.84665
7.60926 1.86426 2.48691
1.3768 -0.1512 -0.477023
-8.13767 -8.42497 2.30905
-8.65874 -3.5131 -0.735857
7.2983 -9.89094 2.1084
-10.1168 -7.59962 2.46817
-11.7759 -3.2844 1.51199
-1.318 -11.2572 2.30799
-2.17403 7.0715 2.30998
16.2176 -13.6454 2.48654
12.1233 1.91663 2.49755
9.0855 -5.90162 0.00892209
10.7503 -12.2201 0.307976
-7.13049 -3.16128 1.50997
12.0603 -7.83136 0.189721
32.8507 -19.6856 4.27173
4.90343 -4.28517 2.48044
3.66614 -0.832593 -0.405916
-3.27686 5.00233 -0.814393
-4.55685 6.95996 2.30879
7.93946 -7.14333 3.292
-5.72855 3.01688 1.55401
11.9352 -7.92668 0.189357
32.8392 -19.6771 4.27033
4.74596 -4.32145 2.40851
-4.4892 3.86484 0.326915
-2.11474 -10.967 0.695046
11.2907 -16.4514 3.51234
-3.48985 11.8971 1.72591
-4.571 8.84347 -0.708755
5.3061 -9.50625 0.275519
-11.4344 -2.7466 -0.707184
10.1244 -15.9876 3.33071
58.0913 -25.7461 5.1424
-2.13524 5.96207 2.39551
9.76164 -15.8415 3.27499
15.0005 -9.62847 3.30278
-11.1988 -1.90466 1.29442
-9.14235 -3.27454 -0.764396
-1.31044 -8.6741 3.01326
-2.13186 8.29039 -0.464145
3.80059 -7.0028 2.88745
6.53796 1.77783 0.473979
2.50542 -2.89084 -0.366251
-4.15114 2.45348 -0.290377
8.89983 -15.4882 3.1213
-1.53504 -11.1658 2.29524
-7.57122 1.48264 2.40638
-6.87314 8.50761 0.934887
8.56471 -15.3376 3.09302
-7.5064 2.10271 1.92083
-1.7149 -11.0938 2.28585
-6.25453 6.48393 1.7774
8.29705 -15.239 3.08104
-7.66275 2.09504 1.86238
-1.87846 -11.0284 2.27803
19.1202 -6.69454 2.31828
51.7534 -28.5182 4.40942
-4.28861 -2.16415 -0.643938
-10.0938 -7.67541 0.283523
4.55642 -6.10381 2.61935
-3.74322 -4.55813 2.26907
11.3548 -11.373 0.304484
4.09858 -7.66647 2.67858
-9.25081 2.89958 2.06258
8.17697 -15.1867 3.10289
-7.6647 1.86703 1.9011
1.49798 -6.91288 0.673864
19.173 -6.56831 2.33111
58.8399 -23.9467 5.14143
4.30994 -11.1259 3.26549
-8.13013 -2.76855 2.30129
15.158 -5.42847 2.88554
7.08011 -14.7344 2.87674
-4.12011 3.97118 0.286106
-8.85965 1.50942 1.71786
6.07531 -13.5927 2.93825
8.23018 -6.42767 3.27482
-7.93456 1.10241 2.30059
4.11364 -11.0601 3.26778
9.44793 -15.771 2.10265
15.0797 -5.29156 2.86371
-3.67905 2.8345 -1.0629
6.93976 -14.6732 2.85768
4.48457 -8.69917 -0.0535094
3.07153 -10.6094 3.1106
-2.71715 14.5907 1.56615
-11.7794 -3.25918 1.86921
-6.22193 -2.5534 2.51587
8.04317 9.80213 1.80221
-5.40645 6.26918 1.43011
-6.11883 7.10603 0.705689
9.20771 -5.31009 3.10487
1.2746 -6.82562 -0.249619
-11.4471 -2.63995 0.298281
52.0585 -27.8298 5.14227
-2.62201 14.072 1.59628
-10.5799 -0.655276 -0.512196
20.401 -11.0728 3.16357
-2.10587 -10.9415 1.92502
3.30782 -0.593035 0.496588
6.488 -12.7703 2.92008
27.4683 -14.6831 0.986001
-2.29823 -10.8599 1.91776
6.5366 1.9391 0.25653
-3.11933 -10.5176 1.89532
2.66322 -9.66582 3.20316
-1.90123 7.76782 -0.136414
-3.3068 -10.4408 1.89215
1.49567 -3.91684 -0.366866
-1.70874 -8.11376 2.98964
26.4577 -22.842 3.47288
10.311 2.68233 2.29867
17.1339 -13.2112 2.94889
-0.403773 -10.1822 -0.209104
-3.0913 -7.49481 2.91261
11.0662 2.31402 0.927835
-7.37887 -8.77158 1.10196
-3.97557 -4.40401 -0.539684
-1.15207 -10.9986 2.59256
-11.641 -2.90987 1.89391
-4.49881 -6.01783 2.29534
9.28306 2.00563 0.657948
15.8099 -14.6889 3.52271
4.564 -11.6714 1.07161
-8.90693 -8.10959 2.08929
-9.72976 2.092 0.253195
10.426 -2.60546 1.1054
13.5289 -14.9234 3.4824
-5.58127 1.55508 -0.845909
-6.91453 3.48676 2.32503
14.7361 -9.34015 0.331102
-3.74762 2.90064 0.293619
10.4937 -16.1263 3.09168
-10.595 -0.65123 -0.152503
-11.8081 -5.06246 0.0917213
42.1923 -16.5722 3.66918
7.77529 -4.57988 2.5586
1.31061 -5.96051 -0.293912
-8.316 -2.78148 2.04266
-9.55304 -6.38483 2.05801
13.9741 -15.8023 1.96278
-11.0726 -7.2053 2.31675
7.84951 2.48754 2.75051
5.13504 -13.9509 2.52178
6.82994 -8.21936 3.29395
5.09002 6.09906 2.4806
13.2505 -4.83309 2.52703
13.1654 15.2611 2.4941
5.02108 5.93112 2.50862
-4.98649 -9.77851 0.48396
-6.69762 -3.90703 1.30228
-5.26927 0.292416 2.00696
-6.89549 -3.27567 1.29222
-1.46075 7.58104 -1.17747
8.12968 -1.93334 0.688209
-6.28912 -9.25697 -0.303704
-3.31336 6.94768 -0.98252
-4.7363 8.90003 2.17627
25.1508 -14.8867 0.927406
5.97359 -1.34088 2.32566
-11.1602 -7.1166 1.11102
9.31945 -10.6791 0.18689
6.24654 -2.50446 2.52206
-6.10124 -3.54058 2.50454
-10.6952 -7.37511 2.08736
-4.11074 9.20425 2.23494
-4.4199 7.27666 2.30146
15.7207 -7.86676 3.20976
-7.12839 -3.16852 1.30131
15.6403 -8.06021 3.20653
-8.63023 -8.18929 2.20381
-3.67802 9.39211 2.23625
-8.54263 -6.92303 2.16958
-7.20381 -3.14105 1.44251
30.2692 -15.0081 3.96593
10.187 -14.2758 3.14175
-11.7907 -3.26332 2.14042
23.2794 -16.2854 3.69625
5.19237 -9.68727 0.487286
-6.24777 -9.21533 2.12217
9.00753 1.54473 0.0631822
-3.52869 -2.48326 -0.604187
-3.49038 -2.30296 -0.609977
-4.43783 3.77944 0.237156
10.8559 -2.01042 2.64333
3.13446 -0.497523 1.21629
5.47341 -8.34806 2.77045
-10.1954 0.563061 1.82884
4.81239 -11.0403 1.04624
-7.10079 1.07466 0.00629734
-8.23527 -2.09092 2.50707
-4.18634 4.99782 0.165881
6.36592 0.351349 1.40326
5.76537 -8.57676 0.322985
7.79875 2.42067 2.75832
25.4886 -9.47224 1.10809
0.505736 -6.30776 1.6987
7.42371 -9.51421 2.68594
-8.62157 4.32891 1.69994
-5.49328 4.90159 2.34136
-1.32781 6.36801 2.39511
-6.84122 -7.16624 -0.537806
10.6963 -16.2165 3.25679
9.96234 -5.1521 0.00933676
-8.53015 4.53146 1.67708
-8.37907 4.76667 1.72643
15.4765 -8.4575 3.20811
-3.45262 16.8097 0.699061
-4.5976 13.7037 -1.67549
-4.34722 9.87424 2.10365
22.5265 -21.1922 3.2633
-5.49149 5.98453 1.45413
-2.90712 8.12561 -1.3342
-4.23241 10.1096 1.89603
-4.52446 13.8944 -1.69382
-4.2661 9.96882 2.20111
13.3185 -6.80908 0.197731
-6.28671 -2.70582 2.51209
29.0357 -17.8848 2.54296
-5.45275 6.03088 1.45561
-0.890291 -1.49569 -0.543903
-10.1723 0.311314 -0.638023
8.46088 -7.72479 2.61522
14.4614 -12.1651 0.945425
-3.45022 14.5243 1.38857
-6.05907 -6.84072 2.70008
7.31513 -7.49654 3.28431
5.41155 6.84649 2.47311
-8.5755 4.12711 -1.30657
-6.13499 3.15277 1.54303
7.52201 -7.29341 3.28555
-2.49237 1.09708 -0.705862
9.86204 -10.0995 0.661245
-0.517145 -5.59365 -0.374308
3.99773 -4.58727 -0.25466
-7.00027 8.3118 1.87088
6.05588 -8.61048 2.78405
6.35825 -3.36974 -0.214657
-1.56615 -11.1798 1.3254
-6.84631 8.69182 1.92015
4.93054 5.68879 2.49324
13.0241 14.9127 2.51319
-9.30363 -7.96835 1.7075
4.8443 -2.04006 -0.316877
52.4224 -27.1985 4.03308
7.47223 -11.215 2.90657
4.72736 -13.8516 -0.167028
12.1499 -7.32784 3.40922
-2.68401 0.1043 -0.67843
-5.68696 7.91859 1.74604
-7.8875 1.09083 2.40902
8.31468 -9.51942 2.84383
-5.90681 -6.28267 2.75481
-2.49507 0.299585 -0.680542
-5.48747 8.06138 1.74651
7.16295 7.16438 2.67986
2.69087 -1.29957 -0.417179
4.47162 -11.5027 0.509116
7.30324 7.08382 2.69143
-8.54282 -3.26314 2.02694
7.63241 2.2137 2.92721
6.79196 9.21628 1.46423
20.5865 -11.0049 0.594397
8.66109 -9.70661 2.86626
-5.61787 -6.17381 2.77162
7.66146 2.17102 2.33327
-4.12544 1.10235 -0.0855908
-2.10242 0.302095 -0.665138
-5.24759 8.23043 1.74816
2.68298 -1.50278 -0.407401
4.39441 -11.7555 0.5099
1.92192 0.219841 -0.511694
11.315 11.5264 2.69145
7.23273 6.82616 2.69384
-2.13011 -10.9686 0.0864709
-5.89106 -6.91428 2.33604
6.20535 1.71866 -0.433596
21.4334 -20.6497 3.87202
9.32479 -10.5316 2.86773
-4.15468 10.2973 1.91925
23.3032 -11.539 3.21667
-2.27755 -2.69515 -0.544306
-7.36796 -1.09622 1.92913
-3.25525 8.79921 1.68963
-3.20205 8.91438 1.69628
6.27462 -14.3897 2.7134
14.3119 -5.04821 2.81227
-6.21595 -2.47933 2.12105
25.5618 -11.9059 3.67006
-4.11047 2.47177 1.0972
10.1358 -3.23577 0.923116
17.3662 -10.926 3.4192
-4.67813 9.0199 0.322338
6.35519 8.18689 2.11272
-7.14235 7.88102 1.12128
-1.80689 -10.7959 2.83587
-5.85824 -6.09151 2.75812
15.8472 -5.31795 2.89034
19.0626 -6.88608 1.88529
11.842 -10.2886 2.90638
7.6577 -14.9842 2.89053
-5.90259 10.9109 1.3081
15.7896 -5.65084 2.89945
-3.31554 -7.97044 2.48699
-2.21613 14.9337 1.77183
-8.72955 -1.70791 2.46892
-5.52631 -0.289033 2.01961
15.0824 -7.30176 2.89662
5.68832 -8.42829 3.1138
6.97781 -6.54342 -0.0522509
15.8733 -8.92525 3.14811
2.55882 0.0899942 0.501136
-6.13722 -8.91314 -0.453058
15.4628 -9.8584 3.17027
11.9135 2.01608 2.51594
8.32111 8.35575 2.69268
3.39986 -13.2789 -0.0749987
5.54947 -14.1236 1.73644
-2.49477 -0.306521 -0.656725
12.2212 13.1546 2.66178
3.22082 -13.1974 -0.0734111
5.1573 -13.9793 1.71384
-2.70421 -0.50647 -0.656566
14.6608 -15.3935 3.49994
23.6389 -16.6424 3.05048
-6.03227 7.12343 0.513195
9.21002 -5.31711 2.88799
-4.26072 1.83415 -0.248951
-4.93143 10.9457 1.48488
-5.4937 5.3012 2.34118
5.10293 7.10503 2.61165
8.37397 -5.17272 -0.0536143
-9.6011 2.40423 0.861149
-5.55977 -2.16459 -0.690487
16.0293 -16.6313 3.42336
-10.7285 -0.72401 1.72589
-3.08553 -2.20173 -0.600415
8.44999 3.22899 1.1086
-10.5947 -0.666336 -0.319644
17.9471 -9.52251 3.3253
-5.92679 3.37267 1.86214
7.04703 1.65318 0.489848
2.91011 -2.90787 -0.350738
10.4049 -2.63014 1.29357
13.5496 -14.9479 3.73837
-3.75564 2.8975 0.497606
0.897808 -4.53922 -0.363892
11.5079 -16.5527 3.61193
-7.91629 -8.52248 2.0826
-4.82565 13.4877 1.51081
-11.1285 -7.10576 -1.20269
-9.25274 -8.02207 0.0758727
2.10061 -10.9116 2.60645
-1.83557 7.10753 -0.936886
-2.52026 -10.7704 1.71036
4.17067 -5.76244 2.4458
10.1316 -10.1429 0.671877
-0.442677 -5.55021 -0.371602
4.10342 -4.50315 -0.255124
9.9199 -10.0907 0.655909
-4.40777 0.100996 -0.74373
6.22975 -11.9535 3.35227
-4.01143 2.40296 -0.253147
9.05979 -15.5452 3.08737
-7.50274 0.513626 2.43902
38.8764 -22.3616 4.4585
4.49786 -10.4952 3.30175
14.0063 17.2746 2.21028
-5.99635 2.18703 1.8435
20.807 -11.9211 3.11977
-3.30395 4.88982 1.88812
19.1416 -6.67981 2.06429
-8.27071 2.47246 0.585568
-10.0974 -7.67544 0.475281
20.1657 -11.6386 3.17371
-0.694382 -8.12839 2.8821
-7.10604 -4.68032 2.15706
8.30102 -9.58228 0.511081
-8.78374 3.95292 1.71342
8.04698 -6.98547 0.00887722
-4.6949 -9.93044 -0.596502
6.89188 -14.6786 2.70237
6.67686 -14.5771 2.74084
3.71091 -10.8992 2.91039
6.47889 -14.4946 2.69407
-4.2706 -10.0338 2.29096
-3.33153 17.1149 1.13882
7.06763 -8.94192 0.32512
-3.8672 8.21949 -1.05223
0.679445 -4.44676 -0.379519
-2.5005 -7.70736 2.94313
-11.9544 -3.9741 -0.799807
-7.92786 -8.59022 -0.779683
-3.98348 10.7271 1.90402
-3.52441 -10.3663 1.08995
2.54325 -8.02745 -0.148005
-1.48043 -11.2216 1.11277
-7.17802 -0.655234 1.90541
-9.68764 -7.82319 0.888907
-7.94294 2.3357 0.292087
-11.9093 -4.09247 -0.839781
-4.02252 10.6222 1.90033
-11.5802 -3.09098 -0.711574
-3.60675 11.6328 1.67394
2.36324 -7.92996 -0.0891985
-7.2252 -0.757772 1.92053
3.36698 -13.2113 2.32444
-4.8544 -4.86733 2.24253
-7.94358 2.9144 0.327276
11.1191 2.33046 2.08839
1.72414 -8.85611 1.33581
-7.27976 -8.78836 2.11298
-3.78629 8.98838 -1.36839
19.0373 -6.87789 2.6963
10.7197 -6.5038 0.091135
-2.18152 13.5522 1.61068
-11.1994 -4.24013 1.85346
-7.09693 -8.86843 1.89284
23.3531 -17.1036 3.76543
-3.91669 8.88832 0.547287
-4.74717 1.91244 1.96549
6.25903 1.86095 0.266434
-3.89267 -7.30598 2.86987
-1.22042 7.29757 2.36322
-11.9693 -4.70218 1.90795
-10.767 -0.893976 1.07237
-9.32926 -3.01934 1.99876
-10.7568 -1.12281 -1.12181
10.6812 2.50132 1.08884
-4.11035 2.4759 1.83491
1.88008 -6.91185 0.118386
9.09211 -7.6984 0.0864935
4.95688 -12.399 0.0970712
9.33309 3.063 1.3227
2.89972 -0.44318 -0.312621
-1.57099 -9.76484 -0.233511
-4.29623 -7.10026 2.85467
-4.68034 8.44264 2.26391
-9.49925 -7.86767 2.08996
-1.5209 7.89653 0.0538936
-4.91309 8.49001 2.20037
-9.63408 -7.80991 2.12406
-11.3046 -2.10514 1.70586
1.68613 -10.8742 1.66284
1.24735 2.0327 -0.595019
38.8995 -22.3386 4.17164
9.83074 -3.69148 -0.0570229
-2.59629 7.87466 3.19095
4.62883 -11.2676 0.984478
-8.49627 -1.70643 2.48425
0.981772 1.70432 -0.595255
10.4482 12.9692 2.57862
9.49984 -3.9817 -0.0559622
-10.1715 0.520126 0.884022
-8.73265 -1.48697 2.45872
2.30496 -4.07962 -0.332712
-7.31472 -4.50533 2.11543
7.98365 -12.9579 3.00362
-10.2845 -7.54482 2.1039
-10.4999 -6.51391 2.59363
34.8897 -20.3174 1.76678
-1.38438 -8.28633 2.99931
7.5968 -9.37485 0.490333
1.69153 -3.89535 -0.36128
-7.85513 -4.90156 2.11324
-6.31762 11.0345 0.168448
4.90325 -13.8414 2.68458
-7.0908 3.93954 1.79774
-1.91088 7.74968 -0.902612
-3.34621 -10.4043 2.78357
-9.78279 -6.94972 2.07416
3.67168 -7.04252 2.50469
14.9687 -5.96577 0.212671
-0.483967 -8.27932 2.5046
-6.76336 -4.07915 1.2892
-5.28852 0.111306 2.01388
9.57969 2.96975 1.48753
10.0978 -3.24241 1.70365
-12.0621 -3.91118 2.12084
-11.8932 -3.48964 2.10356
-5.32783 -6.82779 2.79586
-11.8202 -3.33273 2.07585
-0.326879 -5.23548 -0.380726
4.11454 -5.00053 -0.23281
7.57631 -9.34768 1.4873
-4.22297 1.03827 -0.500542
3.21325 -0.536157 1.09405
-7.67488 -0.307254 2.45349
-10.099 -1.52944 1.76511
18.991 -6.93338 2.93641
-3.88797 9.07027 -1.08231
10.8922 -16.2976 2.90495
-6.634 8.79895 -1.54599
9.73107 -10.0921 3.20102
1.67831 -10.4256 2.67088
-10.2331 0.47354 1.70914
-2.67972 4.6976 0.00477642
10.3333 -1.79262 3.16883
-2.63671 7.98187 -1.54125
-11.9238 -4.68362 -0.498295
1.87424 -10.4169 2.67705
-10.1937 0.563015 1.69523
18.389 -7.27112 0.375615
5.54634 -14.1145 1.9236
11.148 -3.68241 2.68078
20.1645 -14.3831 3.67121
-0.000245775 -6.37332 2.10935
5.90635 -13.6639 2.93756
47.4788 -19.006 1.92866
-1.48919 -4.12649 -0.460856
-6.8424 6.37092 1.61552
-4.41459 14.1748 -1.72095
-4.13266 10.3247 2.1711
-5.35777 6.33753 1.43366
4.27959 -10.9109 0.00927998
3.51511 -13.2378 3.21245
14.7303 -12.242 0.95862
-4.07512 10.4945 1.87881
1.49375 -1.69625 -0.439574
-8.14123 -6.97119 2.18473
9.33678 8.25541 2.61605
7.06795 -10.51 3.04276
-6.74587 8.94328 1.8907
40.7647 -18.6807 4.45673
7.55015 -14.9331 2.73069
-12.0222 -4.10984 -0.101345
-6.58248 9.33912 1.90899
-5.06878 1.89239 1.96115
-4.24578 8.97931 0.497109
3.10885 0.985142 -0.509264
-7.40556 7.28911 1.48036
12.0042 -7.70694 3.34674
-2.69104 0.498352 -0.692471
-5.61525 8.32808 1.73585
11.1625 11.5825 2.68042
7.10835 6.91793 2.68674
7.40185 1.91386 2.28899
-4.3606 1.23571 -0.0788199
-2.30675 -10.8978 0.0788217
-2.49987 0.696763 -0.693633
-5.46304 8.44439 1.73809
1.70487 0.0733145 -0.504844
7.06349 6.64076 2.69133
-2.30423 0.706049 -0.686922
-5.31353 8.54284 1.73864
5.57675 -9.98693 2.68224
-1.89584 0.900485 -0.678561
-4.86206 8.78647 1.74999
-6.31279 -2.30098 2.07123
-3.08028 9.23305 1.68192
-10.5019 -0.329841 0.319135
4.90829 -13.8536 2.31747
6.92183 9.13201 1.91012
8.4901 -2.63585 2.73887
-10.2439 0.0889204 -1.28835
4.05957 1.31378 -0.493299
7.062 9.06022 1.90781
1.75301 -10.5591 1.39092
-3.44301 10.009 2.22122
15.8356 -7.59516 3.25434
-2.93296 5.01615 -0.821506
-5.56845 -2.59196 -0.672981
10.3878 -2.61654 1.71563
0.302079 -2.89024 -0.450725
14.3532 -15.257 3.68748
-2.68631 -1.2914 -0.623248
23.2575 -16.6085 3.71862
7.0919 8.97175 2.1528
4.71076 -11.1033 -0.0992561
3.32964 -13.1603 3.10161
-0.334335 -9.10028 2.54512
6.88565 1.63589 0.104522
-10.8174 -0.952608 1.67811
-5.80754 -2.44742 -0.69059
10.313 -2.73387 1.71201
-6.74616 -4.0723 1.09575
8.09699 -3.0902 3.13768
8.10563 -3.31274 3.15211
-0.508555 -8.71498 2.52252
10.1534 -3.08927 1.70487
15.0391 -8.86362 0.330823
8.96605 -5.93819 2.78636
0.102893 -3.50319 -0.43722
29.0444 -17.8891 2.32836
20.1594 -20.1612 3.88618
8.29876 -11.706 2.83165
-7.74598 6.51832 1.90745
52.9821 -25.8629 3.6751
16.0776 -12.7013 3.41368
25.0813 -22.179 3.32638
-5.29809 5.69356 2.32909
-7.90747 -8.51135 2.50648
11.5081 -16.5498 3.29883
11.2957 -16.4589 3.2668
6.51461 -8.74928 3.27484
4.78733 5.4142 2.52259
17.4689 -7.61076 0.361192
6.26432 -8.55689 2.68245
-11.3968 -2.63634 -0.348641
10.3199 -16.0772 3.12603
3.06601 -0.504211 0.350807
-5.70112 2.87874 1.82541
8.92019 -12.5032 2.65445
6.5419 -11.3898 3.40372
22.7875 -12.7311 3.23036
18.2099 -6.64581 3.00224
10.129 -15.9948 3.09784
2.61523 0.191397 0.496731
8.32532 -2.00417 0.863224
-3.75919 16.0923 0.871011
15.527 -9.71877 3.16665
9.95102 -15.9291 3.07318
-2.10723 -10.9428 1.72119
10.8072 -2.23124 1.73926
-7.90307 -0.318426 2.45765
-2.6585 10.2848 1.64392
15.0088 -9.6304 3.19504
2.63289 0.242637 0.314765
15.5636 -15.3084 3.68194
-11.2004 -1.89629 1.47493
7.41965 -1.70185 2.55228
0.166151 -6.18716 0.699185
11.468 -9.24717 3.00367
-0.115362 -5.42263 -0.361333
4.38841 -4.72029 -0.231694
10.3162 -10.225 0.654126
-7.47933 -2.98879 2.18065
-9.50536 2.28826 2.08012
3.85597 -7.08542 2.65121
9.06534 -15.5543 2.92432
-5.88512 2.24934 0.449571
-11.7858 -3.427 0.661731
-6.73679 -4.21034 -0.50428
-1.28043 -10.879 2.56858
-3.37422 -10.4286 1.08044
38.3371 -15.059 4.09279
16.6418 -6.07024 2.95248
-9.10037 -8.09188 -0.291369
8.49706 -15.3252 2.86704
-4.07763 8.76252 0.245905
-7.29162 0.501352 2.44704
4.67298 -10.4538 3.31038
-5.87395 11.0534 1.88586
4.29204 -11.1525 2.88502
-4.89104 7.30732 2.29827
-0.346938 -11.6625 1.87136
9.63506 -3.48016 3.21274
8.07551 -9.40165 2.48097
2.71518 -0.694239 -0.43762
-1.68617 -9.56224 -0.29004
-5.54976 11.3749 -1.15221
-4.41731 14.4875 1.27193
-9.30031 -7.95174 2.12615
-4.61174 -5.02613 2.26698
-8.57485 -0.445495 2.28549
-11.0444 -1.50863 1.52107
-7.55888 2.74248 0.255064
-5.09934 7.28052 2.29184
-3.4986 -3.87962 -0.539272
-0.51569 -11.6006 1.8886
10.7709 -5.67601 2.69992
-3.16306 17.5831 1.21993
-1.68714 -8.31033 2.99362
-8.16964 -8.42575 1.88513
-0.167603 -6.82304 1.69483
-6.70217 -3.36413 0.903776
-8.49344 -8.28818 1.90635
-1.43657 4.84644 -0.827508
2.65478 -0.0969187 -0.829812
4.32957 5.72506 0.227551
11.4728 2.19454 2.51622
17.8839 -11.9626 0.547236
-5.3169 3.03723 1.8987
7.99688 2.69775 2.39298
-3.77546 7.55795 1.72169
10.7044 -16.2377 3.05612
-5.69017 -9.4954 -0.126578
14.2576 -15.0702 2.06065
14.0927 -15.3638 2.07077
16.8048 -13.1147 2.50102
-11.2134 -2.15851 -0.487896
9.66343 -5.47302 0.00920777
20.5442 -7.62927 3.11484
-11.5734 -3.09172 -1.12248
-3.60127 11.618 2.10256
-7.72007 4.122 1.7337
-11.0517 -7.2199 2.12884
2.27477 -11.0825 1.53957
-10.7338 -2.06643 1.88913
27.2329 -14.1421 0.974263
7.67163 -1.89891 2.56185
-4.57099 -4.18395 2.33879
10.1437 -3.09256 1.90026
-12.1314 -4.12322 2.09681
-8.54443 4.29466 -0.305266
-7.40006 7.4012 2.00107
-0.495909 -2.88486 -0.481904
20.7409 -13.1241 3.69764
-8.87099 3.70575 1.10044
-7.44075 7.27776 1.93412
19.8609 -11.4669 0.583152
28.6764 -18.6574 2.55198
-5.37227 12.2403 1.73884
10.5597 2.576 2.28048
9.47827 -13.8119 3.10356
-5.72588 -3.72905 2.15131
-5.94111 -9.38241 0.281462
23.9033 -16.1198 2.68173
-3.93261 2.50373 0.690013
26.953 -22.9678 3.51652
-9.062 -6.94067 -0.619347
-11.7408 -4.28254 2.46669
10.7194 2.51051 2.30993
15.1593 -13.4055 0.515346
22.434 -21.0903 2.86382
24.127 -15.2766 3.71548
-4.81219 5.05158 1.77024
9.69403 -13.6759 3.10556
-5.56456 -3.78679 2.17854
8.13897 -4.90943 3.21123
-3.31459 14.7564 1.40679
-5.92345 -6.51657 2.76954
-5.5017 6.31435 0.265664
-6.52448 7.10911 1.6069
11.804 -7.89456 0.187156
-6.47973 7.25442 1.61984
25.2532 -15.54 3.66885
53.0214 -25.8776 2.9543
33.9544 -17.0864 4.24017
-2.30089 -9.07438 2.47541
-2.7043 -4.06091 -0.503451
-11.915 -3.71847 0.701985
-11.6648 -3.27207 -0.807469
-3.6595 11.4873 1.91131
-1.15321 -11.3563 -0.111328
-4.09492 0.292372 -0.739717
-7.0778 8.09296 1.72009
-7.29968 -6.10686 2.69914
-4.10588 2.46134 0.899755
3.08836 -9.9158 3.22294
7.09614 -5.30924 3.1916
-6.32286 -7.79916 -0.420108
19.2178 -6.34952 3.00068
-0.0982562 -3.28715 -0.451078
-5.02115 2.03325 1.95932
-4.32374 9.05966 0.534534
3.22007 -0.576171 -0.272197
9.72567 2.91065 1.1758
-10.3317 -7.51791 2.60546
-2.49911 0.907146 -0.700461
-5.45723 8.80917 1.72587
-1.32502 1.11702 -0.659846
7.5342 1.30839 2.39704
-3.0876 6.52307 1.83614
-4.34092 2.5661 1.10251
1.59262 -7.29464 0.830902
-1.8854 3.10537 -0.761367
-4.24242 1.83469 -0.0698155
-2.28566 1.10932 -0.698135
-5.30326 8.9078 1.72663
7.79529 -1.8024 0.254146
-2.10364 1.09552 -0.692247
-5.16401 8.98468 1.72593
-2.09738 1.2998 -0.699079
-5.07885 9.02783 1.72517
-1.70209 -7.61147 -0.326718
13.43 -14.6401 3.79966
8.74993 -6.34828 2.87932
-3.94388 8.61095 -0.805442
-5.49038 -9.50198 2.67249
-0.483457 -9.83072 2.4892
6.89217 -13.703 0.202008
-8.63886 -0.578123 2.40821
3.83346 -13.3822 3.10283
12.4983 -7.33324 0.191171
0.31078 -6.28001 0.311029
-4.72784 1.28199 -0.806438
-6.1095 3.27874 2.38498
4.24406 -5.72428 2.47451
10.763 -2.29837 1.71705
0.693238 -2.71131 -0.438988
7.41655 9.08327 2.177
14.3396 -13.9073 0.508709
-10.2827 0.117707 -0.116971
4.98094 5.84759 2.50323
5.79593 -5.49877 -0.139451
8.49145 -2.75346 3.13226
8.77838 8.05519 2.72057
-5.40735 1.00776 1.9895
0.707871 -2.92805 -0.434537
-10.125 1.31043 0.194022
-7.08948 -6.4542 2.26742
-5.10577 6.29905 2.32099
8.39528 -9.60626 0.557108
-0.659339 -8.02699 2.87142
2.50129 -4.11413 -0.32077
13.9682 -12.3644 0.135674
5.7487 -5.56715 -0.139878
8.45506 -2.8915 3.13549
-12.1124 -4.29337 2.10277
-5.94484 -2.34401 -0.70032
-0.516601 -8.88487 2.52309
10.1989 -2.96125 1.70607
5.91934 -8.73286 0.593664
0.0857277 -3.27738 -0.445861
-3.7658 2.92641 1.09395
-6.17783 1.75031 1.85466
16.1255 -12.3596 0.516551
-6.42982 10.5816 0.315529
-7.11103 3.49849 1.82636
15.4562 -5.74192 2.64958
-1.09615 -1.90833 -0.537807
-8.30331 -8.44833 -1.0378
13.5053 16.0533 2.27717
5.42378 6.87362 2.29716
-7.03001 8.27259 2.01107
8.05885 -4.08759 3.17065
-3.40147 8.3551 0.00796988
7.71729 8.91419 2.47419
8.51892 7.53133 2.73219
-7.395 7.28242 1.2835
-8.53266 4.12111 -1.08412
-4.58111 6.76352 2.31617
23.7963 -16.3277 2.5118
12.3735 -4.50821 2.51763
9.9295 -3.33599 3.20766
5.94647 -8.01239 3.25702
35.9863 -26.6861 3.62689
-8.62653 4.26862 0.903395
7.47904 -9.49615 1.89993
7.68893 2.10293 2.6942
-8.70005 -6.04711 -0.639604
-4.93276 13.3124 1.71419
-9.74009 1.28934 -1.41225
37.1001 -19.2463 4.41155
7.40281 -9.69133 1.89115
10.8418 2.43405 1.1029
2.71551 -3.90566 -0.316884
10.2802 -2.91134 0.926098
17.5395 -10.5091 3.40682
-10.6991 -0.723632 1.12605
-11.8331 -4.87649 -1.40445
-8.33616 1.3405 0.111939
-11.7128 -3.09766 1.713
-1.30828 -11.2447 2.50271
8.35519 4.26988 2.2003
-3.4535 5.88844 1.84773
-2.79954 13.0314 0.351367
-2.09672 3.27656 -0.780384
12.1483 -16.8047 3.45489
10.2226 -3.04216 0.927123
17.4663 -10.6879 3.41192
12.1488 -16.8099 3.2719
2.48317 -4.42612 -0.306279
-7.09143 -4.3405 2.1027
17.4769 -10.6964 3.29307
3.26678 -0.561563 0.914306
9.71966 -15.8412 2.93747
-3.79217 15.9747 0.874271
15.5801 -9.59748 3.16339
2.67107 0.351344 0.5059
-1.30583 -2.28296 -0.529277
-5.11526 -3.94846 2.1793
10.2864 -10.2889 0.460842
12.0371 12.4875 2.36436
5.73669 -10.9785 3.35528
13.0693 -14.6613 1.82565
-2.28807 0.300225 -0.672933
-5.33031 8.17459 1.74775
6.3552 -11.9526 3.28813
5.53052 -12.5806 0.0998403
-1.92589 -10.9924 2.68123
9.51561 -3.27203 2.3594
10.2963 -10.2947 0.862893
6.84833 9.23448 2.05938
6.92377 -10.9151 2.92659
-4.40045 1.72848 -0.749501
19.1343 -6.70039 1.88581
8.57754 8.167 2.7044
3.66809 -13.3859 -0.243108
7.90832 -15.0856 2.68615
-11.8541 -3.4884 1.08996
-4.48294 -3.89065 -0.576277
-9.57474 -2.28612 1.9423
-4.53198 -9.97445 -0.258384
-4.88589 9.00668 -0.08543
16.2421 -12.84 3.20515
2.90733 -7.89189 2.63619
-5.11679 -9.7166 0.683546
18.1768 -19.3167 2.95761
26.3901 -9.98576 2.97791
-7.00132 7.91948 -1.4403
7.75127 -15.0204 2.66584
4.52435 -10.7358 3.30371
-7.48371 0.886449 2.42677
-0.357659 -11.6861 0.0830737
-3.22424 4.90048 1.91592
19.0424 -6.83628 2.92797
-0.86824 -11.4225 2.84684
-4.90018 -6.8893 2.82434
3.98407 -6.3713 -0.177248
-0.501133 -3.89175 -0.441423
-2.89793 -8.50239 2.43212
-5.2632 -9.63197 1.69544
14.0872 -9.53536 0.321526
-8.67999 -8.26102 0.0828967
-9.24039 0.645937 1.7154
3.87739 -6.44545 -0.177533
-0.69607 -3.88743 -0.447642
-5.02837 1.30962 1.97886
-0.710815 -11.5592 0.898589
5.68495 -8.7056 -0.473526
8.36532 -6.12539 2.68606
9.28771 3.09951 2.29448
6.47833 -13.4252 2.94197
6.41281 6.64955 2.0477
4.89245 4.46645 2.202
16.6917 -12.381 0.528286
5.36125 6.69891 2.17005
21.5654 -18.8282 3.72435
-6.49307 3.53023 1.84739
-5.08613 2.4044 -0.857263
-5.64206 11.4579 0.770642
8.44144 -2.93478 2.48031
19.473 -15.0066 1.0758
-5.44651 12.0619 1.71065
-12.0139 -4.59124 2.45957
-3.28398 7.63493 -1.011
-11.1551 -7.12738 2.08944
11.6215 -4.16112 2.43621
7.82029 2.35464 2.45734
9.20804 -9.50388 2.77699
5.06696 5.87166 2.18088
58.8626 -24.803 2.4023
2.52428 -1.90768 -0.401545
-7.09783 -6.75394 2.17198
13.1927 15.2959 2.34147
5.01339 5.88403 2.3093
0.975577 1.72172 -0.603166
-4.66306 8.94771 0.0544165
4.08054 -10.5812 3.27922
-3.2778 7.65288 -1.01283
-11.2237 -6.97528 2.08432
4.93247 5.68762 2.30389
-6.54283 -3.47204 1.09818
-2.28589 -8.09978 2.96175
0.897342 -4.30358 -0.373532
-2.30472 -7.90835 2.95964
15.629 -5.70174 0.220854
-9.22804 2.83512 0.898757
32.0024 -19.4327 4.17464
4.66321 -11.0963 0.896782
-10.7795 -3.19842 1.80633
1.08122 -4.47083 -0.361897
-2.03471 -7.77136 2.9585
-6.47032 3.27614 1.53022
7.13324 -7.33636 3.26943
8.21248 3.34283 2.702
22.025 -20.9797 3.76313
9.97077 -10.8641 2.91031
11.7473 -8.32107 3.33036
-2.89135 1.09961 -0.717924
8.65647 -2.46023 2.49762
-9.10484 3.10144 0.895409
-5.09164 -7.23765 2.51122
-6.24961 -1.5522 -0.745425
15.4128 -17.2139 3.42437
14.672 -6.07404 0.209909
4.64025 -11.1127 -0.210907
3.27243 -13.1553 2.89066
10.4435 2.61541 2.12585
-5.41026 12.2048 1.85861
-12.0496 -4.47979 2.30236
-3.10552 -1.09308 -0.648643
-9.46153 2.30896 1.50471
5.13265 -11.1767 2.72639
-9.36761 2.53117 1.49918
10.5345 -3.4785 1.10058
-9.50017 2.90588 0.18881
-3.09708 -3.29023 -0.549004
-9.74807 1.49955 0.720395
-10.6668 -1.73342 1.93536
-3.31457 -9.04056 -0.403406
-1.95104 -10.9769 2.84298
-6.12678 -6.32059 2.75983
2.77324 -7.22677 -0.182755
6.875 -2.69786 -0.219994
-9.29896 2.69741 1.49587
-3.10957 13.4458 0.604235
10.4477 2.61404 2.65315
12.2305 -11.6434 3.02516
0.504494 -6.31331 1.49799
-4.05824 0.691204 -0.753246
-8.88553 3.71323 1.48788
6.29329 -5.95402 -0.0990497
57.8318 -26.4893 4.34432
-8.81832 3.87213 1.49014
5.05613 -5.44278 2.60536
-1.7246 7.70302 -0.488479
6.22087 -6.05231 -0.0988152
-8.77849 3.94798 1.47665
-4.71464 -9.89269 -0.275182
6.16131 -6.16166 -0.0993594
-8.71996 4.08889 1.48086
9.15951 -3.31237 3.18019
-8.47035 4.00632 1.50498
7.929 -9.2617 2.30128
-8.17692 3.97553 1.4536
7.45533 -9.49418 2.30819
-6.28118 5.5411 0.645231
-8.62522 4.32597 1.46733
19.4119 -19.9018 3.26194
-6.1748 5.71887 0.627251
-8.55385 4.50579 1.49369
-6.13652 5.89809 0.634389
-8.47185 4.69774 1.49667
-8.38956 4.82186 1.49501
-3.09271 3.91441 -0.850848
16.351 -13.5018 1.71595
13.7234 -12.5853 1.04857
12.8806 14.5674 2.48885
4.75497 5.29023 2.50905
3.40811 -0.634012 0.225747
-5.54337 3.04974 1.79283
-3.82536 2.75098 0.694925
-0.497675 -4.75463 -0.406271
-5.57436 -3.25559 2.06482
-7.32502 7.50852 1.65423
-6.1905 -4.70809 2.10544
-1.55525 -11.1781 1.50453
-3.28722 -5.29824 2.30998
5.00617 -5.34982 2.61213
-1.91779 -11.0582 -0.0946517
-1.29303 -2.09516 -0.536413
1.88094 -10.1136 3.1113
-6.47373 10.8026 0.320884
12.7909 -4.40822 2.75907
4.69436 -13.7557 2.70896
5.86943 7.91361 2.30886
-1.32381 -11.3066 0.0805303
10.1367 -7.51677 2.64825
7.24976 -2.36171 2.20037
-3.91264 -7.71543 2.68849
9.33422 -10.4273 0.1845
-2.09322 -8.47112 2.52315
20.6391 -10.5494 3.15956
-10.1505 -2.08442 1.91934
-2.49437 -3.49742 -0.521852
-6.83264 8.68746 1.69466
-8.17184 -7.29902 2.26631
23.1371 -15.6766 3.81018
7.14796 -10.3163 2.91732
-6.39042 9.31154 -1.51666
-6.11006 5.51826 2.29627
7.21898 -10.2404 2.86538
-6.10876 -9.26577 2.32808
14.2296 -11.4635 3.49469
-6.76109 8.87639 1.69865
-7.75049 1.50001 1.94151
4.28199 -11.5175 2.80493
-11.7065 -3.28149 -0.101362
-6.19307 10.2775 1.89264
20.6175 -14.325 1.25558
11.7225 -16.6379 2.71091
-11.6098 -3.09922 -0.100514
-6.11401 10.4931 1.88587
12.2054 1.88809 1.14853
5.15702 -10.5179 1.36539
1.71148 -6.15859 -0.267727
-3.83571 -7.13251 1.99378
-1.25817 4.64691 1.74063
-2.29278 1.49719 -0.713944
-5.26884 9.23523 1.7081
-1.69606 1.69959 -0.698613
-4.69909 9.53927 1.70835
-0.928717 -9.78401 2.54577
10.4305 -9.05173 0.182355
9.09593 8.81967 2.19012
5.03663 4.18834 2.2116
16.292 -6.05499 2.69028
-4.08268 -3.45661 -0.586024
21.5953 -10.5416 3.27561
-1.11786 -11.3556 1.90112
-3.23145 3.36434 -0.318987
17.972 -7.19015 2.99691
-4.74116 13.7004 1.1271
-10.0891 1.94227 0.83105
-0.690593 -9.33284 2.53388
-3.12151 -10.5212 1.69504
0.502122 -2.86834 -0.442577
-4.65882 13.9173 1.08837
-2.31128 7.00022 2.04531
17.8097 -7.61017 2.99859
-11.8363 -3.52399 0.703693
18.1437 -19.2907 3.4467
-5.30796 -9.64423 0.278964
28.5764 -13.7193 1.00463
0.168453 -6.28165 -0.108429
-4.28229 -4.00142 -0.569048
22.0321 -9.92698 3.74136
18.3589 -17.0594 3.56231
-2.66452 -10.7314 0.892793
-9.73224 1.69062 1.70581
2.69118 -0.326755 0.899802
-4.93237 0.889484 -0.79478
20.7633 -10.7781 0.595615
7.72711 2.47581 2.92113
17.3 -8.05576 2.95445
51.8812 -28.1558 4.77811
21.4263 -11.4549 3.68175
21.3528 -11.6298 3.67383
51.7385 -28.5062 4.78131
21.2448 -11.8658 3.68743
-2.43466 -9.01871 2.47006
-10.5507 -2.67231 1.81269
-5.08326 10.4959 1.51676
-3.67097 8.42198 -1.62522
-8.88019 3.70966 1.30997
20.7321 -13.1321 3.80097
10.5113 -16.1519 2.32212
20.671 -13.2719 3.80346
20.2518 -14.2667 3.83681
28.6035 -11.867 3.83309
6.69803 3.11003 2.83707
-2.77076 8.35446 0.461359
12.5226 -6.49795 2.96128
16.5447 -14.0943 3.3646
-3.33148 4.50548 1.94243
1.44791 -6.78445 0.330349
-8.25816 -8.41992 0.879235
5.87876 -5.46062 -0.140376
-10.1728 0.192795 -0.978389
-9.03373 3.35865 1.48905
4.73214 -4.78966 2.60061
-8.34674 -8.37873 0.881436
8.85695 -3.69902 3.19246
11.0823 -8.37138 0.183038
-8.51904 -1.30194 2.46662
15.8568 -14.7307 3.35044
10.8758 2.44208 2.28822
-8.89615 -6.93345 -0.612259
-5.22481 1.55528 1.97185
-4.85264 -3.91625 1.97709
1.74311 -12.5419 2.10993
-6.49436 5.89767 0.80318
8.70901 -4.08484 3.19941
-11.8106 -3.3375 1.71314
5.12887 -13.9226 2.51786
-2.71722 5.70484 2.35661
-1.47853 3.85796 -0.777976
-3.82754 2.64936 -0.0977651
-4.64411 9.08962 1.76391
-1.50435 1.29992 -0.67517
8.34587 -2.0525 0.206718
9.11106 -13.142 3.36496
-9.10034 -8.04817 1.50221
11.9491 -16.7496 3.11684
28.8088 -18.2338 3.59774
-4.82129 13.4719 0.976966
-11.1297 -7.09595 -0.635736
4.93676 0.143427 1.16787
19.5796 -7.27268 3.09503
11.5176 -16.5729 3.12385
11.2933 -16.46 3.08999
3.22279 -0.569241 0.248586
-5.63745 2.92611 1.76167
-3.36488 -10.4289 1.27862
5.16332 -4.7611 2.58583
-11.9216 -3.71212 0.888481
-11.2187 -2.05373 0.702237
-5.58268 1.88362 -0.860266
7.35994 -14.8513 2.51162
7.86491 -9.34901 0.110383
7.24255 -14.7997 2.50462
10.8569 -8.6973 0.183685
-9.3098 -7.97933 0.917714
15.6553 -15.093 3.36636
-9.98108 0.964614 0.885977
7.92955 -9.13478 0.088133
19.6963 -11.6463 0.581794
58.8618 -23.9594 4.74184
4.2222 -11.149 2.79568
-1.69083 7.70522 2.33842
-3.41531 13.6267 1.56653
7.08828 -14.7546 2.47906
-8.40486 4.62732 -0.431446
12.6791 -8.28414 2.89618
7.82623 -8.6419 3.27402
6.26742 -14.4208 2.47946
24.6986 -15.4282 0.923878
9.53592 -4.51103 3.11686
-2.92696 12.8554 0.377165
5.91064 -14.2723 2.33937
-11.7929 -3.26367 2.26702
3.06015 -13.0436 3.10079
5.54625 -14.1179 2.29737
2.33703 -12.8087 2.06699
-4.79639 11.1915 1.50606
-3.02101 5.25587 2.27107
20.2325 -14.243 0.93043
11.3051 -16.4724 2.53474
-8.61766 -8.15398 -0.571662
4.7462 -13.8203 1.47458
0.650485 -6.39949 0.918683
16.324 -13.3859 3.08617
7.86342 -4.09394 3.16335
-5.97342 7.17003 0.754534
7.5598 8.98396 2.46438
0.50715 -6.34064 0.903389
-3.07289 5.10508 2.25098
-1.69445 3.26096 -0.759074
-8.68895 -8.26665 -0.465043
38.8591 -22.6525 2.80429
52.6066 -26.8856 4.40751
-0.521679 -11.6057 1.71775
8.0728 -6.87075 0.00848697
-1.89059 6.1006 -0.895235
-5.31403 2.22118 0.146507
-0.708205 -11.5295 1.71274
-5.20975 -7.20454 2.40757
-10.5776 -0.670857 -0.705317
-7.74216 2.98721 0.486005
-3.69366 -7.51096 2.87906
4.69442 -3.84214 -0.253948
-7.88951 2.9257 0.533543
10.5783 -6.65992 0.091142
11.1088 2.331 1.69978
-7.28338 -8.79306 1.90273
-1.40258 -8.42798 2.99723
1.68972 -3.67425 -0.365272
-7.809 -5.01366 2.118
-1.55436 -11.1772 1.67602
-1.71603 -11.1081 1.69858
-8.10366 -0.323559 2.45
-5.50813 -3.10948 -0.653145
-2.42815 -10.8111 1.70458
-6.71255 -9.03486 1.68472
-6.90399 -8.95982 1.67748
-2.29713 -3.10369 -0.527902
-2.49243 -3.08461 -0.533359
-10.8186 -1.31805 -1.31934
10.5446 2.58956 0.944669
-4.05099 1.28344 -0.496981
12.9591 -9.61225 2.78901
-2.70656 -2.88374 -0.548746
-4.34835 -2.68947 1.9324
5.26492 -6.06786 -0.140574
8.08939 -3.30973 3.14752
-6.67799 -3.89258 1.09867
-4.29176 -2.51913 1.90644
-6.62102 -3.74128 1.10623
18.5376 -19.4634 3.15393
-6.57795 -3.63888 1.08878
-6.89903 -3.28363 1.10264
34.1646 -20.7638 2.98196
-11.1546 -7.11282 0.904427
-10.214 0.453904 1.10803
58.784 -24.3571 3.18776
-8.9912 -1.44625 2.13298
14.8978 -12.2211 3.21022
-11.8425 -5.08275 1.89428
-1.28371 7.09731 2.38311
-11.8964 -4.89296 1.90891
-0.707351 -11.541 1.28747
7.28316 -3.10178 -0.186418
13.0643 -14.7903 3.77424
-3.11948 -10.5152 2.09702
10.5407 -2.61669 1.89929
-9.52112 2.09941 0.912951
10.1256 -3.09761 2.09187
-1.4836 7.9144 2.33679
-3.09273 13.7639 1.57318
-6.95059 -5.67145 -0.597933
-12.1216 -4.12289 1.89756
-5.49046 -7.0674 2.69555
5.95087 -11.8247 0.0955173
-11.9579 -3.672 1.89651
-10.2889 0.310141 1.50417
8.80826 2.03463 0.119699
-10.2238 0.470822 1.51809
8.85263 1.95008 0.137521
-10.1852 0.563066 1.51304
-9.96024 1.10456 1.48642
4.5225 -8.71757 -0.054099
3.27059 -10.6882 3.10691
-3.96171 8.18016 -1.05282
6.09284 -14.3247 2.73189
-2.70867 -7.69727 2.9357
-3.13882 13.5724 0.610225
10.4946 2.49132 2.69279
12.1709 -11.729 3.02817
-9.68527 2.30079 0.253396
-10.8484 -2.29655 1.9165
12.1828 -7.2646 3.2691
-10.0261 0.832025 0.687787
-7.0195 8.2412 1.63963
-6.16735 7.98064 1.56076
-1.70397 -9.31972 2.50522
21.602 -11.2059 3.45984
-11.4962 -2.69355 0.880303
-6.57345 9.31456 1.69737
4.63396 -10.461 3.307
-7.49053 0.513453 2.4414
-4.23118 8.80823 0.248632
-5.06884 9.70023 1.69384
-4.83747 9.83837 1.69671
34.1775 -20.7707 2.73058
-1.69846 2.10349 -0.712884
-4.68843 9.91661 1.69761
-4.5695 9.98017 1.69875
-4.48093 10.0296 1.70008
-11.5707 -3.1155 -0.8477
-3.60013 11.6169 1.88236
6.12918 8.62234 2.50461
7.63518 -9.54384 -0.739002
-8.22181 0.427095 2.32113
7.88036 -5.69909 3.23515
-8.48294 4.30281 -1.51003
7.57689 8.63034 1.77735
-6.10877 -3.56323 2.16032
11.389 12.7184 2.6434
-6.78164 8.74577 1.76416
57.7293 -26.8795 3.18993
-5.89194 -3.53342 2.15302
11.4957 12.654 2.64709
16.2241 -13.6501 2.69026
9.71327 2.91315 1.51195
-3.13093 3.69752 -0.617663
16.4186 -13.3065 1.90204
9.90292 2.83844 1.49606
21.9213 -20.867 3.10004
-9.50227 -7.9275 -0.103843
-5.65286 11.492 1.11394
19.4495 -15.0052 1.3843
-12.0024 -4.63047 2.11749
4.80301 -2.60699 -0.296132
-10.1807 0.543248 1.31676
8.98623 1.95989 0.34627
-11.1377 -4.10048 1.83682
11.274 2.27607 1.70252
5.75307 -2.48441 2.4205
1.69999 -7.06053 2.54671
8.75027 -2.96049 2.28242
-8.92186 3.52001 0.73172
-8.17283 -8.43498 1.68265
7.86781 -5.72235 3.23568
-8.41556 4.45339 -1.588
3.78138 -10.3835 3.26116
-8.16428 0.535974 2.31032
-3.81239 2.63491 -0.519362
9.22808 -15.6107 2.80737
-2.78655 5.76214 1.94681
17.2882 -6.42708 2.73429
-4.96019 1.1468 0.161407
-6.84845 -9.00054 0.878875
22.3118 -9.31892 3.5112
-4.97008 1.29286 0.162713
22.2265 -9.51188 3.51081
-6.49471 -6.50042 2.74546
-12.0115 -3.97118 0.523149
6.36997 -2.48829 -0.24558
21.7595 -10.7168 3.53801
35.2035 -26.4582 4.09723
1.55524 2.42339 -0.596505
10.1528 -3.24833 -0.0745688
27.1451 -20.6527 4.00487
-1.71584 -11.0974 2.07913
-10.2996 0.315558 1.71744
15.0864 -5.13841 2.85571
6.16679 -2.74718 -0.242456
-8.22873 -7.01338 -0.587111
-3.70648 3.41485 -0.127364
-1.29691 4.52413 -0.802466
-6.83195 -8.95156 2.64112
-10.3689 0.157826 1.69768
1.51021 -10.1127 2.6611
21.6756 -10.9108 3.52377
-1.89832 1.90062 -0.712389
5.34221 -5.15034 -0.174948
-5.56709 0.792105 -0.820978
-6.90054 2.71038 2.369
0.162687 -6.26889 0.100668
-3.80472 5.06468 1.86803
10.51 -16.1519 2.06707
4.50991 -7.94878 2.74037
20.685 -13.2781 3.64353
-9.77997 1.54375 1.49639
5.16781 -5.32138 -0.174916
7.63739 -9.09833 3.08731
-2.50891 2.90295 -0.779401
-3.98478 15.5095 0.950526
-3.92598 15.6823 0.9115
-6.12613 -9.29174 0.898384
23.8185 -16.3316 1.97022
19.0392 -13.9362 3.4971
-0.931412 -4.32003 -0.439225
3.51898 -5.93226 -0.205948
-5.93612 -1.31423 2.04407
18.6055 -13.7997 3.43469
-3.99523 3.68916 0.0153159
-1.71984 -11.1257 0.908934
8.74894 4.60593 2.49953
8.91188 -15.5083 2.4894
-4.13198 2.43065 -0.817378
9.85859 -3.72952 2.91412
-6.34949 6.49821 0.857938
8.93893 -4.70716 3.22812
-8.23588 1.63834 0.111091
-11.5808 -2.78126 1.69345
-6.70799 -2.71435 2.07659
2.87702 -5.87261 -0.235141
8.82597 -6.25003 2.87628
8.46786 -15.3888 0.127292
16.4612 -13.093 3.11727
-8.28068 -8.43517 -0.424954
6.70708 -9.28419 2.821
0.30717 -6.2813 0.0996757
21.2589 -18.1065 4.13929
5.12386 -10.1023 -0.128873
19.804 -17.511 3.91857
2.57263 0.107351 0.695665
8.05655 -1.91659 0.478101
-6.36764 -9.22277 -0.276261
19.3577 -17.3249 3.85062
-7.31621 -7.33031 -0.510937
-11.3914 -2.63097 -0.490601
10.3045 -16.0542 3.29803
5.46012 -9.64603 0.0592856
5.82006 -2.62706 2.46654
-6.50036 -3.34212 2.48626
-4.52616 9.32382 2.2146
-4.44757 -9.96414 1.88538
-2.93599 8.16768 -0.0894485
18.7101 -18.0233 0.823128
-4.61631 9.24276 2.17603
3.28978 -11.3443 2.76985
16.5167 -16.311 3.44048
-2.27449 -5.87446 2.37301
21.9966 -10.0759 3.55735
-2.30732 -5.72753 2.37213
21.9206 -10.2858 3.51618
15.4909 -5.5425 0.217252
16.2537 -16.5567 3.44019
-6.57093 -3.68416 0.488259
13.6532 -12.9204 0.70836
18.5149 -19.4405 3.89813
13.1905 -14.1959 2.87167
2.0965 -2.69917 -0.384087
-2.63703 16.3849 1.34265
6.07874 1.9885 0.46454
10.8881 -2.29952 -0.279444
-5.74398 6.02756 0.469033
17.4197 -18.9794 3.81849
-4.34695 8.86177 0.110809
8.59635 -5.91766 3.27274
-4.31356 -3.03475 -0.610289
14.7437 -5.99405 0.209873
-0.704347 -8.28079 2.52414
15.4766 -17.0732 3.41521
4.39827 -10.7645 3.29784
58.9682 -23.5464 5.13672
-0.505903 -11.638 0.290977
8.47629 -6.08608 3.27236
-4.47179 -2.91691 -0.617835
-6.02401 1.78703 0.507505
-11.9838 -3.88001 0.493865
2.53395 -7.34207 -0.183203
7.50249 -9.49034 1.71941
-4.68115 -9.89756 0.681185
4.30371 -7.86198 2.70715
10.1129 -10.4935 1.08686
20.2612 -17.6972 3.66847
-7.72975 2.29571 1.84937
6.83773 -11.0211 3.26845
-11.7463 -5.18199 -1.27784
2.68258 -10.72 2.72152
-1.95369 5.3532 -0.868447
-4.98129 13.1498 1.52593
17.9975 -9.33491 3.37698
-6.30182 -6.74149 2.50043
-4.03408 1.09792 -0.765051
28.8095 -18.244 3.38799
-11.1282 -7.09476 -0.513491
4.89744 0.103255 1.20453
20.3159 -14.3191 1.40074
11.5184 -16.5689 2.92932
8.48386 -12.8642 3.23448
20.2231 -14.2414 1.39347
11.306 -16.4738 2.90047
-8.94381 -8.1828 -1.01228
11.095 -16.3803 2.90246
-4.56762 14.1279 1.47527
-3.65187 2.07602 -0.790588
14.0776 16.7291 1.90372
2.92998 -0.428745 0.694705
11.0986 -9.86028 3.3574
9.39185 -15.7101 2.67508
23.2085 -17.4362 3.95708
-3.798 2.79235 0.408486
-3.82257 2.07035 -0.795551
8.7308 -15.4096 2.6634
8.46643 -15.3214 2.52637
8.26611 -15.2382 2.516
-7.85541 4.29436 1.74937
8.15373 -9.48287 2.62357
51.7938 -28.5288 3.68702
-1.28828 -9.94895 2.53726
-6.66975 -3.41537 -0.676171
-10.1 -7.66129 0.905269
3.61576 -13.3705 -0.413684
-4.84068 2.18843 -0.842491
8.11638 -15.1838 2.4987
4.26972 -6.30465 2.61817
8.36725 -1.74263 2.58596
-5.10675 -4.06486 -0.593821
-10.2046 -2.55583 1.94852
6.68359 -14.5912 2.32886
-7.49023 1.58373 2.39998
-5.08245 2.72175 1.5843
8.59062 -6.7903 3.24033
1.30074 -6.92024 2.52857
-5.35726 -9.59324 1.69723
5.12527 -13.9392 2.09355
4.68719 -13.7554 2.10903
-6.55044 -5.5784 2.11853
13.7967 -15.0299 3.65565
3.10375 -3.07991 -0.342777
7.05762 1.63859 0.476115
8.66506 -2.51811 2.66298
2.90864 -13.0371 1.90154
2.81073 -12.9796 2.04533
58.2943 -25.4173 3.96448
3.7409 -0.944535 -0.397886
-1.38452 7.7246 -0.222608
6.70774 1.71187 0.303779
-10.4517 -0.0921186 1.46394
2.64343 -12.9823 1.9634
-5.68566 -9.43094 2.50839
9.72745 -8.23424 2.7491
-2.69286 2.28708 -0.762301
0.856744 -6.48279 0.882332
6.44972 9.46322 2.08631
-5.50714 0.685205 1.99697
5.66673 2.09167 -0.141962
-6.63348 -3.90511 0.0935134
2.21696 -6.98624 0.362921
1.70497 -9.34686 3.15979
6.50146 -11.8736 2.94681
-7.14742 7.88599 1.31623
-0.0666294 -6.69991 0.910775
-5.08441 2.04034 0.136356
34.3203 -20.2832 4.20763
-0.321902 -11.6765 1.69451
-4.89444 -4.03812 2.4323
-0.889482 -8.6749 2.53766
-1.29393 -3.69731 -0.475233
5.47725 -2.29337 -0.285658
4.85167 -11.3152 1.37153
-3.83229 3.38727 -0.167768
29.3882 -17.1204 3.99148
13.2751 -11.7721 3.06718
-0.525012 -7.71868 2.74844
15.2828 -12.3825 3.24819
-6.36682 -6.39061 -0.544699
-11.5394 -4.94604 1.86019
7.1193 -5.68178 3.20125
3.10683 -10.2462 3.23478
2.88677 -12.9881 3.09302
-7.78719 6.39206 1.54897
-8.40753 4.83038 1.34928
-6.06041 6.05965 0.536389
-1.16982 7.13062 2.38013
-6.60635 -6.36724 -0.553744
-11.7372 -4.92923 1.90319
-8.68546 -2.53242 2.3105
-6.23727 6.02284 0.488501
-6.25438 -9.21847 1.72083
-1.70051 -3.50323 -0.496287
-11.5291 -2.7026 1.10294
-3.90904 -3.0925 -0.593599
-9.07007 -1.50671 1.94687
-1.49086 -3.11505 -0.507274
-4.50112 13.7646 1.70357
6.17325 6.0973 2.0839
24.0719 -16.0916 3.05586
28.8167 -18.489 1.50012
3.97948 1.46836 -0.50254
6.91102 9.18381 1.92015
19.6153 -14.7361 0.923369
-2.28859 4.01839 -0.818952
12.343 -11.1898 3.18592
-4.04705 -3.43784 -0.581623
-10.3824 0.0878665 1.47587
4.02617 0.572148 -0.444968
-4.89998 1.89674 1.96153
-4.0916 8.9505 0.554556
3.29999 0.655602 -0.484833
-8.36589 4.47185 -1.04033
-7.3205 7.50269 1.49029
-7.23838 7.69701 1.50219
6.48337 -11.8646 3.2894
-7.1549 7.89451 1.51481
42.1838 -16.5638 3.94509
6.10183 -10.6153 1.36503
-12.0366 -3.93797 1.29954
-9.63336 -2.74875 1.97667
8.83016 1.94519 0.137051
-3.84243 -2.77594 -0.604399
-11.3825 -2.40967 0.925651
-7.42486 -5.46351 2.30157
-5.42328 7.25314 2.25062
7.03763 -7.43631 3.27131
-6.65692 3.35557 1.51882
6.75181 -7.35786 3.26051
-6.8325 3.41406 1.5063
-1.48379 -8.71334 2.69289
-6.11116 7.26315 0.82578
-3.68029 8.52004 0.0693373
4.14177 -13.5124 2.916
6.35346 5.31304 2.72857
9.65724 -10.0823 0.183806
6.51229 -1.83157 2.50161
-1.67698 -8.81175 2.48896
34.3131 -20.5627 1.75127
-6.26436 10.0839 1.68824
8.0988 -9.1018 2.85679
6.25576 5.13716 2.73428
7.05769 -12.2881 1.407
-5.90372 -0.889697 2.02749
-7.67952 1.69816 2.31044
6.33427 4.85057 2.74448
-5.68736 -0.698513 2.02593
8.44692 -7.11611 3.25386
-7.57613 1.88667 2.32137
-1.55194 -11.1735 1.87949
-9.60664 -1.86476 1.93079
-6.07184 10.5568 1.71357
8.33925 -9.5546 2.85316
6.46661 4.70473 2.751
-9.49389 -7.94426 -0.899827
-11.1769 -2.03807 -0.132067
-5.68402 11.5117 1.8687
-0.30341 -7.02616 -0.29463
-0.699122 -3.69288 -0.455928
-3.32926 8.303 -1.44848
-1.7039 2.51332 -0.731186
-4.71555 10.2976 1.67821
-0.512016 -3.51316 -0.457386
-4.5657 10.3711 1.67904
-1.49353 2.68854 -0.728501
-4.44151 10.4344 1.68034
-1.29966 2.71505 -0.724519
-4.27734 10.5109 1.68148
-6.27753 -4.25229 2.15429
-8.24446 4.08797 1.42374
9.57866 -3.49317 3.13949
7.92254 -9.3386 2.3073
9.119 -13.2247 3.07157
11.1042 13.4448 2.58492
7.77206 9.12107 1.77561
2.30654 -9.50526 -0.111575
7.71783 8.94562 1.75061
9.82565 -10.1934 0.531823
-5.67514 -4.08175 2.16518
7.7511 8.65872 2.65353
2.76102 -13.0349 -0.112527
44.7522 -24.621 2.55695
11.7089 13.3226 2.62932
7.39784 -7.69394 0.00858005
-3.76532 8.85934 2.25771
5.61159 2.42467 0.904582
-7.50088 -8.6986 2.12702
8.43464 3.37197 1.34537
2.48618 -0.288606 -0.452215
8.91733 3.24143 1.39543
10.0881 2.75824 1.48675
-8.09751 -7.07433 -0.583354
-6.64253 -9.03002 2.65245
-3.0528 3.89399 -0.630778
-9.90339 -7.77754 -0.657633
2.62417 -0.0581927 -0.0411898
15.742 -13.2557 3.18584
11.4489 2.19844 1.69657
-10.1376 0.685238 1.50712
4.90545 5.107 2.17559
5.96191 2.04987 -0.263535
25.1694 -15.7236 3.67199
23.4346 -21.4955 2.95772
1.29665 -7.02462 0.0056558
-10.1876 -2.47747 1.94191
-8.50832 -8.30204 1.10649
10.3329 -2.74455 1.10501
12.0944 2.69506 -2.08089
-10.6641 -0.520047 2.07998
15.8891 -13.2138 3.19918
11.6195 2.13154 1.69462
-3.89402 3.44311 -0.146529
2.59551 0.221911 0.962505
-1.45964 4.54909 -0.814657
-8.3167 -7.00891 -0.590311
-7.25815 2.69472 2.3164
20.7766 -17.9168 4.06666
15.1526 -9.20641 3.49989
0.49843 -1.90429 -0.47682
8.08681 -1.55597 1.16966
-6.30593 -3.46551 2.2877
1.91611 -7.06168 2.55596
16.1209 -9.13346 2.97755
-5.43972 -9.60316 -0.192596
24.9452 -15.173 0.92645
5.84313 -1.6146 2.32621
19.1587 -6.53845 2.91501
25.4587 -9.6451 0.863803
-2.52951 -5.54574 2.35374
-10.2926 -0.0891086 -1.55719
-5.44919 2.33127 0.209801
21.8072 -10.6427 3.45113
6.24567 -2.65002 -0.243654
7.86209 -9.31715 0.676079
7.08054 -2.30267 2.20254
28.9638 -18.0909 1.92427
23.7076 -16.4716 3.30336
28.6107 -18.8689 1.93153
-6.45101 9.24905 -1.49442
10.3588 2.42805 3.01799
-6.71439 8.90703 1.10354
-6.27507 -3.28768 2.61807
16.7082 -8.15383 0.353414
1.71541 -2.76562 -0.397813
-10.5687 -0.70265 -1.29309
-4.11268 -4.0645 -0.561324
-7.33823 2.49976 2.1011
-0.244093 -10.042 0.377496
-6.46101 9.48937 0.712058
-3.75814 2.48842 1.30516
12.3404 -10.7479 0.310109
21.1666 -12.5051 3.49509
10.0254 1.86097 3.00968
1.54554 -2.88867 -0.397669
-3.1935 13.8089 0.62057
12.2441 -10.8301 0.309735
21.0598 -12.7101 3.49733
10.0876 1.68742 3.01889
-4.12169 -10.1268 0.882837
20.9662 -12.9214 3.50172
9.86225 1.5543 3.0169
-6.57165 -3.49375 -0.864415
9.73761 -10.3635 1.05964
20.9441 -13.4376 3.5377
20.7721 -13.5065 3.52305
-0.401748 -10.237 -0.141802
7.49713 -14.8933 2.93471
22.7113 -9.24524 0.62455
9.32472 -10.6837 1.14616
20.6357 -13.7327 3.52419
20.0052 -14.836 3.5423
3.09032 -0.555811 -0.707264
9.54387 2.9708 1.53319
25.7762 -22.5234 4.23529
-7.927 -6.22644 -0.608471
4.84378 -10.6753 0.277402
16.515 -13.1334 1.7063
-2.87143 3.46051 -0.823057
-8.52938 3.93846 -1.0303
3.09713 1.09807 -0.509851
-7.47849 7.11275 1.49082
-3.88771 -7.4964 2.87812
16.3662 -13.2978 2.92337
-1.4866 -0.58049 -0.597647
40.2065 -19.0071 4.13726
-8.50275 -8.34235 -0.281401
7.15438 2.26229 2.89948
4.68267 3.50554 2.22799
7.39526 6.22448 2.74143
21.2637 -18.1103 3.88908
7.27966 -9.87907 2.49909
8.95393 -3.951 3.19732
-5.10833 -9.70238 1.28754
-12.0532 -4.31338 0.0914376
0.6786 0.130231 -0.217649
58.4153 -25.0315 4.74139
19.8709 -17.5653 3.69267
19.3826 -17.3454 3.6979
-9.64924 1.88974 1.70033
18.319 -17.1145 3.5647
-4.17966 5.17589 0.169143
-6.46872 -3.32795 2.61387
-4.56397 9.32081 2.08793
-6.48367 -3.16325 2.61121
-4.50851 9.48351 2.09171
16.1265 -5.54913 0.226514
-9.7681 -0.715404 1.75403
8.90976 -1.86636 2.46516
-4.70409 -2.12677 -0.658361
16.8247 -16.6183 3.36174
15.9345 -5.5699 0.223992
-4.87284 -2.01957 -0.672773
16.7639 -16.7627 3.37007
-4.93994 -1.93342 -0.676421
-10.7344 -7.40784 0.260565
16.7229 -16.9229 3.3822
3.86401 -1.48245 -0.371886
-8.21044 -8.41536 1.49112
5.86678 -6.47306 -0.0995024
1.89046 -11.1993 -0.129729
3.30565 -1.70279 -0.383285
-8.68265 -8.22075 1.48225
-8.33035 -7.67988 2.305
-11.0055 -1.56247 0.352718
7.44387 -4.86988 -0.101087
8.70317 -6.50553 3.25415
2.27464 -12.7404 2.70776
-4.12431 -2.53655 -0.619888
5.14814 -8.77648 2.75532
-8.46038 4.68987 1.10726
17.1063 -18.867 3.62063
-4.13465 -0.497132 -0.710338
9.5879 -3.49925 2.48281
7.89272 -9.41388 1.69835
-6.47181 -2.09345 2.05381
4.69603 -8.00712 2.82593
-5.52076 -0.0896001 2.01379
11.0912 -12.0917 2.93914
15.0355 -7.4229 2.899
-4.57499 -0.284794 -0.730611
-8.58327 4.36348 0.890574
7.41709 -9.68709 1.69731
-6.25192 6.83531 1.77073
-9.09166 3.29015 2.05867
4.28741 -8.06711 2.69526
6.77774 -11.1545 3.25876
20.2928 -17.7159 3.6709
-7.67581 2.50921 1.84289
-11.7827 -5.0831 -1.27709
20.5712 -11.1599 0.595754
6.88621 9.14221 1.47817
7.62167 1.96076 2.85264
-4.03407 1.30033 -0.766642
8.25926 -7.86733 2.81334
-7.71091 2.69655 1.83164
3.31826 -13.2384 0.0105604
-11.84 -4.922 -1.2759
12.1732 -16.8414 2.89261
7.32265 1.15526 2.50528
9.11173 -13.1469 3.1796
-9.09011 -8.05175 1.71486
11.9479 -16.7403 2.86313
10.5148 -2.56721 2.50304
-9.59928 1.97168 1.51633
-3.0779 -1.49034 -0.627926
-2.49307 2.69195 -0.767474
-8.01191 3.20416 0.324872
-5.07387 -4.53519 2.20946
-3.30872 -10.4476 1.49115
-3.39201 17.0606 1.67333
-1.93251 -8.98238 2.48768
-7.30492 -2.31994 -0.744537
9.52015 -9.93556 0.181486
10.5506 2.57419 1.87694
-10.8538 -1.28811 -0.325199
-6.12758 -9.29498 0.693235
18.9949 -13.9065 3.64459
23.8178 -16.3414 2.15395
6.90781 -1.87226 2.53403
-1.32945 -8.78314 2.54261
-1.69923 -3.8915 -0.479278
7.52145 -14.9415 2.32798
7.27209 -14.8169 2.29732
-2.1064 -3.93056 -0.489111
7.09545 -14.7657 2.2798
7.45232 8.32397 1.79486
-2.30162 4.06193 -0.824389
19.5559 -14.88 0.924847
4.69512 -11.0458 -0.21021
5.77938 -14.2218 2.13615
5.23029 -9.69652 0.268946
-4.715 8.90486 -0.687716
-6.23447 -9.20638 2.4803
5.62278 -14.1659 2.12085
12.7725 14.096 2.1217
4.7042 4.6959 2.18471
25.0191 -16.0637 3.67892
9.71728 -2.88229 2.68522
3.95669 -13.4556 1.90067
13.4707 -6.69748 0.198761
37.4761 -18.3127 4.40376
9.44186 -2.88101 2.67376
3.70917 -13.3668 1.8953
4.44683 -1.29115 -0.364042
-3.86895 -10.2312 0.87814
3.48372 -13.2738 1.90616
1.83635 -8.02166 0.964235
12.0815 -10.8616 0.307549
3.24036 -13.1731 1.88742
4.04774 -1.09988 -0.381105
-4.67029 -8.02595 2.34843
7.72753 -5.91748 3.23732
8.89035 -15.4727 3.37269
1.69132 -7.88584 0.944842
6.87922 1.6614 0.467386
7.58824 -9.36091 1.30641
3.49939 -1.11182 -0.39923
-5.33277 -8.08965 2.27213
3.10411 -10.5393 3.22612
7.1109 -5.91364 3.20886
17.1848 -13.2502 1.88839
16.3923 -6.23313 3.32309
1.14349 -7.82311 0.926217
-11.1942 -2.02974 1.87574
-9.50978 -7.89005 1.09573
1.9126 -11.0164 1.54121
1.53528 -10.8597 1.58341
-7.63179 3.95969 1.80374
4.73031 -5.48003 2.58983
-1.89316 -11.0369 1.52365
58.5812 -24.6878 4.34186
12.6708 -6.09022 3.03288
-0.297874 -2.87918 -0.475813
10.8073 -2.21846 1.83823
4.43992 -5.64947 2.63652
-3.89468 -5.08961 2.28481
-2.10624 -10.9457 1.51663
2.93177 -0.433225 -0.168295
-3.90216 -5.08966 2.28347
10.7998 -2.14183 1.83312
-2.30014 -10.8699 1.51174
-4.07852 -4.90504 2.2604
-2.52339 -10.7766 1.50596
-7.73588 3.06681 0.442652
-4.72368 -4.71742 2.24252
-3.1218 -10.5267 1.49398
8.97561 -13.0798 3.13098
7.27501 -11.9674 2.93933
23.278 -17.2623 3.77042
2.47968 -2.65884 -0.372182
2.09097 -7.64685 2.58656
-2.08106 8.08563 -0.248596
-1.11552 -8.85984 2.72078
-10.9393 -1.48659 -0.125596
-4.67545 13.8977 1.3153
-10.3692 -0.0644723 0.101068
-3.49476 -10.3681 1.48874
-7.72616 6.5755 2.00201
15.8267 -16.6315 3.40243
3.86421 -6.51031 2.47459
-0.322148 -8.74557 2.52877
-11.2059 -3.25161 -0.847527
14.4516 -10.9287 3.46523
-5.28447 -4.46359 2.19284
-3.68012 -10.2883 1.48675
18.94 -7.02936 0.382786
-8.37047 2.71999 1.68223
-6.19717 -2.47366 2.49522
-7.70278 -0.687989 2.47024
4.5167 -5.2805 2.53881
-8.72599 0.509242 1.88475
-7.60492 0.842721 1.55888
-0.523449 -11.6182 0.957492
5.74237 -8.70548 -0.695221
-5.10697 -9.69939 1.49164
11.8344 -11.0054 3.09044
-3.51136 12.8377 0.730737
11.8056 -8.20905 3.11924
2.89375 -2.09861 -0.378404
17.184 -18.9658 3.32885
33.2172 -24.3096 4.34391
6.35737 5.66651 1.85326
6.53613 -14.5081 3.04247
-9.97388 1.1081 1.91248
11.6857 -8.49975 3.12298
-1.31394 -9.90561 -0.235665
16.2907 -13.4606 2.88072
-8.26898 -1.51444 2.48047
-3.52237 16.6459 0.905697
-6.35894 -9.1797 1.5163
4.35487 -2.29966 -0.327784
-11.632 -2.95236 1.48434
-4.27793 -7.87002 2.36408
-6.69644 -9.04602 1.51895
6.65804 -1.29476 2.4972
-1.51905 -9.37728 2.51188
-2.04021 -4.37141 -0.470233
-6.62872 5.73745 0.799994
8.57422 -3.95109 3.18947
2.62419 -5.15551 -0.278522
-6.87575 -5.05155 -0.619564
-11.8658 -3.4819 1.68365
-1.90517 -3.93551 -0.482988
10.2545 -2.88509 2.4899
22.2953 -12.9873 3.35658
-5.1261 -4.94413 -0.560451
3.38159 -0.630809 -0.107897
10.293 -9.38274 0.183292
15.0558 -15.8125 3.38
-1.10992 -9.49118 2.52679
-11.7886 -5.08494 -0.489982
-10.3745 -6.933 2.61883
10.4361 -2.54413 2.17354
-8.38977 -0.0321479 2.07711
-9.6306 1.88645 1.32174
-10.8839 -1.6433 2.03284
-6.97458 8.34287 1.64704
1.94742 -12.6133 2.91195
9.99082 -3.36501 2.98975
12.1105 1.90297 1.3075
-9.38585 2.4732 1.3121
-4.21038 3.58852 0.140771
22.9687 -11.7406 3.3564
-0.306735 -7.70162 2.48776
-4.68654 -9.91127 -0.125408
-0.698834 -2.51769 -0.501462
4.87377 -8.07378 2.87758
-8.78438 3.93414 1.29796
-9.69179 1.71093 1.09641
-5.64915 9.22945 1.53786
1.47929 -9.18178 3.14106
-1.70445 -2.88315 -0.520025
7.91004 -15.0591 3.30839
-5.84618 11.0996 1.7072
-3.49775 -1.09803 -0.658681
10.1848 -2.93058 2.48997
-5.57166 11.778 1.85213
-1.2855 -8.7951 2.91098
1.89651 -3.3228 -0.372119
-7.70487 -5.30144 2.13462
-9.90673 -7.73595 0.709753
58.4841 -25.0781 3.18786
-0.0911539 -6.87995 -0.275778
-1.54437 -10.7777 2.55302
-6.10201 8.12564 1.57251
-10.1176 0.683373 1.09909
-4.73027 9.03768 0.0949042
8.18766 -6.07165 3.25704
9.07258 1.53793 0.516435
15.6498 -15.0839 3.68968
-9.33198 -7.97506 0.690144
-9.99177 0.982774 1.1126
3.08716 -2.30019 -0.368822
5.86009 0.887152 0.0241667
7.6816 -9.33977 0.909591
10.3269 -16.095 3.4841
-3.67985 15.9458 -1.99283
-3.42338 12.0866 1.90306
-11.3863 -2.63189 -0.848699
-11.1268 -2.25093 -0.894056
-3.27686 12.4289 1.82696
7.24399 -12.7886 0.194747
-8.10737 -1.48313 2.48962
11.3273 -8.22024 0.184613
-3.09061 -5.49485 2.32683
5.14488 -5.13298 2.60086
-2.66928 6.10974 1.90841
17.4687 -6.61281 2.76804
11.0011 -10.1035 3.49156
-3.70241 2.89861 -0.505285
11.3515 14.0957 2.57339
23.1298 -17.6001 3.96198
-9.27653 -2.27172 2.27909
0.317608 -6.32022 -0.49119
7.35618 -2.13517 -0.228058
3.36469 -6.78849 -0.178742
-6.94245 -8.96892 0.502699
-6.59074 9.11666 0.527838
-5.4917 -7.89939 -0.463414
-11.9743 -4.49294 -1.28291
-7.07314 8.10564 1.51355
-5.89648 -9.44145 -0.707691
5.52552 -1.49468 -0.310015
11.93 1.98041 1.27792
7.93986 9.49705 1.7594
2.55751 -0.213634 -0.351961
9.10038 3.1623 1.34057
11.1716 -9.70247 3.33319
-6.26417 -2.88725 2.60511
57.4034 -27.5608 2.78794
2.78365 -0.396696 -0.348829
9.28712 3.09363 1.34414
19.8168 -20.0649 3.14446
-5.75023 5.9678 0.466883
10.9416 -2.1501 -0.229038
-6.56822 8.91828 -1.69387
-3.5085 8.45723 -1.23285
19.2452 -6.35376 2.76249
1.71364 -9.52474 3.15875
6.49004 -12.1192 2.9154
-4.73605 9.22011 0.501505
-7.06347 8.08505 1.31269
9.2783 3.04421 -0.569573
0.53932 0.202207 0.211655
-4.12828 13.6328 1.57995
19.0073 -11.5525 0.566483
7.891 1.47028 -0.566858
5.48701 -9.37778 0.652507
20.7898 -7.72917 3.02358
2.30159 -2.70629 -0.376625
6.3046 1.90315 0.507889
13.0153 -14.7172 3.69908
-3.93384 -1.71976 -0.653791
5.02564 -2.97167 2.2455
21.0821 -8.28264 3.08775
8.34419 6.93433 2.74516
13.9905 17.4818 2.08346
6.08803 -11.9525 2.9253
-8.41064 4.83308 1.45857
-6.11045 6.08724 0.642817
6.52258 -6.96779 -0.0522227
2.48682 -0.245181 0.700215
49.1139 -20.3473 4.62929
-9.7396 -7.75743 2.29838
-4.8337 8.68271 2.07077
10.5609 -11.1441 0.37757
30.7118 -11.8582 1.24108
9.29491 1.11681 0.324858
-9.80645 1.45469 1.28836
-7.87326 -8.59783 -0.0979305
-11.9646 -3.95881 -0.114817
2.44759 -7.15511 0.312475
21.7695 -10.1347 3.27343
10.2146 -9.60731 0.184772
-1.10459 -9.20164 2.50924
-3.49512 -10.3651 1.68951
-11.6856 -3.27323 -0.101644
4.07779 -1.50135 -0.368749
0.14903 -6.28452 -0.309146
-11.9512 -3.70846 1.4942
-6.11887 10.2966 0.68852
58.9179 -23.9811 3.58657
-3.70587 -3.31088 -0.574878
0.95022 -6.95639 2.50576
-5.69124 -9.45637 1.71178
-3.28663 -8.28688 2.41374
25.2312 -22.318 3.55454
9.10215 3.18141 2.30493
-4.06849 -3.15484 -0.596133
-11.605 -2.92828 1.11674
21.4864 -10.8169 3.27917
-1.73497 5.72319 -0.873059
4.11457 -11.1701 0.00927801
14.4363 -9.3539 0.325468
7.2943 -5.74196 2.57632
-10.1479 -1.92233 1.94354
20.5713 -10.6774 3.15949
20.4784 -10.8828 3.16112
-11.7589 -3.44512 -0.107405
-6.26971 10.1018 1.88369
10.5791 -2.58069 1.51544
20.2318 -11.4656 3.16997
8.98676 3.15322 1.29725
2.50448 -0.255248 -0.361372
-4.46254 -10.0213 -0.595748
-1.7082 -8.60431 2.91306
-3.24105 17.3413 1.248
1.49218 -3.49467 -0.379354
-10.7353 -0.720521 1.91423
20.0657 -11.8616 3.17724
6.50198 5.07448 2.7501
24.4063 -14.6264 3.87876
-2.10975 -10.9391 2.12661
3.32296 -2.51493 -0.353909
2.90581 -7.46378 2.61334
-11.843 -5.06352 1.4988
42.186 -16.5664 2.26696
-2.90914 -7.34217 2.9085
28.5845 -18.8473 2.55349
24.0711 -15.4523 3.90074
-7.10102 -8.88417 1.11911
21.9894 -9.58273 3.26937
23.7282 -15.8505 3.88964
28.5349 -19.0689 1.50254
-5.96052 7.28915 0.481213
-5.30368 -9.68823 -0.514281
-11.815 -3.57483 -0.0984453
4.45415 -11.4754 0.695008
-3.71156 3.02745 0.899927
7.52288 -5.90488 3.23093
8.74582 -15.4519 3.34232
1.53025 -7.80745 0.93226
9.55005 -10.2852 0.184919
-1.89226 -8.55461 2.53326
-3.31981 17.2501 1.68994
-8.92367 3.80831 0.0612176
6.36141 -2.04737 2.50814
21.8553 -15.1941 3.62835
6.23141 -7.25212 -0.0523372
18.2295 -19.3934 3.66655
26.3197 -10.1456 3.66983
8.98047 -9.78337 3.03204
13.025 -5.23449 3.05999
-6.88826 -3.29266 0.695958
22.2166 -15.2384 3.67213
-1.70671 7.49592 2.34535
-2.70101 4.32385 -0.0902443
10.0901 2.75977 1.69278
26.2593 -22.6508 4.07184
-2.49958 6.12173 2.37456
-1.10095 4.05794 -0.769416
6.13314 -7.3325 -0.0521572
6.06468 4.42888 2.74196
15.133 -13.4671 0.642007
-2.53045 6.28101 2.3115
-1.09831 4.28913 -0.781741
6.05799 -7.42519 -0.0524243
-1.30259 -10.279 2.55155
2.65944 -1.87731 -0.397436
-9.9524 0.979527 0.333789
-6.96627 -6.78802 2.21991
-1.71169 4.52216 -0.824584
9.7499 -5.69268 2.78129
21.6311 -15.6328 3.6379
6.58917 -7.08824 2.55886
10.639 -2.48753 2.65648
1.70377 -0.114499 -0.500481
34.9019 -26.2135 4.05834
5.83427 -7.6271 -0.0525432
6.25876 4.51417 2.75325
15.2237 -13.299 0.640601
-2.30478 6.10691 2.38486
-3.9257 11.882 1.62763
-0.946297 4.07691 -0.765825
-7.90513 -7.09666 -0.576591
-6.48853 -9.09425 2.6519
23.2864 -17.2722 3.95223
11.7529 -16.6863 2.90106
-8.56738 -2.58459 2.14685
38.9768 -22.4102 2.2526
8.94586 -13.073 3.28698
59.0575 -23.6257 3.58685
-3.47807 -3.63127 -0.550819
-4.66651 13.8687 1.49506
-0.245379 -10.0104 0.468448
-6.46999 9.49102 0.539034
-7.33545 2.50323 2.09427
-4.39218 6.07271 1.76152
8.451 -15.2957 3.39492
-9.08817 -8.12646 -0.736462
0.683132 -6.41919 0.709042
14.368 -14.9119 1.92523
7.70953 1.72993 2.38648
-7.73556 -8.62064 1.29313
-9.33812 -2.7091 1.98185
-4.09463 8.64388 -0.699273
-6.54428 -3.97507 -0.645358
-8.12191 1.90237 0.110541
7.30494 -9.7221 2.85208
19.2829 -19.7577 3.76309
-1.08987 -4.47286 -0.436895
-4.10122 10.6366 0.642397
-6.56755 9.30668 1.47308
1.50383 -2.09022 -0.428271
-6.59375 -3.37119 1.71841
31.4969 -12.825 1.08009
16.1585 -18.5027 3.34794
-8.48018 -2.83225 -0.760087
8.29296 -9.57126 0.312493
-7.12413 -4.72132 2.2823
-8.9138 -8.2048 -0.73182
11.0963 -16.3898 2.69843
19.202 -6.60721 1.51525
-4.69391 0.50027 0.082448
19.163 -6.69889 1.51395
6.68833 -2.08262 -0.25191
2.65723 -6.63777 -0.213525
1.37193 2.21172 -0.602725
8.57061 -5.48766 3.25197
-3.80312 -8.43654 2.39692
1.53571 -10.7184 1.42399
-2.91918 2.51695 -0.780773
-3.44379 16.2639 -1.92746
-3.29353 -7.71388 2.90432
-0.545278 -10.4777 -0.183078
13.2662 -6.37187 2.81363
5.07751 4.42551 2.19738
-5.31209 2.13882 0.180479
-0.708115 -11.5318 1.50098
-0.914649 -11.4466 1.49182
-1.49798 -1.70209 -0.558639
-10.2411 0.519252 2.10456
58.7312 -24.3277 4.34187
-5.76057 2.26199 0.403687
-1.12182 -11.3578 1.47915
8.61369 -15.4289 0.127797
-8.14676 3.0484 0.648327
4.98255 -0.970693 -0.368226
-6.91573 -8.95945 1.49144
-4.9339 -1.15464 -0.710099
-8.94613 3.48996 0.894008
28.4979 -12.1101 3.82973
12.4397 -6.69913 2.9656
-2.92247 8.47748 0.528535
-7.04028 1.00005 0.00630134
-11.0558 -7.23481 1.68825
-11.4451 -2.48767 1.51096
6.23916 -8.59901 0.277749
40.0763 -20.4819 4.47222
7.0761 -13.391 0.199273
-7.28806 2.30856 0.00691783
-8.25921 -0.89129 2.45112
-3.03489 12.9597 1.66787
-11.0187 -1.7289 -0.669453
18.7059 -7.68146 3.30991
5.57568 -9.18028 2.78273
28.8883 -18.2854 1.49637
-1.71271 -11.074 2.48583
-10.2649 0.33961 1.28399
-11.9283 -4.68689 -0.107311
9.6783 -13.3989 3.16024
-10.5732 -7.30381 2.62017
-9.77169 1.53616 1.28563
7.65868 7.38218 2.69136
4.92961 -10.4235 -0.696945
24.7969 -15.5105 0.927987
6.43064 -8.89799 0.81776
-5.00516 13.1239 1.8272
9.23151 -3.11276 3.18044
3.22937 -4.24324 -0.289202
-5.11229 -9.7076 1.0884
-0.346939 -7.30474 2.63195
5.30256 -1.57968 2.10866
6.07667 -8.61255 0.679476
-3.64469 -4.23749 -0.542516
11.2809 2.22976 0.936971
0.865343 -6.50183 0.484293
-3.28517 11.3175 0.515859
-9.92465 -2.68114 1.96534
0.494661 0.611334 -0.0197703
0.134164 -6.26037 0.896089
-3.36335 2.02941 -0.787989
2.45142 -7.49802 0.0572805
-6.35326 9.8325 1.51154
21.1321 -20.6269 2.93367
10.3195 -2.54748 2.6532
-10.9147 -1.27874 0.888048
-9.08519 -2.69545 1.98826
9.11419 3.11165 -0.672455
-5.40525 9.82133 1.52754
2.87721 -4.99625 -0.277527
-1.5053 -5.13648 -0.42125
-6.64405 -3.71707 2.06002
-11.1959 -6.97284 0.704079
57.9378 -26.1126 5.14365
-12.0403 -4.47729 1.50934
2.88518 -7.84917 -0.146349
-1.5009 -2.31273 -0.535239
-5.61149 11.6799 1.71709
-9.91015 -7.73472 0.897224
-0.075762 -6.84749 -0.10226
12.7665 -4.657 2.518
-1.49175 -1.88851 -0.550474
-9.04766 -0.305827 1.89936
23.4614 -9.30061 0.64325
10.559 -16.2318 2.15799
-3.13162 12.1861 0.473927
-12.0701 -4.31865 0.720975
-0.000665696 -6.57462 0.494305
12.9085 -6.49422 2.94619
-0.935901 3.73002 -0.750658
-4.00483 11.4142 1.64836
-4.14997 7.82526 2.29476
10.97 -10.1866 3.41838
-3.69293 2.89291 -0.704111
-0.0889483 -6.84466 0.0956204
-0.10113 -2.10042 -0.492542
-4.12347 2.47151 0.706103
-3.1491 4.90125 1.94461
-4.06925 1.69898 -0.49659
6.92562 -10.3682 0.0898216
-1.69919 -11.1875 -0.501515
-3.35194 12.2333 1.70654
-11.341 -2.51205 -0.701996
-11.2102 -2.16053 -0.690045
-3.24977 12.4857 1.7182
-4.08211 8.04775 2.28266
-7.45424 7.54667 0.399805
-8.13717 0.532215 1.93986
-3.66376 3.01514 -0.686624
-0.0266067 -6.70962 0.0908483
-8.55445 4.33963 1.51223
7.43397 -9.51169 2.50891
9.05874 -3.6874 3.19289
10.8583 -3.88329 2.41969
-10.2462 0.107754 -0.885036
7.06524 9.05265 1.49272
-4.41829 -5.04588 -0.528009
-11.9565 -4.6981 1.11715
8.26202 10.3223 1.80181
-8.37471 3.80169 1.39698
-4.31522 -10.0656 -0.258327
29.1462 -17.9702 2.55434
8.14021 10.0432 1.76172
12.293 -7.68767 0.191684
-6.17464 1.22932 0.0462325
-12.0769 -4.31885 0.917506
8.11378 9.886 1.74281
10.1102 -6.83431 0.0887987
-7.72801 -8.60711 1.91349
-5.27533 -0.112067 -0.770157
-12.0275 -4.47424 0.916822
12.1869 -7.61276 0.189638
29.1066 -17.9285 1.71099
12.2657 14.6671 2.60663
25.4117 -9.61938 3.03047
-8.38156 4.81795 0.54464
-5.50218 8.51705 0.289704
-8.9715 3.52752 1.69295
-4.31355 -10.0635 0.0775963
7.74183 -8.63071 3.34155
4.57794 5.18253 2.6715
-6.64598 -3.90086 0.314255
12.695 14.5344 2.63092
-4.09754 -10.1516 0.0763549
-9.94822 1.47681 0.25591
3.2281 -0.599849 -0.417668
34.7371 -20.2689 3.0006
-3.91823 -6.92017 2.86809
9.70684 2.91158 1.31707
1.28374 -4.33211 -0.357922
-1.90243 -7.90017 2.97006
9.88266 2.83531 1.28858
21.9704 -20.9127 3.34592
6.10745 -8.53526 0.198611
10.9984 -8.58417 0.184111
-9.29801 -7.97458 0.913437
-8.49198 -0.913298 2.45166
9.24925 -2.93151 2.78866
11.2715 2.27387 1.49467
-11.1148 -1.89459 -0.12836
-5.63099 11.6504 1.84981
-10.7042 -0.722789 1.32057
3.99363 -6.52099 2.89142
2.70802 -2.28652 -0.377668
6.29748 -8.68847 0.0352967
-4.56837 -7.44061 2.49942
11.4691 2.18431 1.52021
-3.89187 -10.2833 -0.732243
0.688466 0.0607548 0.0528905
15.7338 -14.8894 3.48118
4.47865 -11.8828 1.12657
9.08503 1.69364 0.68892
-10.0293 0.856749 0.909581
-4.68141 -9.90033 0.682081
16.2873 -6.45679 3.45899
-11.0426 -1.71247 -0.125315
-6.98034 -7.53695 -0.470325
-4.1062 8.68172 -0.816755
6.43133 -10.5857 1.22935
9.77579 -10.1463 3.21687
-5.47957 11.8917 0.895565
-9.98014 0.982123 0.903041
15.6511 -15.0865 3.49343
4.43224 -12.083 1.11898
9.04609 1.53281 0.727041
6.48824 -6.91872 2.5079
-2.54167 -10.7789 0.911322
-3.08863 -1.69739 -0.621086
10.2015 -3.02636 1.41665
-6.27552 6.31026 0.737359
10.4511 -2.6651 -0.123055
-2.67487 -3.83534 -0.512026
-2.24383 -8.83502 2.46805
12.2654 -7.10021 3.05734
-0.695292 -1.89075 -0.52186
25.5111 -12.0645 3.67196
6.02429 -8.54892 -0.311724
25.4423 -12.2236 3.67277
-3.46905 8.63967 0.330453
2.88009 -1.57138 -0.398115
-10.9272 -1.28001 1.09204
-8.46194 -0.101613 1.93634
12.1096 -7.46073 3.06816
-4.83927 -9.82315 1.08634
5.25297 -11.6627 2.83528
25.372 -12.382 3.6735
6.8713 9.08889 2.0757
-5.06333 1.12437 1.98288
-3.90849 -3.24783 -0.587865
21.7085 -10.921 3.16118
-2.39546 8.07481 -0.430851
1.68764 -3.26977 -0.379585
-7.90729 -5.49453 2.13432
-0.245344 -6.99986 -0.293352
5.91717 6.73243 2.15287
-8.50871 1.52612 0.543231
21.22 -11.0085 3.11015
-3.82602 3.18088 -0.116863
2.64836 0.342161 0.994082
-1.38626 4.47457 -0.798715
-4.27824 0.890405 -0.492367
5.89804 6.4636 2.1549
-3.45214 16.823 0.914187
-4.59488 13.7185 -1.46815
-8.50127 1.71424 0.51899
21.1663 -11.146 3.11223
52.6711 -26.918 3.33457
-4.49081 -6.90547 2.83375
-0.384175 -11.6256 2.7216
-3.68712 11.1618 2.1778
-3.70058 -10.3447 -0.562834
-4.11343 0.70895 -0.309004
20.9831 -11.5441 3.11609
19.3396 -17.5287 2.2715
20.9368 -11.6437 3.11662
7.52725 1.22669 -0.31227
23.4395 -15.863 3.68205
6.64547 -10.3532 1.06966
17.9215 -13.4616 3.46995
26.4452 -22.8201 3.68602
10.3067 2.68205 2.10293
16.0834 -6.93083 3.45709
-2.59857 4.43218 -0.465468
-3.0673 -10.5807 -0.126147
-10.9975 -1.63132 -0.159849
-4.74684 13.6974 1.30808
-4.87063 2.2915 1.9511
23.1322 -17.5981 3.78147
11.9115 -9.18448 2.78662
-4.10612 3.90292 1.90915
-9.27622 -2.263 2.44463
0.353662 -6.32799 -0.667523
-2.10049 7.86794 -0.519968
-3.6845 -10.2763 2.28866
-10.169 -4.3162 2.52216
16.6347 -12.9773 2.67686
-7.46068 7.10206 1.11734
16.3873 -13.2923 2.66829
-2.54091 5.67794 2.39239
11.9579 -16.7542 2.48035
-1.11599 3.73207 -0.758894
10.8605 -3.65893 0.0216483
-4.72848 13.4262 -1.60587
-3.38579 11.1511 0.510122
0.677893 -6.42067 0.525003
-11.4357 -2.68705 -0.49307
-3.59118 12.104 1.64237
-7.48421 -7.30009 -0.490572
5.33819 -9.67854 0.00893434
-4.56387 8.88479 -0.896868
-5.59721 6.18692 0.264757
16.8888 -8.04747 0.35522
-4.12379 -10.1772 -0.710132
4.54229 -11.5222 0.163089
0.78804 -5.78996 -0.316972
11.2993 2.25758 1.28812
4.8643 -1.09236 -0.361481
21.8005 -18.565 3.72518
-4.96532 8.33073 1.90765
7.91233 3.22339 2.88625
-6.30704 5.82318 1.80108
20.9249 -9.93093 0.589148
-2.83739 -10.6332 2.1041
-11.359 -2.66261 -1.45621
16.6673 -12.6825 3.36697
23.8791 -16.2852 1.08902
14.6898 -13.068 1.58918
6.63735 1.57638 -0.494974
21.8034 -20.7561 3.91633
-11.7767 -5.16593 0.669124
-8.10212 2.28982 0.460891
4.37134 -3.19924 -0.293416
10.6857 -2.53809 1.30788
3.2952 -2.70486 -0.348257
12.2645 13.041 2.27214
-7.7383 6.51138 1.68557
16.0798 -12.7052 3.29328
29.0661 -17.9051 2.12685
20.1537 -20.1513 3.70759
-2.70736 -2.10675 -0.591168
35.3846 -13.8991 4.01474
1.53847 -8.87347 1.392
11.0175 2.3823 1.88164
-11.5195 -2.69957 1.31846
18.8986 -19.5975 3.54245
8.70323 8.51282 2.52622
36.9775 -27.0643 4.26279
10.2496 -10.5077 0.826224
9.5918 -3.49893 2.38155
7.91247 -9.40022 1.57115
-0.505984 -5.30195 -0.386575
-0.435654 -4.9804 -0.393639
7.50979 -9.49917 1.49693
28.8774 -18.0347 3.81724
-4.90204 13.3125 1.27724
21.4233 -20.6442 4.05546
7.345 -9.88454 1.50608
-3.74776 10.1772 2.21098
-3.87007 9.85313 2.22153
-11.8472 -4.88888 -1.1365
5.62291 -4.12794 -0.208098
10.9199 -16.333 2.19032
-2.52993 -10.778 1.30598
-6.08142 -0.902613 2.02413
7.43955 -2.93178 -0.188422
-0.514969 -11.6173 1.29757
-6.25584 -1.09145 2.02494
36.5809 -20.4302 4.42273
15.6627 -8.61516 0.339188
4.72893 -11.5088 1.3161
6.47079 -8.83512 0.547204
0.714835 -3.29749 -0.421715
49.346 -19.7109 4.62529
-4.55697 14.1431 1.07077
2.46054 -0.244725 0.354694
6.44803 5.77228 1.81549
8.91918 -15.5211 2.27065
-1.50084 -10.1142 2.56878
5.64882 -13.8811 3.23261
-6.55218 5.73758 0.826137
8.73387 -4.00065 3.19569
-5.28031 -9.63206 1.28058
1.88622 -0.70115 -0.460906
-11.8385 -3.34967 2.27865
24.4531 -15.9137 0.925593
-3.88987 8.56074 -0.106909
-5.35389 -9.58923 1.90445
5.13841 -13.9488 1.88552
19.6456 -14.6653 1.52848
-6.72685 -4.07755 0.513744
-8.38668 -8.38831 -0.0996091
25.076 -22.1605 3.73206
-2.91721 6.86912 1.82848
47.667 -22.9074 4.60493
23.6959 -16.4948 2.86888
-6.03017 6.96073 0.365603
-4.25404 3.58565 -0.142233
11.0044 2.39002 2.46964
-1.87196 4.76789 -0.843421
8.5975 3.51083 1.69239
9.7072 -9.97447 0.183481
-4.1156 -10.1102 1.68603
6.50579 -1.71197 2.4983
11.9547 14.0333 2.62132
28.8033 -18.4815 1.71286
-6.88673 -9.03942 -0.737557
-6.73252 8.89481 1.31256
10.5887 -2.58516 2.118
5.54927 -4.13543 -0.206604
-9.5862 1.96805 1.25348
12.6709 -10.5374 0.312457
9.50287 -2.31245 2.64883
-7.80226 6.48316 0.662381
4.71433 -7.40946 -0.100101
-1.68877 8.34233 2.28509
-8.31226 -8.36418 1.89421
8.56287 7.11196 2.74236
-8.39456 4.529 -1.08241
-7.23188 7.67667 1.30598
6.28201 -12.2899 2.89649
14.2232 17.1169 2.07082
-3.10147 2.73075 -0.801117
-6.04775 10.5905 1.50852
8.11844 -15.1894 2.1296
-9.18285 2.94633 1.09775
-2.10286 2.69876 -0.75673
-3.86366 8.49345 -1.58627
-5.15361 10.3967 1.50916
-4.09301 -7.71033 2.3635
17.0468 -16.0439 3.32798
-7.32487 -0.0787897 2.46753
-4.6333 -2.8361 -0.628482
-1.70906 0.0981452 -0.63788
4.25099 -10.8199 3.29654
8.33134 -6.29733 3.27503
28.952 -18.0809 2.12657
9.32274 -3.67046 3.2016
-11.8411 -5.07063 1.73141
42.1733 -16.5574 1.98405
28.2585 -12.7306 3.83519
12.1971 -7.27674 2.98107
2.65961 -1.71071 -0.402687
4.35328 -11.9003 0.468117
-10.0212 0.840063 0.31135
23.4835 -9.05868 0.640459
-3.13963 11.9135 0.464052
-4.34302 -7.53867 2.36431
9.8506 -3.18828 2.80407
1.72712 -12.5183 2.71127
21.4568 -11.2976 3.7549
-1.90275 0.298499 -0.655382
28.856 -18.2749 2.12832
-4.89951 -6.45976 -0.489329
5.48209 -9.23514 0.867638
-10.2208 0.457819 1.32313
4.75131 -2.64198 -0.294805
-8.99942 -1.44746 1.96548
-4.29318 8.72896 -0.497301
-5.78853 -9.39514 2.31472
16.5476 -13.08 1.12184
-6.92407 8.11894 -1.44065
-1.30075 -1.68935 -0.552619
-5.28821 -9.63392 1.08655
3.15139 -8.72676 -0.106167
-1.29585 -1.49289 -0.559679
10.3911 -3.66911 2.37682
-5.29508 12.4588 1.71778
11.0122 -4.25023 0.0104019
-2.9622 8.21445 -0.76687
-5.7193 -7.95897 -0.453309
-4.4224 -9.9566 2.6889
-0.821772 2.88009 -0.712558
-7.68653 -8.69538 -0.70182
0.324711 -6.22947 1.69772
11.0261 2.36087 1.11692
-9.08281 -2.95179 2.00383
-5.52409 9.49323 1.56089
-1.97395 6.16502 2.38336
-6.20096 -9.2196 2.62473
-3.64622 12.0185 1.63359
-5.14496 -1.72557 -0.692129
-11.0589 -7.24432 0.293666
-9.19925 2.90436 0.89413
-1.69237 0.499057 -0.65341
8.31766 -6.69944 3.29216
7.75797 -7.7413 3.31147
4.502 6.11736 2.62277
12.6772 15.3523 2.59075
-1.49553 2.29726 -0.712206
-3.07215 8.2007 -1.39223
5.56512 7.84597 2.60537
13.7099 17.1312 2.5756
7.51956 -2.08612 2.5689
9.71103 1.31804 0.294582
10.7075 -1.92134 2.3458
-2.88355 -2.1342 -0.595051
-8.40946 -8.40781 -1.08396
17.0978 -18.8655 3.15117
3.14188 -3.89614 -0.302133
10.5383 -3.47834 1.29167
-7.75533 3.03293 0.506106
-3.12252 -10.5299 1.28952
24.1777 -9.49278 3.21341
2.70061 -0.494426 -0.446485
-0.393277 -11.6126 2.88897
-1.70752 -9.69125 -0.223635
25.4108 -9.62707 1.53163
-0.916781 -11.4899 -0.308253
-9.40027 2.47757 1.68694
27.8769 -13.6107 3.83905
-1.58778 -7.56416 -0.324023
13.5423 -14.5773 3.80552
14.5379 -6.28547 0.209882
-3.51729 10.8927 2.18873
2.09759 -7.47208 2.58675
16.4668 -18.6121 2.77093
22.8973 -12.512 3.2284
-2.09906 -0.102864 -0.647649
-3.87822 -10.2409 0.277409
3.54373 -13.2777 2.50319
23.6922 -14.003 3.40491
7.24471 -6.21537 -0.0521956
9.95378 -3.49365 3.11698
-4.0352 0.699837 -0.749296
-6.90361 8.52041 1.661
-5.70065 -4.30198 2.18079
-4.11511 -10.1124 1.48555
-0.124701 -6.85159 0.694356
4.70495 4.53942 2.19324
24.9261 -16.2605 3.68233
7.68404 -7.43905 3.2969
-5.21813 -1.62298 -0.696963
-2.31762 1.29342 -0.707219
23.9239 -15.9802 3.55934
1.53561 -8.94461 -0.158841
23.761 -16.3025 3.56526
-8.96446 3.50806 1.30444
-4.31081 -10.0593 0.479038
20.7867 -12.9885 3.79502
23.6125 -16.6305 3.57332
5.30869 -13.9368 1.70414
-2.69603 -0.696232 -0.6475
-3.11364 8.24215 -0.699648
27.7148 -20.8128 4.28835
5.90702 -9.58355 0.978862
1.0975 -7.09555 2.51781
-7.62538 6.37668 -1.0902
-6.4816 9.50275 1.28372
-3.94953 2.48813 1.0876
-6.36072 1.30552 1.87565
9.4447 3.02297 1.5636
25.6015 -22.3583 4.20564
46.2898 -21.2038 4.7387
8.27333 -1.91138 0.112417
-2.66829 4.11242 -0.215685
7.77322 -15.01 3.27113
-2.89192 3.24929 -0.812684
-2.10849 4.64302 -0.839511
10.7161 2.50906 2.51158
24.4616 -21.8924 4.06157
-5.70938 -1.29812 2.09592
1.94808 -8.5446 -0.153359
5.95142 -3.82682 -0.211131
25.2764 -22.3512 3.13814
22.1782 -10.1729 0.621225
22.8485 -21.219 3.85783
-6.03448 6.27295 0.572165
20.1588 -20.1594 3.5269
22.0926 -21.0335 2.83742
19.7065 -19.9442 3.46862
-5.13421 -4.95008 -0.561226
-8.01588 -8.57853 -0.853891
0.0676282 -6.26857 1.90232
3.1039 -6.3066 -0.210119
-6.50201 -2.31096 2.0609
28.7399 -18.4415 2.97236
30.3135 -12.5519 3.65954
-5.71902 6.50926 1.89608
9.24549 1.86226 0.406518
1.10431 -7.42714 -0.224314
5.1562 -2.72483 -0.280586
5.85673 5.34257 2.09603
22.0535 -20.2339 3.8956
18.5207 -19.4447 3.49338
-6.57153 -3.64151 0.895066
11.2106 2.23297 -0.340759
46.4219 -20.9121 4.73756
-1.10546 -4.85369 -0.423069
16.4404 -18.5864 3.07024
-8.80491 -7.88851 2.18973
12.1883 -16.8615 2.48028
-4.33032 2.55926 0.498218
-5.3687 -0.491934 2.05881
-1.65653 -8.51105 3.00273
-9.4893 -3.11706 -0.786575
-9.14453 -7.98807 2.15954
-5.44376 9.20818 -1.63212
-5.18075 5.36061 2.3412
-3.83374 3.3629 -0.811723
12.1454 -7.5802 0.18871
4.88216 -3.98397 2.402
32.9485 -19.4696 4.26891
-5.4785 -0.696369 2.06668
-4.10607 -6.90107 2.8547
9.55567 2.9729 1.29586
4.80962 -10.6683 0.50291
3.0924 -0.543977 -0.369937
-1.91277 3.35371 -0.776
-8.78279 -8.19212 -0.504092
11.1222 -16.4263 2.49127
-5.23893 -2.82847 -0.652428
-7.91093 -0.0990077 2.44545
-8.3697 4.8094 0.697932
16.3443 -13.5834 0.800927
-2.63675 4.48825 0.0344203
-2.05174 -7.78306 2.32599
0.669914 0.355609 0.106795
8.74736 -15.4361 2.13768
-3.69856 -3.089 -0.585539
-6.03197 10.5327 0.683124
-2.36497 14.6855 1.65871
-10.3442 -0.100823 -0.692881
-8.92622 -2.08901 2.48282
7.75908 5.08007 2.80206
-5.76349 11.0266 0.468781
7.895 -15.1038 2.10731
5.92325 7.88055 2.13765
-5.94702 2.30763 1.85758
-5.1258 9.35106 0.384495
1.30195 -2.29941 -0.429231
8.156 -8.56536 2.84128
6.48794 -14.5169 1.96594
11.7203 -3.86714 2.66174
6.08553 -14.3489 1.88069
-9.91722 1.09941 0.68213
-2.67466 4.90642 -0.377459
6.65283 -2.15774 -0.250877
5.45252 -2.88985 -0.258199
-8.91367 -8.15775 0.490216
-9.94911 1.11204 0.511931
2.00287 -11.0313 1.39749
1.6919 -2.47891 -0.402197
-7.84249 -6.27697 2.16618
-8.19698 -8.39971 2.60239
-2.64893 5.22014 -0.892118
39.1721 -22.1951 1.69672
-4.29946 -7.51638 2.80509
9.88674 -3.19671 2.37159
1.74226 -12.5348 2.30494
28.882 -18.2849 1.71113
19.0997 -12.3791 0.578895
-4.08954 3.51343 1.92307
1.54368 -10.638 1.32923
9.38143 -8.09406 2.67306
0.507811 -6.34889 0.708515
52.3975 -27.1855 4.40385
15.563 -15.2958 3.37816
4.28617 -12.2207 1.01896
-9.49462 -7.9036 0.91107
-8.72364 -0.881929 2.44143
1.87129 -11.0386 1.72562
6.86108 0.739104 0.239153
0.308166 -6.26678 0.697927
-1.89981 2.10223 -0.71935
-8.83399 -8.20841 -0.284403
6.70873 0.6405 0.253957
10.0122 -3.99494 2.72704
5.90701 -8.67616 2.77585
-1.71697 -11.1129 1.32021
30.6922 -11.8579 2.24776
5.75652 -8.77545 2.77552
-1.91139 -11.033 1.31294
-8.07545 1.30389 1.8668
3.94997 -11.1908 2.78295
-3.52992 -10.4123 -0.566198
-3.71534 13.5393 1.56568
5.26892 6.50055 2.49832
7.10809 -7.69752 3.28555
-2.90718 1.50459 -0.736458
-5.88952 -1.09097 2.03652
-5.21311 7.72419 1.90096
5.77853 -3.98774 -0.209477
-2.30095 -10.8747 1.30505
-8.12593 1.07912 1.87642
-1.1515 -11.3672 0.710978
3.85071 -10.976 2.79401
6.67767 -14.5817 2.5196
-5.32841 -2.68243 2.05015
-0.290518 -4.11311 -0.425489
4.3084 -6.14329 -0.1767
0.825287 0.441522 0.215948
-3.84315 13.4325 1.60662
-5.80746 11.0516 0.738425
7.88982 -15.092 2.26721
7.29588 -2.17286 -0.226987
-7.11902 -8.89701 0.499006
3.27516 -6.8505 -0.179148
-6.31959 -1.91664 2.05678
-5.99394 -2.03148 2.4393
-6.71112 -9.04957 0.909955
18.4146 -14.0116 3.42966
-4.79639 2.08949 -0.411307
10.7412 -16.2854 2.17459
7.42526 -3.02481 -0.188779
-6.25926 -0.948555 2.02116
-9.69871 1.71074 1.28311
5.32081 -3.8033 -0.234948
-2.68238 -10.7137 1.29672
-1.08298 -11.1441 -0.195956
-5.30618 -6.96598 2.80382
-2.68677 -9.72068 -0.301248
-6.4867 -1.87934 2.05122
9.24158 1.42866 0.352075
5.22624 -3.24947 -0.25747
57.6966 -26.8415 3.96381
4.71216 -8.10452 2.72802
-11.9791 -3.87588 0.708091
-0.432524 -5.86532 -0.35531
-3.83831 -10.2333 1.28326
-6.92067 8.51445 1.90309
-0.493009 -5.53708 -0.370511
3.90256 -4.68904 -0.255366
9.70771 -10.01 0.676361
-4.11739 -10.1185 1.28266
-2.70763 9.02629 0.587111
12.575 -7.31815 2.96663
-0.856807 -5.38885 -0.396051
3.68438 -4.85635 -0.255232
-9.02264 3.67335 0.48763
9.31274 -10.1421 0.686377
3.50224 -4.50866 -0.274442
-4.48774 -9.96182 1.28292
44.6527 -24.5661 3.47929
-1.09874 -5.11805 -0.411956
3.43328 -5.02052 -0.254429
2.36175 -10.2317 2.58589
4.96598 6.2637 2.65816
5.14128 -13.9333 2.31375
-11.8141 -3.33338 1.90015
-5.35726 -9.59484 1.44504
-0.00175655 -6.39801 1.77395
8.20186 -4.27994 3.18301
-7.40797 -3.17306 1.98366
2.16478 -5.47022 -0.283361
23.9128 -16.1955 1.62893
-5.92711 -9.36229 1.3012
-1.09472 -1.09867 -0.566973
-9.98312 1.1193 2.10806
8.46571 7.20861 2.73932
-8.42132 4.48869 -1.11652
1.96907 -5.5704 -0.284493
4.67369 -5.86983 -0.176961
17.8081 -19.1629 3.06954
-6.11964 -9.28378 1.30575
7.87708 -4.49445 3.18222
23.7318 -16.5096 1.62942
-7.69735 -3.10381 2.04366
1.87478 -5.64317 -0.28635
-6.27657 -9.21988 1.30693
1.31322 -6.67248 2.53095
-2.87907 0.889835 -0.712995
11.8409 -8.0747 3.40191
10.5148 -2.45021 2.75324
0.988396 -6.96027 0.339923
-3.01306 11.7301 0.384419
-3.87038 4.67783 1.87827
6.11069 1.91471 -0.109086
14.0142 -12.8561 1.18432
-5.02778 -1.85568 -0.683519
-6.76393 8.75476 0.810671
8.51474 -6.91377 3.2559
-7.53949 1.70852 2.39054
-7.10864 -3.19979 0.889472
-1.30543 -2.88217 -0.506716
-8.88177 -2.50906 2.02085
-5.31397 9.97967 1.5406
-9.38276 2.46246 1.11853
8.83945 -4.30086 3.20942
-6.47888 6.11416 0.832793
-5.26184 -3.62726 -0.620655
-1.89658 -9.24625 2.49581
6.31444 -1.49792 2.47069
-3.9124 -3.50268 -0.575182
16.7891 -12.2952 3.34442
-3.47429 -8.43585 2.41233
7.2978 0.56073 0.973631
25.1153 -15.0566 0.92808
5.91196 -1.49779 2.33206
-11.207 -6.98508 1.10851
8.22405 -1.95836 0.735405
18.451 -17.9933 0.816565
-4.67114 9.11879 2.20981
57.96 -26.1265 4.74398
-2.69714 -0.503405 -0.656595
5.29935 -13.9885 1.71041
52.362 -27.1708 4.77421
-2.35079 -5.43636 2.15863
3.38374 -0.615813 0.0748389
8.51543 -4.914 3.22951
34.8846 -26.2061 4.33534
-10.3817 0.0634899 1.2838
-5.17708 -7.8958 2.32507
15.1553 -12.5062 3.15726
-2.31684 -10.9255 -0.534866
-9.28671 2.69235 1.10677
22.0355 -20.217 3.89007
14.8346 -12.4832 1.44634
9.9394 -10.1824 2.90101
7.08558 -6.50021 3.23532
-7.73647 -8.61362 1.50458
-5.25578 -7.46429 2.30877
-5.08792 -7.48184 2.30648
-6.16402 -4.68706 2.09638
3.42876 -4.03528 -0.28706
57.8452 -26.4993 3.96635
-8.81312 3.84144 1.10042
-3.86224 2.7385 1.51267
-2.10151 1.70049 -0.712782
-4.96639 -1.12656 -0.713328
-4.50596 -6.01601 2.30231
0.914115 -6.70217 2.47034
-6.65545 9.08623 1.32157
-9.49434 -7.93473 -0.521859
-2.69411 3.70292 -0.823084
-5.66231 11.5105 1.50742
-5.00833 13.1353 1.72226
2.90556 -1.89405 -0.388036
-6.63645 -6.861 2.23815
-8.76764 3.92851 0.26979
-7.07842 -1.88015 -0.756455
-4.73964 13.7799 1.80276
-2.48754 12.9846 1.70057
-2.26013 -11.0139 -0.609983
7.86981 1.49001 2.44352
5.09352 4.904 2.19001
-2.31522 -10.9359 -0.67799
7.81849 1.30225 2.44239
-6.81389 8.78102 1.92112
-5.68617 -9.48708 0.280325
-0.438287 -7.53056 2.68508
-6.79082 -4.10181 1.85839
-9.73235 -7.79059 1.50187
-8.86375 -2.65339 1.99512
22.05 -21.0029 3.02484
5.96457 4.44521 2.73965
19.6884 -19.927 3.81832
-9.44533 2.30316 1.08307
-2.09977 6.73625 2.36231
-3.0801 3.48331 -0.110275
16.4822 -13.1076 2.47071
-3.70847 12.5043 1.61333
3.84035 -2.66153 -0.334626
-1.72576 6.50119 2.38813
16.6564 -12.9934 2.47838
-11.2678 -2.31317 -0.482767
14.1204 -15.7809 1.84211
-1.29723 1.50098 -0.67251
-10.8998 -7.28075 2.50537
14.5381 -12.0801 3.15016
-11.1624 -2.05279 -0.474347
-3.26624 12.6718 1.61868
8.59224 3.51153 1.90106
-4.24152 3.56979 -0.217384
11.0798 2.30051 2.69467
5.28871 6.70273 2.63722
13.462 15.9979 2.58738
2.70608 -11.0942 2.74294
-6.13405 6.70413 0.844699
9.16688 -4.86058 3.25367
18.9262 -19.6262 3.0933
-3.26129 13.1777 0.594493
22.397 -21.0542 3.24347
-3.7207 3.03358 1.09538
-6.11842 1.89686 1.85028
31.1467 -12.9081 3.95883
6.67452 -9.00071 0.560142
0.885024 -3.50285 -0.405501
-5.54504 11.3338 -1.29231
-4.40753 14.4978 1.08252
-5.59678 7.72877 0.312148
9.67288 -5.88233 2.78867
8.08012 2.23564 2.42293
30.9894 -13.2839 3.95775
-3.24411 3.36701 -0.129544
-3.89531 12.4314 1.61148
4.97439 -9.95334 0.00892744
-2.32243 6.70151 2.32259
4.86731 -10.1053 0.00890888
-2.80616 -1.90698 -0.598513
-3.93132 15.6942 1.45684
11.7835 2.05902 2.51027
-1.15113 4.98264 -0.810961
4.67208 -10.4459 0.00960251
30.4358 -14.624 3.96351
-2.56196 6.26694 2.21917
-3.67272 3.02181 -0.289024
29.4703 -16.934 3.98937
-9.22724 2.84286 1.10927
29.1319 -17.7113 4.00248
8.52474 3.22951 2.41094
-4.47129 3.76092 -0.890481
-5.71036 5.71038 2.32644
7.5872 -10.5692 2.88452
-7.09362 0.910617 2.441
4.91882 -10.9188 3.32451
4.84319 -13.7979 2.7529
-7.15528 3.84845 1.80059
12.9482 -4.45131 2.79147
-5.45653 -8.38982 2.28457
-11.8981 -4.89841 1.5118
-11.436 -2.51846 1.09208
-9.08439 -1.29108 1.92513
-10.764 -0.92269 0.870713
28.2697 -17.901 3.92719
-5.94323 2.37541 2.00546
8.28481 6.66963 2.75626
-5.12454 9.44523 0.504158
14.0722 17.1482 2.06412
28.1389 -18.0524 3.9242
16.4899 -13.1151 2.28597
-3.95659 8.59345 2.26805
-5.51238 -9.59115 -0.515733
-3.59189 -8.98756 -0.34781
-6.29417 -6.26479 2.74616
-2.10285 -10.9202 2.84721
28.4784 -18.7746 4.00324
-1.7013 -10.5708 2.7066
-4.30903 -10.053 0.680741
-8.96009 3.48997 1.10067
20.7994 -12.9953 3.67669
9.19687 -5.29849 3.24122
-6.09489 7.12492 0.815657
23.6256 -16.6364 3.3067
-2.89479 -4.86513 -0.481093
-6.38051 -9.17919 1.10909
11.2045 -3.97873 0.00991193
28.0034 -20.503 4.07331
4.0689 -13.5144 1.88898
-4.26361 5.42865 0.492633
2.8969 -12.9985 2.89749
2.19075 -11.1289 1.57562
27.1018 -14.2774 0.972839
-9.84163 1.28785 0.678541
10.8642 -4.28943 0.00984286
27.7377 -20.8288 4.0708
8.91467 -4.10791 3.20444
-6.38059 5.94906 0.866011
3.37017 -6.06989 -0.207317
-1.1007 -4.11007 -0.449276
4.75058 -13.8115 2.43173
6.38942 -7.98206 3.26672
-10.4163 -7.57435 -1.09985
-4.09534 12.9257 1.43062
25.6305 -22.3747 3.99357
7.2659 1.05192 -0.109018
57.6483 -26.8703 4.74691
21.5701 -20.8075 2.97723
7.09765 -9.46739 2.84258
10.6904 2.31901 2.72555
-5.23122 12.5239 1.30545
24.4828 -21.91 3.85564
0.228752 -6.19374 1.49304
29.9612 -15.7786 3.97455
36.8942 -19.7231 4.41604
-6.45946 6.07669 0.281272
6.6802 -6.84451 -0.0523022
19.7131 -19.954 3.29151
5.33985 6.67014 2.28934
13.4931 16.0388 2.27515
-7.47469 4.09609 1.78815
0.0309951 -6.49332 0.894179
2.51078 -7.69429 0.0188463
-4.43206 1.86246 0.0341223
18.2391 -6.5249 2.99863
-11.5243 -2.90457 -0.278283
-10.2199 0.281418 -0.116319
34.2831 -20.5589 2.49227
3.50229 -2.50619 -0.349818
6.09901 -2.17198 2.46859
9.1554 -10.3547 0.183128
3.1207 -7.46801 2.62572
-8.35451 4.66617 -0.900793
6.31315 -11.9892 3.07064
-3.51023 -10.3968 0.0763107
-8.16467 3.23002 1.67828
-4.43247 8.80529 2.25034
15.6951 -9.33927 3.15728
-6.05535 0.883058 0.312381
-11.9502 -4.68493 0.709093
-0.20165 -6.54524 -0.315369
4.32926 -3.70827 -0.274346
22.479 -8.99028 0.616626
9.48223 -15.7623 2.10414
9.26767 -15.6757 2.08277
-8.01752 -1.67164 2.50495
8.93131 -15.5409 2.10244
-6.04029 6.69038 0.373256
-8.50592 -1.89876 2.49227
2.0857 -1.49851 -0.427657
13.6108 15.5842 1.8633
5.65047 -13.8807 3.10027
2.02827 -6.01883 -0.26648
6.02727 -1.44418 -0.298071
5.47861 -10.4749 1.35129
22.5709 -9.68366 0.625627
11.2962 -10.7551 2.98241
8.15085 1.62023 -0.399823
7.73886 -2.60917 2.26591
-9.27973 0.501214 1.72108
11.48 2.1641 1.08776
-8.60787 -2.76485 2.00391
0.912869 -6.09522 -0.296928
38.9761 -22.4084 2.5346
-8.64126 -2.61259 2.02214
29.3113 -17.3245 3.99628
-3.07862 -0.689283 -0.658482
-10.521 -0.323885 0.915226
4.91983 -13.8779 1.68364
8.26364 -9.57541 0.0887749
12.3971 -4.89114 0.0967226
19.8284 -14.3266 1.07052
8.55573 -15.326 3.3578
1.39813 -7.78866 0.927157
0.859194 -6.48605 0.68707
15.0095 -12.4751 1.09942
4.64287 -11.2089 0.269676
10.7734 -2.51784 -0.117887
-3.80137 16.0061 1.29645
7.51925 -2.90393 -0.189492
-6.0691 -1.1024 2.03259
-0.321236 -11.6886 1.30198
13.9041 -15.9198 1.9647
-11.1624 -7.12637 2.28922
6.89845 -3.49594 -0.18239
-11.5793 -2.9198 0.526937
8.61527 -13.5346 3.06775
-4.40727 0.549252 -0.213322
-8.84076 -3.10209 2.02045
-7.11264 -8.87772 1.28702
-6.81575 8.40803 -1.46423
11.1101 2.32828 1.1107
-8.85894 -2.89678 2.00987
-7.29245 -8.80188 1.27313
-7.52225 -8.72099 0.71709
5.07267 -10.0911 0.28211
-4.45152 14.0559 -1.47894
-4.26387 -10.0311 2.48661
-3.33126 17.1236 0.94683
1.89052 -6.97838 0.661965
28.0592 -20.2745 4.28317
-10.5195 -0.509193 -1.15533
0.309516 -6.28548 -0.2922
-4.50114 0.909918 0.11689
18.6326 -13.8194 3.43795
-6.38519 -9.18629 0.903529
-3.36776 16.9389 0.91972
27.9884 -20.4931 4.29223
18.3716 -6.24511 3.00468
-11.9974 -3.82809 1.30245
-7.92221 -8.54056 1.29748
-11.8608 -3.48037 1.30307
0.143082 -6.30763 -0.292867
-9.62595 -2.63243 1.9693
-8.07862 -8.48331 1.30512
-8.18702 -8.43366 1.30666
1.28966 -2.47813 -0.42316
-10.7084 -7.39253 1.48841
-2.90561 11.7511 2.16862
-4.00225 8.59376 -0.243328
-8.53686 1.08078 0.0630224
5.88753 -12.2358 0.178878
8.91236 -13.0462 3.31443
7.09677 1.29346 2.27209
-1.69756 1.09899 -0.676804
-4.74654 8.90381 1.76053
-11.1653 -7.12153 1.51495
57.9814 -26.1286 4.34347
-1.69606 1.29951 -0.683236
8.94877 -13.0753 3.39479
-4.67449 9.12198 1.75925
-10.0939 -3.75445 -0.782059
-11.2188 -6.96349 1.51051
-4.45735 -8.21956 2.36502
5.47186 -11.3838 1.40819
1.96757 -7.01666 -0.217648
-4.68344 -9.90525 0.479633
-1.449 -10.547 2.55696
9.0367 1.69518 0.514389
15.7229 -14.8954 3.6358
-10.0416 0.860571 1.10978
-2.09587 0.100489 -0.655915
-7.98753 0.915944 2.31642
-0.916917 -11.4719 0.291399
8.04462 -6.2773 3.2604
6.09354 -14.3449 2.26589
7.94655 1.96492 2.41519
7.08777 9.02435 0.927302
-10.2779 0.108031 -0.305639
-4.07779 2.4681 1.70366
4.42808 6.2816 2.62752
12.5304 15.4623 2.58972
-9.83668 -0.914965 1.76925
4.91159 -6.25223 2.4266
-4.67744 -2.51899 -0.64567
-9.08532 -2.8179 1.9959
-5.43708 9.73725 1.51958
-5.3213 -9.58132 2.50735
-3.8904 8.56066 -0.684944
4.10348 -6.29453 2.70041
-9.52619 2.10716 1.08692
-1.96952 5.67187 -0.876628
-7.75578 6.36382 1.1079
3.97722 -11.6049 2.80028
-3.71537 14.0943 1.53795
20.1432 -20.1331 3.09032
3.27981 -13.2501 -0.408118
-7.72555 6.50074 1.11367
-7.64 6.67646 1.13412
15.5725 -6.09619 2.89126
6.72201 -3.71694 -0.180949
-1.4669 -11.222 1.32876
25.1145 -22.2005 2.91821
7.53214 1.21085 -0.179391
19.4989 -14.9327 0.924473
-2.51826 4.09496 -0.832626
16.2286 -6.60648 3.29886
-5.50436 11.9176 1.50202
5.46249 -9.11026 0.747531
-3.89594 8.8651 0.515399
11.4408 -7.14524 2.87019
19.4622 -15.0126 0.925386
-2.49394 4.25717 -0.841407
-5.43524 12.0713 1.51737
4.63189 -2.83178 -0.294252
-11.447 -2.50912 1.30968
5.5054 7.47943 2.61023
8.04022 -13.8126 1.58668
8.62732 -4.87435 -0.053872
-4.72338 0.0653636 -0.748852
11.626 -5.6496 0.0945666
-11.6213 -3.2664 -1.33195
-1.17431 -11.3845 -0.463585
-5.25211 12.5143 1.49243
-4.44048 0.479759 -0.736548
-8.97887 3.55905 2.05484
5.62391 4.76149 2.12906
21.0593 -9.72492 0.59079
21.8957 -20.8456 3.74039
4.76548 1.81866 1.96043
-4.17071 0.574721 -0.318588
5.69539 6.32296 2.15229
13.4704 -13.9006 1.90873
8.29271 -15.2984 2.09622
5.75912 6.06515 2.16657
4.70691 -6.29833 2.64136
16.6905 -16.2872 3.45662
-4.31233 13.705 1.65796
10.9207 -16.3359 2.30572
-2.52903 -10.7814 1.09845
-2.43582 -10.8231 1.10035
7.46126 -3.8432 -0.146561
-1.09688 -1.69878 -0.544791
7.65869 2.05663 2.76858
6.91394 9.11769 1.26824
-2.08938 -8.91083 2.47814
16.6591 -12.9937 2.3132
10.1396 -16.0115 2.5234
-2.90433 2.90272 -0.799205
-5.98876 10.7321 1.5202
-9.9849 1.28536 0.256303
-6.90097 -6.50994 2.29536
11.756 -10.5244 2.92327
-3.2006 -8.00419 2.82182
-3.09779 12.0567 2.15193
21.1382 -8.08373 3.08532
2.08435 -2.07915 -0.406377
-6.49732 -3.50375 -0.299616
-4.0763 4.26195 1.88627
-6.27719 -2.70016 2.29495
-4.99106 1.25333 -0.816115
-6.30938 3.29161 2.3822
9.48396 11.5577 1.75435
10.1832 -2.95479 2.28751
-12.1008 -4.28959 1.50849
-5.56564 11.7686 1.68439
8.18103 -15.1985 2.72203
2.16707 0.626994 -0.514814
5.30375 -11.5715 3.09936
16.8085 -6.00449 2.97331
8.73018 -15.4064 2.92344
-5.87297 10.9071 0.884774
-5.26083 1.82671 -0.84863
7.65472 -14.9729 2.49214
9.27093 11.0195 1.68974
-5.51326 -9.56829 -0.12294
16.2352 -6.61592 3.30169
-5.50838 11.9145 1.70575
-3.82914 2.49035 -1.02226
-7.48844 -4.71039 2.1247
24.2646 -16.2338 0.926155
-3.2011 -8.00557 2.67613
24.1466 -16.1274 1.27213
-5.80109 -9.41592 1.54564
-6.90764 8.90286 0.493239
-1.33155 7.68109 2.35472
14.7337 -13.0354 3.16122
-10.8055 -1.18412 -0.468412
6.27613 -8.58161 0.307345
5.0605 -1.28309 -0.347565
11.4739 2.17539 1.2961
-10.1616 0.694729 2.06959
23.4171 -21.4779 3.35284
-8.5175 -8.31065 0.705661
4.56774 -11.7104 1.10129
9.23466 1.93203 0.673419
-2.90621 -2.04816 -0.603316
15.4242 -5.62253 0.21704
-9.46811 2.65137 0.855427
-10.6407 -0.522887 1.71144
-1.89484 -8.54355 2.71555
-2.91078 18.0804 0.859598
0.3438 -6.22487 2.29624
-5.15174 -7.11495 -0.47671
-5.1191 -9.7228 0.481037
18.1758 -19.3195 3.11245
26.3581 -9.97143 3.14331
7.29103 -9.90474 2.29204
-6.32403 5.89884 0.699128
27.316 -10.7203 3.27249
-5.69585 5.31047 2.32852
30.2357 -12.7331 3.65943
4.74734 6.68877 2.62588
-7.09278 3.52197 1.49207
7.88056 -5.63961 -0.0527603
30.1388 -12.9151 3.65867
9.01653 5.43868 2.85243
10.8975 -8.71925 2.75458
-3.22805 17.3418 1.0996
-9.91182 -2.29034 1.94467
-4.83891 -3.79057 -0.59684
5.76183 -12.4843 0.18064
34.7509 -15.1427 4.22811
-3.15618 17.5583 1.05892
5.73892 -12.7878 0.184696
34.6713 -15.3561 4.22932
-11.2038 -6.9774 0.938815
-7.72884 -2.60788 -0.742311
34.0406 -16.8688 4.23795
33.4098 -18.3835 4.25369
-6.56296 -3.39327 1.50398
16.1508 -18.4906 3.49022
7.27402 -3.97416 -0.144703
3.23976 -8.64781 -0.105198
-5.60622 11.6652 1.42602
12.0433 -11.0499 3.1255
-6.53785 -3.47 0.892009
5.39371 -3.09252 2.40087
17.2768 -13.1444 3.36027
33.312 -18.5914 4.25518
-10.4194 -7.55645 -0.107758
2.32063 -8.13066 0.00668515
-3.52421 2.77033 -0.852592
42.1448 -16.5577 2.82268
33.2331 -18.8212 4.26024
-8.42413 0.863141 1.87686
10.8021 -2.42504 0.0102729
-4.41374 8.35541 2.27002
-3.91963 3.44392 -0.699317
11.0061 -10.1236 3.26906
2.23047 -8.25492 0.00744756
-3.66724 2.89574 -0.850114
-8.08916 -7.02237 -0.582317
-2.46771 6.49053 2.30353
13.5757 -11.7153 3.21269
-6.7278 -8.98521 2.64803
-3.48476 3.32515 -0.0978976
-1.10514 4.54548 -0.797592
8.08886 -9.49258 0.844402
9.64119 -13.3367 3.50243
-10.5335 -7.41954 2.36095
28.788 -18.2293 3.8007
2.52685 -3.54862 -0.342645
28.7122 -18.4247 3.80506
28.8948 -18.0576 3.3857
-3.11338 8.23132 -0.100977
30.0386 -21.9784 4.15203
14.4542 -14.8123 1.89951
-1.69809 -4.15172 -0.464822
32.6759 -24.8551 4.57915
23.9758 -21.7226 3.00918
9.45759 -10.43 2.87082
26.9197 -22.9212 3.94306
10.2791 2.66946 1.11946
0.570802 -0.0196508 -0.0423307
-4.07179 13.8801 1.52634
18.9001 -11.8883 0.568661
-0.492501 -3.70516 -0.448872
-6.36036 -9.20947 0.490273
3.90201 -6.46722 -0.177612
19.7215 -19.9585 3.12895
-6.59233 -3.63262 1.47213
18.5454 -19.4677 2.99813
-11.0626 -7.24555 -0.636938
-5.53768 0.484232 2.00464
37.0235 -27.1015 3.9939
-9.92081 1.2854 2.09929
3.8753 -1.10115 -0.389656
7.89759 -9.4201 1.29827
6.10253 -8.91004 0.00876821
-6.7222 -7.96864 -0.502175
-4.9746 13.1362 1.09201
12.4914 13.6121 2.28601
4.36153 4.29401 2.2957
1.90136 -3.49815 -0.362315
-7.77052 -5.12479 2.1245
15.0193 -15.59 3.70853
-0.0471545 -6.70324 -0.283067
-3.50219 -10.3695 1.28687
4.42181 -4.10328 -0.252508
-0.110558 -6.06502 -0.32868
4.45092 3.71269 2.21522
-11.6168 -3.09444 0.0783523
7.43227 -9.70672 1.28807
16.8395 -18.8117 2.88808
7.34371 -9.90415 1.29908
-0.953919 1.43116 -0.657162
9.64227 -13.3348 3.35548
-10.5618 -7.41369 2.49746
3.75164 -7.10974 2.89305
5.24431 -5.24534 -0.174817
6.11384 2.17771 0.8299
-7.53525 -6.23464 2.50378
-5.88806 7.75822 1.7443
-8.74433 4.10571 2.02936
-1.45306 -11.2051 2.43631
10.3348 -16.0942 2.07461
-5.96196 10.7433 1.10111
10.1406 -16.0257 2.03328
-11.797 -5.14105 1.99194
19.7925 -14.488 1.52781
6.88326 -6.31316 3.21341
7.5613 -13.4381 1.71869
1.49943 -6.6852 -0.246449
4.92597 -11.0637 1.3842
-2.30344 -0.705578 -0.631033
6.16466 -1.54375 2.38531
-3.45769 16.8399 1.57382
5.77068 -14.2208 1.72808
3.66762 -13.3715 1.54491
5.86276 -12.7963 0.185695
-4.17055 1.83206 -0.132898
-1.68794 3.08682 -0.755496
1.69623 -7.3151 0.835838
-3.29199 -10.4314 2.4925
-1.71527 7.70508 -0.684773
23.6365 -8.94587 0.64291
1.09364 -6.96998 0.541162
-7.32152 7.49134 1.66513
6.31261 -11.4743 3.39372
-8.89821 -8.1383 1.29835
7.52291 -9.21154 2.88881
-0.511353 -1.34158 -0.5379
8.0257 -4.27612 -0.10339
4.44793 -12.0682 0.712195
-9.97399 0.945592 0.499726
-9.30633 -7.97853 1.29234
19.0584 -6.94832 3.00643
2.91999 -10.5462 3.22938
6.9042 -5.89717 3.20835
-5.3003 -9.63427 0.886276
-9.31776 -2.30702 1.96113
-11.8352 -3.47185 1.30052
-6.31174 -3.72981 -0.667095
-8.04943 2.175 0.110371
6.10811 -11.9132 3.3219
-4.52275 0.102371 -0.746786
1.51221 -7.25339 2.54773
-4.84195 -7.93312 -0.447684
8.80755 1.92093 0.339373
4.69422 -2.73477 -0.294466
-8.93349 -1.29015 2.02399
-11.3948 -2.41403 1.27527
16.7976 -12.312 3.34725
-3.50326 -8.31205 2.4076
9.8148 -9.81318 0.182982
6.67648 -1.50898 2.51
12.7625 -4.56573 0.0985273
-6.59194 -3.37138 1.95735
3.07664 -5.27344 -0.255663
-1.4953 -4.87632 -0.433492
16.1573 -18.4991 3.09701
-3.51787 3.46147 -0.691889
-0.93841 -11.4551 0.71527
-8.00988 0.909533 1.92451
11.2121 -9.67977 3.06208
-4.87824 -3.0477 -0.630255
25.1783 -22.2827 4.16025
-1.53844 5.07135 -0.840436
2.47911 -0.257175 -0.854722
8.89318 3.24717 1.70246
-7.58556 6.80915 1.13456
-7.39114 7.27748 1.12516
9.7729 -15.8521 2.13029
-0.140562 -6.71354 2.10208
4.14684 -8.62654 2.71373
6.19986 8.66072 2.13659
-7.30411 7.48445 1.13442
-1.72313 8.30188 2.09625
-8.30718 -8.35913 2.11004
20.3313 -14.1339 3.67037
7.57713 -14.94 3.28004
-3.08107 3.09296 -0.81575
-11.9528 -4.70384 0.905888
-4.9481 4.71654 1.78534
9.45577 -15.7785 1.9401
-7.87675 -8.60035 -0.27475
2.43168 -7.15159 0.49119
-11.9575 -3.96394 -0.297235
8.282 10.3127 1.72946
-4.79456 9.24437 0.330373
-7.05835 8.07518 1.12582
10.717 -11.1408 2.95594
10.3974 -2.54221 0.995418
17.6937 -10.167 3.40096
-8.36184 4.80444 1.72708
39.8318 -20.9866 4.47449
7.8992 -15.0799 2.88536
-5.83227 11.0749 1.31997
8.34322 -12.8251 3.21117
10.3748 -2.59605 0.946067
17.6378 -10.2791 3.38947
-7.69461 -8.59733 2.63364
-2.15182 4.93267 -0.853533
-5.19756 12.6413 1.51502
-2.8633 -9.77346 -0.304191
-2.49227 6.63896 -0.951461
10.0567 -2.45257 2.68162
-2.87487 -10.6434 0.89016
10.0616 -3.24281 2.65728
4.47473 -13.6841 1.91635
0.318535 -6.23546 1.49736
-4.33646 0.0852738 -0.740407
-8.36737 4.67272 -0.696319
6.31556 -11.9017 3.40901
59.0789 -23.6262 3.18716
20.6729 -10.8927 0.59491
7.50869 2.27802 2.90853
4.98879 3.28219 2.16039
20.5223 -11.1326 0.594637
7.46554 2.09208 2.91108
17.1117 -18.8759 3.47258
-8.44729 4.69308 0.904848
-6.05522 -4.14076 2.15176
-4.48571 -9.95684 1.486
13.3017 -11.6714 3.09616
-4.3562 12.2884 1.45374
-1.32761 -11.3332 -0.479749
11.4983 -5.69827 0.093522
-3.5003 0.309116 -0.714652
23.7836 -16.4259 1.88684
-4.26232 1.12893 0.0537885
2.9744 -8.64945 2.53802
12.1125 1.91259 1.88904
16.2297 -13.5787 3.03647
-5.96469 7.12369 0.470638
-8.60644 -0.121221 1.90763
-2.93562 -10.6103 1.09874
14.7816 -10.1309 3.4273
4.7586 -2.12533 -0.314284
-10.3472 0.114421 1.08454
-4.42643 7.98385 -1.05741
0.665074 -6.3886 1.3056
-3.31449 11.1668 1.29864
-4.88945 -9.86814 -0.70803
7.52512 1.16348 0.169101
5.10819 6.09858 2.32043
6.93924 -8.1578 3.30124
13.2061 15.3136 2.25562
1.32538 -9.85129 3.10085
-1.89865 -2.30061 -0.548693
-11.7135 -3.28063 0.308906
-1.32524 -11.2866 1.12364
3.87753 -6.94447 2.59459
7.9143 -2.30044 2.62378
-3.85917 15.8271 0.918525
-6.0897 -9.36354 -0.71004
11.7453 2.06807 1.31995
19.1716 -6.59416 2.13942
-2.30328 -0.501343 -0.638259
38.4781 -15.9273 4.395
-3.53406 -10.3799 0.479909
38.3729 -16.169 4.39555
38.2747 -16.3988 4.3952
2.31367 -10.3056 2.90644
-5.89621 -0.302456 2.01311
-9.29503 2.69485 1.31728
5.76033 -4.77661 -0.176404
-4.53461 2.31139 1.95372
18.3405 -11.6037 0.551228
-4.87642 2.8274 1.86944
8.08314 9.25355 2.12386
12.9679 -10.159 0.31244
37.8852 -17.3504 4.39847
-8.92578 -8.18996 -1.07337
11.0924 -16.3803 3.12059
7.89495 8.90659 2.16115
12.8235 -10.4293 0.313322
37.7868 -17.5867 4.39948
37.684 -17.8209 4.40012
-4.48714 1.22777 -0.7931
1.36375 -6.74138 0.130016
-2.09903 -0.896181 -0.615122
9.47581 -2.68669 2.66754
-3.52907 -10.3715 0.886518
37.5827 -18.056 4.40113
-4.67077 1.43387 -0.804397
1.12106 -6.88932 0.116103
-3.68716 -10.3059 0.883799
37.4865 -18.2877 4.40238
8.35325 4.76672 2.83847
8.48513 -15.3483 2.1127
-8.69134 -8.22427 1.11376
-4.69408 1.68641 -0.818258
1.08359 -7.06993 0.0405244
7.91387 -9.4279 1.10705
1.89528 -6.06338 -0.266082
5.30433 -10.4441 1.36406
7.31362 -9.89099 1.88972
37.0036 -19.4795 4.41369
4.69155 6.30611 2.6272
7.24978 -14.8625 1.64307
-10.5953 -0.569454 0.34328
4.89482 -13.8258 3.25191
-5.68389 -9.48539 0.48413
-6.03578 5.74043 2.07667
6.163 1.92124 0.431094
-4.86579 2.29226 1.94826
36.3964 -20.9117 4.43051
8.9156 -7.92045 0.0865672
-1.83711 -6.12952 2.40352
-4.89547 1.74937 0.132131
34.4617 -20.0742 4.2088
4.66896 -1.47723 -0.349282
0.675582 -6.11795 -0.328693
-5.4869 -9.54897 1.09255
-1.49642 -1.30284 -0.574921
2.12574 -10.2293 2.89555
24.1756 -15.9381 3.0556
1.50046 -6.90136 2.54024
33.6768 -17.7308 4.24546
-2.68155 -8.26388 2.47895
-3.54511 8.41333 -0.298781
26.4523 -10.0215 1.5954
-9.57548 2.74411 0.199977
-1.39085 4.40189 1.77616
-2.49893 1.29915 -0.712491
10.6193 -5.26495 2.62764
-0.026822 -6.54126 1.50487
-4.02265 10.6238 2.13791
-4.27347 14.4687 -1.74884
6.48922 -7.29391 3.24709
4.29959 -12.0234 -0.223655
21.4416 -20.6643 3.14384
-3.09676 -3.48919 -0.539704
-9.56581 2.6059 0.252366
4.91177 -10.5051 0.3043
34.5283 -20.1158 2.98005
9.46195 3.01704 1.47418
29.4184 -18.1385 1.51328
20.5622 -20.3028 3.04891
2.14475 -0.137976 -0.545894
-7.48824 -8.68767 2.30544
8.60299 3.38111 1.41601
5.29258 -8.70648 2.75922
19.7383 -19.9735 2.96281
-4.78215 8.75167 1.78618
7.16827 1.49045 2.2674
-1.69172 0.901419 -0.669891
24.6289 -22.0496 3.87907
10.9465 2.31578 2.72233
13.5759 -11.7195 3.42995
-10.7701 -4.30711 2.50212
52.9053 -26.2246 2.95724
-7.98066 0.92491 2.09186
-0.938072 -11.462 0.503298
7.30205 -14.8399 2.09805
-9.09294 -1.09366 1.92154
58.6108 -24.708 3.58662
0.299301 -2.89448 -0.451193
6.11473 -8.54488 0.355667
13.4549 -14.0424 2.05136
-1.05335 -11.4171 0.501623
-8.27328 -0.483729 2.44529
4.11366 -13.4891 3.07352
0.387457 0.381143 -0.09876
7.51331 -7.33071 2.55339
-4.06743 1.49665 -0.294119
13.2465 -14.524 2.07342
13.181 -14.722 2.08428
-10.1256 0.684255 1.31906
46.8016 -20.0567 4.73489
13.105 -15.0038 2.10259
58.1506 -25.7714 3.96473
3.4958 -1.28224 -0.390742
7.51639 -9.51272 1.27967
5.00768 -8.29525 -0.0535413
8.4389 -12.6699 1.60534
-6.42222 7.40608 1.57458
19.9187 -14.9038 3.53746
8.57744 -11.8612 1.18357
9.77423 -15.859 1.908
2.31569 -7.82135 2.60504
-1.89442 -7.36898 2.29763
13.0814 -7.2965 2.86437
-0.161796 -5.30299 -0.369524
4.26897 -4.86969 -0.232778
-11.6425 -2.87906 2.11072
2.08998 -1.09936 -0.439
-4.83657 -9.83391 0.68211
6.97345 -6.52174 2.58538
7.93672 2.67746 2.37495
11.0149 -1.98196 2.20868
4.71602 -11.3799 0.162161
-3.97841 -10.2471 -0.72517
0.575437 0.0908414 0.0683187
6.81788 -12.3451 1.44877
-7.95937 -8.57258 -0.276101
2.31472 -7.09743 0.492037
-7.62697 6.33979 -0.430412
2.31759 -7.60044 -0.187668
5.76698 -11.9108 1.39057
2.11442 -7.69278 -0.188606
5.66612 -12.0284 1.40166
-4.71501 2.50951 1.9432
-0.307564 -6.33495 2.44934
7.86845 -4.33057 2.5466
5.41247 -12.1029 1.31501
-9.24898 3.37984 0.136176
1.92125 -7.75437 -0.188526
5.93217 -3.11471 -0.240673
5.30374 -12.0626 1.38953
7.59249 2.52438 -0.38492
-7.57933 6.82675 -0.0850231
2.30866 -7.52861 0.829422
-4.09642 2.47117 1.49869
7.69757 7.69339 2.68114
2.08115 -7.23964 0.793307
10.7222 -4.41198 0.00947759
-6.10027 -7.87516 -0.47814
-3.25458 8.31371 -0.812501
-4.68861 -9.84417 2.67243
-0.905422 3.30229 -0.731335
0.0218192 -6.39267 1.69066
-9.83365 1.46131 1.90395
30.7212 -11.859 1.85684
8.0749 -9.47455 1.08187
-8.51582 -8.31907 0.515903
1.2944 -6.98908 0.671196
-5.57431 -9.58312 -0.853525
-2.30598 -10.8473 2.51657
12.1049 -16.8565 2.49991
-0.916457 3.88257 -0.752709
13.6111 -13.282 1.65448
-0.168953 -6.8536 1.14105
12.6219 13.9249 2.56215
13.5465 -13.2075 0.856641
-6.67238 -3.40232 0.305807
-2.29685 -2.10086 -0.571305
-1.71891 -11.1183 1.11589
-2.47557 -2.08083 -0.576833
-1.91519 -11.0382 1.11122
-3.69808 2.6909 -0.88726
-1.77673 -7.09864 2.32308
10.827 -2.08138 2.31301
-2.10994 -10.9591 1.10698
-4.57345 14.1338 1.30354
9.06964 1.72426 0.326534
-10.0436 0.877325 1.31664
5.02979 -2.92826 -0.280036
2.89177 -6.47479 -0.211772
-6.66483 -2.11869 2.0504
-8.38713 -0.0141891 1.94197
-0.699121 -1.50094 -0.538064
9.13504 -10.3051 0.884229
-4.68541 -9.8843 1.08509
2.46969 -0.10282 0.700186
7.89075 -12.7212 2.86212
27.9567 -13.4339 3.83817
14.958 -15.5143 3.52696
17.797 -19.1513 3.23485
23.8309 -16.3379 1.71361
-2.69713 -4.87478 -0.473457
6.95175 -3.77073 2.38821
-6.12374 -9.28802 1.10372
-6.83409 -7.98348 -0.506272
-10.709 -7.39603 1.29173
6.41014 -5.00856 -0.14215
-3.67508 16.369 1.4604
-3.51332 -7.54682 -0.400963
-11.0547 -7.24083 1.31175
8.23047 -2.03781 0.372368
-4.65351 9.10645 1.89371
-11.2098 -6.97823 1.37268
-4.66073 9.09691 2.07439
7.20554 0.530437 1.06958
-11.2134 -6.96716 1.30824
7.07348 9.02353 0.724573
-4.6635 1.35343 0.131042
-7.8438 -2.2345 1.98346
1.73378 -6.57728 -0.244613
5.76871 -1.88145 -0.291874
2.88793 -2.49107 -0.367647
-2.70723 1.30046 -0.720961
-2.94186 11.1194 2.19946
-0.35723 -11.6706 -0.419877
10.1687 -2.91495 2.64898
-1.67135 8.48076 1.88491
1.29595 -0.498967 -0.492369
6.1769 8.88428 2.59977
5.30516 -8.00937 -0.0525878
-12.0874 -4.31426 1.30961
10.106 -3.09517 2.64075
1.29408 -0.69818 -0.484857
-4.42758 8.77346 -1.34708
-8.85656 -1.09312 2.29518
-11.3681 -2.29665 1.51055
-2.89331 -0.899055 -0.646272
38.8373 -18.6696 4.28232
-8.01733 0.87821 2.31826
0.874432 1.56369 -0.60194
-8.3238 4.65713 -1.57169
-4.89552 9.05739 0.0430611
-6.56183 9.30145 1.10975
-4.07558 2.44308 0.0917755
23.1638 -10.7758 3.32352
23.2093 -9.62203 0.64007
-5.73534 11.3109 1.29893
-3.66236 -2.85992 -0.592498
8.93722 2.00645 0.231962
-3.83544 5.59242 -0.950642
-4.894 10.1876 1.67469
-1.90652 2.32457 -0.730268
-9.83298 0.967174 -1.50743
-4.73564 -0.509711 -0.725471
10.1956 -2.95725 1.91745
-5.57563 11.7164 1.27221
-3.09351 13.1335 0.513958
-5.493 11.8977 1.30115
-12.0244 -4.51022 1.31532
21.7218 -10.6835 3.74778
-10.4221 0.0475118 1.91117
3.37973 -0.607662 0.639179
4.46303 -13.6479 2.52619
6.07857 -7.67218 3.25556
-7.52537 3.68595 1.50841
5.09261 -12.5141 0.0979338
9.04013 -7.86736 0.0872731
-6.97034 0.707749 2.45739
4.95997 -10.5663 3.31048
11.412 -7.07802 2.65034
-3.11492 13.2835 0.597631
-5.43051 12.0524 1.31256
-2.88731 -4.55178 -0.490251
-5.64216 -7.02976 2.32254
-3.2797 0.88892 -0.729328
6.48662 -14.5118 2.30672
-4.26665 1.24203 -0.0949702
-3.53061 8.36325 -1.57467
-4.00865 13.2131 1.4568
10.8298 -10.4932 3.28335
-5.19744 5.19707 2.34758
-3.81005 3.16763 -0.844897
-5.40253 9.13834 -1.62001
-5.16564 12.7155 1.48935
8.23132 -1.63676 1.1926
0.696411 -1.88777 -0.468654
-3.92916 15.6856 1.05609
1.28246 -4.67485 -0.349321
-4.07487 15.3489 1.32555
27.4039 -14.8699 0.989766
4.08802 -5.9144 2.35926
41.3893 -17.1587 4.45371
40.9938 -18.1739 4.45654
8.00706 -13.5547 1.46318
-1.72023 -11.1339 0.493008
40.8737 -18.4217 4.4557
-6.60324 5.4874 1.80134
5.17869 4.70124 2.19906
0.000776003 -6.4101 2.07527
-3.29465 8.31105 -0.512592
-4.69879 -9.85323 2.29096
7.7263 -4.09905 3.16143
37.2697 -17.6356 4.09927
9.15494 -2.32523 2.62253
12.3386 -10.5509 0.307597
21.2195 -12.3629 3.49159
10.4525 2.08072 3.02313
-3.67011 3.02126 -0.309259
-2.61613 6.22284 2.04696
-5.13937 12.7233 1.10158
5.32424 -13.9133 2.08891
39.6461 -21.5144 4.48291
8.56215 -2.14567 2.60427
-0.701753 -2.88134 -0.488717
3.83011 -7.22858 -0.143135
-12.0433 -4.47776 1.711
10.4421 2.61553 1.5367
28.6268 -18.6314 3.39386
18.559 -7.30073 0.379121
5.63259 -14.168 1.93339
0.303471 -2.09371 -0.476647
-11.5404 -2.70451 1.50362
-9.0383 -1.52637 2.29943
11.7613 -16.6959 2.32417
-11.2816 -2.31749 -0.279809
16.6747 -13.0131 2.13316
2.72555 -1.55289 -0.39928
-6.75877 -7.10058 2.23746
-1.565 4.25428 -0.800437
-4.35023 0.700234 -0.495302
21.7867 -15.3401 3.6319
10.5801 -6.16677 2.71525
5.74267 -12.048 1.32538
-10.0965 -7.71214 -0.904242
16.3269 -13.4888 2.10353
15.7265 -15.7331 2.21087
-3.67768 3.02695 0.10308
1.31333 -9.89892 2.88747
-5.92066 2.25453 0.460319
-11.722 -3.28501 0.495696
-1.31565 -11.2849 1.293
15.654 -5.90759 2.89273
5.63925 5.73171 2.1771
13.2784 -14.2011 1.83897
-11.7438 -3.5225 -1.1163
-7.73421 3.98292 1.67048
-11.6068 -3.22017 -1.09692
-1.16705 -11.3859 -0.331678
-3.70073 11.4384 2.11578
-10.1742 -1.68811 1.78227
-7.69596 -0.497327 2.46339
-5.09375 -3.28501 -0.62569
-1.97776 -10.9944 1.74009
13.5302 -13.1925 0.945198
4.5266 4.72962 2.48146
-2.05021 7.84286 -0.512859
-7.51625 -5.68461 2.29906
8.72609 -6.30911 0.00893581
0.556794 0.379516 0.215624
-7.56558 6.92811 1.67338
-6.73745 8.49853 -1.75035
0.967842 -6.80847 0.713906
-2.72579 8.1372 0.232337
-1.92362 -10.9865 2.78382
-3.2771 -9.0329 -0.353218
-7.1005 -3.22008 0.103872
-2.86889 8.1393 0.231734
14.8409 -17.0097 3.49459
7.58178 -9.3559 1.1204
-5.20687 -7.13388 2.7575
-10.5346 -0.518717 -0.313702
21.4385 -20.6714 2.96039
-8.09651 -8.50486 -0.422258
2.32479 -7.24782 0.737043
-7.95719 -8.56853 -0.420133
-7.61242 6.37749 -0.249151
2.277 -7.148 0.661755
-11.9756 -4.44685 -1.40184
-3.22636 17.3374 0.938875
2.09694 -7.07252 0.68605
-0.901881 -2.66745 -0.501916
-0.328962 -11.676 1.09998
-6.28803 3.41074 2.37826
-1.10556 -2.69987 -0.508491
3.36761 -7.51553 -0.144078
-0.488074 -11.6341 1.08951
-1.29779 -2.48967 -0.522489
-0.708519 -11.5422 1.07619
-5.74468 5.08109 0.38365
-1.50171 -2.09452 -0.543759
-11.5464 -2.89236 0.302379
-5.25444 1.50495 -0.832855
-6.69635 3.50514 2.3552
2.9741 -7.76191 -0.145318
-0.906661 -11.4599 1.08494
-5.5486 1.72103 -0.848111
-6.86741 3.61713 2.31709
9.78754 -10.1628 3.08584
-6.59533 8.78021 -1.74431
-10.1491 0.693745 1.88357
23.4165 -21.4879 3.15743
-4.12337 -4.04637 -0.561452
-10.5044 -0.517466 -1.2803
0.309938 -6.28906 -0.110562
-4.29066 -4.32514 -0.554298
-7.73027 -8.62565 1.07404
-6.61337 -3.91518 -0.873896
-4.45049 -4.29277 -0.562406
28.4232 -13.4379 0.995888
-7.85201 -8.58185 1.11895
7.76443 -4.54455 -0.102273
-9.73693 -7.79293 1.29926
-0.979146 5.43804 1.7307
-2.0912 2.28976 -0.735769
0.867039 -6.50612 0.288828
34.5461 -20.1441 4.22164
-4.68636 1.9404 0.0818499
-1.7222 -5.97932 2.40289
-2.76587 -4.86173 -0.475579
-6.2844 -9.2208 1.10707
-6.64938 -3.42471 -0.291035
-7.73619 -6.50162 2.17919
1.91767 -2.11455 -0.413357
18.8959 -19.6052 3.7116
-9.06048 -1.49889 1.94978
-3.92465 -2.96509 -0.597676
-11.509 -2.69559 1.1005
21.1111 -15.2617 0.825833
-3.81059 -2.73229 -0.598034
-11.3867 -2.41021 1.08377
-6.60217 9.25436 1.47738
6.47242 -4.08681 -0.180321
7.97148 -8.30279 3.12994
16.4258 -8.14119 0.348487
2.59327 -7.31561 0.350842
11.431 -9.07045 3.45093
-5.01981 5.08012 -0.958187
7.09299 9.02988 1.10406
-10.2684 0.107677 -0.488966
-1.69489 6.04204 2.40813
-7.26852 -7.43526 -0.628149
14.32 -11.2746 3.31012
-4.44524 8.77219 -0.703645
-5.90524 -9.33485 2.52557
-8.47199 -2.62473 2.30952
-8.46934 4.69493 1.3181
-6.12744 5.93086 0.557398
10.7265 -2.63194 -0.260044
-5.95873 6.32075 0.509099
7.14031 -3.22184 -0.184739
-7.55396 6.92375 1.51984
9.89141 2.63855 2.86628
-10.5171 -0.518212 -0.700725
-5.18038 -7.18344 2.50946
3.30999 -3.29208 -0.32441
14.081 -15.1554 3.70687
-5.94437 -1.89581 2.12166
52.8092 -26.1613 4.76812
-11.7982 -3.72177 2.44177
-2.88871 -1.30993 -0.629905
3.23146 -5.63127 -0.233427
-1.30536 -4.62542 -0.437043
8.84181 -3.69807 3.18831
-6.50107 5.54197 0.848101
21.0012 -20.4761 3.62843
4.89557 5.09051 2.17454
25.0961 -15.8885 3.67503
2.57019 -0.0622107 -0.972336
11.469 2.17626 2.67327
-3.48784 12.607 0.65493
11.782 -10.944 3.07499
-2.03791 7.79612 -0.140252
-3.49317 -10.3627 1.88933
2.49146 -9.6896 3.19637
1.7047 -0.897896 -0.459348
11.3087 2.24943 2.66869
13.0618 -12.0566 3.07281
25.0714 -22.1612 3.9269
29.2312 -17.52 3.99992
8.86034 -4.28879 3.21334
-6.38539 6.0756 0.85313
-4.39163 2.59537 0.866197
2.71699 -10.0606 3.21176
-2.69005 0.303077 -0.685711
12.0217 -7.61414 3.39916
14.1229 -12.3251 0.705031
-9.02673 3.45051 2.056
-10.1754 0.348824 -0.302811
-10.6301 -0.752146 -0.317043
-6.51986 6.68568 0.927152
-1.60494 -8.57908 3.00224
-9.32781 -3.20563 -0.776672
-2.69265 4.2831 -0.847652
16.1245 -6.86631 3.24768
-9.61437 -1.69595 1.92626
-2.08827 -3.24081 -0.514951
-6.02661 10.6886 1.72019
1.50296 -6.91307 0.673124
-4.21054 1.5613 -0.18535
19.2127 -6.47631 2.30839
-3.21988 4.73293 2.17059
-9.86477 -7.73113 1.7032
-10.4366 1.31404 0.139428
-5.14922 12.7274 1.31475
0.817345 -6.22528 -0.306473
4.88932 -1.51041 -0.340512
-3.09061 -5.29883 2.31833
5.17946 -5.29913 2.60753
-1.45869 -11.2185 1.50864
10.3243 -16.0871 2.89544
4.29918 4.08839 2.23073
9.76219 -15.8394 2.30115
-2.01268 7.70388 1.8885
-3.51639 -10.3971 -0.126011
-4.00673 15.5279 1.53435
-10.281 -7.58254 0.94927
19.2404 -6.50074 1.326
-3.32393 3.55702 -0.620665
0.30585 -1.32823 -0.504122
3.12169 -10.6593 3.08908
-0.0992094 -1.43122 -0.518008
4.441 -8.75504 -0.0534883
-7.58209 -3.19619 -0.699835
-3.73489 16.1793 1.67561
-5.08605 -2.10819 2.03597
-11.8296 -3.54065 0.500282
6.7101 -2.91747 -0.218188
28.7337 -18.6952 1.29068
-4.31224 -10.0978 -0.862145
4.48519 -11.5101 0.312618
6.39793 -2.02399 2.17096
-9.65716 -3.03529 -0.797056
-4.26951 -6.75505 2.85333
2.93632 -0.712248 -0.43578
4.71398 -10.9023 0.51967
-1.57392 -9.56838 -0.289432
-2.58189 5.6291 2.39191
-1.29905 3.70522 -0.764965
11.7548 -16.6942 2.50877
58.2584 -25.3975 4.74183
25.4153 -9.62449 1.8556
-0.924763 -11.5105 -0.659845
5.94573 4.68606 1.90303
24.5009 -21.9352 3.26716
-9.80798 -7.73821 2.08652
-1.77095 7.2542 -0.953117
9.74119 -15.8053 3.44013
5.61401 -8.39017 2.88783
6.71071 0.453351 1.30024
6.08692 -8.5393 0.526265
44.5064 -24.8544 2.55338
-6.09864 7.51285 0.678762
11.2944 2.26555 1.09202
-8.76007 -0.938577 2.4208
10.7124 -8.67964 0.181856
4.32172 -12.0896 1.00144
5.81221 -1.96143 2.33856
29.7568 -22.0699 4.13165
-3.37004 8.33592 -0.102238
-4.89346 -9.78258 1.86328
-3.69843 16.3214 1.71451
-3.8563 15.8525 1.07096
-6.07982 -9.3665 -0.870518
1.23056 -6.00198 -0.295126
34.4598 -20.0841 3.96306
11.734 2.06584 1.12128
-6.4777 -3.91265 2.13007
-4.89626 -9.7865 1.48794
-7.90381 -2.88275 2.09939
1.71424 -5.73032 -0.28804
1.1003 -2.89001 -0.413244
-3.51776 16.7016 1.32714
7.66769 -4.53059 3.18068
-1.27457 6.96449 1.79011
16.3579 -6.30987 3.30007
-11.8588 -5.04021 2.46407
4.15854 -10.8739 3.302
-7.87054 0.905291 2.41905
19.2187 -6.47943 1.88657
0.367912 0.480709 -0.0749357
-2.84064 18.3726 1.56141
25.4063 -9.62112 2.52747
12.3843 -13.8733 3.09798
-2.32448 6.62041 -0.941394
47.0298 -19.4806 4.7371
-7.74275 -5.90383 2.15828
6.26157 -14.4211 2.08098
11.867 -4.00183 2.76405
3.10231 -1.51764 -0.395966
-2.41853 6.64776 2.08394
45.6941 -22.6649 4.74776
45.8639 -22.372 4.74856
5.47435 1.42985 -0.445007
28.6792 -11.6746 3.83187
-10.9115 -7.3409 -0.11027
47.5156 -23.2109 4.60608
-2.14506 -10.9646 -0.09422
45.5657 -22.928 4.74715
-8.48685 -8.08189 -0.564182
20.3071 -14.3105 0.935387
-2.89085 5.50446 2.31135
-1.50611 3.49787 -0.763903
-3.93283 2.37792 -0.114664
11.522 -16.571 2.49633
2.69306 -0.494479 -0.446778
-0.522593 -11.5573 2.9246
-1.8815 -9.63303 -0.221314
28.8224 -18.2536 2.96973
-11.1332 -7.09959 -0.110701
-12.002 -4.63191 2.06733
-2.88027 -10.6777 -0.329544
-2.54074 4.29151 -0.281948
4.57477 -4.73481 2.42361
48.6509 -25.6219 5.11645
-10.8576 -1.08758 1.27856
10.3371 -2.58852 2.10392
8.68425 -2.89792 3.15022
-10.6894 -0.728761 0.916552
4.48612 -5.09188 2.47383
-7.91227 -0.903103 2.47514
-5.13069 -3.66414 -0.61228
48.4966 -25.9143 5.11621
9.07298 -15.5623 2.28531
29.0958 -17.9129 1.28573
17.0748 -7.90078 0.356619
-5.54256 6.06092 0.260446
-11.1531 -1.90137 0.49593
7.90498 -10.9286 0.839519
-2.49342 -4.86454 -0.464622
7.14733 -3.84145 2.39379
-3.64904 7.86724 1.71084
-3.14219 12.7102 1.90091
-5.56357 -8.6641 2.28256
0.874057 -6.49442 -0.29386
3.64621 -7.45487 3.20682
-3.49417 -0.0988071 -0.700191
1.21884 1.93304 -0.593813
38.8993 -22.3616 4.17594
-8.31186 -2.6844 2.29364
11.7696 2.05881 1.47193
34.4777 -20.0856 3.71174
-8.1464 0.523983 2.09804
-2.68522 6.28992 1.8643
-3.67261 3.02379 -0.486812
-2.50594 5.72601 2.39519
11.9924 -16.8199 2.48898
9.52344 -15.7147 3.29163
-1.12607 3.8769 -0.763325
-4.66794 13.5703 -1.57489
12.4669 13.8413 2.64881
-6.832 -3.33683 0.310734
-4.2053 4.20375 -0.90627
28.905 -18.0557 3.17045
-5.12847 -1.35321 -0.711092
-10.2301 0.0557632 -1.51902
8.54388 -2.67382 2.48466
-10.8524 -1.29813 -0.52544
10.5463 2.57205 1.67733
28.6563 -18.6353 3.1795
13.4755 15.2383 1.77108
-5.12629 2.35151 -0.859417
-5.72289 11.2858 0.750912
-3.30602 -2.25459 -0.604689
-4.56564 4.95701 -0.944717
28.5558 -18.8273 3.18181
-11.5208 -3.09126 -1.4521
-3.7071 -8.51476 2.40549
-7.36499 -5.28459 2.30595
-0.965277 -8.7176 3.01735
0.525119 -6.39591 -0.645036
-10.4382 -0.321823 -0.694939
-9.08377 -2.32483 2.46584
-2.98152 17.8364 1.12751
-1.44929 -8.16953 3.00357
-5.82642 11.171 1.74479
16.6971 -13.0262 1.90587
9.11129 -2.88685 2.76477
57.9999 -26.1408 3.96593
-3.99436 -10.1795 0.69358
-7.96101 4.51051 1.74902
7.86412 -13.027 3.00326
2.13684 -4.11477 -0.336423
-7.49481 -4.55501 2.10642
8.46256 5.28814 2.83033
6.25882 -13.5258 2.94115
-3.81744 7.43735 -1.01694
9.38339 -4.30055 3.23739
-8.39584 4.82364 1.62261
-7.28259 1.91507 2.39137
6.21584 -11.1689 3.38128
-7.48453 7.11951 1.68121
0.6494 0.232768 0.231598
6.70123 -12.1228 2.90684
-4.61036 9.16144 0.513423
18.8841 -19.5915 3.87031
-8.26332 -8.42317 0.510928
0.501403 -1.29577 -0.497981
-4.16428 15.0955 1.1121
16.023 -15.6334 2.08303
-5.54936 11.374 0.401938
5.78515 -14.2236 2.77308
5.68476 5.93583 2.1733
20.8585 -11.8199 3.11978
13.321 -14.077 1.80234
11.3416 -16.5389 2.47967
-1.70134 3.46417 -0.770338
20.2349 -14.2525 0.93288
14.4006 -12.2684 1.2907
-5.60977 11.6772 0.330104
5.49021 5.67066 2.17217
6.50489 5.49099 2.71966
6.68515 -14.5943 2.13694
-7.86018 4.13879 1.70536
14.0766 -15.1394 3.70387
3.35354 -3.0984 -0.331216
-7.61134 6.81339 1.67116
10.5426 2.49479 2.67804
-5.32717 12.3203 1.49603
5.46802 -4.26963 -0.207002
-9.53507 2.11003 1.29887
-5.34972 -9.58113 2.30178
-3.88709 8.56805 -0.517665
8.28259 -9.55933 1.09913
-7.51022 -8.72214 0.911589
-10.64 -0.917989 -1.47252
-11.8444 -4.90701 -0.695782
-2.50818 7.99031 -1.28959
9.22491 -13.8753 1.54865
-3.16623 12.7077 1.71099
-11.159 -2.0653 -0.685813
-2.61533 8.03083 -1.28125
9.10828 -13.9154 1.53012
-3.9386 -4.69089 2.2154
4.23615 -5.93109 2.81562
10.6838 -2.473 2.09342
3.11058 -3.97831 -0.304652
7.10436 -12.2735 1.31789
-5.08552 12.8804 1.29409
35.1801 -26.4526 3.28331
3.64908 -6.61525 -0.178285
-6.71689 -9.05878 0.493816
-7.7025 2.89244 1.82348
-2.88546 -7.87514 2.92769
4.73136 -11.8697 1.1873
5.75478 -4.86255 -0.177528
5.13787 -13.9443 1.38145
-8.33235 -8.3784 1.10348
26.5807 -14.2126 0.955936
-0.897077 -10.0657 2.5559
-9.68269 -7.82155 1.07913
1.70281 -11.007 1.58278
0.157332 -6.21521 0.518558
0.0548984 -6.47694 0.493155
7.54617 -9.19684 3.05556
-9.97803 0.951481 0.685231
-9.30708 -7.97996 1.10336
28.9363 -18.0763 2.54458
6.51163 4.8946 2.75175
24.3321 -14.7691 3.88027
-5.83355 11.0767 1.50869
-2.72019 3.26955 -0.805221
21.0809 -20.5769 3.8323
5.87097 1.70244 -0.443411
13.0709 -5.88682 2.92279
-11.873 -4.91765 0.691567
-11.9832 -4.0764 -0.488005
-11.8851 -4.91593 1.11847
-12.0807 -4.31704 1.11372
20.0364 -11.0275 0.581317
-0.212788 -7.7015 -0.277823
4.25178 -2.45828 -0.325757
-8.32692 1.55017 0.318856
2.28806 -7.61616 2.59479
-2.09988 13.0566 1.63588
15.6707 -12.5378 3.28429
8.3613 -1.90495 2.59045
-9.36094 2.4985 0.931437
0.69115 -6.24648 -0.307431
-8.90343 -2.46998 2.10173
-4.88402 -3.39023 -0.613884
-7.58916 -0.677595 2.48648
-4.44146 -3.93387 -0.576435
-11.9238 -3.6967 1.08753
-8.13687 2.12112 0.390382
8.34692 -3.91623 3.17226
58.8735 -24.0052 3.96546
1.88025 -10.1446 2.72381
4.66857 -13.7495 2.49832
-8.00803 2.32485 0.367761
10.071 -7.69039 2.53849
-6.50683 -9.12146 1.52482
-4.14897 -7.94101 2.36928
4.54741 -10.5689 0.00912019
9.28172 3.09785 1.69083
-5.11324 12.8713 1.72805
-11.7832 -3.88476 2.44885
1.90298 -0.49887 -0.470261
-10.2339 0.368846 0.890318
-5.46851 7.6668 0.298969
-7.8097 6.51472 0.978053
10.1944 -4.59532 2.75431
18.1418 -19.2911 3.68882
6.09777 -9.24747 2.80194
11.3756 -11.3818 2.98112
15.3241 -6.72649 2.89329
-2.49859 -3.31757 -0.529425
-7.75798 6.63619 0.928938
-8.28418 -7.42538 2.19514
-1.91338 -10.9476 2.85263
-11.8513 -3.34105 2.28117
1.68585 -0.699313 -0.468022
-10.4346 -0.160501 0.522477
17.7134 -10.1209 3.35104
32.9718 -13.6668 3.7687
-4.83231 13.5048 1.29137
5.25495 1.50872 1.96394
-3.35444 -10.4629 0.0779543
9.56064 2.77142 2.69753
23.3852 -21.4586 3.92869
4.29402 -8.33958 2.71076
-9.73055 -7.79535 0.545912
15.3105 -15.312 3.87997
4.70729 -3.3315 -0.27752
10.4879 -11.3103 0.339565
6.90739 -8.91118 0.285742
-2.9217 8.17696 -0.710697
-4.42049 -9.96258 2.48794
-4.51453 13.9567 -1.47155
13.5239 -13.7147 1.91279
11.0207 -4.10127 0.0096575
27.8886 -20.6901 4.07632
-6.51091 -9.12567 1.11222
-4.24613 2.54477 1.49067
7.57396 7.76993 2.67312
-2.09093 -5.89641 2.38566
-2.50422 -0.907398 -0.632343
9.33792 -10.1738 0.900906
-5.0583 -1.00397 -0.722465
-10.0859 0.453574 -1.51885
-9.68851 -6.86129 -0.644376
-2.78567 4.70496 -0.632563
17.0413 -11.7437 3.36659
-0.509724 -11.6834 -0.653031
10.0062 -7.81411 2.5053
13.8175 16.8411 2.43006
7.78185 -2.30632 2.78324
-2.90487 -3.3687 -0.540397
6.50142 -9.35566 0.920225
5.80479 -2.35901 2.41977
-2.49602 -8.31039 2.50432
5.77322 7.6833 2.30976
-1.48963 -11.2328 0.0805254
10.0448 -7.69238 2.65543
12.8973 -4.66937 0.100486
10.4907 -3.46601 0.892868
38.9532 -22.3832 3.06756
-1.69525 -1.29637 -0.582379
0.683233 -6.3669 2.10513
28.5302 -19.0695 1.93447
-3.50014 8.48323 0.096901
20.3928 -14.5517 1.56195
6.94306 -8.89331 -0.197324
-7.63699 3.52672 1.81375
6.81728 -14.644 1.99718
1.53078 -2.50593 -0.411492
25.4455 -9.45998 2.36333
-4.67675 5.37693 1.80163
-7.1413 -3.17203 0.905908
-0.229631 -5.79165 -0.349774
4.21896 -4.43287 -0.255788
6.71054 9.22148 0.361862
-3.65912 -7.8158 2.8364
48.8545 -20.9459 4.62865
-4.11297 -0.303641 -0.71653
53.6168 -24.5504 5.13379
-7.02509 -9.00127 -0.689354
52.9287 -25.8249 5.12699
11.8753 -5.79723 2.608
-10.5024 -7.48505 0.885678
7.50109 -4.09784 3.14843
-3.66172 16.3059 1.09156
47.9429 -22.32 4.60483
-8.11846 -8.53481 -0.808761
1.59365 -5.37948 -0.304388
-6.97968 -5.91059 2.69797
8.53691 -8.33228 0.0873257
-2.42602 -10.8067 1.90652
52.2099 -27.4883 5.13665
7.1553 -5.12702 3.18693
-7.16535 2.90082 1.90911
16.1393 -11.7788 0.50776
-11.4246 -2.53739 0.733958
7.61742 -9.51921 -0.586944
5.36488 -1.75644 -0.30594
10.4978 -2.56018 1.96746
-4.29719 -4.50842 2.23788
5.2828 -1.89979 -0.304283
-8.30343 -2.2944 2.51526
34.3614 -20.3043 3.47405
-8.05761 -5.42296 -0.647569
4.72459 -11.4072 0.163563
-8.74706 -8.27732 -0.727225
14.0594 -12.2346 1.1113
13.0597 14.9549 2.31115
10.5399 -16.2007 3.21878
9.84667 -5.23386 0.0090901
-10.9036 -7.33531 0.291899
33.9721 -25.8415 3.7153
22.5421 -21.196 3.45016
7.42392 1.14747 -0.130883
-6.42829 9.28799 -1.7046
14.811 -12.934 1.58993
21.9064 -20.5981 3.91216
9.72721 -4.10013 2.76365
5.6494 -8.84172 2.77494
23.5303 -17.0064 1.98163
5.92874 2.00388 -0.137555
23.4587 -21.5227 2.77064
2.63834 -3.44617 -0.341336
10.1677 -3.09868 1.3192
6.953 1.59662 0.0906332
-5.68674 -2.51257 -0.681322
3.98048 -6.26452 2.46715
13.9298 -13.4274 1.68445
-4.08919 1.11309 -0.503181
13.2636 -14.1665 1.68861
-1.89168 -11.0351 1.89492
9.14477 -4.8905 3.25244
-6.23199 6.67433 0.80458
1.4359 -7.00167 0.752597
19.1318 -6.56974 2.50269
-2.0906 2.70803 -0.755776
-5.0619 10.576 1.52497
-9.11807 3.10483 1.10255
13.2406 -14.2538 1.69258
14.5294 -13.1687 0.498292
-7.49444 0.298649 2.4476
39.012 -22.1106 4.45715
16.3406 -13.4968 1.71352
-3.23696 3.82244 -0.854185
-10.0997 -7.68394 -0.493816
9.3178 -13.2357 3.34855
-1.29541 1.49834 -0.672632
14.1996 -15.6634 1.8395
-4.31345 -10.0649 -0.125301
4.45567 -2.1699 -0.330108
-11.6996 -3.12228 1.49766
1.90126 -1.90392 -0.418595
-5.47436 -9.63931 -0.836892
-7.70601 7.10161 0.353059
8.39154 -12.3937 1.31058
0.215455 -4.37657 -0.398248
-2.91714 -7.70425 2.92565
-5.74425 10.8787 0.235538
25.4668 -9.46605 2.11239
-3.08335 1.50095 -0.742341
11.5685 -8.74666 3.44363
-7.7897 1.39945 2.09267
9.02135 -13.6833 1.42561
9.98934 -9.50349 0.181704
-1.43157 -9.39978 2.51448
6.86807 -1.30077 2.51294
6.2879 9.04042 2.44166
8.06281 -5.13231 3.21895
2.0449 -6.44059 -0.243006
1.89047 -2.5115 -0.399093
-7.67718 -6.26011 2.19704
-2.49588 5.2407 -0.884639
6.6236 -10.3195 1.06611
19.0889 -6.89347 1.32493
4.89136 -8.09713 2.76246
-8.78063 3.92384 1.10084
6.70557 6.09375 2.70888
13.3914 -6.51305 2.84793
6.18964 1.11317 -0.225607
4.27299 -13.6119 1.56659
-2.02188 6.89214 2.36021
16.3956 -13.2869 2.47593
-3.00321 3.64038 -0.0673253
3.81728 -5.21336 -0.232116
2.49021 -7.08435 2.86208
-5.70963 -3.5088 2.08779
-0.675427 -5.05111 -0.401032
10.6633 -3.60098 0.213917
-11.1666 -7.12042 1.68013
0.274557 -3.92347 -0.411051
-2.87876 -8.11252 2.87983
9.35595 2.04178 0.653376
4.65327 -11.641 1.09042
-0.523369 -8.1093 2.50265
3.63796 -7.06 2.48929
6.72867 0.66764 0.0894131
14.8922 -6.09108 0.212874
1.5208 -7.45356 2.56
-3.19269 3.39086 -0.223405
21.0525 -15.3981 0.8269
-7.6316 -6.22339 2.18311
2.04651 -2.42996 -0.398987
-1.69812 6.1167 2.39561
10.3063 -16.0449 3.29658
5.51674 -9.53047 0.00875737
18.3142 -6.67438 3.24802
-7.25097 -7.42427 -0.465007
-4.42093 8.78339 -0.836291
-11.346 -2.29312 1.07775
-1.9762 -10.9902 2.27379
-11.7607 -3.51307 -0.517102
-7.55393 7.10023 0.453716
-8.34278 0.0828158 2.09359
8.41539 -12.4269 1.39503
-3.19565 3.39847 0.0041158
-0.924896 -11.4578 0.914578
-3.30202 3.49845 0.0913773
1.35941 -9.76974 3.1516
-1.14311 -11.3665 0.926373
-3.49662 -0.887786 -0.665927
22.152 -13.2944 3.36122
4.48169 -13.6978 1.69595
-11.7432 -5.18833 -0.691998
-0.893963 1.69705 -0.661186
-3.70945 -1.09816 -0.669042
13.9181 -10.0665 2.96952
-7.68169 -8.68064 -0.272046
0.310078 -6.2415 1.30367
-3.51105 -1.51131 -0.645464
-2.99814 -10.5841 0.945471
-6.49333 -9.1 2.48037
-7.48569 0.106712 2.44793
10.8714 -5.4749 2.6718
5.32669 -4.33675 2.57799
6.1221 -11.284 1.193
-5.15269 1.54647 0.17049
22.0638 -9.88469 3.49277
22.2032 -8.25196 3.08265
9.89209 -1.74587 3.14949
-1.4945 -1.09563 -0.581904
-7.43972 1.83785 2.40233
-6.70408 8.91215 0.903315
-5.10242 5.70035 2.33961
25.2341 -22.3314 3.34781
-3.84736 3.89495 -0.868405
9.08658 3.19113 2.48367
-10.0868 -7.72627 -0.887729
-7.69248 0.128273 2.44242
25.417 -9.62704 2.34939
-7.95706 -6.09211 2.16023
1.50522 -2.68559 -0.403544
8.26945 -8.45564 2.84121
-2.32245 6.90113 1.90629
-10.2532 -7.65642 -0.853316
17.5908 -5.92747 2.98325
-7.88982 0.105954 2.44465
-4.10598 -1.49348 -0.665414
-3.91457 -1.09487 -0.675704
53.8431 -23.8411 5.12569
3.93155 -13.4552 1.70429
34.991 -18.7114 3.94332
-7.90098 0.321655 2.43019
-3.12669 17.6936 1.6716
-8.63193 4.13109 0.0910879
-5.67872 -3.72182 2.53533
-10.2916 -7.52773 2.08214
-2.29089 7.15125 -0.958439
-3.70137 9.11272 2.24535
2.90752 -13.0162 2.30172
1.92611 -9.84048 -0.114396
-9.13364 3.11153 1.49078
-1.76251 -5.95318 2.39776
38.6624 -15.4589 4.39665
2.91808 -7.26019 3.0192
-8.59327 -2.90556 2.01068
7.49907 -9.51078 1.28531
-8.5938 4.26077 0.303269
2.66942 -7.15997 2.70901
-4.49095 0.276741 -0.291555
-1.52668 -0.661744 -0.602913
5.2968 -9.57663 -0.258233
-7.08638 -8.85345 2.51648
-8.05485 0.285394 2.42483
8.30741 -8.73027 0.0876387
-4.30843 -10.0504 0.883218
-4.15346 4.76916 -0.923483
6.3387 -5.94308 -0.0988192
3.76665 -8.00474 2.6719
11.0962 -11.5818 0.304857
-5.11473 -9.71266 0.886436
-4.09688 10.4801 1.73928
-12.0346 -4.30694 -0.693673
-2.49176 -3.29801 -0.526784
3.12476 -10.0854 2.34009
-7.63678 -1.71315 1.92699
-0.516404 -11.609 1.50968
-2.16001 -5.77806 2.38207
-2.67648 -0.892476 -0.635893
8.73956 -4.46438 2.4821
5.08732 -13.9345 1.69616
-2.91595 -0.700202 -0.656309
-6.91548 -8.96565 0.916525
-1.69872 -2.67818 -0.530183
-5.75052 11.3211 1.71475
-8.25404 2.03943 0.649981
-9.34214 -1.09493 1.91717
-8.28728 -8.46126 -0.842281
-8.4228 4.67053 0.304523
17.1246 -18.8853 2.91691
-7.29048 -8.80916 0.920942
51.8694 -28.1393 5.13814
4.56031 -11.3034 0.308511
-9.58068 -1.181 1.90468
5.97153 -5.37025 -0.140355
1.90866 -9.91429 -0.114355
12.1181 1.90727 1.69404
-4.95221 -6.93841 2.3081
-10.4292 -0.318399 -0.824942
0.520182 -6.39893 -0.504776
-9.10063 -2.3677 2.29195
26.1862 -10.4709 3.66981
20.9781 -20.4628 3.90356
-7.65325 3.47741 1.81242
12.3149 -4.1083 2.72446
6.68536 -14.5969 1.98502
7.51059 -4.67741 3.17654
-7.75516 6.49572 0.866077
-2.09137 1.5008 -0.702929
-5.09619 9.32734 1.70752
-4.91378 -9.76303 2.29262
-3.3797 8.35353 -0.502848
-3.24348 12.4604 2.1071
-11.1876 -2.18422 -1.13813
20.9813 -8.53841 3.08775
-1.29597 1.29382 -0.664004
11.5821 -11.0765 2.96901
-2.00315 7.79501 -0.226772
-3.49387 -10.3621 2.09076
-10.4113 -0.0777299 0.705226
2.48762 -5.279 -0.281006
-2.06187 -4.86946 -0.449506
-1.04599 -8.07863 3.00002
-8.7863 -2.65612 -0.78056
8.26871 -15.2405 2.14432
31.4805 -13.4991 1.08787
1.89565 2.91483 -0.613268
-6.28014 6.49512 0.766019
-7.29203 -8.80488 1.09877
11.113 2.31688 0.952859
-3.9982 -10.1886 0.207615
9.0566 -2.97397 3.17075
-10.315 0.103262 0.325
23.4712 -16.9568 3.31295
9.02749 -5.70012 3.24702
-6.25768 7.53064 0.85192
38.5736 -15.6903 4.39484
-8.68494 -8.25354 0.525009
-4.04699 8.55809 -1.67454
1.11295 -7.00299 0.680633
23.3972 -21.4637 3.54273
3.14131 -8.69027 -0.105404
-1.49431 -1.50336 -0.566531
-10.205 0.626621 2.1455
-3.37806 -10.4441 0.480428
5.47759 -9.08943 0.282435
-5.42503 12.0387 1.10871
1.49662 -6.89655 2.53801
-5.10572 -9.69423 1.69242
0.157945 -6.19345 1.12212
-11.4097 -2.34382 1.69049
1.52647 -10.7517 1.67963
-8.02116 2.0441 0.109646
-5.50355 11.5489 -1.16484
-9.31076 -7.94022 2.11963
-4.35342 14.6749 1.28545
-3.32759 3.34984 -0.834705
-6.72219 -9.06553 -0.128987
-3.80475 16.0228 1.45002
-3.68371 16.2909 1.4541
-6.99577 -3.23264 1.30577
-3.45948 16.8545 1.49781
-2.79605 4.90255 -0.665403
-1.35402 7.52842 2.37053
10.4443 2.6156 1.71693
-12.0404 -4.48822 1.8692
-6.32214 6.10386 0.73583
-3.71612 -5.11309 2.29387
-1.97586 -10.9949 1.52031
4.53767 -5.49252 2.58669
28.8139 -18.2455 3.17266
-11.1316 -7.09935 -0.311729
-6.28845 -1.30293 2.03291
-0.980783 -11.3946 2.32834
5.03578 -8.83143 2.75297
30.5124 -14.431 3.96189
8.21395 -9.52374 1.8794
30.8141 -11.8778 2.67135
58.4383 -25.0628 3.96455
58.9806 -23.5912 5.14182
-5.08251 2.92246 1.90655
8.1275 -6.92327 3.29094
-5.50062 2.87929 1.57295
58.6804 -24.3156 5.14294
57.7033 -26.8757 3.58964
52.9373 -25.825 4.76622
-6.8508 -9.00454 0.286835
-1.50604 -4.65106 -0.444582
-6.68944 -3.29756 2.06334
2.86157 -5.46156 -0.258141
-2.14873 5.01247 -0.865011
-5.10528 12.8777 1.50322
52.6631 -26.4926 4.7695
12.3222 -4.28234 2.69975
-7.7938 3.62822 1.72404
4.26986 -13.5852 2.67986
40.3675 -19.711 4.46436
42.1384 -16.5693 3.94441
33.959 -25.8281 3.96882
10.1169 -3.09818 2.48153
-10.419 -4.42075 2.50944
-5.69052 -9.49721 -0.295797
-2.42582 -10.8038 2.32904
-7.10294 -8.87524 1.68587
0.950231 -6.68342 0.505187
-7.03562 4.02651 1.79651
-10.478 -0.321008 0.10432
-1.91004 -10.9968 2.4873
8.6764 -12.4241 1.3181
-11.4894 -2.69123 0.700089
52.058 -27.8097 4.77508
17.2621 -12.0119 0.534809
5.92013 6.95924 2.14246
51.9109 -28.1419 4.77733
-3.59756 16.4756 0.738839
-10.8856 -7.30275 2.09522
-4.27993 9.43767 2.23516
-5.1092 6.30321 2.32257
-3.85876 4.45095 -0.897749
10.4515 2.61767 2.52525
-2.49818 4.49172 -0.846321
34.2099 -20.494 4.20847
5.46778 6.25834 2.1494
-5.68526 11.0721 0.388611
-5.71573 6.69193 1.79367
28.7546 -18.4589 2.76443
2.73979 -7.96911 -0.147509
-11.6397 -3.10645 0.305938
1.47586 -9.94704 3.09665
0.486919 -6.12017 -0.333163
4.64172 -1.46147 -0.352807
-7.35646 -5.7057 2.69069
-3.36146 -10.3972 2.56266
-1.92311 7.75492 -0.893803
1.70263 -2.09467 -0.418654
-7.93013 -6.67359 2.17473
34.0976 -20.7201 4.21114
28.5802 -18.8417 2.76927
-8.34855 1.40613 0.527206
-7.75431 1.49375 2.11019
9.09331 -13.6656 1.63034
-3.10219 -9.11153 -0.286822
7.91516 -9.42966 0.917094
37.0003 -27.0877 3.71229
6.23172 -2.2973 2.51239
-6.37359 9.37197 -1.73233
14.7067 -13.0836 1.59198
-10.3783 -0.266426 -1.45666
-0.914656 -11.4438 1.70221
-0.961033 -8.73746 2.89179
2.10091 -3.31674 -0.362642
-7.41166 -5.28739 2.16158
-8.89977 1.37702 0.450526
-1.88538 -11.034 2.07413
-3.80373 9.02334 -1.25055
10.8998 -16.3075 2.7305
2.35438 -3.89858 -0.330357
-0.787856 -8.32721 2.89475
-7.22709 -4.89167 2.14627
21.4589 -20.6756 3.49677
13.8474 -6.44465 0.200876
-3.0105 18.0001 1.69788
7.36851 -9.8849 0.965656
-10.3936 -6.85395 2.61312
-11.8478 -4.90764 -0.498611
5.87313 -9.08733 0.874105
-1.29965 -1.89457 -0.545236
0.86182 -6.64375 2.39018
5.65517 -9.06223 0.86308
-11.7138 -4.15646 -0.828447
-3.06664 17.6686 0.340994
8.04378 -9.20665 2.18937
-3.66839 3.33519 -0.721634
-1.8931 -0.699132 -0.613813
5.00624 -10.2528 0.922014
4.72688 -10.901 0.887128
1.1096 1.88757 -0.59666
9.68021 -3.81649 -0.0568738
2.14306 -7.07831 0.505627
1.10703 -6.89532 0.492615
5.32559 6.66502 2.48784
-6.15668 7.3173 0.831819
9.10695 -5.49791 3.24674
23.5441 -16.7924 3.33039
2.14411 -9.48932 3.17531
-0.328368 -11.6293 0.924786
6.48482 -8.25227 3.29147
-3.40173 3.40159 0.29909
-1.05276 -11.4023 0.889856
8.14015 -8.91014 0.0875091
-10.1093 0.458247 -1.49314
-4.45683 -9.98942 0.869851
-3.39082 8.91073 0.167431
8.22107 -9.52977 1.71273
-3.8748 -0.312723 -0.704065
-11.9812 -4.49631 -0.694492
-0.904083 2.49857 -0.69906
-7.87559 -8.57576 0.904528
-10.8369 -1.29879 -0.870612
10.5417 2.57225 1.47712
1.68542 -6.80016 0.312038
-5.6716 0.0940344 2.00829
-8.09074 -8.48433 0.895106
-4.41266 1.01973 0.00393771
-6.28883 -9.22766 0.901865
-2.1007 7.85063 -0.720642
-3.69205 -10.2669 2.49435
-5.39615 12.1708 1.47074
-2.65184 3.23927 -0.799543
4.5021 -3.6077 -0.277584
-8.02751 2.73147 0.52209
3.07588 -13.0749 2.90696
14.4719 -6.12155 0.207706
-3.65935 3.36778 0.0769456
7.51147 9.26967 1.98736
11.9932 -16.8055 2.30069
17.6099 -6.38659 3.01073
9.50261 -15.7311 3.11438
13.5551 -11.0278 3.02056
15.4314 -8.52142 3.47998
0.716455 -1.12309 -0.494714
1.37066 -4.57063 -0.346266
25.4239 -9.62905 1.36135
9.77108 -5.67668 2.78354
-9.33104 -1.29735 1.92019
-8.28271 1.92691 0.656731
-0.335232 -5.81805 -0.35179
4.13625 -4.4308 -0.253774
-12.0192 -3.97048 0.711892
8.87378 -12.4371 1.329
-2.67598 -3.25011 -0.533124
1.30251 -3.89387 -0.37472
-1.88563 -8.28538 2.97798
-5.29541 -7.14011 2.7153
20.7776 -17.9145 3.90112
-5.48558 -3.80845 2.28186
-3.04311 3.94836 -0.635632
-4.22379 -8.65632 -0.334592
-6.97152 -5.9199 2.70425
-2.94643 -10.5685 2.77972
7.41786 -9.70618 1.51644
-8.57968 4.35156 0.717193
7.79191 -4.13094 2.50045
-0.497411 -6.48342 2.44851
-10.2163 0.267248 -0.67489
-6.72854 -3.91237 1.89215
-4.95695 -9.77345 1.0871
4.27546 -5.68873 2.49525
10.769 -2.14037 1.73119
-2.3001 -10.8635 1.71507
-8.09247 -0.32194 2.44636
9.64429 -3.51906 2.71089
-8.50982 4.51498 0.700318
10.8346 -1.94884 2.03918
-6.0915 6.84244 0.669653
17.5787 -6.10421 2.99063
-6.24124 7.0799 0.762996
-4.86612 11.0719 1.49588
3.22983 -3.83225 -0.302309
43.7649 -17.5198 4.10666
-6.12388 7.30674 0.701175
34.3517 -20.2921 3.96379
1.29853 -6.32977 -0.27065
-4.2782 -7.00378 1.97058
-8.14992 -0.659595 -0.844646
-1.48099 7.4847 2.3578
-3.10408 13.2473 1.59649
-2.88593 -10.6805 -0.498486
3.09761 -2.88052 -0.348182
-5.44529 -2.26578 -0.68252
2.58337 -0.178166 0.0323683
7.39819 -6.67852 3.25351
-5.09503 -7.27098 2.33208
-7.11295 2.69303 2.36364
-6.42244 9.61214 0.862556
5.96564 7.77275 2.11953
-5.86442 2.49243 1.84059
-2.28851 0.294499 -0.672661
13.1293 -14.5202 1.82004
-5.59447 1.11411 -0.832612
-6.90599 3.11113 2.35907
-6.20857 10.1239 0.887299
-5.52168 1.30638 -0.828363
-6.13258 10.303 0.894168
-9.12798 3.10829 1.31252
2.91074 -13.0275 2.10716
-3.60933 -3.61075 -0.559144
-0.707341 -11.5227 1.92344
0.856135 -6.5131 -0.109695
-4.65798 -6.8236 1.93651
23.9433 -15.6878 3.90226
-3.97537 2.52565 1.81666
-6.06503 10.4881 0.903568
-3.92814 2.64945 1.81972
-3.12794 14.343 0.553202
-5.25827 1.68842 -0.841526
-5.96716 10.7239 0.895692
19.461 -11.8166 0.578306
-3.80944 2.92337 1.83539
-4.52477 3.75999 -0.607168
10.7464 2.07606 3.03898
10.3084 -2.91167 0.0749678
-3.75908 3.04434 1.84123
-5.04234 12.9654 1.08355
28.7941 -18.4846 1.49812
23.898 -16.1238 2.86423
-8.89444 -5.98319 -0.647307
8.9303 -2.13582 0.121625
25.4367 -9.45798 2.52506
34.2185 -16.4371 4.23471
-2.9746 5.32299 2.10622
6.83815 -12.2678 1.41371
-4.83337 13.5089 1.11528
-2.29952 6.2819 2.37318
-0.964803 4.2875 -0.775889
13.5515 -13.7132 1.79255
23.7201 -14.0067 3.40762
-1.90409 -0.100538 -0.638241
-3.69239 -10.3199 0.277655
3.7471 -13.3493 2.50074
-3.92859 15.6843 1.25718
-8.0881 -2.85693 2.05937
1.60079 -5.80166 -0.289822
-6.50742 -9.12265 1.31595
4.7517 -10.8981 0.316417
15.8332 -7.59206 3.14613
6.17923 -1.98678 -0.271456
-6.36726 1.14638 0.497981
1.49091 -1.50313 -0.447214
-8.11246 -7.13064 2.2235
7.12182 -10.3821 3.02471
9.9162 2.84369 2.48891
-2.89298 4.31014 -0.854753
34.1863 -26.0449 4.27106
7.71293 -4.7055 3.17795
1.1022 -3.1138 -0.407764
-3.45842 16.8461 1.33707
-7.10198 -8.02118 -0.516057
5.63383 -8.8808 0.119012
14.5423 -10.7188 3.29222
6.79895 9.16678 0.886907
13.1621 -5.50363 2.90958
7.30616 4.11754 2.82424
13.8707 -12.4689 1.35106
16.2952 -13.7144 0.675008
15.2914 -8.86632 3.48925
-4.06795 15.357 1.16425
-7.96587 2.71466 0.0615838
15.2408 -15.6947 3.38695
10.4296 -9.22269 0.183642
5.43193 6.7829 2.13997
21.6744 -18.6902 3.72329
-5.7146 6.89919 1.78172
28.671 -18.6503 2.76695
-2.7015 -2.71982 -0.560148
-8.67926 -8.2591 0.307328
5.50934 -7.89239 -0.0526927
-8.18857 -8.39231 2.33351
1.49654 -0.306376 -0.493029
-10.8055 -0.997108 0.876428
10.2485 -2.76452 2.63272
10.3944 -2.74618 0.672638
10.2196 -3.06221 0.700788
13.8751 -12.8178 1.52737
19.0875 -6.89375 1.51333
11.6732 -8.49336 3.29468
-7.62411 6.41564 -1.31328
-6.46415 9.50998 1.0791
2.89506 -1.69093 -0.397195
17.9722 -7.18154 0.367295
14.0343 -15.243 3.33019
1.92161 2.95161 -0.599807
11.306 14.1278 2.5729
10.367 -2.75847 -0.110157
-5.96844 -1.94519 2.41674
52.8432 -26.1855 4.39954
-0.56861 1.59531 -0.644965
11.0241 2.31609 -0.352228
-7.42391 -8.78673 -0.258453
-6.23094 7.84535 1.59743
-10.2521 0.35034 1.08573
-3.97881 -2.94927 -0.60171
52.0705 -27.8322 4.40468
44.4557 -24.8249 3.79831
-4.38723 -5.69495 2.21451
-9.25408 -8.01468 0.675056
-1.09678 -2.89128 -0.500058
38.938 -22.3751 3.34989
-11.6536 -3.11215 0.491147
1.48438 -9.95868 2.90022
-5.80947 0.95401 -0.825002
-6.30463 9.90247 0.890233
-7.12522 2.91335 2.33343
24.0154 -16.0412 2.15335
-3.95523 2.4681 0.277428
-5.94455 -9.37229 0.689239
23.8989 -16.1823 2.15228
-5.74216 11.32 1.49157
16.7635 -13.0778 1.51783
5.73027 -2.26668 2.37966
-2.48839 -8.29666 2.69181
-5.97456 6.12447 0.50925
-8.38597 4.81839 1.29885
-10.098 -7.67578 0.0861648
21.333 -11.9121 3.47398
17.3351 -16.5054 3.54917
-7.72204 6.49804 1.31176
7.75674 -3.54107 -0.148834
-0.89234 -2.06523 -0.52232
24.5452 -15.5426 0.921672
6.07322 -8.87494 0.800822
13.5356 -9.86346 0.317354
-9.10026 -8.08312 0.0887544
19.3178 -19.7864 3.08354
9.77559 -4.71925 2.74617
24.1969 -15.9547 2.87935
34.1283 -16.6406 4.23372
-3.64582 16.4799 1.72894
-11.0568 -7.24274 0.903618
-9.12251 -0.634489 -0.907463
14.7971 -5.49931 2.62975
-11.7721 -3.44543 0.295994
-3.48764 3.38553 0.0622312
19.47 -15.0065 1.3077
-10.9555 -1.4895 -0.125977
-12.0025 -4.63126 2.32416
-2.87824 -10.6584 -0.126429
-5.43692 12.0911 1.84568
-6.27221 7.71192 1.60099
11.4205 -7.1324 3.23554
23.2101 -9.29705 0.636794
11.861 -10.2936 2.90947
-11.2589 -2.08835 0.916337
-3.87908 -2.28007 -0.625737
3.64181 -0.716469 -0.398332
10.0837 2.75363 1.29492
-11.9409 -4.69194 0.483961
-0.917678 2.88526 -0.716378
-3.98439 10.7176 1.73404
-7.86867 -8.61926 -0.718386
-11.9476 -3.96894 -0.682938
-4.12346 1.71304 -0.695407
-1.68935 -11.1761 -0.337924
-4.08915 2.4509 0.501254
7.88768 8.78427 2.63438
-5.53998 -4.49249 2.20673
-3.83601 -10.2266 1.48617
-11.9861 -3.87896 0.889552
19.9598 -17.6577 3.71056
-7.97017 2.28736 1.83779
19.2844 -6.5031 0.517805
-10.3059 -7.54694 1.70078
-6.50904 9.11786 -1.52346
-6.22393 5.17198 2.316
7.18033 -9.93158 2.87428
-3.11775 -10.5019 2.83774
-1.56213 7.62104 -0.946278
-7.07485 -5.90517 2.70074
-3.01262 4.08641 -0.647231
34.9014 -20.3414 2.0226
-10.5978 -0.529085 0.724797
-0.884211 3.2906 -0.729545
-3.87317 11.0829 1.69486
0.197609 -6.18075 1.70123
-11.8276 -3.70503 -0.710868
4.91581 -13.8827 2.09329
-10.5105 -0.323123 0.718905
-7.93502 1.10716 1.9275
7.47376 -7.47081 0.00851786
-3.81621 8.66385 2.26737
19.2043 -6.61111 1.32682
8.83993 -13.0624 3.11247
-8.36468 4.71755 -0.285526
-3.09654 -4.54164 -0.499961
-5.81555 -9.41959 0.894118
-5.36528 8.67943 0.259793
0.908661 -3.12261 -0.417359
9.84914 -5.50352 2.77919
-9.31024 -1.49863 1.92212
-8.34478 1.7472 0.635445
-6.19618 1.38999 0.432918
-12.0687 -4.11051 0.71706
-8.2085 2.05749 0.6493
-6.09914 0.933677 0.351684
-11.9959 -4.54303 0.705413
4.23822 -3.83315 -0.275031
-11.9121 -3.89422 -0.487301
25.6895 -22.4281 3.17196
-10.2879 -7.60459 -0.302184
11.6672 -8.04902 0.187215
-6.28164 9.90876 0.874839
-5.60272 0.937282 -0.829194
-6.91012 2.89403 2.36615
-1.32105 -11.2881 -0.130101
-2.10056 7.41422 2.22669
13.919 -12.6142 3.12939
5.03889 -10.2762 -0.130548
0.232708 -4.15651 -0.405607
5.92031 -12.1302 0.178118
16.384 -13.4461 1.12718
6.61884 -3.03516 -0.217197
-11.7775 -3.4177 0.49934
-5.94769 2.18383 0.469669
-0.423023 -7.50262 2.53478
-6.77288 -4.07617 1.69381
-2.77567 4.09735 0.0574287
6.2818 -9.15906 0.897036
-3.69133 8.46591 -0.105015
-5.10339 -9.69212 1.89255
8.12512 -7.91934 3.10229
-2.59823 10.3792 1.65579
10.3405 -3.41707 0.277143
1.51062 -3.09395 -0.393152
-2.08227 -8.46344 2.70604
0.251645 -6.1846 2.30389
7.42581 -9.84987 0.0894261
-5.28311 -7.10273 -0.480484
-7.7444 6.49427 0.705759
11.4037 14.072 2.57543
-6.06529 6.70534 0.648393
9.65159 -3.52096 2.94239
-4.46095 -0.108606 -0.734395
25.3129 -9.41341 3.34216
-8.52458 4.50336 0.892998
-6.91178 8.11451 -1.72552
-3.79148 3.38631 1.95978
-3.34883 -2.41933 -0.602623
5.52635 -14.0724 3.26115
-5.78403 11.1481 0.897019
16.7865 -13.098 1.13233
-5.72582 11.2891 0.904085
-7.22034 -7.91894 -0.515914
5.47152 -9.09177 0.0700214
-5.41664 12.0207 0.909879
-3.36083 4.40399 2.02268
5.67662 -9.10369 0.0454721
-6.93988 -9.00678 -0.40856
-5.3767 12.13 0.907461
-5.321 12.2735 0.941399
1.4604 -9.9606 2.72391
-11.6644 -3.11258 0.678969
-1.90372 6.87906 2.35649
9.36685 -5.67106 0.00897421
-2.92429 3.68605 -0.126722
-3.45005 12.621 1.61837
-10.0937 -6.79074 -0.660338
9.253 -15.6541 2.3066
-3.78705 2.56808 -1.0387
-1.49167 5.32191 -0.842138
4.43069 -10.7224 0.00925072
-2.51575 4.83615 -0.864626
7.9052 8.83517 2.28887
9.43141 -1.66434 3.12621
-1.87825 -1.10644 -0.594457
23.8995 -16.1849 1.71206
-5.93036 -9.36538 1.09974
-4.48517 1.68701 0.0908954
-1.49683 -6.10482 2.41307
-4.90228 -7.29324 2.78418
-4.12483 0.8262 -0.104297
-0.35661 -9.69842 2.56574
-9.81516 1.51699 0.668953
27.0089 -14.6546 0.975888
5.68551 2.09872 0.129489
6.67557 -1.17105 2.4952
9.97333 -9.70694 0.183385
6.86569 -1.49018 2.51865
14.7778 -16.0873 3.38159
7.82736 -5.02287 3.19975
7.05783 -8.92385 0.462275
1.30656 -3.31411 -0.391879
-3.30538 17.1716 1.30457
-1.77646 -1.03574 -0.601551
0.675837 -0.0214061 0.0716579
8.46123 3.90575 2.49746
10.3446 -10.3466 3.29348
10.4101 -3.43651 0.67419
28.7615 -18.4618 2.55053
7.98434 8.15718 2.67752
6.92637 -5.72375 3.2007
-4.68572 -9.90754 0.277695
9.0632 1.69382 0.284422
-3.49721 -2.66009 -0.591709
-10.0478 0.896418 1.49633
-1.30281 -2.1028 -0.536813
58.8801 -23.9672 4.34196
12.8397 -7.88123 2.88094
-4.11584 -1.72135 -0.657914
16.4411 -13.2805 1.48691
11.6716 -10.91 2.95989
52.9459 -25.8414 4.02565
6.67935 -8.72509 3.30846
4.8522 5.5005 2.31892
13.8703 -12.3425 1.10099
4.67326 -2.2913 -0.313891
52.245 -27.5147 4.03232
1.86113 -7.4227 0.851841
9.48544 -13.129 1.60813
-6.23819 -8.91444 -0.45572
-3.68987 9.06537 -1.07345
-8.90348 -2.30972 2.49116
15.1183 -5.7477 0.213054
3.77399 -6.77697 2.48808
-0.313262 -8.53004 2.51797
-0.894255 -3.53318 -0.468758
9.16866 -4.13117 3.2134
44.4786 -24.8374 3.47863
-6.88812 6.2832 1.61093
-2.68647 -0.101301 -0.671763
-10.1615 0.249641 -0.894338
28.1766 -12.8913 3.83338
12.1044 -7.47003 2.9854
-1.42536 -5.46305 -0.409804
-4.87291 -9.80104 1.28121
23.3066 -9.22587 0.636839
-3.27826 12.1232 0.549932
6.02693 -8.55866 -0.504408
23.6775 -16.6759 1.89053
-2.48749 -10.7609 2.86155
-8.44591 -7.9003 2.2654
1.09653 -0.896511 -0.485154
-7.00635 8.22267 1.26838
4.56465 4.67976 2.1885
13.5185 -13.1086 1.28472
-5.32455 12.32 1.29088
-11.6634 -3.30655 -1.14104
-3.7352 11.2805 2.1428
-1.06416 -11.4248 -0.306832
31.4111 -13.0154 1.07987
-0.144083 -6.69108 2.43547
8.07411 -9.47636 1.69418
30.7097 -11.8561 2.45661
5.31814 -2.50432 -0.282803
6.28279 -14.4103 2.87985
22.2137 -19.8799 3.87823
-2.33626 7.7497 -0.984576
-3.69842 9.67831 2.23473
-4.30368 -0.897259 -0.696855
10.0953 -10.2994 0.936232
-4.09666 9.51043 2.23354
-4.75624 -0.951518 -0.712836
9.68355 -10.1252 0.924314
-2.91336 -1.8954 -0.607546
10.7895 -2.1458 2.51015
-5.58924 6.72666 2.10079
-4.25001 4.65917 -0.92088
-3.67674 -0.29275 -0.69814
51.9321 -28.1694 4.03449
-8.20149 2.00751 0.343777
-6.59089 -3.8394 -0.920591
-2.62509 -10.7611 0.0784149
6.64594 -8.81505 2.92347
23.5315 -16.7904 3.57657
-0.3357 -11.6613 0.79654
9.11518 8.33718 2.45841
-6.77151 6.53623 1.62627
-5.72767 6.49833 2.07435
-5.38546 2.31403 0.177575
5.57647 7.2355 2.5145
7.43214 -7.03018 3.26873
8.40919 3.72733 2.83513
10.2694 -10.5548 2.90636
13.9734 -12.358 1.29208
5.09378 5.51673 2.16967
16.3564 -13.5894 0.540644
-10.5906 -0.845744 -1.52193
5.51204 -4.48394 2.58482
-3.4124 3.41226 0.39908
-1.05363 -11.4104 0.712966
23.2543 -11.7144 3.22244
-2.303 -2.30043 -0.564683
-8.77516 3.76076 0.160909
-10.4006 -0.19183 -0.467725
-2.42216 14.4742 1.6366
15.2195 -13.871 3.18783
28.5319 -18.8117 3.81189
6.20773 -7.42228 3.2461
11.9989 -16.8306 1.79815
-3.5609 2.60966 -0.856304
9.49529 -15.7274 2.50261
21.9891 -9.26743 0.607759
6.49029 -8.76459 2.88165
10.4502 -3.70644 2.73141
-11.836 -3.4845 1.1078
-5.30313 -9.63594 0.684636
-4.72368 -2.79384 -0.635081
-7.4751 -0.103729 2.45931
-8.14451 -7.20232 2.21521
1.49635 -1.49303 -0.446702
-5.49179 -9.5579 0.686165
9.49031 -15.7215 2.89661
3.87061 -2.26778 -0.347085
-8.81275 1.44471 0.42799
-11.5873 -2.92358 0.702435
-11.5227 -2.69897 1.50146
57.5233 -27.2068 4.34582
-1.10028 -3.8678 -0.459937
-9.96782 -6.22427 2.60567
21.7035 -15.4866 3.63432
-3.67514 10.4705 1.30161
14.0381 -9.86494 2.96599
8.63946 -4.27649 3.20646
1.92298 -11.1004 1.71792
10.7187 -8.91195 0.183949
-11.2151 -1.89917 1.68748
-6.05618 -3.3488 -0.672135
15.5609 -15.3716 3.38599
-4.53048 -9.97436 -0.125314
-0.493506 -2.50564 -0.493012
-4.35189 4.53084 -0.917357
28.7336 -18.4378 3.17582
26.2568 -10.3127 3.67079
12.9857 -5.32756 3.07052
-5.99224 -2.02211 2.14969
-6.71397 -9.05339 0.701711
-10.6737 -0.715827 0.690274
13.8794 -9.99611 2.9571
-5.31279 7.51755 2.24487
2.55038 -10.0353 2.61903
-9.44217 0.0807077 1.74875
5.05505 -8.16044 2.91202
4.90878 -11.8532 2.84483
21.0118 -20.4935 3.09689
10.1771 -3.22799 0.107814
14.9669 -9.72319 3.19782
18.9328 -17.1541 3.70945
11.6838 2.06326 1.10475
39.0007 -22.3939 2.53395
-8.48735 -2.64586 2.09173
1.0895 -6.04182 -0.29566
15.7905 -8.7538 0.342923
-6.85316 -9.00842 0.0661991
-5.70002 -0.29905 2.01889
2.5019 -10.3878 2.90362
7.54005 1.2132 0.169594
14.7195 -15.4657 3.82547
4.08934 -3.48221 -0.291249
-10.2928 -7.58793 0.48348
-4.22572 1.54038 -0.791193
19.2306 -6.48427 1.70407
-10.3314 -6.76834 -0.6702
40.641 -18.9286 4.45754
-10.9564 -1.47566 0.0722989
-2.87818 -10.6556 0.078133
-5.09222 -4.68286 2.2227
-8.03767 3.0995 0.397232
17.09 -13.1656 2.66841
-10.9033 -1.27743 0.683933
34.1836 -20.7824 2.49327
-10.2091 0.628113 2.01857
-11.3762 -2.43528 0.506365
-8.49415 1.87927 0.530641
34.411 -20.3395 2.00134
-11.315 -2.2882 0.50601
-8.44916 2.07066 0.580455
10.1889 -2.93559 2.07177
-12.1049 -4.29693 1.90561
12.1113 -11.1211 3.14427
-5.56712 11.7674 1.48949
-11.2204 -2.05514 0.499967
7.67705 -3.71764 3.14208
4.97787 -6.35921 -0.141245
4.30429 -3.25899 -0.292768
-8.32099 2.30355 0.560044
3.27113 -0.561435 0.899229
-4.2614 0.901814 -0.769006
-4.28404 1.68159 0.313418
0.160388 -6.18676 0.8947
-3.19736 4.78403 2.04458
0.100712 -1.69603 -0.500645
18.2673 -7.03589 0.370885
-4.22669 5.16306 0.169716
5.32388 -13.9283 1.89097
10.7413 2.10074 3.03886
-5.13352 12.7212 0.936602
0.305387 -6.25829 0.893366
24.0665 -15.4419 3.72027
-2.97413 5.34182 1.94205
-1.97483 -9.61057 -0.411157
-4.72513 -6.93838 2.8354
-4.7367 13.6841 0.988737
3.09529 -2.08875 -0.374941
-10.2568 0.116943 -0.678741
18.0511 -7.43679 0.371204
-9.87666 -3.82918 -0.769338
-3.51211 16.6741 1.11293
-3.45751 16.841 1.1228
4.12066 -10.3007 3.27412
8.13697 -5.69334 3.24192
-1.2755 -8.88631 2.52186
6.92087 -1.70729 2.52244
-1.56911 -8.16948 2.99726
1.52136 -3.91542 -0.364147
-3.09289 17.7162 1.26583
-3.0964 1.70347 -0.751597
13.5191 -13.1499 1.13226
4.5274 4.70457 2.31292
2.09478 -3.1044 -0.371164
-2.06467 7.86709 -0.364447
-7.55658 -5.67791 2.16608
-2.3105 5.70383 -0.898575
46.0723 -21.7929 4.74445
-11.6028 -3.10339 -0.276897
6.91301 9.10085 0.716562
-4.11788 -10.1316 0.67806
5.98821 -11.3736 1.35463
6.51221 -2.31184 -0.248143
5.78717 -14.2288 1.91869
2.50583 -12.834 2.91271
-4.94571 -3.73196 -0.601704
-2.11573 5.7126 -0.889503
-5.02031 2.21545 -0.465713
-1.15964 7.49317 2.37689
-2.82598 13.3443 1.60068
14.9649 -12.7174 3.15589
-2.66811 -10.7699 -0.487891
-2.31083 -5.34962 2.15398
58.902 -23.9707 3.96412
-3.87291 -10.2323 0.680923
3.51703 -13.2798 2.08789
-4.53026 -9.97182 0.277516
-0.104938 -6.69803 1.50171
5.15513 -4.53829 -0.204956
6.63568 -8.42437 0.0084256
-11.2283 -6.97305 1.89252
28.7409 -18.4554 2.97324
6.87223 1.67646 0.440158
-10.8966 -1.07331 2.09419
-2.42785 -10.8077 2.11727
3.07992 -2.49404 -0.360124
4.73912 -8.36245 2.72528
57.6916 -26.8713 3.96937
19.1063 -6.70551 2.5052
-2.09275 2.88103 -0.761668
-10.5165 -2.2956 1.92786
-8.88276 -8.14844 1.11638
7.30188 -10.1055 1.08297
2.49882 -7.76453 2.60994
57.5371 -27.2173 3.96776
3.43017 -10.7507 3.15474
7.40712 -6.1229 3.2371
1.40684 -7.29422 -0.221277
4.83063 5.52124 2.64068
6.66654 -8.82051 3.10001
13.8979 -12.3449 0.884444
6.8507 -14.6327 2.69222
-8.37623 4.75957 0.304616
25.4316 -9.45534 2.86385
10.7216 -1.96011 2.8537
-9.03955 3.36759 1.93701
-10.4132 0.0210783 1.56542
19.8569 -14.4829 1.53163
-1.90243 -3.27499 -0.507387
-7.53888 6.90465 1.12423
8.62174 -5.84284 3.26623
-4.28641 8.78745 0.0566341
-11.97 -4.71904 2.09787
19.5378 -14.8666 1.52933
19.5929 -14.1576 3.58283
-3.87849 3.87976 0.274298
39.1307 -22.1609 1.69293
-5.91268 -6.70338 2.77833
-3.37493 14.6053 1.39442
5.53349 -6.7402 -0.0990513
-0.125421 -6.70192 1.90732
26.1473 -13.7714 0.935518
-6.63011 -3.94817 -0.48213
-1.28484 -10.6058 2.56608
-3.89378 2.70616 1.70066
12.8828 -7.03675 0.193673
-5.23951 1.50084 -0.830497
9.38342 11.2932 1.72287
6.99841 -2.3097 2.2251
7.69602 -9.35413 0.670828
6.06394 -8.54992 3.25919
-3.91437 2.36976 -0.697998
-4.5224 13.9082 -1.45579
27.8848 -20.6813 4.2957
-6.51423 -9.13067 0.905871
12.8704 -4.47103 0.0990447
1.89323 -6.51309 -0.243924
-4.30772 -6.85782 2.83871
4.70405 -10.8834 0.702478
-3.9458 15.7588 1.66422
-11.9246 -3.89983 -0.295854
2.5099 -7.25685 0.496264
-5.49665 -4.09724 2.17011
16.4112 -13.3061 2.09822
-3.01357 3.66379 -0.574222
12.6563 -4.61831 0.0986388
34.2537 -20.5504 3.23254
4.62513 -11.0817 0.685377
-2.51427 -5.64945 2.35654
-5.42741 2.18861 0.238023
21.8226 -10.4859 3.51578
0.148325 -6.17758 1.49742
2.49211 -7.4199 0.681551
-4.29497 0.709305 0.0307721
-9.95156 -7.77867 -0.956523
-3.01864 3.87202 -0.421885
-1.9588 -8.478 -0.313372
1.83822 -10.7947 1.35263
4.30775 -11.891 0.729431
9.25953 2.9945 -0.885842
-2.29066 2.10374 -0.737097
-6.66361 2.85618 2.41045
0.550026 -6.3818 0.262761
-3.09287 -1.29927 -0.637954
-9.54399 2.11293 1.51029
8.10349 -3.2964 3.14626
5.44466 -5.86058 -0.139824
-6.66208 -3.41417 -0.107923
-5.05748 -4.41197 2.19745
4.67982 -12.1319 2.72824
-0.258191 -10.2705 0.639153
-2.80692 5.61344 2.40832
9.21474 -15.5903 3.35564
-7.28257 -5.90284 2.69653
10.7155 -1.9838 2.76498
-10.1992 0.248996 -0.710177
-9.04052 3.3636 1.69964
-1.5766 -0.582888 -0.598881
10.3019 -10.4314 0.834151
5.10938 4.85458 2.19701
21.4333 -20.6525 3.68235
-11.8012 -5.13087 0.845161
-1.67907 7.29774 2.35478
-7.20671 -6.296 -0.577649
26.2656 -22.6448 4.06878
-3.36023 13.1817 1.59616
1.37627 -10.139 2.65084
-11.5877 -2.91345 0.888886
-6.19288 0.995992 0.39964
8.02245 -1.58111 2.57537
-5.80721 7.82971 1.74583
-8.67456 4.26684 2.02852
-11.4007 -2.34322 1.40272
58.6359 -24.7104 3.18714
2.61502 -8.02946 -0.148022
-1.88717 -2.10471 -0.556493
1.34452 -9.90133 3.07782
2.4836 -0.119108 -0.680195
-11.1163 -3.93202 2.4748
-2.34583 -1.54738 -0.604393
4.12706 -13.5127 2.70766
2.66536 -3.45886 -0.340559
10.1122 -3.23804 1.31292
-4.3024 8.74558 -0.289823
-8.30449 2.07689 0.500322
-2.50144 -0.698802 -0.639248
5.62791 -14.1684 1.73403
-8.49135 4.50625 0.303942
24.5421 -14.311 3.69705
6.89733 -14.7098 2.0605
-7.55728 3.66953 1.81137
4.46271 -13.6461 2.70243
-4.33863 -5.05073 -0.524129
5.8792 -11.8649 0.0951327
-11.8726 -3.47445 1.89657
11.9219 -7.90849 3.09772
-0.920125 -1.15217 -0.559455
-6.72032 -9.06193 0.0801243
5.53769 -14.0981 2.66646
-5.4967 -9.56598 0.279592
20.5309 -14.2727 1.25272
-6.50223 -3.49584 -0.661662
-8.19372 2.37594 0.113007
-7.19611 7.74613 1.28505
6.57045 -11.7372 2.94967
14.4439 17.5983 1.98237
7.51938 -14.9378 2.12111
34.159 -20.7574 3.23392
-4.63629 -6.58416 2.82477
-8.91826 -2.586 -0.789888
-1.07161 -8.0838 3.00349
-5.69524 -1.3042 2.23561
20.2487 -17.6845 3.90518
-1.97894 -10.9981 1.3819
11.7565 -8.31783 3.15531
-8.58372 4.37112 1.50284
7.3743 -9.67719 2.49363
9.01755 -3.82115 3.19713
5.96453 -8.59551 -0.527211
2.91002 -4.6563 -0.298099
-6.71543 -3.90704 2.07057
-4.95269 -9.76772 1.28594
9.64597 -3.51693 2.61242
15.4657 -8.4544 3.47956
0.896538 -1.09525 -0.487967
6.67582 5.34345 2.7319
4.44571 -13.6245 2.90828
4.10198 -5.51256 -0.205138
-0.347513 -4.71543 -0.401796
-8.50212 4.50402 0.502295
6.01938 -8.54639 -0.182173
-4.86722 -0.903275 -0.720185
9.49257 -10.1505 0.906168
-8.85805 3.70148 0.893708
23.5913 -16.7221 3.05127
-6.83103 0.209155 2.01562
-6.04703 7.31422 0.574296
19.5516 -11.6385 0.579242
0.0297139 -6.42561 1.0685
-6.3549 9.9016 1.89045
-6.03763 7.4612 0.546539
7.30072 1.15423 2.77768
-9.17585 2.94442 0.908769
8.53318 -2.3166 2.62144
-11.0602 -7.24479 0.0942694
4.45643 -7.03656 2.66016
-3.09218 8.51596 0.547742
-5.11975 -6.91034 2.81035
13.4512 -9.94334 0.317554
10.4173 -2.52193 0.802952
-4.07997 15.2924 0.986528
6.76954 9.19013 0.688503
-3.05179 2.21994 -0.782776
20.0192 -10.8483 0.578374
4.56178 3.55024 2.22663
3.05963 -13.0808 2.29424
6.09391 -5.28234 -0.140956
7.52863 -6.91568 3.2664
15.5405 -5.66718 0.21766
-9.44121 2.64366 0.852923
-5.31111 -2.01215 -0.690387
-2.72682 4.77881 -0.872679
15.9549 -7.27345 3.24932
-8.56697 -7.67885 2.19944
19.2165 -6.61284 1.08146
-8.25153 -1.88119 2.49713
16.0363 -14.1766 3.43973
9.02264 -3.09841 3.17324
2.30724 -1.0942 -0.434191
-10.235 0.29023 0.3282
5.89321 -8.6813 0.687284
3.11531 -4.31901 -0.288836
6.29141 -5.09598 -0.141756
2.21088 -9.63491 -0.112751
-4.24922 -5.44596 2.20567
-1.46527 8.93364 2.12137
-5.69537 -6.48977 2.76995
-2.9202 -9.2042 -0.404628
8.86687 -3.10905 3.17206
4.83601 -3.21279 -0.279289
8.9334 1.49334 0.304854
-9.51254 -7.90778 0.503433
-8.75042 -0.882846 2.02462
2.9083 -4.29299 -0.296329
-2.64316 6.97637 -0.952229
-3.91436 8.91607 2.24783
-3.83434 -10.2215 1.88612
-2.29565 7.91563 -0.118603
21.1047 -11.2795 3.11328
-8.61591 1.82417 0.548411
-6.50349 -3.50008 0.0975544
13.6876 -13.1245 1.13199
39.3332 -21.9522 3.644
-9.37012 -7.98535 -0.290756
-3.13271 12.5083 0.485847
-9.25371 -2.07771 2.10426
4.4913 -2.08949 -0.329655
-1.11772 -11.3518 2.11162
8.79806 2.03103 0.286386
58.7626 -24.3484 3.58673
11.8224 -9.82563 3.03405
-9.03918 -1.51891 2.4242
-11.5402 -2.70371 1.68536
-3.31967 12.903 0.583301
-4.68628 -9.9092 0.0777279
-9.90379 -7.74037 0.317797
58.46 -25.076 3.58741
8.31075 -15.3314 0.12588
58.1651 -25.7818 3.58703
4.94818 -3.57449 -0.255572
-11.1216 -1.71922 1.32382
11.0115 -5.45047 2.57848
5.49755 -4.2846 2.57596
6.2055 -11.2722 1.19576
4.3449 -6.67832 2.64896
-9.30079 2.69778 0.901235
-11.2274 -6.97911 2.28522
9.89693 2.83668 2.0969
-4.71272 10.154 -1.15698
-10.0996 -7.69394 -0.611552
16.3317 -13.4871 1.90626
57.5472 -27.226 3.58954
-0.307333 -8.31981 2.51426
15.065 -5.88235 0.213897
12.0269 -7.64665 3.28423
-10.1696 0.311948 -0.501696
57.3526 -27.5568 3.58726
-4.74449 -1.73293 -0.678127
-1.12495 -9.99681 2.54444
-10.4463 -7.44845 2.61585
2.5357 -4.75527 -0.292326
-12.0422 -3.92081 1.71673
5.65028 -5.67082 -0.139955
8.279 -2.88909 3.13345
-4.67968 0.402669 -0.168338
27.5448 -14.7283 0.991618
10.772 -2.3263 1.54483
20.3396 -11.1475 3.16158
-4.27342 0.48754 -0.293352
1.87987 -5.22498 -0.301263
-8.63581 3.98419 -1.28901
4.93171 -0.954188 -0.364129
-7.10261 -8.87515 1.47715
-6.32186 -6.28346 2.74702
-2.29291 -10.8425 2.83868
-3.71104 -8.87692 -0.377924
-4.09654 15.288 1.11387
0.495933 -1.49006 -0.491424
5.94672 -2.0459 2.39772
-3.2976 8.31866 -0.10172
6.62597 -9.05062 0.835628
29.9136 -22.17 4.15347
-4.69877 -9.85835 1.88689
44.6512 -24.5826 2.87555
1.67571 -10.0359 2.89569
7.10326 -3.30893 -0.184306
-0.913881 -11.4536 1.27938
34.2904 -20.5632 2.25393
-3.59226 16.4711 1.06755
-10.8895 -7.31568 1.50095
-6.84803 -3.36351 -0.958944
-1.1017 3.10383 -0.731475
4.75292 -5.97564 2.62571
-3.53031 -4.73335 2.27222
3.48833 -6.71526 -0.178535
-6.85119 -9.00764 0.474412
-3.30744 1.28688 -0.742387
-9.22523 -2.32575 2.02862
7.61508 5.22281 2.78989
7.65936 -14.9817 2.13448
11.7249 -16.6442 2.8929
20.5867 -14.3092 1.41246
-8.67 4.10047 0.50943
4.04398 -5.05075 -0.232357
4.6877 0.0406426 1.47983
20.1192 -14.2643 1.3132
19.6696 -14.4968 1.29979
7.27929 -5.03878 -0.100773
6.72046 8.3558 2.11605
-7.11177 -8.88656 0.919326
16.0436 -8.5097 3.13951
9.99807 -10.376 0.812219
-10.019 1.04841 2.11387
-1.10142 -1.29503 -0.56046
-2.51749 -10.7615 2.31623
-2.49834 5.8931 2.38282
-4.09439 11.8294 1.6282
6.82207 -8.77429 0.644596
5.1065 -8.46333 2.74327
-8.54125 4.49767 1.10493
6.8723 1.81244 0.660272
-9.83828 1.89495 0.255033
-2.83567 -10.6278 2.30712
5.72553 -1.81228 2.15804
6.52729 -8.88156 0.620416
-12.025 -4.49017 1.12201
10.471 2.60597 0.962854
2.72404 -9.28268 2.55805
6.65951 0.367739 1.27409
0.298282 -3.11606 -0.446973
6.01873 -8.62741 0.578856
-3.93047 -10.1699 2.48905
-2.4783 8.00844 -0.674028
-4.67429 9.25569 1.72696
-1.69174 1.48981 -0.690556
-10.6078 -0.501077 1.11155
5.6688 -8.64522 0.526344
-3.56153 -8.09573 2.3942
23.8501 -16.3412 1.26462
16.6546 -12.6651 3.48655
-1.68747 2.28585 -0.715954
-0.74769 -11.5812 -0.274439
0.820647 -6.41937 2.08234
5.56719 -8.7361 0.512582
-2.28831 1.68856 -0.717643
-0.10321 -6.86127 0.306931
-2.30754 3.13564 -0.781014
1.11008 -7.31739 0.824051
-6.5764 8.9387 -1.55714
-2.7827 4.55173 -0.631668
-1.88966 7.75355 -0.323022
6.07915 -8.58608 2.90488
-7.22551 -0.735945 1.91991
2.29219 -8.0895 -0.0808192
-2.10706 -2.10254 -0.567395
-1.57378 -11.1808 1.1291
-10.5922 -0.540126 0.528163
-1.70254 7.81151 -0.727475
5.66211 4.90051 2.11135
-6.21213 5.31938 1.89691
-11.899 -3.49093 2.29675
1.69536 -0.497504 -0.476893
-2.25999 6.56546 -0.931631
-5.11369 -9.73536 -0.322228
-9.33084 2.70603 2.06697
-10.4986 -0.322402 0.525767
2.9057 -0.458484 -0.297076
34.3663 -20.3103 3.22974
4.7732 -10.6975 0.704678
-10.2403 0.3136 0.51288
-2.45975 6.15354 -0.929019
-0.0216698 -6.72124 -0.0995203
12.189 -7.28247 3.06307
8.02802 -3.96317 2.53853
31.2353 -12.9256 1.07141
-0.251796 -6.69484 2.46022
-1.93181 -8.48366 -0.312659
-10.0199 0.835736 0.520414
-6.2817 -9.24853 0.0710237
2.16392 -11.2351 1.46855
-9.84697 1.27672 0.536375
7.88625 6.38776 2.74909
2.45979 -0.24233 0.499469
25.4153 -9.45941 3.02566
-8.38248 4.76421 0.484574
-1.3224 -11.3306 -0.306456
-10.656 -0.722641 0.273308
6.30709 -7.73072 3.25691
-6.0848 7.71499 0.530237
-4.91594 -9.76635 2.09058
-3.36116 8.33043 -0.294256
-6.94949 -8.97063 0.0824009
-1.29853 -0.901834 -0.581656
5.75404 -1.74822 2.12335
6.50436 -8.74818 0.661615
-0.881756 -5.72773 -0.386357
-8.89772 3.55842 0.596931
3.61021 -4.40235 -0.273854
-5.70251 -9.45097 1.7054
16.8234 -12.3147 3.35044
-2.49178 9.45978 0.551189
8.15571 0.678235 0.558218
58.1871 -25.7909 3.18802
-7.89604 -4.79924 2.10815
-1.4857 -8.14742 2.99803
7.56453 -9.47281 0.492802
-3.82308 3.40179 0.00450957
6.6266 -3.84152 -0.180448
15.5148 -6.26447 2.89331
-3.65917 16.3021 0.889521
0.689208 -6.40933 1.1098
10.923 -16.3567 3.10186
-9.10717 -8.11152 -1.06414
26.8915 -20.4538 4.18024
7.37798 6.72457 2.704
5.22525 -12.1884 2.86039
-3.91187 8.87378 2.25397
7.31859 -7.71948 0.00856069
7.23254 -7.84185 0.00859652
-3.46125 3.46109 0.102039
-1.32221 -11.2931 0.918009
-9.62304 1.86244 0.91341
-8.38192 -0.00145576 2.29664
28.5124 -19.0522 2.34147
44.6739 -24.5812 3.17727
-4.34788 0.511534 -0.112635
-8.68157 -8.26655 -0.100735
-3.09118 5.10312 1.92969
6.67357 1.69795 -0.0854628
4.3402 -11.8972 0.237861
-1.32332 5.68656 -0.852457
8.66012 -6.34773 0.00878969
31.2263 -12.7102 3.95751
-3.55589 4.74996 -0.90429
-3.09854 3.5172 0.0462745
1.6961 -9.76782 3.16733
52.3304 -27.1638 5.13383
-6.5269 -9.178 -0.905255
10.2243 -3.06782 0.471434
-4.26342 1.26935 0.0475002
23.7453 -16.5103 1.88814
-2.91298 2.17192 -0.763452
-5.19715 12.6706 1.86653
1.8939 -0.120046 -0.501427
-7.71726 -8.5962 2.28103
-8.17549 1.72249 1.85173
3.82883 -11.6338 2.7956
-3.85443 14.052 1.5376
-8.19103 1.16485 0.0605907
-9.25677 -2.04102 2.44145
-1.12642 -11.3341 2.51302
-5.63562 7.64801 1.75945
13.4955 -6.28655 2.84708
5.12927 4.52178 2.19516
13.7231 16.1008 2.1025
5.67419 6.8701 2.14016
-6.2272 3.37646 1.87255
-11.1377 -6.9104 2.58706
-2.31403 -4.59527 -0.46994
57.3798 -27.5615 3.18776
-10.8859 -7.30604 1.70633
28.9693 -18.0921 1.70971
-2.88819 0.100639 -0.687016
26.9196 -22.9552 4.37767
10.6962 2.50573 1.4955
-10.7355 -1.12223 -0.885448
-5.31431 -7.73205 2.3104
9.52641 -7.28708 0.0871522
24.1234 -16.1133 1.45181
9.39894 -7.33717 0.0872841
1.97183 -5.18157 -0.300875
23.9122 -16.1913 1.44548
-7.66858 -6.12592 2.47388
1.51042 -9.18328 3.14399
-1.5055 -2.91192 -0.511536
10.3146 -2.5549 2.65696
-10.8436 -1.09913 0.880768
23.8338 -16.356 1.44701
-8.38628 -0.00133958 2.18527
-9.62015 1.87915 1.09427
-4.30033 -4.68162 2.24295
14.2897 -12.1749 0.939231
10.115 -16.0531 2.07688
-5.88785 10.9203 1.0833
10.924 -16.3537 3.52303
-10.6726 -2.38962 -0.861377
4.65695 5.12637 2.65324
12.8218 14.4991 2.63872
13.7513 -12.6934 0.877363
34.2713 -20.5362 2.97985
-1.1156 -5.43406 -0.402664
3.30981 -4.65913 -0.27507
9.24378 -10.2003 0.689278
-8.14885 -5.70258 2.14458
1.46464 -2.88827 -0.404876
0.899999 -3.30379 -0.41315
6.66734 -8.95322 0.557998
8.09582 -15.1441 2.70849
-11.8038 -5.06121 -0.107555
11.5385 12.044 2.68083
7.49243 7.49275 2.68096
5.13579 -11.4969 3.10724
-9.31278 2.70056 1.70571
6.01411 -9.63169 0.986861
1.3029 -7.26682 2.53864
57.9133 -26.5052 2.78864
-6.411 9.67377 1.29323
-2.83559 -10.625 2.50874
0.714248 -3.30294 -0.422225
6.53064 -8.92124 0.552835
5.90244 -8.54509 0.487197
-4.70044 2.68204 1.88827
-0.954928 -11.0878 -0.194375
5.36027 -9.32626 0.483505
2.34626 -7.28116 0.758388
-7.60932 6.48231 -0.091055
16.3022 -13.474 2.67452
-2.50316 2.11626 -0.745913
10.2879 2.67715 2.09908
26.4375 -22.8104 3.8943
-2.60035 4.44135 -0.366616
-4.25688 10.3093 -1.15276
-9.36744 -7.98235 -0.103287
-2.49422 2.30547 -0.754577
0.673998 -6.36768 1.89993
10.4121 -3.43854 0.548318
-2.69356 2.48957 -0.76909
11.514 -16.5645 3.48735
-4.30409 8.70575 -1.50359
-2.6696 2.8791 -0.786834
7.61093 7.42678 2.69054
34.5844 -15.5797 4.23109
-4.67581 -4.22398 -0.573087
4.9583 -10.2942 0.50899
34.4778 -15.792 4.2307
7.73452 8.02313 2.67771
16.199 -13.6327 2.88534
-1.4996 -9.89807 -0.267022
-4.09447 -7.09196 2.85214
9.48226 3.0154 1.27343
4.86599 -10.5147 0.500803
-7.33537 7.51827 1.88087
3.67554 -3.80989 -0.287057
1.95909 -7.51935 0.864834
-1.49293 3.31253 -0.753638
-4.45082 11.2305 1.64618
-6.82271 8.67354 1.29918
6.84567 -12.6187 2.92664
6.72184 7.41677 2.04034
6.40539 7.56418 2.13763
-6.51308 9.49059 1.7087
2.30244 -7.09202 0.236341
23.5381 -21.6181 2.78165
13.8772 -12.8528 1.17812
-10.0897 -7.63734 1.71054
17.3301 -11.0332 3.38837
4.39675 -11.2024 3.11518
9.20575 -13.6017 1.63098
13.0782 -14.7989 3.68866
6.47361 1.84689 0.529831
13.0916 -5.29485 2.92923
7.28577 4.29821 2.81207
16.345 -13.5862 0.674838
6.48759 -2.12348 2.51584
-8.72567 3.90625 0.102631
5.65608 -8.71752 -0.240994
-0.708879 -11.5586 0.506739
9.04594 -3.24934 -0.1091
-4.08874 8.64461 -0.30736
-11.0313 -1.73178 -0.470252
8.06797 -8.07709 3.0938
-4.72626 -3.46541 -0.605082
-11.8744 -3.72426 -0.293796
13.7894 -10.4927 2.99633
0.106364 -6.26468 1.30958
-1.09534 1.69409 -0.670205
9.46634 -7.43995 0.087549
5.51501 -12.1155 0.0964224
-3.94152 8.84599 0.505054
23.3518 -17.0914 3.76539
-4.79112 1.77099 1.97178
-4.10728 -10.1442 0.477707
11.277 2.27891 1.91764
-8.90837 3.94992 0.247944
39.4661 -22.0386 4.49163
-4.43494 -10.0079 0.479147
-11.836 -3.49997 0.917141
-5.30542 -9.64184 0.481787
24.1207 -16.124 2.34732
-5.84173 -9.42082 0.482559
16.8858 -12.0496 0.5274
21.6996 -18.4942 3.70935
5.51883 6.94451 2.14688
9.61391 -8.5027 2.76816
4.87208 -1.49152 -0.339511
0.890299 -6.09272 -0.302233
-6.77312 8.48309 -1.52276
11.1321 2.31908 1.28254
-7.28644 -8.7964 1.48432
2.70678 0.401749 0.231891
-3.69514 3.90303 1.92461
2.83714 -0.38124 1.06567
-3.82417 2.61388 -0.291248
-2.78641 5.7624 2.14004
9.26154 -15.6394 3.09233
-1.29203 8.0889 2.3404
-2.89123 13.8574 1.57861
5.97693 -11.5239 0.0950396
35.2581 -26.4882 3.28926
-6.52046 -9.14087 0.491662
-8.05918 0.693322 2.41492
-8.38479 4.58613 -1.41771
-7.52008 -8.72888 0.506346
-5.98981 1.61891 0.462065
-7.71059 -8.64525 0.516253
-8.07672 2.88952 0.47585
5.30845 -6.93265 -0.0994921
21.0035 -20.4825 3.2715
-8.96388 3.53272 1.93003
3.9198 -1.29025 -0.378563
-12.0413 -3.92906 1.49233
-8.36712 -8.37918 0.526013
-6.71827 -4.08792 0.311221
4.68133 -11.0787 0.305458
25.6853 -11.6769 3.67227
-5.60386 8.05095 0.311311
-4.11104 -8.60326 -0.370279
-2.83048 -10.6205 2.77837
8.46598 -12.0284 1.18878
19.7916 -15.0572 3.5355
-4.37173 9.7532 1.75931
-1.49695 2.0882 -0.701706
-8.38783 -8.39017 -0.280247
-11.0143 -1.56267 0.484155
12.6858 -10.3447 0.311126
5.21184 -7.02743 -0.0996126
-2.87613 -10.6517 0.482857
-10.9682 -1.45825 0.484211
-1.69712 -4.87733 -0.438914
-9.76992 1.52743 1.09683
-3.29966 14.6898 1.40074
-5.70192 -6.70209 2.78176
3.0639 -6.98372 -0.179939
-7.28773 -8.82689 0.501294
-6.48251 -1.69543 2.04469
7.17196 -2.34124 -0.224964
12.8558 -10.2692 0.311783
-10.8945 -1.27723 0.480825
-10.8254 -1.10446 0.476935
7.13184 -7.92998 0.00865738
-2.90773 12.9509 2.13302
-11.8922 -4.91002 1.3144
-10.7551 -0.937694 0.473162
6.11526 8.28544 2.11459
-8.43053 4.50002 -1.30233
-7.43285 7.72764 1.06484
-10.6649 -0.72217 0.468552
-4.15385 2.45594 -0.503912
8.90668 -15.5025 2.70801
-4.99273 0.696452 -0.799407
2.49656 -0.244167 0.883114
5.65428 7.09998 2.13347
13.6715 16.4448 2.12536
30.7563 -13.8509 3.95944
7.77539 1.46233 2.4379
30.6736 -14.0493 3.96018
13.3231 -6.70842 2.85257
5.41257 2.20196 -0.137313
23.0224 -21.384 2.73452
-4.10373 1.48297 -0.784
1.70083 -6.89191 0.127162
-8.083 -8.48186 1.09302
3.69924 -7.31491 -0.143431
-0.890236 -2.88656 -0.494667
-1.91687 -11.0543 0.490981
16.7407 -5.70093 2.94713
-1.89314 3.71818 -0.789539
-4.2876 2.52476 -0.0970661
12.2581 -5.04735 0.0963411
6.71647 -8.88805 0.693305
5.93415 -1.86263 2.15042
-2.89126 7.08137 1.82485
8.91165 -15.5149 3.25951
-1.69419 3.70007 -0.781034
-4.18275 2.47188 -0.113429
-8.90869 -2.44705 2.32957
-1.48925 -11.2322 0.495808
21.7983 -9.66331 0.6073
-3.71543 3.84065 0.267116
2.86535 -8.95728 2.54628
-5.97674 7.46933 0.478889
-5.47371 7.10001 2.25439
-2.69181 -10.7469 -0.329823
-6.69685 9.07535 0.523487
5.47555 -8.33743 2.89002
-7.39269 -8.78632 0.291146
2.33389 -5.75641 -0.260141
9.73673 -2.69445 2.6729
-3.37603 -10.4351 0.882181
-8.49403 1.09965 0.322594
4.06632 -2.06481 -0.349124
0.0211629 -6.65438 -0.409199
-11.258 -2.09568 1.10117
-9.70047 -7.83317 0.319575
-7.26378 0.69878 2.44656
-3.08219 -8.13503 -0.364488
6.8343 9.30516 1.25178
-6.07253 10.493 1.4996
-3.66407 11.697 0.690797
0.849624 -6.54187 2.35436
5.68878 -8.86381 0.777763
7.35418 5.73997 2.75318
-6.10903 10.2916 0.503106
1.73788 -8.77665 -0.156621
-3.97373 2.48283 1.50589
6.32934 -12.0208 2.92946
-4.89641 9.28814 0.486778
5.54747 -14.1209 2.11159
-5.02787 13.0075 1.30246
-3.9775 3.51838 0.168208
5.83431 4.11334 2.7581
-9.86325 1.30859 1.29317
5.15348 -3.34488 -0.2571
11.1135 -4.13314 0.0104761
-5.55105 -8.20015 -0.53748
27.9022 -20.6821 4.07495
-3.38012 16.9974 0.867977
48.9906 -20.6493 4.62948
6.24891 -1.8841 -0.272991
-5.47673 7.10742 2.07606
-2.63278 -10.7625 -0.126928
-2.48062 4.15658 1.86662
4.81661 -10.8596 0.22504
-4.34158 14.3182 -1.54693
-3.15438 17.5443 0.892812
-0.301526 -1.69593 -0.516251
-9.01515 3.60481 0.604811
9.30455 -10.185 0.885867
-4.49053 -9.96541 1.08428
-7.53997 -7.14583 -0.563824
-3.06785 17.6713 0.842141
-1.91288 -0.900621 -0.60818
0.569935 -0.0112738 0.018104
8.10884 -7.89975 3.27798
-4.71103 -1.10226 -0.706045
-5.51332 11.5286 -1.47017
10.2871 -3.39626 0.380651
19.2257 -6.61214 0.890207
-3.82083 8.76805 -0.870586
-10.9949 -1.56332 2.12364
2.69351 -2.49269 -0.373851
4.09366 -6.30703 2.69914
8.1184 -1.70305 2.57436
-9.48266 2.30232 0.904592
-0.290995 -10.3329 0.529861
-6.54568 9.29273 0.533345
-6.96736 8.02499 -1.427
-2.92064 3.42917 -1.37624
19.1802 -6.72583 0.889746
-6.58376 -3.63548 1.29324
-6.56759 -3.69214 0.309916
13.6548 -12.9182 0.881254
5.40173 -11.9839 1.3854
2.08624 -7.63337 -0.186099
6.09253 -2.89976 -0.24235
-4.08475 -8.70894 -0.316592
-6.88825 -6.10025 2.71516
8.2441 -1.93031 0.96858
-6.28995 -9.2751 -0.697519
-2.89274 -0.291095 -0.667828
8.50516 -3.72666 -0.105666
-0.0998118 -1.89436 -0.499515
-4.11767 -10.1234 1.08409
6.88413 -9.04597 0.775006
11.6723 -11.0401 0.304402
-8.96628 3.52278 1.48836
-8.66123 0.934641 0.0637874
-1.10995 -9.12548 2.50938
7.09571 -1.50813 2.52185
5.8647 -13.4462 2.99094
11.6231 -11.2969 0.306949
-4.50789 -9.96684 0.889686
-9.89627 -7.72515 1.09118
-2.47693 16.0145 1.50744
58.5116 -25.0781 2.78836
-7.91724 -1.09906 2.48635
5.76928 -13.7385 2.94051
58.3649 -25.4319 2.78801
36.7 -20.1969 4.42153
-2.9026 -3.14188 -0.54611
-9.3293 3.12021 0.186903
1.34055 -7.43833 2.55202
44.5261 -24.8536 2.23245
-8.2684 0.465789 1.90953
39.1325 -22.1497 1.96783
-2.53894 5.67251 2.40056
11.9586 -16.7551 2.67714
-9.08144 -8.03404 2.07578
-1.2604 6.99506 2.40034
-11.8547 -5.04767 1.72221
18.7803 -7.51077 3.3107
5.7013 -9.12321 2.78718
17.7587 -19.1098 3.70882
28.976 -18.0929 1.49516
13.7258 -14.0599 2.0731
28.7337 -18.6856 1.50174
8.98244 1.61525 0.343594
4.90336 -3.09334 -0.278973
30.7112 -11.8423 1.2393
3.31035 -7.47344 2.68211
10.6096 -11.0511 0.389235
-11.2164 -4.40855 -0.803534
-4.28897 11.3262 1.65029
20.6497 -14.343 1.09993
8.47818 -15.3286 3.37612
1.28938 -7.77843 0.923614
19.7873 -14.2956 1.06803
14.4709 -12.2482 0.713172
4.5911 -11.2796 -0.213293
-5.70078 11.2942 0.743401
-6.89293 8.11273 -1.72984
13.4716 15.2365 1.89231
16.7981 -13.1072 0.868122
15.0502 -12.501 0.85579
-5.10777 4.32769 1.81201
-8.77939 -8.17611 1.73295
-1.29783 3.30294 -0.745703
-3.14303 -8.37109 2.42097
-5.48308 -9.54151 1.69989
1.10675 -6.9212 2.52078
-3.92279 -10.1653 2.82305
-5.32433 -8.20048 -0.362067
-6.55316 9.32712 1.27141
8.97553 4.44834 1.91559
-4.63432 11.6378 1.46974
0.499579 -3.08728 -0.438124
6.32855 -8.6447 0.47663
-6.299 -2.10327 2.06317
7.4986 -1.91035 -0.230752
34.9463 -26.2522 3.26219
5.73974 -8.57312 0.450771
-4.8734 -1.57589 -0.686707
-5.11962 -8.27904 -0.459496
-2.26829 7.89523 -0.864252
-3.81978 -10.2163 2.63983
-7.09088 -8.94985 -0.724338
14.3668 -11.0844 3.47062
5.40466 -9.27007 0.436268
-3.86766 15.8522 1.46923
5.594 2.11733 -0.140564
-6.70784 -4.07793 0.0989146
-4.9334 -6.74342 2.82214
-4.11463 1.49397 -0.09578
-10.833 -1.10093 0.678369
34.3085 -16.222 4.23347
-0.18997 -6.22121 -0.337602
4.32848 3.80249 2.21212
-3.08027 -10.5672 0.482588
5.02271 -3.01112 -0.282118
-9.99418 0.984307 1.27376
9.07124 1.53174 0.379791
-9.34991 -7.97527 0.497625
-2.50126 -4.11061 -0.496635
6.87894 -14.6685 2.2951
-5.0262 -4.10985 -0.590627
-10.1914 -2.61973 1.9491
-8.37336 4.72849 0.0868662
25.4412 -9.4627 2.69737
-1.53009 -0.507119 -0.607212
-3.67801 1.90662 -0.783398
2.10872 -7.27422 0.0547878
-1.69655 -0.498804 -0.612972
-6.79894 -3.38295 -0.869083
-4.13349 1.86583 -0.789408
1.70489 -7.27446 0.00589786
-7.59464 -5.92342 2.64832
-5.60032 6.82399 2.04248
11.1767 -3.96559 2.41764
-2.49262 -0.0991617 -0.665139
3.71206 -3.72857 -0.291779
-10.7161 -7.41212 0.48782
-6.86792 -6.20602 2.17024
13.0036 -14.6592 1.70525
-10.8991 -7.33266 0.49535
2.63729 -13.17 1.49617
3.2908 -4.10998 -0.285185
-11.188 -6.98429 0.497392
-6.29228 1.07223 0.455598
-12.0173 -4.46434 0.487477
-3.09682 -4.2883 -0.513544
-6.77602 -4.03896 1.70853
-0.368253 -7.47458 2.50849
2.3192 -6.83003 -0.215428
-12.065 -4.31612 0.481438
-7.10049 2.48885 2.3722
9.24089 -7.53808 0.086408
-6.29037 -6.72284 2.68636
-4.87334 -9.83374 -0.125546
-0.31386 -7.31363 2.51539
-10.5185 -2.49948 1.88205
-2.53289 -8.94221 2.4574
29.8633 -13.7014 1.04318
-2.91173 -4.0203 -0.512357
0.87823 1.53468 -0.593536
-8.00817 0.885634 2.1295
9.33544 -4.12996 -0.0554783
2.64433 -7.25695 -0.18225
4.9265 -10.7499 1.09441
13.4875 -11.6335 3.40632
-11.6798 -3.1179 0.901379
-11.8794 -4.91914 0.879377
-6.05221 0.711391 0.240704
-8.90886 1.33305 0.357084
19.1361 -16.7088 2.21065
3.73457 -2.3313 -0.346174
-8.87149 1.40228 0.414068
-2.99048 17.8853 1.29582
1.70127 -4.12359 -0.350926
-1.3812 -7.9941 2.98771
-8.67515 1.45789 0.35652
5.46986 -12.1805 2.87991
4.03153 -0.773815 -0.397971
10.4276 2.61207 1.3293
28.6276 -18.6221 3.60413
-5.79806 11.1581 1.28132
19.9338 -11.1322 0.58149
4.08746 -2.64622 -0.324347
-8.48673 1.66882 0.378502
0.647322 -6.38134 1.49971
25.5062 -9.47907 0.86268
-10.9843 -1.62893 -0.508202
10.0401 -3.23853 2.49745
-3.71232 -0.891858 -0.676566
21.9129 -13.316 3.33719
1.87358 -12.5778 2.51042
16.0655 -13.1014 3.20909
-4.13813 -7.61906 2.68466
6.1054 -7.88257 3.25463
4.47856 -13.6677 2.50356
52.9442 -25.8257 4.39503
-4.90669 -4.69514 2.23063
-7.94152 3.0733 0.314752
6.0804 -6.7583 2.49183
-3.48197 -1.86949 -0.626228
-11.024 -1.54007 0.910876
-10.3248 0.107711 0.521642
-4.8839 -6.52984 2.80497
6.9419 -12.3234 1.42794
-6.08533 -0.713151 2.01718
12.5362 -4.73221 0.0973988
-7.51538 7.65092 0.469394
-6.22027 6.53159 0.367198
-5.69488 -7.95696 -0.455575
-4.26246 -10.0272 2.68561
-7.05323 8.64399 0.488508
-6.91658 1.10853 2.43749
5.20579 -11.1952 3.34473
-6.88076 1.29607 2.43019
-6.68333 1.88809 2.40717
-8.32509 -8.37698 1.31836
-9.91775 -2.48434 1.95458
0.504925 0.478762 -0.0619988
-6.78045 2.18557 2.4058
-9.83364 2.46638 0.1927
10.2157 -3.04078 1.12517
9.79046 -10.178 2.87906
-5.47776 11.8556 0.571761
-10.601 -0.369744 2.05143
-5.35965 11.7894 0.566966
13.984 -9.97866 2.96952
-7.50466 -8.75127 -0.275539
-3.64097 10.5386 1.30796
6.91667 9.12442 1.70327
-6.57751 6.99249 1.59865
-10.4814 -0.524024 -1.45428
11.6633 -8.49799 3.46774
-6.49968 9.49407 1.49572
9.97128 -15.9571 2.02684
-10.3485 0.126811 1.27971
-5.30741 0.329376 1.99723
16.0954 -10.9012 3.00932
-11.9803 -4.49417 -1.16529
-3.22461 17.3107 0.717457
-5.2929 0.500179 1.99822
-3.99466 10.4219 2.20285
-2.55756 8.43057 -1.02053
-4.34408 14.3186 -1.73452
-3.15337 17.5249 0.725417
-10.904 -2.32401 -0.87809
-4.14902 14.6405 -1.76374
-3.07393 17.7061 0.732162
14.2926 -14.9207 3.82879
-7.66025 -3.32186 -0.710107
13.8555 -15.3771 3.32679
-3.84337 15.9704 1.69556
-6.72874 -9.07469 -0.340879
-6.48542 -3.09294 2.12417
-3.74188 2.17839 1.65595
5.89111 -10.9423 3.36682
5.18831 -2.02955 -0.301933
-8.49074 -2.10715 2.50291
34.2488 -20.5304 3.47621
-10.2907 -7.56422 1.50074
19.2699 -6.49926 0.705548
-3.11495 -10.4967 2.49856
-1.56945 7.67151 -0.634528
19.2309 -6.61783 0.705588
-5.74993 2.23127 0.383785
-8.58746 4.38167 1.69958
7.40173 -9.60423 2.61504
20.3311 -14.3179 3.5354
5.71624 -8.66168 -0.692734
-7.64738 0.729096 1.56524
39.8848 -22.2753 1.72241
0.022431 -6.6547 -0.453784
-2.7255 9.13636 -1.04559
-8.4844 -2.09823 2.50196
-6.07082 6.51061 0.365132
-1.85565 -0.939596 -0.597873
6.73334 -4.55678 -0.141909
-3.90509 10.2193 -1.13061
10.5641 2.57664 2.07965
5.55821 -14.0997 2.92146
-5.6529 11.226 0.524906
8.92102 4.29993 1.88581
-4.57373 11.7605 1.48055
2.62258 -7.77796 0.00645335
-6.23635 10.1119 1.50733
34.3239 -20.5753 1.50696
-5.31038 -9.64903 0.0781253
-8.0851 -8.49398 0.513636
-2.49946 -4.65213 -0.474701
-4.60891 10.3984 -1.24773
-3.33921 -10.4691 -0.125803
16.522 -12.9068 3.36955
23.7793 -16.5314 1.09023
14.7093 -12.3779 0.724454
30.117 -15.3915 3.9699
-7.50436 -8.75397 -0.448432
7.49636 -9.48903 1.4946
-5.68982 -3.49304 2.08023
2.67347 -7.16138 2.89243
-8.59333 4.2862 0.509113
3.91663 -5.13433 -0.232143
-0.523761 -5.01373 -0.396688
12.003 -16.8301 2.30438
29.7111 -16.3567 3.98107
-2.28941 -0.89172 -0.622476
-3.53188 16.6829 1.53553
14.2921 -12.2525 0.708323
-4.36948 5.16905 -0.948819
9.35136 1.44854 0.414082
5.25672 -3.23711 -0.258472
-7.29353 2.36474 0.477396
-10.4899 -7.48513 1.51413
19.1846 -6.73382 0.705377
19.3007 -19.7734 3.50647
7.3385 -9.70303 2.69922
-3.83058 -10.2171 2.29866
-2.29034 7.92612 -0.522424
19.1115 -6.90889 0.705199
9.77885 -3.94251 2.9239
-5.18356 -2.33111 2.04071
-0.10498 -3.89145 -0.426215
23.9007 -16.1597 2.33371
-5.9391 -9.38096 0.49302
-10.0732 0.68133 0.31921
-7.11315 -7.08435 2.22532
2.5064 -1.50843 -0.415571
30.7707 -11.8672 1.04568
-10.8811 -1.27458 0.278229
-3.10679 12.4803 2.14267
21.0279 -8.41067 3.0873
17.0685 -13.1481 3.12788
10.3553 2.59356 -0.383375
-12.0028 -4.4629 -0.236429
3.71214 -8.30365 2.68342
-10.8119 -1.13628 0.0960233
-12.0404 -4.31009 -0.30178
5.45278 -9.09949 0.525374
9.20894 -3.22933 3.1855
-4.48393 -10.0526 -0.909695
2.48467 -1.28876 -0.421772
-10.1988 0.376573 0.322587
9.70854 -4.09232 3.11701
59.1119 -23.6147 2.7862
-10.837 -3.37282 1.82331
-8.46472 4.49056 -0.284901
-3.21248 11.673 0.493064
-4.48571 -10.0372 -0.900664
-10.1512 0.499092 0.321347
5.82826 6.22617 2.15696
21.0438 -11.4135 3.11456
9.63616 -4.27046 3.11244
8.66606 -12.9726 3.12942
-8.40803 4.62709 -0.285345
-3.067 17.6755 1.28194
1.58085 -3.88861 -0.368846
-1.53482 -8.28491 2.99744
-6.04448 10.5736 1.28427
-1.90939 6.69497 2.36974
-2.98493 3.56537 -0.134457
-3.53478 12.5762 1.61594
8.06923 -9.4684 1.49824
4.56407 -5.15793 -0.20558
-8.72678 1.13091 0.33127
-11.5947 -2.83157 1.43847
-8.12784 1.57331 0.311712
-3.94462 2.38792 0.0877001
8.76714 -6.67422 2.7874
-0.512999 -11.6313 0.509478
-6.38743 -9.18951 0.69671
-10.5956 -0.455136 1.44495
-3.70151 12.4838 0.733982
-11.1904 -2.01223 0.428423
-1.29406 -1.09827 -0.574662
-8.55144 1.29674 0.48744
-1.54852 -11.1688 2.08925
-3.88341 8.54732 -0.307662
2.91968 -10.5643 2.93719
-5.30842 -0.100038 2.02141
52.754 -26.1538 5.12709
5.14059 -10.8378 3.32995
-3.90676 -7.09512 2.86722
-1.31443 -9.89621 -0.235665
16.2374 -13.5891 2.88541
-5.95402 7.1238 0.349661
-2.71117 3.68212 -0.82123
-9.68126 -7.85719 -0.501633
0.00110871 -6.61828 0.492786
10.325 11.8968 2.62481
-1.60676 8.48048 0.164078
-6.32234 6.09351 1.78962
7.23148 -13.1443 0.197217
-8.12271 -1.07693 2.47498
21.5589 -15.7005 3.63579
2.75295 -13.0184 -0.397857
-5.81252 7.46412 0.356189
4.071 -13.531 1.57445
-2.5328 -10.7822 0.894127
18.5355 -17.0015 3.57574
7.33929 -7.56676 0.0091846
-11.8013 -5.1302 1.31769
7.52312 -9.5119 1.0971
-6.1364 -6.29081 2.75539
-3.37747 -8.98644 -0.330887
-6.66724 -6.08697 2.72729
-3.93541 -8.76959 -0.372828
-4.11007 15.2577 1.46997
-2.67959 -10.6847 2.7166
11.921 1.99335 1.49487
6.68426 -8.78748 0.275878
-5.50001 7.89606 0.333595
8.94172 -5.29905 3.25956
-4.70126 8.87811 -1.4549
-1.34159 5.97928 -0.858876
-4.25931 13.6883 1.61063
-0.348825 -8.92686 2.53264
10.233 -2.89612 1.70843
21.5127 -18.6869 3.70744
9.56188 -8.61491 2.77592
39.0593 -22.1239 3.63214
1.87379 -10.9202 1.64068
-6.50978 -9.18096 -0.686136
10.231 -3.07871 0.271111
17.1951 -18.9794 3.04536
25.3382 -9.60959 3.10244
-5.43451 -2.93255 2.07896
-0.303632 -4.47988 -0.408264
-4.80075 -0.474418 -0.734752
32.0451 -12.5835 1.09231
23.5231 -17.0027 2.16427
-3.11804 -10.4936 2.77196
-3.29048 3.08664 -0.8258
7.49031 -14.8774 3.28777
-4.66123 -0.25134 -0.736265
32.1457 -12.8598 1.09962
5.69594 -2.46273 2.39674
-2.66005 -8.22617 2.68715
2.29666 -11.3178 1.47674
-10.7005 -1.72197 2.02434
-10.9727 -1.2437 2.09816
-2.85265 -10.6313 2.09513
13.2909 -14.7572 3.7984
14.1568 -6.34114 0.205263
5.98767 -14.2036 1.53046
58.1292 -25.7671 4.34263
13.7192 -6.4979 0.200273
8.05559 7.45629 2.70423
-3.83627 2.77845 1.30193
-6.00646 -3.60038 2.28476
2.21178 -6.97953 2.62521
-9.93644 1.06074 0.336923
-7.03818 -6.69421 2.21698
2.57636 -1.97493 -0.393687
-1.88774 -8.52878 2.92095
1.29972 -3.7181 -0.382748
-3.28033 -3.67613 -0.53987
29.6703 -14.0374 1.04246
-11.2993 -2.50072 -1.4435
-3.50663 -7.88846 2.49565
8.88518 -6.09553 3.11697
23.5885 -16.8763 1.86487
-1.48662 -6.26868 2.41783
-4.47861 1.58089 0.0939289
6.11199 -2.06156 -0.269802
34.2266 -20.7867 1.75267
-8.84732 3.8251 0.0398425
-1.70267 -8.64388 2.53588
-6.18623 10.2814 1.70661
-3.07597 17.7222 1.67377
-8.58267 4.25478 0.0831567
-0.283231 -9.20865 2.55654
10.3623 -2.59599 1.53473
4.61758 -11.6501 1.26492
9.23065 2.04928 0.57645
7.43794 8.30986 1.85749
12.4426 -11.3513 3.01729
19.5367 -14.8681 0.778264
7.1773 -3.83523 2.40004
3.07425 -8.42201 2.54163
-4.17031 0.907803 0.0127752
25.3853 -14.3831 0.925076
-4.16197 1.27192 0.0104053
25.3898 -14.5938 0.930027
0.787118 -6.42865 1.51386
-2.81771 -9.23143 -0.273686
-3.99876 11.6265 -1.19514
24.9232 -14.9426 0.922849
8.2789 -9.60238 0.770093
-0.657055 -8.0354 2.69368
6.57293 0.552129 0.235125
11.2801 -9.44165 3.08761
-6.32488 9.92134 1.49263
0.113377 -6.31575 0.709715
-6.65424 -1.93043 2.04347
20.5819 -13.5728 3.65491
4.50535 -8.24633 2.71559
-3.90148 1.30308 -0.702318
-11.3681 -2.65018 -1.28297
23.8789 -16.2876 0.917435
6.36498 1.77771 0.27985
-1.71614 7.73331 -0.130661
-1.89432 -4.86642 -0.443847
-4.31443 1.86468 -0.724508
4.55301 -3.9604 -0.25258
23.6455 -16.8751 0.921046
-2.07592 7.74993 -1.1194
-4.63552 2.70165 0.909985
41.1887 -17.6653 4.45445
9.49409 -2.50406 2.65927
-5.15995 -2.14793 -0.679242
15.6842 -5.51889 0.219467
7.48449 8.46383 1.81511
19.605 -14.736 0.778058
-2.30773 -3.71957 -0.506329
5.0532 -10.195 -0.410238
0.528856 0.206246 -0.195455
4.54945 -11.2676 3.08752
8.63528 -6.71144 3.13576
7.88046 1.44318 -0.311345
8.08492 -15.1237 3.33232
-0.897545 1.89885 -0.668141
-11.7793 -5.0925 -0.696567
4.92219 -13.8885 1.32536
-10.5457 -0.323665 1.4999
0.793055 -6.41924 1.71166
5.65494 -8.71956 0.169857
3.52881 -13.2501 3.07917
37.0392 -27.1192 3.13646
-1.49655 -10.0905 2.61773
-5.35604 -9.5934 1.32302
-1.90246 -5.16 -0.432825
-1.10695 -8.31638 3.018
7.86365 -9.4131 0.310856
-6.89687 8.097 -1.7216
-5.77803 11.1389 0.744707
5.53147 -14.0807 3.12961
7.54475 -9.50363 0.284208
-11.9628 -3.67013 2.12372
-2.0945 4.11428 -0.815265
12.637 -11.3181 3.24423
-1.74229 5.99627 2.41177
14.3551 -11.1796 3.35247
5.43545 -9.30441 0.261373
-1.25996 -4.28484 -0.446752
-8.86961 -2.74432 2.00204
7.72536 -9.29847 2.68294
0.658389 -6.37844 1.50238
1.92163 -7.05731 0.73268
34.3751 -20.3184 2.97839
4.77425 -10.7617 0.360296
-4.00476 15.516 1.34169
3.88007 -10.9543 3.26036
-1.1556 -11.3756 0.289532
2.6041 -0.0490049 0.0977846
-1.57591 -11.1983 0.286143
-8.93598 -8.16329 -0.283794
16.7105 -5.89244 2.95269
7.08415 -6.70376 3.24398
-1.91845 -11.057 0.284204
-3.28949 -2.90144 -0.57259
-4.36934 14.6492 1.45842
11.8557 -8.08069 3.13821
7.90849 -12.6596 3.08795
10.7139 -16.2488 2.70908
-4.81962 4.05535 0.391932
-9.73927 1.69012 1.89068
-2.62321 -10.7536 0.688844
2.10173 -3.86922 -0.346334
-7.44962 -4.90968 2.13604
-4.87059 -9.83011 0.27624
-3.31694 -0.909583 -0.662364
22.2354 -13.1413 3.36035
5.86199 7.90255 2.51616
10.1449 -7.51507 2.53681
-1.32403 -11.3066 0.288265
-3.26167 12.5185 0.56648
-6.52285 -9.14233 0.284699
11.0617 -9.96115 3.46864
-3.74389 2.70391 -0.502172
-2.09525 -3.49399 -0.508297
-7.20401 2.83028 2.15092
9.10829 -4.30736 3.21948
35.2147 -26.4637 3.56406
-6.71919 -9.06005 0.285952
-3.0019 17.9537 1.30044
1.50711 -4.08198 -0.360974
-1.50715 -7.96402 2.98513
47.2826 -18.9154 4.73958
8.52676 -4.52193 3.21042
-7.29071 -8.82875 0.29031
5.00957 -10.1149 0.695477
2.23184 -5.83089 -0.261478
31.0795 -14.4908 1.08874
-7.51808 -8.73089 0.2868
7.65866 -4.89187 3.18852
-8.0898 -8.49728 0.297553
-4.35262 14.3468 -1.73769
-12.0266 -4.32727 -1.164
-4.07589 10.3789 2.20063
5.22985 1.65702 -0.466014
-5.2816 6.48612 1.44506
-6.12625 -2.3129 2.47147
40.2929 -19.0826 4.14948
7.18409 -5.16868 -0.100738
10.6795 -1.95401 3.10887
14.2201 -12.268 0.706532
-9.02234 3.44868 2.0549
11.2045 -4.64205 2.68878
34.9711 -26.2585 4.06919
5.9076 -8.51839 0.19616
14.7136 -10.298 3.43481
-5.03267 -9.80899 -0.696899
-5.35307 9.18288 -1.62191
-3.70283 3.37208 -0.829951
22.5576 -8.69036 3.58286
2.50014 -7.88721 2.61757
10.9784 3.47482 1.14365
-5.23445 10.2414 1.49569
-5.30512 -4.09758 2.1766
-9.87075 -7.80232 -0.75975
-2.904 3.6922 -0.496932
10.8382 2.43413 0.827898
-0.710791 -11.551 1.07608
-1.2938 -2.69683 -0.515913
1.29256 -0.895094 -0.476754
-2.49845 -2.70948 -0.552076
-8.38168 -8.38239 0.300915
4.67014 -11.1237 -0.210672
7.52622 -13.6636 2.88981
11.5685 -9.05033 2.99475
10.3622 -2.56575 2.31103
-11.278 -2.1105 1.08807
-8.87364 -0.901604 1.92327
16.9233 -13.2166 0.680737
-5.60181 11.4784 0.481107
5.66848 -8.62827 0.33218
-10.6181 -0.508365 1.31157
-3.46751 -2.52217 -0.59714
-9.34394 -7.97899 0.3117
11.378 -7.10658 2.69033
4.85248 -10.624 3.3125
-7.08233 0.702726 2.44481
8.91648 1.37737 0.257903
-9.50455 -7.91345 0.313742
-0.909598 -4.82861 -0.41758
3.56207 -5.36527 -0.231519
27.9034 -10.7772 3.33749
19.8135 -20.0657 3.30872
9.47321 -4.09433 3.23641
12.4285 -7.6569 2.97637
-6.29132 -9.23918 0.285046
7.7931 -7.14379 0.00846939
-5.02315 -9.80117 -0.529953
14.7218 -10.301 3.2743
-8.91545 -8.19898 -0.878967
23.8625 -16.3668 0.916407
-3.51584 -7.87883 2.68215
-11.3096 -2.5097 -1.28923
2.9276 -0.49794 -1.15626
34.3933 -20.3352 2.25271
-11.2986 -2.28375 0.292721
-4.31286 -10.0614 0.277327
23.5197 -16.8973 2.87725
-2.08547 3.061 -0.767191
-4.57878 5.37273 0.655928
2.55681 -12.8365 3.10741
4.9042 6.10555 2.64809
12.9087 15.3428 2.60909
-10.426 -0.159556 0.329669
14.6356 -10.5105 3.28356
-10.4943 -0.114078 2.07889
-11.1477 -7.10496 0.500825
-5.48896 0.832126 0.175929
17.6846 -7.91808 3.00032
34.3873 -20.3277 2.4894
-4.4489 -9.96508 1.68629
-9.11049 3.68424 0.122933
9.40698 -10.1267 0.182627
-11.2953 -2.30318 0.0841936
4.49744 -11.0733 3.31114
-5.99302 -2.0223 2.29033
-4.92256 1.14198 0.160062
8.09475 -3.08928 -0.151497
-5.68569 -0.903678 2.0336
9.61053 -4.40587 2.7394
5.69364 -9.12013 2.78535
10.8338 -1.9444 2.4762
-4.43154 3.68723 0.0858145
11.5638 -8.77804 3.13186
25.466 -9.46544 1.85504
-3.38752 -2.523 -0.595738
-9.25349 -8.01741 0.314957
8.26986 -15.2451 2.30903
8.41113 -9.62958 0.205505
-6.87976 -6.91524 2.22643
2.76041 -1.73757 -0.397213
-1.69237 -0.294319 -0.620822
-3.50519 -10.3978 0.277931
-4.32129 3.65901 0.109592
-7.35576 3.9322 1.79825
-10.3255 0.300721 2.08892
5.90871 -14.2752 2.1074
9.54398 -4.51514 2.89526
5.49025 -11.4528 3.35108
6.50377 -8.63224 0.282525
-6.48739 2.09581 2.41296
-6.82862 -4.2634 2.17938
4.18454 -12.1688 0.0904858
-9.64149 -7.8141 1.91764
4.42941 -5.76974 2.60513
10.6154 -8.81901 0.182026
-7.41929 3.42852 1.81155
15.7755 -12.1573 0.507193
-6.63297 10.4072 0.391621
7.88984 3.10108 2.88992
5.42738 4.30285 2.12292
20.8929 -10.1189 0.591248
5.90524 -4.68582 -0.177688
16.4568 -12.2846 0.52299
-6.01979 10.4795 0.383656
-8.43265 -6.35654 2.15253
1.09553 -2.31089 -0.43679
-5.31347 9.42951 0.366225
-4.12121 10.0801 2.20237
-4.45364 14.0565 -1.70923
-3.30367 17.1498 0.711494
-4.24231 -10.04 2.82385
7.72776 1.31771 -0.0423251
0.143783 -6.26792 0.514564
-6.34861 9.82936 1.304
5.88861 -3.90758 -0.210736
1.89418 -8.62125 -0.154507
-7.94137 2.74495 0.535045
15.4258 -15.6046 3.79347
4.77623 -3.73562 -0.253693
23.7738 -16.5301 0.918102
20.3798 -13.9829 3.66357
4.25949 -8.58925 2.71833
-3.89307 -3.49642 -0.573424
-10.3255 -0.11194 -1.31372
-4.70645 8.89495 -0.920123
11.3631 -9.3246 2.99702
-6.32162 9.91378 1.31024
-6.01154 10.6113 0.924905
-1.92053 -11.0877 -0.504168
6.78153 -10.5679 0.0909922
-5.9378 -6.41616 -0.527851
17.6479 -11.6258 0.53673
6.16521 7.36867 2.12979
-3.14483 17.4955 0.508514
-7.70321 -8.70493 -0.906026
-3.06109 17.6531 0.540636
-0.515239 -6.34757 2.44672
-5.84461 11.0973 1.4861
7.9213 -15.0773 3.09957
-3.44328 12.1553 0.632677
-8.50386 -8.33485 0.0867932
14.1223 -9.55653 0.32352
-9.73121 -7.77586 2.08604
24.6548 -22.0793 3.4923
10.8984 2.20648 3.01242
-4.49532 3.7355 -0.603307
1.09308 -1.89496 -0.450476
-5.714 -9.52214 -0.862661
-12.0026 -4.46313 -0.0920371
7.91922 1.45799 -0.0999137
0.68884 0.235608 -0.195009
5.10264 -10.1379 -0.407638
8.59424 3.37306 2.04647
11.0502 2.1641 2.755
-4.29092 3.60683 -0.369444
19.2407 -6.62013 0.5177
-3.76007 2.90233 0.701784
4.71906 -8.50933 -0.05317
4.97386 -10.3179 0.310408
-3.82132 -10.2171 2.4525
-2.29023 7.92032 -0.708848
19.1241 -6.90984 0.517322
7.4579 -9.67926 0.923601
-10.2114 -4.23314 2.52416
5.15856 -9.90112 0.292948
-3.10813 12.0946 0.470622
23.5284 -9.24287 0.643863
-3.83217 2.74959 0.844633
7.43213 -5.6438 3.21063
5.83255 -11.7651 1.38429
-7.72316 6.86767 0.452314
7.49617 -12.5051 2.97233
-11.9943 -4.3125 -1.35805
13.4145 -13.9133 1.73924
-10.7166 -7.42327 -0.109433
-3.30687 -10.4383 2.09349
58.5932 -24.6967 3.96401
-6.50613 -3.50201 -0.501
2.50888 -11.0976 2.73288
8.87838 -4.88612 3.23821
17.881 -11.4782 0.541131
7.12145 -9.01755 3.2882
-8.12535 -8.43523 2.08466
5.05218 -1.69733 -0.32136
52.6356 -26.908 4.0374
-7.28606 -8.7956 1.69388
6.39148 -12.0118 3.10443
15.6261 -9.49403 3.16083
-2.49542 0.305026 -0.68077
-1.51526 3.30994 -0.756152
-2.97459 5.34187 2.26691
25.4805 -14.8564 3.64937
16.515 -13.0763 0.53538
-0.0827638 -4.62484 -0.393137
5.08732 -3.50044 2.38481
-10.9892 -1.7111 -1.27912
4.68933 -4.45957 2.42819
48.7809 -25.2981 5.1123
-6.48253 1.56007 0.00585918
6.2968 1.84231 0.0862277
7.25518 -1.31376 2.52419
8.45144 -5.15328 3.23141
-2.90725 -2.47078 -0.578719
-1.29395 4.04628 -0.777361
-4.21484 11.7785 1.62713
-2.67822 -10.6937 2.31226
5.88593 -1.77813 2.12043
6.6891 -8.79113 0.676407
-10.7039 -7.4504 -1.15668
2.68766 -0.465164 -1.01088
7.09103 -2.49039 -0.224066
8.79448 -5.57408 3.26537
-4.0857 8.67654 0.0347584
-9.78334 1.42572 0.693986
-5.12486 -0.926153 -0.72967
8.41297 -3.01778 2.48052
-3.29839 -2.08605 -0.611337
-6.741 8.52335 -1.52013
-5.56962 11.6472 0.851721
8.71663 3.42199 2.42615
-5.49681 5.67749 2.32602
14.0518 -13.3795 0.494097
-0.501127 -4.33902 -0.423923
-7.61196 -2.05613 -0.76589
9.27865 -10.318 0.35248
-2.68355 3.11348 -0.800033
8.11903 -9.53058 0.316978
-0.814997 -8.16375 3.02136
-8.63795 -2.7836 -0.771864
-2.90228 3.68104 -0.827843
11.4217 -9.07084 3.44941
2.60759 -7.28695 0.196597
37.983 -17.1192 4.39814
-9.49713 -7.92385 0.0923846
-3.95955 1.68003 -0.787949
1.90113 -7.08513 0.121294
15.0094 -12.323 3.23552
-2.58651 13.0081 1.6405
-6.52303 -6.37176 -0.550552
51.9659 -28.1805 3.33315
-11.1772 -6.98352 0.292758
7.53842 -9.50423 0.907473
-3.31841 -8.96559 -0.285179
12.4942 -6.50107 3.29078
13.3154 -13.548 1.65255
-2.65603 6.07552 2.30501
-3.72144 2.90535 -0.110741
-1.24871 4.0595 -0.777199
-4.17293 0.565499 -0.527391
-2.69348 -0.305486 -0.664255
2.90848 -13.0167 2.51256
17.7543 -16.6978 3.61243
29.4355 -18.1438 1.9495
20.5536 -20.2934 3.3051
4.97392 -11.4247 3.25959
5.30734 2.23579 0.099005
23.3605 -15.9765 3.68229
0.954259 -6.43867 2.39584
5.81854 -8.80421 0.785661
-4.57653 -7.03655 -0.455668
-0.501565 -11.6689 -0.491756
-6.98986 -0.212471 1.89277
-1.89424 -1.6797 -0.573487
9.82058 -3.447 2.30693
5.32434 2.24259 -0.135758
5.92608 -7.54379 -0.05249
52.9883 -25.8691 3.32407
-8.48872 1.67821 0.648602
3.49627 -10.1667 3.24817
7.52703 -5.49644 3.20667
-5.33797 -3.56586 -0.623407
5.63979 -2.06208 -0.288846
4.95327 -11.0459 1.41944
1.56689 -6.65368 -0.245771
23.8894 -16.1744 1.96891
-5.93075 -9.37181 0.892717
-4.43795 -10.0125 0.0776215
5.74891 -2.9035 2.48782
-6.46353 -3.10427 2.49958
-4.16569 5.40596 0.424747
-8.59608 2.15357 1.69376
-5.20254 -0.836646 -0.73818
9.24806 -10.2403 0.924633
-4.48633 -6.89725 2.83033
34.2632 -20.5283 3.2314
-10.3004 -7.54458 1.89608
4.27848 -1.10483 -0.375179
-6.07899 -9.33594 -0.124703
7.07985 3.90841 2.81493
13.7254 -12.6982 1.35445
13.2894 -4.66356 2.77961
9.25317 -9.38733 2.76607
-10.1017 -7.60631 2.30393
13.2453 -14.2779 1.84469
-5.17194 7.91892 1.77599
-8.59641 4.39473 1.46226
-6.28434 5.64852 0.657281
2.28018 -11.1695 -0.0625089
7.38443 -9.67525 2.30783
-2.7261 13.3782 1.60206
14.9965 -12.7733 3.16549
26.8994 -22.9089 4.14653
-2.28774 -1.70684 -0.58997
-6.35004 -9.22262 -0.0960466
-8.73255 -5.99388 -0.639225
-4.85653 13.4776 1.72367
5.96909 -6.36267 -0.0993612
18.9102 -19.6196 3.28587
-10.4821 -0.114498 1.87265
-6.85552 -9.01216 -0.129426
-5.30103 9.37385 0.254981
6.77766 -10.2794 0.0894154
2.59569 -0.284534 1.00465
-6.23738 2.64302 2.41045
-2.51107 -8.7017 2.45218
33.8593 -17.2995 4.24142
-2.14175 5.30839 -0.872321
-5.0906 -6.52639 2.80853
1.57603 -7.00712 0.756494
19.2047 -6.47344 2.50723
-4.2392 1.51374 -0.130608
34.4264 -20.3507 1.50597
13.3394 -13.7047 1.47568
6.74367 2.94383 2.84321
-2.74766 8.43005 0.492573
28.5201 -12.0466 3.83181
-9.80144 -2.94204 -0.805914
-9.10521 -5.95601 -0.657016
-4.98739 -4.25719 1.97943
4.63978 -4.42919 -0.230351
-5.5527 11.4703 -1.16037
-9.50444 -7.85029 2.2458
-5.67443 5.49183 2.32402
-4.21541 3.51397 -0.870407
-9.91658 -2.87696 -0.813079
9.57954 2.96997 2.10399
-2.32355 7.3115 1.83132
11.9419 1.77033 2.88093
10.9231 2.35139 -0.202448
11.557 -8.74279 3.45699
-7.51315 -8.74431 -0.0948982
-9.91643 2.32158 0.193568
-10.3652 -2.59799 -0.841526
2.30586 -9.70483 3.18683
6.77777 9.18207 0.939923
2.1089 -2.29496 -0.396831
17.2363 -7.70174 0.357955
1.29705 -2.92495 -0.409134
16.3221 -8.32329 0.348129
6.0959 -14.3487 2.07855
10.0749 -3.68797 2.714
6.97827 -9.29001 0.153907
7.31163 -14.8698 2.30546
4.83841 -13.786 3.10916
5.76444 -6.57578 -0.0996093
1.79682 -11.1707 -0.129136
24.6154 -22.0553 4.08946
-7.62389 -8.62385 2.62781
10.5927 -8.58616 2.69166
-4.07581 1.50209 -0.294491
1.69747 -6.93529 0.676988
7.62709 -9.41191 0.123815
11.9764 -7.74633 3.3764
8.83954 -6.55706 2.78424
2.28278 -12.7457 2.29581
10.5635 -10.4334 3.29513
-5.49864 5.10671 2.34554
2.5064 0.196505 -0.832952
-6.39782 2.19955 2.41514
-5.03147 0.27798 -0.746658
2.03135 -12.6504 2.29356
-1.60528 -10.3717 2.58498
-4.86506 -9.83022 0.478417
4.33054 -0.916604 -0.381125
10.6922 2.505 1.29006
-0.170982 -9.28747 -0.218914
1.12191 -7.79313 0.922385
-9.27398 -8.05012 -0.741931
16.4324 -6.11219 3.30138
17.1293 -13.1961 1.8814
4.80646 -10.6609 0.7276
3.09837 -0.525665 -0.294674
-6.90206 -5.72276 2.70872
11.6042 -11.1568 0.304993
-7.24257 -3.10542 1.91431
-2.12232 -4.56759 -0.46541
12.0019 2.00361 2.69833
17.8523 -7.52608 3.00011
16.3225 -13.4771 2.2965
-10.1069 -7.70977 -1.09157
10.5331 -11.6156 0.29748
-1.91817 4.1741 -0.811173
12.8666 -11.3764 3.28444
8.11553 3.71634 2.22776
-5.31569 12.3178 1.10123
35.4421 -13.6693 4.01091
-4.90385 -7.51576 2.32452
11.1217 2.32469 1.47335
-3.49767 0.699998 -0.729709
-8.45818 4.48813 -0.489552
9.64265 -4.28103 2.89217
-4.95294 -9.76579 1.49059
-10.2489 0.965629 0.192318
-1.15541 -11.3759 0.0808762
-9.4796 -7.89314 1.5028
-10.1339 1.12094 0.204624
-0.261426 -8.46537 -0.252997
-11.8479 -3.47594 1.4879
4.22794 -1.66006 -0.357059
-7.11635 -8.89226 0.7091
9.91377 -1.75054 3.15735
-11.1872 -2.01273 0.259558
-6.29087 -9.23067 0.695401
24.0844 -21.8379 3.81517
10.2672 2.48497 2.71513
-2.28831 0.893269 -0.691496
-4.78044 13.6234 1.74005
-10.2958 0.113045 0.103853
-9.66424 2.62782 0.199483
-2.50446 8.01028 -0.485319
-3.94311 -10.1682 2.2841
6.52434 -8.1961 3.28487
2.45532 -11.3756 1.51249
-2.73575 5.19222 -0.894433
4.88499 -10.7229 -0.10086
-2.93416 -10.6074 1.2922
5.05103 -4.02415 -0.232076
-1.45236 -11.2041 2.29974
12.0888 -7.46956 3.28925
-9.9038 -7.75033 -0.113319
16.3697 -13.4352 1.31897
7.82508 -2.61216 2.23373
7.54693 -14.9937 0.0128133
7.41826 1.14572 0.237984
-5.42644 12.0407 0.225835
-2.00165 7.22881 -0.957432
-2.00523 8.00101 0.156621
-9.5836 1.94314 0.897965
-8.23204 -0.076671 2.42903
4.11265 -5.88682 2.45239
-6.68668 5.66831 1.78659
-1.88 8.0491 0.157038
-1.85316 9.63009 0.249523
15.151 -9.26918 3.18131
10.3739 -2.75208 0.080477
58.339 -25.4325 3.18762
-0.500721 -3.6873 -0.451871
-6.39657 -9.19899 0.355495
3.50526 -11.305 2.77555
-8.46706 1.49066 1.85375
7.66972 8.9269 2.31151
35.8608 -26.5944 4.43727
8.12173 2.9609 2.39922
10.5771 1.73009 3.04018
-7.66766 -4.85698 -0.658963
5.21529 -0.996899 -0.353408
1.10876 -5.6586 -0.312868
4.53121 -7.54926 -0.100368
7.8922 -8.49566 3.06988
5.90478 -14.264 2.90507
17.1949 -13.2489 0.687931
-9.88321 -2.09231 1.93125
10.813 -2.27216 1.5219
-5.0727 -0.514315 -0.744132
8.56077 -9.80102 2.80679
17.936 -7.30372 2.99831
-1.98468 7.1677 2.3312
12.2016 1.88555 2.43689
-3.02898 3.96937 -0.079163
7.72031 -8.18632 3.32114
12.6688 -7.27 0.192914
7.35816 -5.74201 3.21127
3.31705 -10.4668 3.24026
2.39291 -0.206581 0.838772
-5.18742 0.735536 -0.798207
-6.51158 2.69236 2.39421
-4.61432 1.8939 0.0873684
1.92634 -7.02691 -0.21745
5.36064 -11.3328 1.39677
5.92824 -2.31283 -0.266198
7.02166 -10.1009 0.0893219
-11.4867 -2.57931 2.03485
52.1095 -27.8607 3.33136
8.53693 4.10132 2.48908
-5.70625 4.91063 2.34748
13.7395 -12.6923 0.537811
16.9148 -13.2021 1.07373
-5.64683 11.4805 0.913802
-11.1736 -1.88769 0.898268
13.0981 -10.1098 0.313506
7.95845 -9.45591 0.162989
-4.97524 13.1401 1.30868
7.61474 2.59223 2.23218
20.5302 -20.274 3.56961
6.92849 -12.5682 2.92572
21.6203 -10.8789 3.74648
-10.3725 0.162975 1.91234
4.75933 -11.0065 -0.101244
5.76025 -14.2038 2.32114
-9.96469 1.5515 0.234865
7.89025 2.49921 2.39192
-3.70168 8.48846 -0.701604
-5.23357 -9.61845 2.4927
-8.51027 -8.35994 -0.795816
-5.72655 -3.45486 -0.649464
-8.48519 -0.897944 2.4504
6.99549 -13.4281 0.200128
10.1655 -6.743 0.0884491
-10.6915 -0.920846 -0.515861
6.56506 9.82596 1.24654
48.3782 -25.8478 2.40368
4.44102 -11.6578 0.110688
-1.30028 1.89713 -0.687968
-4.08818 -0.903989 -0.688967
-8.10138 -8.51124 -0.277346
-4.57811 0.213081 -0.197153
-7.08841 -3.248 -0.494729
6.5328 5.71868 2.72229
-6.49838 2.50931 2.3928
-2.46347 -10.8266 0.48313
-1.11284 1.323 -0.657375
17.0123 -16.398 3.50205
-3.45018 8.94022 -1.28659
-6.3508 5.30716 -1.00676
-0.795327 -1.19469 -0.555427
-6.52478 -9.1454 0.0797777
4.63772 -10.4637 0.00868083
4.4607 5.60884 0.269665
-1.31651 5.06829 -0.830461
6.21548 2.00996 -0.314112
15.3949 -15.6434 3.4993
-4.35857 -2.69488 1.94418
7.84716 -3.33327 3.14034
5.23941 -6.08455 -0.140346
18.1611 -19.3058 3.27895
15.3792 -9.03075 0.338608
-7.29337 -8.83232 0.0813885
14.6726 -9.35622 0.329816
-3.75045 2.89833 0.295414
-8.09384 -8.50186 0.0834707
-6.63745 -3.93193 -0.106957
-5.01815 -9.81251 -0.832502
-8.82819 -8.20239 -0.322823
11.1325 -16.4379 2.27086
-12.0225 -3.95902 0.906518
14.2971 -9.50405 0.325426
-8.38374 -8.38449 0.0843496
-9.68084 -7.8288 0.688661
-11.2785 -2.09981 1.49142
2.76634 -12.9474 2.70475
10.9129 -3.60345 2.76107
2.0884 -1.30258 -0.432234
-4.17868 9.05289 0.530283
7.12352 -11.9685 2.92287
-4.89376 2.09423 1.95443
5.28207 -12.3222 0.0974111
58.3132 -25.4295 3.58712
7.9203 -4.32545 -0.102502
-0.704368 -1.30486 -0.545313
-6.37234 -9.2072 0.0937248
-5.52224 0.278985 2.00778
11.3133 2.24887 2.48896
2.45405 -0.137705 -0.851815
-3.94699 3.62587 -0.0517427
25.0582 -22.1509 4.13802
16.4294 -6.10005 3.29925
-9.25541 -8.03123 -0.496509
-2.30036 3.51556 -0.799499
-10.908 -7.33788 0.0937044
-6.96913 8.33383 1.47899
-5.39076 7.96425 0.30506
14.1104 16.7708 2.03936
-4.90189 -2.34097 -0.660266
8.0574 -6.67781 3.28168
21.3553 -11.5941 3.76328
7.65801 9.44742 2.10212
28.7758 -18.4724 2.1307
19.2613 -6.5031 0.889955
34.2352 -20.5193 3.71337
-6.62551 -3.72476 1.49124
-5.57866 11.6911 1.51391
-2.66736 3.85171 -0.827363
4.31522 -7.33608 2.67142
-11.1672 -6.97689 0.0939087
-10.711 -7.39806 0.889878
16.3477 -11.9597 0.514414
-6.19953 10.1339 0.377099
-12.0055 -4.46328 0.0914715
3.28035 -1.10809 -0.407046
-11.7647 -3.43172 0.0875279
-3.90886 -4.10405 -0.550354
7.56991 -9.3402 1.70859
-5.33036 -0.312512 2.03329
8.01957 1.54482 -0.217732
8.71983 -6.50555 2.89869
-2.12645 7.88113 1.8091
-3.69317 -10.3246 -0.125522
-7.0902 2.2968 2.37754
2.51022 0.221586 -0.918693
-4.02355 3.36418 1.92566
-5.88555 -9.34097 2.71944
-5.29107 -7.29575 2.31427
-2.90736 0.498548 -0.702417
11.4046 -11.4019 2.98769
9.69761 2.72101 2.7162
-1.94876 13.1439 1.64357
11.088 -6.10474 0.0926646
-6.87619 -2.05835 -0.741318
3.51631 -1.90144 -0.368767
5.26229 -9.70403 -0.531376
-11.4405 -2.64899 0.083878
16.756 -5.53022 2.93992
1.02382 -7.02871 0.23879
7.32571 -9.89372 1.68936
-4.66188 -0.0944644 -0.739241
-4.27322 -5.04838 2.26568
19.2016 -6.46338 2.63507
-1.89186 2.70471 -0.744478
9.05162 -5.69814 2.8986
23.5119 -16.8867 3.05472
5.50689 -12.6936 0.120457
-1.89677 -10.9285 2.68965
14.6265 -10.5068 3.4443
-11.9843 -4.04413 -0.377937
-7.90546 -8.57968 -0.442543
2.40754 -7.13696 0.608225
-3.08599 3.47831 -0.309214
-10.5548 -0.324667 1.50126
4.10347 -6.84526 2.6285
8.14034 -2.11806 2.592
-5.80188 11.1547 1.58228
-2.71019 3.30919 -0.808943
16.7187 -13.0416 1.71457
2.67367 -0.366087 -0.432642
-11.1764 -2.01038 0.0811434
3.49517 -8.08568 2.6607
3.90542 -3.10555 -0.316018
-10.0385 1.11384 0.264839
-2.26077 7.0839 1.89431
-10.3079 -7.6199 -0.855324
9.47733 3.03445 2.14266
14.8419 -9.07803 0.329707
-0.917357 -3.87394 -0.453662
12.929 -4.26951 2.68702
-10.641 -0.719671 0.0762511
6.52026 1.76028 0.351381
-1.52836 7.68454 -0.282585
21.931 -20.5008 4.09407
-6.08432 5.1161 2.33134
5.36844 -9.20929 -0.0589378
10.2768 12.4431 2.59381
5.29981 -10.7781 3.33423
-11.0211 -1.55236 0.693401
18.0974 -16.8113 3.66128
4.67616 5.07884 2.49535
12.7661 14.2613 2.49053
20.9958 -20.4843 3.44225
-6.89819 -8.96527 1.32216
5.36524 -11.5767 3.22394
-8.50186 -8.33813 -0.0999853
-7.71355 -1.89757 1.95577
5.99469 -2.1877 -0.26676
-4.50651 1.68161 0.0912123
5.88928 -9.05616 2.75225
6.39206 -4.12917 -0.179298
-1.59584 -0.186044 -0.622468
-3.33859 -10.4658 0.278322
-4.0825 3.72354 0.0269796
2.14303 -9.96569 3.19634
1.49509 -1.09686 -0.46123
3.4431 -10.7583 2.92121
10.2338 -3.09788 0.0696417
15.0621 -9.47352 3.24262
6.98442 -2.59362 -0.222125
-10.7709 -1.09542 -0.322039
10.7095 2.50862 1.90107
12.1052 2.87352 -2.10776
-10.7889 -0.86293 1.84522
-3.09726 -2.32215 -0.594081
-4.00542 -4.82078 2.19752
4.34743 -5.70708 2.70153
16.5548 -13.0778 0.922914
9.93526 -15.8979 3.30036
23.7419 -16.5082 2.15649
0.077072 -4.23667 -0.40911
-3.10235 -7.89628 2.91656
3.26935 -13.1579 3.11632
4.64632 -11.2195 -0.114517
5.24869 6.47559 2.28437
-5.8721 10.7137 0.241421
-5.26789 1.31281 -0.827274
-6.70039 3.28772 2.3603
-3.28881 17.0788 0.682323
-5.47379 -8.14943 -0.352955
-11.9193 -4.69269 -1.13524
-4.11011 -10.0935 2.82364
-7.43134 -8.78679 -0.47306
-5.03492 9.15105 0.0764426
3.89038 -10.9368 3.26914
-1.05377 -11.417 0.290315
-11.1627 -1.90211 0.705479
-3.11391 -10.4926 2.69723
8.34697 -8.5498 0.0866143
-7.12297 -5.70272 2.69256
-2.30672 -10.9009 -0.0939608
9.37221 -15.6717 3.33216
-2.75941 -10.7398 -0.805973
-10.9119 -1.48996 -0.860583
7.67668 5.16184 2.79496
-5.82998 10.908 0.465978
10.7334 -16.2768 2.28698
-9.72406 1.68722 1.49425
-2.68398 -10.7157 1.09573
-7.12382 1.09455 2.4385
13.6356 -12.897 0.525877
-6.66195 -3.88343 0.693784
1.93942 -12.6169 2.27556
-8.39643 4.54952 -0.99191
5.05172 -10.0948 0.879227
15.0862 -9.0409 0.333153
-7.51965 -8.73377 0.0869078
34.0169 -25.8729 3.1872
6.47827 -1.46491 -0.27762
2.50006 -6.14155 -0.23833
9.06484 -5.11216 3.26368
-6.21609 6.98021 0.75576
10.8583 -2.30258 0.0142387
17.5516 -11.4172 0.531024
6.27132 7.64043 2.13175
1.68505 -10.082 2.70614
52.2089 -27.4918 4.77482
8.14192 -7.88777 2.92087
10.2597 -3.38665 0.0204047
2.69056 -7.74163 2.61752
3.13108 -2.72987 -0.352792
6.33992 -7.14159 -0.0522167
-6.2773 6.28408 0.738776
12.4955 -4.89813 0.0983399
-9.87788 -6.82381 -0.65175
-2.88254 4.72507 -0.674862
-3.28656 0.290632 -0.710028
-2.83888 18.3347 0.812561
25.4062 -9.62317 1.69318
-0.919705 -11.5012 -0.485149
11.7872 -5.46065 0.0946831
-0.322284 -11.6783 1.51776
-3.08564 7.02795 -0.9797
4.01341 -4.00781 -0.272997
10.1224 -3.10209 2.28524
-12.1111 -4.12678 1.50336
-8.85776 -0.508235 1.91307
-7.91251 2.6824 0.622676
48.3905 -25.8542 2.74657
-10.6836 -0.934654 -0.858167
-11.8549 -4.91183 -0.107457
19.6992 -19.9339 3.6459
1.0979 -1.69205 -0.456444
6.8719 -9.684 0.0860615
-4.89316 -7.09603 2.82365
13.7535 -9.82965 0.320334
-4.11008 0.900666 -0.0964163
13.9998 -12.5009 3.1268
-6.73664 -4.08016 0.706263
6.44569 -8.91724 2.78328
-3.67914 3.46005 0.115407
-2.49601 -8.69855 2.45025
-4.91015 -9.77602 1.6997
33.7703 -17.5162 4.24364
-1.91456 2.91064 -0.756953
-4.2326 1.70874 -0.0920439
8.28766 -15.2769 0.107583
12.2258 12.9987 2.64534
3.27289 -13.2317 -0.0750396
-7.7322 6.50682 1.49893
29.0868 -17.9206 1.9251
20.1733 -20.1721 3.34753
7.56371 -15.0307 0.122039
13.2247 -14.0604 1.56059
10.9006 -6.28072 0.0917124
7.42218 -4.74706 3.18162
-8.14688 -2.76118 2.09403
1.48817 -5.8862 -0.292387
8.26301 -15.2322 2.9299
11.7816 11.9249 2.54014
5.48568 -11.6468 3.29667
-6.68956 -6.66237 2.26481
13.1732 -14.179 1.56475
10.7271 -6.39958 0.091159
-11.2254 -2.1261 0.0816413
-8.08537 -8.47049 1.52202
22.1269 -8.34774 3.07706
10.7301 -2.29215 2.50686
6.72296 -7.03065 2.50912
-2.8885 -1.68169 -0.613427
-9.11113 -6.89092 -0.620298
-5.23938 12.5409 1.7247
-11.7688 -4.08923 2.45909
7.85369 -7.25143 3.29489
3.07211 -13.1105 1.75037
-4.41774 -3.61495 -0.589231
0.0833148 -6.492 -0.112892
-4.06592 1.50182 -0.783677
1.69965 -6.96798 0.0877594
4.12007 5.53686 0.0749201
10.9049 -10.9074 2.94919
6.0172 -3.81148 -0.212362
2.04342 -8.46402 -0.152402
8.84592 -2.39031 2.54255
-4.84913 -1.66918 -0.687516
-4.68366 -1.48776 -0.688388
3.22545 -13.1722 1.72536
46.3404 -20.9114 4.73218
14.2154 -10.1472 2.90981
-3.55528 10.6932 1.32193
14.6602 18.0883 1.52087
6.67786 -11.3149 3.36746
9.03465 -12.4983 2.66532
-3.06284 -10.5823 0.0672387
-5.3851 12.1459 1.48083
12.3559 -11.4869 3.02238
-4.15698 11.5102 -1.26498
6.41568 -7.86095 2.64348
4.70025 -13.7666 1.90904
-3.89235 -0.493542 -0.696069
-9.66945 -2.07823 -0.841267
-5.28984 6.40319 2.31246
-3.96935 4.35107 -0.897658
5.95395 -9.33788 2.80121
2.09966 -7.13986 2.56891
-6.28707 -3.48608 2.28286
-2.22107 -8.21735 2.36211
-9.89051 -7.76985 -0.297042
20.4833 -13.6904 3.81462
-7.60565 -3.34386 -0.706562
10.3371 -4.77198 0.00992113
5.90913 -14.281 1.85829
-9.71705 -0.567886 1.74315
-10.4968 -7.50969 0.284059
10.2925 -4.88997 0.00952563
10.1067 -5.01399 0.00935291
5.6849 -11.7412 2.93501
8.52386 -15.3405 2.67728
7.69561 -7.28944 0.00858004
-4.80747 0.266683 0.0353087
13.5834 -6.66676 0.199857
6.99972 -4.28926 -0.143396
23.9267 -21.6796 3.99473
-4.90904 -7.31144 2.51232
-5.49106 4.71216 2.35256
-6.77159 -7.20322 -0.536424
10.0311 -5.04752 0.00921737
-2.10357 -0.497867 -0.630156
-4.67694 2.64946 -0.713037
-9.49702 -7.89275 1.30167
7.8485 -4.44622 -0.102531
11.1635 -11.6413 0.305282
26.4055 -10.0059 2.80689
-9.74137 -7.79629 0.711722
-7.9346 2.49347 0.374022
-5.82239 11.0557 0.873476
7.88488 -15.0826 2.47
-0.0570572 -6.52737 2.10527
-4.0571 7.37637 -1.02418
8.0075 -9.07696 0.0877463
10.5589 -11.2667 2.95251
1.65238 -8.86903 -0.157846
-9.26681 3.41178 0.798493
-5.19052 -1.26715 -0.716419
-0.536498 1.68757 -0.644592
4.68206 -13.765 1.68979
9.68584 -4.08946 3.24104
-3.53293 16.194 -1.9217
-0.667851 -10.6113 -0.185716
-3.31426 -7.94119 2.8664
-1.48759 -11.2237 0.911296
-9.59076 -3.97422 -0.753863
-3.83053 2.48089 -0.892496
7.01257 -10.6377 3.06094
28.8368 -18.2584 2.76115
-2.2142 -8.40664 2.89311
0.909609 -3.72879 -0.395948
-4.33303 14.6724 1.09296
-4.09806 -2.30921 -0.630513
-9.34257 0.314756 1.73125
-2.11425 3.28062 -0.779874
10.9108 -16.3239 2.49105
-10.5584 -3.5113 -0.808004
11.4777 2.35569 -1.50038
-7.21236 -4.93971 2.42626
6.49827 -6.8702 3.22374
10.5872 -2.13755 3.18808
-2.46639 -10.8281 0.281271
8.46045 8.59963 2.51381
-6.95213 -8.96525 0.287632
8.44174 -8.33907 2.84996
-7.60752 3.06242 1.82191
-5.24657 -8.23065 -0.350774
-3.69182 9.93277 2.22386
3.71631 1.14114 -0.495198
6.78701 -11.1679 3.06504
5.30985 -12.6215 0.18034
-2.09726 -10.9362 2.479
-5.92612 -9.37891 0.907426
-4.17928 0.838337 0.00693992
3.11632 -8.33386 2.53195
23.906 -16.1871 1.88614
28.7939 -18.4943 1.28905
-5.94314 -9.386 0.0788557
8.25077 -4.09019 -0.104319
-0.29841 -1.49666 -0.523194
4.87727 -7.26061 -0.0996877
21.8231 -10.4893 3.75012
2.5039 -6.72904 -0.21443
17.5275 -12.1057 0.542078
7.12196 -6.9812 3.25549
-3.68735 3.07449 -0.834897
-0.0348604 -6.70676 0.295727
-4.78108 -9.79624 2.7357
-3.29097 8.30244 -1.03447
-6.03932 -7.9282 -0.358294
-0.0995929 -2.68978 -0.474094
4.44054 -7.61901 -0.100529
-3.29753 5.50167 1.86701
8.72468 -15.3986 2.80899
-3.73887 3.03395 1.49657
5.93363 -11.8325 3.13277
5.02334 -10.2582 0.230853
18.513 -13.8338 3.5022
-1.65715 -6.79558 2.28185
-4.77069 1.04142 0.154646
4.9048 -13.8623 1.88679
-1.45187 -11.2078 2.08529
-8.51433 1.31795 0.485224
-10.9182 -7.27022 2.2982
-3.54435 -8.70376 -0.393182
2.66289 -7.22337 2.59931
7.43686 -9.71169 1.10007
11.3641 -7.11527 2.71913
10.0922 -3.24392 2.05344
-12.0524 -3.91471 1.8969
17.1255 -13.2045 3.20523
5.22822 -3.24004 2.37527
-4.46864 -5.44601 -0.511514
7.30701 -9.1009 2.91623
-8.84815 3.8853 2.0546
-5.92257 7.41584 1.75777
10.4395 -2.63387 1.43233
-11.7116 -4.5174 2.47772
17.4563 -19.0183 3.11127
-0.0965257 -4.43654 -0.403479
16.8831 -12.1256 3.34053
-7.48121 2.49675 1.84895
-6.698 9.54217 0.439275
8.41192 -2.10844 0.221047
-1.49511 1.49624 -0.681728
38.9954 -22.4032 2.24911
-8.56009 -2.59631 2.28717
-11.0071 -1.71998 -1.07991
3.96842 -2.06847 -0.351894
12.8959 15.3276 2.6065
4.73838 6.06642 2.64615
2.50794 -12.8299 3.1157
-4.6574 10.3385 -1.08447
-3.04247 3.96702 0.00440866
-3.70132 4.70639 1.88163
-2.88862 11.8438 0.310291
23.4971 -16.888 3.3118
9.02802 -5.69082 3.2398
-6.19852 7.41314 0.840642
-3.8427 8.59797 0.0446121
-6.7067 -6.54514 2.68282
-8.52404 4.30453 -0.699482
-7.37557 7.3648 1.69029
3.47235 -3.65301 -0.304052
-4.03654 13.9174 1.52914
0.661306 -0.0141044 -0.0635181
7.13403 -1.68946 2.52901
-1.11171 -8.9018 2.54434
-10.9333 -1.48625 -0.328224
-6.78018 8.79825 1.44452
4.92709 -13.8477 3.10999
-5.68122 -9.47928 0.687936
-0.000832517 -6.54943 0.884173
-0.132797 -5.75554 -0.347513
3.93663 -13.4415 2.49623
10.8695 -2.30106 -0.126458
-6.90109 -8.95659 1.32681
-8.57814 -3.09719 2.02152
-4.91083 -9.75572 2.49179
-3.40356 8.35665 -0.676692
-0.914057 -4.58837 -0.42712
39.029 -22.1094 4.17352
9.95814 -3.55177 -0.0574577
14.4279 -15.348 3.70788
3.76583 -3.3607 -0.304174
9.08738 -15.5824 2.06388
-10.1117 -7.60996 2.12368
-0.138178 -6.70932 2.09259
-3.88547 -7.51531 2.8784
16.463 -13.0935 2.92847
32.1946 -19.5724 4.20331
-7.14325 1.23928 0.00631223
-8.20588 -1.89636 2.4998
0.946514 -7.07294 2.50953
24.1557 -16.136 1.09332
-3.47974 4.84364 -0.908934
-7.5073 -5.69824 2.65013
-3.4894 -10.3476 2.69163
-4.94427 -8.34746 -0.462105
15.8845 -7.45491 3.14423
9.04219 -4.48162 3.22473
5.54645 -14.1139 2.48109
-5.02867 13.0329 1.51591
10.5646 -3.49795 2.40056
-3.09079 -0.50288 -0.669802
2.51557 -12.8543 2.50464
10.9516 -2.17743 0.00972958
3.48335 -3.06473 -0.330576
-3.51321 10.1337 -1.10843
-10.104 0.682128 0.880517
-8.75146 -1.29749 2.45569
-4.29436 7.73835 2.29285
-7.5621 7.20009 0.393194
-8.28617 0.279327 1.94223
-3.76945 2.71659 -0.710291
5.6887 7.76492 2.60716
13.6767 17.0897 2.56936
8.81841 -4.64251 -0.0543341
5.63377 7.52128 2.60852
8.7569 -4.72056 -0.0541035
0.314006 -3.71177 -0.421323
-3.69353 8.47182 -0.302763
-5.30258 5.11033 2.34476
5.32116 7.31351 2.61433
8.47529 -5.05419 -0.0537797
-4.0374 6.92977 1.74509
10.2204 2.05821 3.01423
9.45866 -4.69231 3.11959
23.9421 -15.9891 3.29442
8.48239 -6.13718 2.71261
-0.497769 -11.6295 0.7226
-2.09757 2.49956 -0.743851
-4.81661 -0.421129 -0.736467
-2.04808 -11.0054 -0.0944019
-4.44772 2.59194 0.269413
6.34914 1.82972 -0.0956793
-4.72679 -7.36504 2.50514
-5.03463 -7.14121 2.32388
-2.67466 0.701905 -0.698513
-5.9319 1.33301 0.04444
10.7815 2.42208 0.754126
-10.7296 -1.12401 -1.48127
13.0796 -5.0924 3.07031
20.9653 -12.557 3.70857
-2.49532 2.50158 -0.763265
9.96473 -2.89067 2.68836
-1.88616 8.40005 1.8062
-8.51071 -8.10539 2.32101
1.17777 -0.553072 -0.495721
8.61272 -12.302 1.53703
5.21733 -8.01775 -0.0516663
-4.26192 3.60768 -0.231379
8.62846 3.37035 1.87445
2.731 -1.10632 -0.424888
4.54175 -11.2923 0.494656
7.4581 7.22979 2.69165
5.84782 8.41289 2.59212
8.30984 -12.8276 1.517
4.83302 -8.42339 -0.0531195
-8.20501 -8.4091 2.16066
7.11737 -9.02772 3.11521
4.53347 6.27451 2.63038
4.74394 -13.8035 2.30136
2.28513 -12.7428 3.07619
-4.83466 10.064 -1.15394
6.92282 -14.7149 2.0787
12.7236 -4.26388 2.73618
3.83893 -1.84136 -0.360064
-8.53126 -2.53192 2.49336
-4.68984 2.10523 1.95708
-5.80815 8.81083 1.56351
2.8388 -5.04883 -0.279053
-1.69895 -5.14672 -0.426543
-9.8602 1.30693 1.1081
16.2834 -6.47496 3.29912
-2.51704 3.93669 -0.825156
18.5971 -19.5337 3.8338
-6.52528 -3.48827 0.500963
13.6525 -13.16 0.714579
7.9336 8.5408 2.66175
2.89095 -13.082 -0.0999347
1.09991 -7.12499 -0.0577094
2.51897 -0.096237 0.0699939
-1.72163 -11.1358 0.285353
7.27375 -6.47203 3.23834
-7.1248 -8.90279 0.0810221
15.5079 -8.89264 0.339563
-1.51461 -8.27351 -0.30249
-9.10531 -8.05195 1.28119
36.1271 -15.7555 3.91648
0.505977 -3.50117 -0.422744
6.50574 1.75724 0.0922187
-1.52012 -11.15 2.50163
5.78684 -12.4286 0.180865
-8.863 -0.703048 1.9171
-5.31171 -9.6528 -0.126012
-2.72199 8.06834 -0.284934
-3.38363 17.0069 1.40307
16.6392 -12.6627 3.48359
23.8395 -16.3478 1.26431
-6.11829 -9.28135 1.5128
-3.65125 -8.03201 2.38882
2.74424 -7.18 -0.181296
-4.18389 -3.08336 -0.601444
-7.04577 -0.31538 1.90918
-1.90596 -1.89595 -0.566659
-5.91926 -9.40367 -0.126961
-0.701739 -2.31162 -0.507561
4.90455 -8.11117 2.88916
-8.71986 4.09097 1.31105
-6.52541 -9.14692 -0.128551
-7.29239 -8.83655 -0.111506
-3.09538 0.505188 -0.708777
-2.02986 5.18319 1.84539
0.307063 -6.25119 1.09864
-2.17477 4.85019 1.86003
11.4895 -8.91144 3.45253
-7.68272 -8.67503 -0.0987333
-1.12793 -6.19688 2.42548
-4.1811 1.52539 0.00394597
-8.09453 -8.50348 -0.0986115
9.96733 -10.2232 3.12281
21.9558 -20.3938 3.90037
-2.91851 18.1332 1.70905
-8.41896 4.6469 0.114413
14.0419 -6.40352 0.203494
21.0179 -12.4251 3.6837
2.86011 -13.2972 1.51591
8.04595 -7.03389 3.29427
-5.68604 2.9587 1.56104
3.25386 -0.574458 0.0707691
9.64282 -15.824 1.95449
5.31356 -3.11337 2.30567
-0.250149 -10.2504 -0.556967
-6.70291 -4.09252 -0.114574
-5.89737 6.09622 1.89734
34.1362 -20.7457 3.71635
0.988626 -6.96209 -0.253195
4.96345 -2.33513 -0.297328
-11.7543 -5.17147 -0.108817
-2.29888 -10.8588 2.12212
-6.29516 1.41412 0.480595
-12.0545 -4.10713 0.480418
52.4487 -27.2198 3.3315
-4.70601 -6.69239 2.81973
28.3925 -12.3785 3.83292
12.3547 -6.90387 2.97108
6.6471 1.86737 0.663648
-10.0361 1.903 0.194116
-2.96128 -10.5758 2.30353
7.41133 -9.61971 2.09788
-8.58718 4.38808 1.1038
0.0840089 -6.49487 -0.295999
18.2953 -6.41773 3.00172
-8.07977 0.718389 2.10484
-8.37126 4.52564 -1.6578
9.41791 -4.03392 -0.0559027
1.07467 -6.51485 2.51284
-10.3027 -7.52091 2.4893
5.60093 -14.0044 3.12024
-5.84386 11.0994 1.88662
-11.3626 -2.49425 -0.0973178
-5.52266 7.14145 1.78111
-4.71595 -6.52427 2.23373
58.9346 -23.9872 3.18735
-8.38731 -8.38798 -0.426433
6.97528 7.98539 2.02709
23.2154 -17.4376 3.77753
0.896372 -1.29332 -0.480829
-5.49873 -3.09368 2.06237
-8.4298 4.67624 0.48431
-0.885522 -11.4338 2.47361
0.699427 -6.47287 -0.65235
2.10276 -0.503826 -0.46299
-10.4658 -0.322154 -0.119153
2.88543 -3.8182 -0.316025
-10.0502 0.85807 1.10171
-8.83784 -1.08612 2.10714
-2.15003 3.49551 -0.79238
-9.097 -8.08066 -0.517402
19.7947 -14.3077 0.919274
-8.61177 4.13592 -0.313238
10.3303 -2.71502 1.31878
2.71319 -3.11879 -0.351128
-0.834119 -8.48532 2.70171
57.3375 -27.5547 3.96554
4.58086 -5.94545 -0.177016
-1.59093 -10.2877 2.66485
-10.1613 0.404451 -0.0913257
-5.35685 9.87671 1.53087
9.25288 3.04082 -0.665347
19.1688 -6.54104 2.71816
-3.68574 8.60181 -1.31286
0.586614 0.152327 0.0201225
4.67587 -11.1101 0.295761
-4.10503 13.6193 1.66918
-5.5039 11.638 0.170892
14.5737 -12.2596 1.18598
8.4752 -15.3303 2.33215
-2.94561 11.9198 0.351163
-3.69334 4.89401 1.87307
-4.8329 0.272362 -0.0632452
8.67973 -12.4746 1.42844
-11.6737 -3.30486 -0.511655
6.0348 -9.03135 0.00864665
40.3046 -19.3636 4.16
16.4761 -13.1037 2.67108
-2.31503 1.91563 -0.729842
-9.77617 -6.88531 2.06643
-1.85205 7.85889 -0.962458
21.6624 -9.92361 0.60695
22.4225 -21.0884 3.80859
7.56178 2.45665 2.25411
-2.08509 -1.49367 -0.589854
-2.90839 18.0806 0.69008
0.341906 -6.22632 2.10474
-5.48591 6.24459 0.263728
17.0078 -8.03209 0.356983
17.7894 -19.1444 3.50791
28.9789 -18.1044 1.28655
9.24866 2.9112 2.62623
-3.71808 10.4957 2.19743
-11.4589 -2.64402 0.515508
-8.63438 1.66712 0.486919
-1.50757 7.70496 2.34374
18.4692 -8.27844 3.29361
28.6562 -18.8963 1.29403
-1.50196 0.908797 -0.660144
7.25018 1.46107 2.29447
2.29751 -7.48462 0.82464
-7.56249 6.69303 -0.0661076
10.8928 -16.297 3.32732
22.2589 -9.2207 0.613645
4.59292 -11.0259 3.31596
-7.48379 1.10476 2.41636
-4.66784 9.0657 -1.08621
18.0723 -6.93604 2.99704
7.37535 -9.77003 1.94187
-9.68102 1.47602 -1.39028
4.86115 -10.863 1.11841
-0.404786 -9.40812 -0.222391
-10.8533 -1.31677 -0.906109
4.10541 -0.85197 -0.389249
10.5376 2.57146 1.27422
-8.35687 -8.37714 0.701635
-9.48614 -2.25268 -0.829239
-2.89679 7.0722 -0.975461
-4.3076 9.11403 2.23497
-4.11243 -10.1053 1.88494
-2.64057 8.04877 -0.110625
-3.88856 -2.47026 -0.617474
16.3645 -13.4819 1.53601
-2.91483 3.69614 -0.300972
-9.84445 -7.82884 -0.947375
-2.93175 3.98398 -0.843554
-1.68715 7.83665 -0.0432427
10.0824 2.55731 2.8853
23.9443 -21.6918 3.69728
-6.33647 -9.17182 2.29717
-9.69272 -7.88293 -0.923721
-1.57275 7.90228 -0.0433986
-1.44669 8.03819 -0.0440997
29.4567 -18.1539 1.3035
-5.1201 -9.72853 0.0780114
7.21645 0.981193 -0.0393142
9.43963 -15.7604 2.33029
6.91945 -14.6585 3.05635
-3.72703 2.7049 -1.03791
10.5028 -10.4311 2.92124
21.7931 -9.3427 0.603912
-3.67646 3.51367 0.187569
2.8729 -5.38269 2.30898
-6.67728 -3.42238 -0.496954
7.09784 0.930938 -0.103213
52.7351 -26.5617 4.40696
6.71174 -6.5082 3.21645
6.53418 -5.78943 -0.0993485
-1.51395 10.4197 1.75372
-10.5402 -7.44913 1.7119
-2.83031 18.3164 1.10014
25.4361 -9.63359 2.02956
-4.84226 8.8864 -1.12277
-2.51587 1.71081 -0.731574
-5.31489 -1.13655 -0.728758
5.65112 -6.67449 -0.0996716
-5.16644 7.87814 2.22819
-10.4096 -3.55292 -0.798966
17.2398 -11.219 3.39691
-7.18143 -4.86139 2.40662
-1.29656 -1.29627 -0.567348
58.0635 -26.1532 2.78868
5.75077 -9.52974 2.67346
-5.46563 6.70391 0.274435
5.01383 -7.15146 -0.0994439
-8.09275 -8.50254 -0.277692
2.30891 -7.22361 0.498529
41.6098 -16.662 4.45633
-3.58775 16.4516 1.46612
-10.8813 -7.31958 1.30171
6.51663 0.426456 1.40078
0.107534 -3.13136 -0.454143
5.85594 -8.61853 0.310983
-4.78162 13.6588 1.78011
52.2954 -27.541 2.95989
-10.2288 0.286126 0.107539
-0.2947 -2.49751 -0.485603
4.29747 -7.70685 -0.100597
7.09393 -8.84029 3.34539
-1.30132 6.87949 1.81305
17.1688 -13.2361 2.08436
16.3694 -6.24649 3.45907
9.07496 -15.5675 2.49471
10.4744 -2.6819 -0.254551
-4.11273 11.4977 -1.18698
15.0853 -4.97899 2.84621
-5.05563 4.44929 1.82887
-3.30168 3.32508 -0.300053
1.49341 -0.495486 -0.48456
-2.65697 6.58218 -0.952336
-5.43993 -9.60483 -0.328901
21.5693 -20.7965 3.16125
4.3654 -12.2018 -0.146834
7.70695 8.33412 2.66276
-1.89991 -3.10159 -0.520089
-7.67827 -8.66883 0.303147
20.8771 -13.1265 3.50612
-0.504919 -2.31947 -0.500524
7.9877 -3.19418 -0.149869
-8.50564 -0.496628 2.43972
19.8063 -20.0602 3.48726
39.951 -20.7371 4.47352
3.94944 -13.4282 3.09809
9.52883 -3.87776 3.22618
19.7834 -14.3001 1.22167
-8.61976 4.14392 -0.113344
-6.51246 5.71147 0.735907
2.04939 -11.2731 -0.106828
-2.30045 -3.91028 -0.496772
0.0325286 -6.44409 0.91471
11.3419 -9.30736 3.30154
-6.32905 9.92915 1.67422
-8.27777 -8.43387 -0.279171
-3.50145 -7.89726 2.39713
8.8741 -6.0905 3.25216
-7.64969 6.81938 0.113288
-1.05313 -11.4072 0.924709
-3.3151 3.35663 0.0121338
6.34488 -6.91395 3.22845
-2.62497 -10.7598 0.280514
-1.29281 4.28256 -0.789874
-3.66994 3.01777 -0.112534
7.96151 -8.30476 3.28634
-4.94142 -0.72035 -0.728777
-7.46788 1.31509 2.4094
-4.72514 9.2473 -1.07297
18.0158 -7.07974 2.99692
9.3496 -5.73381 0.00910556
-2.95959 3.887 -0.119548
47.9959 -26.4549 3.09068
-5.06151 8.09269 1.89636
13.5864 -6.52883 0.199735
-8.71002 -8.23182 0.688696
-5.51607 1.10706 -0.821337
0.96201 -6.77057 -0.245691
5.05024 -2.21018 -0.298885
34.1201 -20.7449 3.96815
-3.29358 8.3095 -0.292651
-4.69927 -9.85748 2.08799
-2.29389 -1.28614 -0.608518
-8.7628 1.73197 1.70732
-2.72891 8.89875 0.579751
6.48385 1.77168 0.27463
-1.53638 7.7278 -0.135157
-2.05605 -6.01724 2.38595
-2.48106 -1.0824 -0.620709
-0.905009 -1.6927 -0.538855
7.54219 -3.76132 -0.147135
9.45986 -13.2628 1.61684
8.82078 -6.24525 3.12624
-11.7282 -3.12332 1.89369
8.47392 8.60132 2.65328
-6.1019 -9.31547 0.48632
6.32751 -11.1407 0.0928239
-1.52596 4.1758 1.71537
-2.6863 0.903414 -0.706324
-3.49381 8.37615 -0.289508
-5.98849 1.81659 0.00544654
5.01252 -10.7357 1.08974
-2.71346 1.10073 -0.714184
-3.86878 10.2148 2.22711
-2.42278 8.354 -1.00756
-2.20961 7.13526 2.03421
34.66 -20.1977 2.26062
3.29037 -1.7056 -0.382207
-8.77609 -8.17488 1.48794
28.6189 -18.87 1.71606
19.0807 -6.89188 0.385212
20.0313 -11.3472 0.585153
-6.64291 -3.95263 -0.918512
4.3362 -2.74592 -0.309624
-8.29071 1.89527 0.373696
34.2078 -20.7851 2.25659
18.2361 -19.4 3.29345
7.92776 -3.48426 3.14711
5.15602 -6.2103 -0.141158
4.42759 -6.81423 -0.142155
5.98738 8.13313 2.14384
14.012 17.5 2.22809
-3.23317 17.3652 1.48384
6.50018 -2.06581 2.16824
-1.70352 -8.62 2.70786
-6.18019 10.2755 1.48316
1.8939 0.851879 -0.533832
11.3276 12.1181 2.66618
4.97778 -11.4173 3.10977
7.46818 1.58211 2.39294
-2.30789 8.1157 -0.295042
-0.288918 -3.6984 -0.443089
23.8101 -16.3336 2.33557
29.7169 -22.3179 4.14707
3.51338 -7.41958 -0.143586
6.22757 -8.58953 0.480427
0.300827 -3.10983 -0.446519
-6.55769 -7.11647 -0.524993
-6.75271 -5.10561 -0.614523
-5.48696 -7.06954 2.50564
-11.9475 -3.68126 1.6962
-5.80285 -9.41746 1.08876
5.29537 5.94791 2.1562
25.5081 -14.8672 3.65448
-1.49506 -2.49494 -0.526793
3.05915 -7.71722 -0.145273
25.2509 -22.3454 3.13654
10.8033 -11.0653 2.95687
7.68869 1.30942 -0.327911
-2.09261 -2.89919 -0.532794
1.19461 -9.19586 3.13233
0.507541 -6.29847 1.89962
15.396 -8.63403 0.334527
0.313745 -3.27784 -0.435109
-6.08624 10.332 0.354983
-10.511 -7.46472 1.10578
5.43869 2.17385 0.18558
10.4953 -2.42447 2.85026
-9.66419 1.89986 2.05669
-11.8695 -3.48325 1.49036
4.16572 -1.75423 -0.35536
1.92427 -9.99039 3.18999
-2.95291 3.71195 0.0529612
17.4075 -10.871 3.29807
11.027 2.40622 1.3239
4.62831 -0.95388 -0.371482
-1.703 2.0958 -0.712517
-3.02458 5.21063 2.09343
-8.68525 -8.26538 -0.283188
9.89492 -10.2653 0.972166
-4.62837 -0.833451 -0.716251
5.54015 -4.92644 -0.174845
-10.5413 -0.324292 1.30417
10.8263 -4.41235 0.0101602
-3.11076 8.29446 -0.806127
-5.9015 -7.94206 -0.458321
-7.54635 6.9149 1.31061
5.79741 -13.524 2.99871
-5.48015 10.7161 0.526988
22.8712 -9.29798 0.627233
7.56543 -14.9383 2.92566
-4.88464 2.62826 1.60572
4.72643 -11.3141 3.28228
-11.3225 -4.32331 -0.808212
21.7886 -20.7464 4.10102
8.60118 -6.78252 3.11921
-4.08514 10.5352 -1.09823
3.08241 -13.0706 3.10766
-10.2943 -7.59098 0.281112
-4.46855 -2.055 -0.655984
1.0903 -7.22815 -0.145055
8.47167 -3.81248 -0.105238
-0.0979709 -1.69816 -0.508834
-3.89504 -1.10012 -0.675576
12.2676 1.81972 1.49438
-9.18162 -0.52083 -0.819406
-3.9113 10.8807 2.12304
6.07995 -6.74705 2.48937
-3.50651 -2.08541 -0.621158
-11.0885 -1.71466 0.906794
0.00189727 -6.62797 0.284484
20.5578 -13.5532 3.81224
-9.6935 -7.85015 -0.29264
22.7302 -9.91071 0.631769
11.5499 -11.0744 2.96456
15.4955 -6.30334 2.89129
-10.0969 -7.68467 -0.299388
-11.9408 -4.06253 -1.41993
9.28336 -7.47562 0.0868359
30.9125 -13.4759 3.95837
7.97516 1.98505 2.42483
-6.59278 -3.84272 -0.125275
-8.63638 4.2936 1.31858
-6.24354 5.52379 0.514636
7.90493 8.82949 2.1955
-3.29843 8.54357 0.400725
3.16543 -1.37203 -0.398581
15.536 -16.9338 3.40537
-0.70133 -8.45813 2.50363
8.11864 -15.188 2.29277
7.54232 -9.51021 0.692309
59.0418 -23.6156 3.96439
11.5595 2.15189 1.4916
-7.13329 2.28364 0.00652353
-5.51417 -3.51455 -0.635045
-8.12413 -0.891858 2.46891
9.51508 -3.01486 2.70326
-8.68261 4.10376 0.715944
-1.27306 -6.26305 2.42079
-4.25741 1.51635 0.0359703
8.19815 -13.6761 1.48324
8.3147 -3.26012 2.51089
23.4073 -21.4705 3.7274
-7.70743 -8.6474 0.721264
2.08458 -0.690861 -0.454388
27.861 -14.4606 0.996623
-1.97791 -10.9965 1.91884
-6.7056 -9.04363 1.32215
-8.31363 -3.29585 2.04104
29.5549 -16.7374 3.98641
7.33568 -9.8801 1.49868
-0.680047 -4.77824 -0.411089
-3.48261 -4.22605 -0.531555
-4.65828 0.481195 -0.758774
-0.935799 -11.3892 2.81468
-10.3579 -0.0936253 -0.312161
-5.08183 -6.69493 2.8095
7.82092 -2.37189 -0.192618
9.43869 -10.4158 2.86531
6.27679 1.89159 -0.374038
-4.51285 7.69032 2.28242
15.5567 -8.26644 3.21045
-3.48973 16.7305 0.696493
-2.91557 7.71746 -1.00353
-4.29594 9.69215 2.22493
-4.84669 -0.885888 -0.719077
9.49703 -10.2889 1.02584
15.9185 -13.3101 3.21212
-6.45817 -5.33375 2.11735
3.1054 -3.32955 -0.330787
32.8 -16.2491 3.86282
-2.71197 4.09407 -0.517737
-7.56727 4.29264 1.77308
-3.53282 -10.3736 0.682014
5.34847 -9.30787 0.689718
-11.4976 -2.91411 -1.10795
-3.56474 11.7547 2.1233
7.36201 -14.8466 2.71151
8.69618 -6.53872 3.11565
4.52072 -11.2327 3.12068
9.40193 2.98057 -0.657446
2.43266 -7.52243 -0.185925
0.496289 -3.68579 -0.415049
-3.54003 8.40384 -0.381499
-1.70362 0.301402 -0.645836
5.70066 -12.0408 1.40462
2.30317 -7.68031 -0.189178
1.81163 -7.82369 -0.189514
-6.20793 5.91059 1.7983
5.48021 -11.0622 3.34398
16.5028 -13.1115 2.28644
-2.97574 3.57289 -0.225897
11.5711 -8.74307 3.28039
37.0191 -27.105 3.42443
-2.49241 -1.90685 -0.591214
-5.47776 7.06597 0.283633
7.67582 1.29524 0.0911525
15.9478 -5.48617 0.222712
1.73483 -11.7219 2.6261
9.7704 -2.50894 2.66809
24.0971 -21.8447 3.62713
10.2797 2.47177 2.89719
2.71039 -0.49946 -0.454372
-0.358756 -11.6307 3.0149
-3.72972 -10.3228 -0.258928
-2.89324 3.11122 -0.806502
7.66372 -14.9779 3.24025
3.64205 -7.47385 2.70424
4.22823 -5.43113 -0.205595
-0.267139 -4.68088 -0.398415
25.4168 -9.44154 3.0834
24.0975 -16.1187 2.16238
-5.83745 -9.41619 0.69295
3.47038 -2.67607 -0.344624
3.06025 -7.62367 2.62361
0.540825 -3.87319 -0.40339
-3.09261 -8.04786 2.86575
0.0913688 -4.08245 -0.412105
10.5159 -3.47517 2.32384
2.5161 -12.8535 2.30427
-2.51788 -1.68388 -0.603732
7.91867 -1.83338 0.48501
-6.53046 -9.15431 -0.299906
-2.67775 -10.6892 2.51393
11.8985 1.98193 1.10053
0.902287 -2.09557 -0.451604
-5.89781 -9.44012 -0.868544
-4.09224 2.46934 1.51184
23.8433 -16.1433 3.56248
-1.35831 4.5024 1.77544
-2.48292 1.49315 -0.719319
1.89966 -1.29903 -0.439473
-6.72922 -4.2038 -0.220943
-5.09388 -6.95769 2.81338
-10.4551 -0.321997 -0.311104
-8.547 4.29525 -0.296051
-8.61655 4.2599 0.716582
-8.11097 -0.716497 2.4596
8.16638 -13.621 1.47559
-1.58854 -11.1895 0.494549
-7.49432 -1.46706 1.9311
-2.3082 -2.92572 -0.540433
-2.63469 4.81471 -0.870497
4.9941 -10.4266 -0.131873
-6.94071 1.9664 2.39841
-5.6015 0.0524861 -0.784902
7.26456 -9.86842 2.73572
0.693546 -3.64721 -0.405867
-3.17873 10.7186 2.20635
11.2954 2.24715 -1.33467
-4.27411 7.54697 -0.203926
-4.87143 -9.83219 0.0761374
-2.10256 -2.52756 -0.550599
-7.2903 -0.910632 1.91248
-11.7563 -3.52351 -0.702022
-8.34712 0.0874462 2.10175
-8.58836 3.97162 -1.66429
8.51917 -12.3432 1.53825
12.537 -14.2688 3.74894
-7.70206 -6.31889 2.17704
-10.1047 -7.64138 1.48827
1.88916 -2.29205 -0.405027
7.65439 -1.71637 -0.233691
-3.7252 8.52414 -1.26623
-3.32043 -7.95728 2.67856
9.00209 -5.85966 2.94581
5.28144 -8.31804 2.75807
11.5206 -11.3486 0.306905
5.7609 -3.35745 -0.23953
8.96672 -5.90936 2.89812
8.89066 -6.10105 2.88625
-5.21797 -9.62033 2.66385
9.46359 -4.7619 2.5449
-9.79263 1.12289 -1.52014
57.4027 -27.606 2.79063
-6.18003 -2.75301 2.61359
-3.85188 5.04515 -0.926892
-4.55745 13.7939 1.5328
8.27736 -6.68197 0.00867368
-8.76358 -8.21862 0.304889
-2.90991 -2.68968 -0.567417
-3.6964 -2.50542 -0.609312
18.2049 -16.9201 3.68375
-9.78621 1.57486 1.89588
8.35072 -6.15982 2.68848
-0.708448 -11.5485 0.898682
5.01402 -4.70848 -0.205285
-5.48816 -3.79281 2.50663
-1.89717 7.81264 -0.0433438
8.9241 -3.3641 -0.108196
6.3774 -9.05462 2.80159
-4.81001 -3.61619 2.03055
4.71416 -5.02295 -0.205585
9.75888 -15.8309 3.09817
-3.49381 -10.4516 -0.800997
-6.7276 -2.28985 2.06085
6.96646 -1.72338 -0.257726
2.97699 -6.38711 -0.210105
-7.09379 -8.86416 2.10209
1.85824 -8.77536 1.24132
25.2216 -22.3043 4.16549
4.25657 5.64632 0.202169
9.10369 3.1615 1.69938
-1.47232 5.05089 -0.834367
8.60708 0.954062 0.672644
15.2607 -15.6363 3.51126
15.2921 -9.10148 0.337852
-7.40617 -8.78518 0.0759522
0.692198 -2.5059 -0.446126
9.60382 -4.402 2.86186
11.6234 -8.65589 3.12632
7.69217 1.26122 2.4407
25.0886 -15.9048 3.67594
21.0873 -20.5861 3.6457
4.90567 4.91075 2.1837
-2.50684 -10.8586 -0.674221
-3.38969 8.4724 -1.22498
-1.15437 -11.3744 0.500296
3.87625 -10.9656 2.90152
-6.32461 1.39041 0.482297
2.11068 -6.94917 -0.216915
-0.562365 1.8901 -0.65543
9.44341 -15.7459 1.9361
-5.0226 4.53968 1.78955
9.49741 -13.3141 3.12717
16.005 -7.12818 3.45894
14.7289 -15.4772 3.49634
-10.2486 -7.60211 0.83297
1.38717 -6.90518 -0.901886
5.7499 8.26807 2.60954
8.36219 -12.9451 1.52947
-3.71317 3.02295 0.714921
-1.49118 6.92984 2.37518
14.6354 -12.167 3.17086
-11.0876 -1.88832 -0.47193
2.90819 -13.0836 -0.400718
21.6489 -10.0769 0.607038
7.26134 1.05371 -0.307689
-11.083 -1.91218 -1.0967
1.69837 -1.89833 -0.427068
-7.89517 -6.84163 2.19212
4.33751 -1.90367 -0.343499
-0.151563 -8.36886 -0.249387
8.12458 -2.32872 2.61204
25.5592 -14.758 3.65226
7.65641 -14.978 2.65232
-5.89846 10.8958 0.909108
-9.36073 -7.98474 -0.524265
-2.47951 3.47299 -0.804762
13.7438 -12.6898 0.703779
8.11645 -3.09943 3.1362
5.53137 -5.78096 -0.139891
10.9352 2.38575 1.31487
-7.50996 -8.70682 1.49421
13.2372 -6.92165 2.85652
10.3147 -10.1851 0.724565
4.43171 -4.63453 -0.230384
-0.707826 -4.12469 -0.438538
-4.81075 8.96622 -0.847869
-6.33503 -9.16334 2.65599
-9.72132 -7.86226 -0.695555
-3.29669 5.28644 1.87014
-8.80785 -8.21364 -0.108249
-1.86822 -5.97143 2.40069
-4.88729 1.90712 0.116643
-2.75768 3.8865 -0.16545
30.7112 -11.8537 2.05172
-9.83846 1.48306 2.07419
8.08342 -9.48823 1.31334
-10.5118 -7.45834 1.90646
-1.10662 -2.09904 -0.52936
2.03696 -10.1794 3.12132
-6.81978 8.6493 1.10024
-4.0831 8.6677 2.24691
-5.09821 5.69552 2.3379
-3.67606 3.70235 -0.861735
-8.93419 -7.70762 2.18564
-3.72802 0.708271 -0.744356
11.3315 -5.93408 0.0931408
-3.92128 8.5865 -1.30254
5.61623 -3.52064 -0.238077
28.045 -10.8158 3.35436
9.498 -4.31285 3.24297
-0.947683 -4.65005 -0.424714
16.5184 -18.6898 3.08513
3.46933 -5.46369 -0.232686
-2.29758 -7.66175 2.94586
14.9131 -12.3928 1.23645
14.2958 17.2015 1.39438
-4.33429 0.357908 -0.501131
-7.11871 -3.20691 0.323852
37.367 -27.3736 3.45526
8.62472 -4.86487 3.23252
2.78975 -10.5357 -0.0596121
-8.13583 3.81552 1.39028
-4.0828 -10.1609 -0.279388
3.28529 -10.7112 2.89996
11.1125 -8.45953 0.184408
-8.26707 -1.09805 2.46072
7.16628 -13.1123 0.197134
1.41937 -5.12528 -0.321033
19.7145 -14.9395 1.39369
8.80203 3.67847 -0.692651
3.0657 -10.6209 2.8878
-1.45607 -8.2409 -0.300706
-9.2931 -7.96807 1.29001
-1.73142 -8.37049 -0.30722
29.1058 -17.9348 1.28705
-4.99639 1.41432 0.164536
-3.25814 3.50172 0.415395
3.93847 -11.0077 2.82024
6.88161 -14.6682 2.50424
-0.10566 -4.06809 -0.41995
4.47055 -6.06038 -0.177626
16.811 -13.116 0.675102
5.68285 -14.1348 2.89611
-3.49214 -10.3504 2.82904
-2.08327 7.7457 -0.93219
-4.90626 -8.41658 -0.388976
-3.50978 -5.32325 2.31083
4.66325 -5.27799 2.58472
-11.0626 -7.24783 -0.31226
-5.50081 7.47536 1.77416
22.3956 -21.0545 3.63971
3.96982 -13.4405 2.89893
7.90876 -1.83073 0.605195
-6.49554 -9.16458 -0.359496
-11.5343 -2.88945 0.0848803
18.54 -6.97398 0.376282
9.98962 -2.6503 2.67793
-5.90827 -7.97566 -0.356804
-3.30618 -0.489953 -0.676394
-7.37891 -8.77937 0.932508
7.89798 -3.8926 3.16227
5.97533 -7.75458 3.25595
4.26999 -13.5828 2.50503
3.11051 -0.497244 0.895263
0.242504 -6.18503 2.10529
-11.7827 -3.65227 -1.19906
-3.84602 11.0681 2.12234
-9.09199 -0.321368 -0.823089
4.47366 -13.6809 2.08854
-7.67848 -8.68288 -0.451205
7.66645 -5.29258 3.20513
-8.35447 0.0912182 2.28843
-8.60716 3.97337 -1.57046
-11.9562 -3.94991 -0.490108
-7.82349 -8.62096 -0.453084
-1.95722 3.33399 -0.775485
-8.92876 -8.14232 -0.507376
18.0957 -16.7972 3.65928
-11.0843 -1.71431 0.698776
-5.4923 11.8914 1.49879
16.2393 -6.62122 3.14244
-1.73799 8.29756 1.89862
1.31805 -0.322919 -0.498431
-8.29906 -8.35515 2.31066
4.47363 -13.661 3.08433
17.114 -18.8746 3.15104
-8.43751 4.6922 0.700321
33.9953 -25.8531 3.45489
-1.65361 6.30998 2.39137
-7.24593 -7.1603 -0.553202
-11.3515 -2.51233 -0.48795
-5.7828 6.35375 2.06661
27.0891 -23.0842 3.96941
10.8674 2.44044 1.91629
-2.89692 -2.27483 -0.585016
-4.24388 10.1075 2.11034
-5.76234 -8.03302 -0.382035
-6.66928 -5.75382 2.71447
-3.93423 -8.47754 -0.391512
10.4154 -2.6113 0.697495
-8.7099 -3.45568 -0.737526
-7.43585 -5.48217 2.46362
21.6275 -10.8951 3.75053
6.92109 -3.50566 -0.182687
-10.3809 0.161187 2.08035
9.91451 2.83227 1.1286
3.50378 -0.653038 -0.154336
8.25134 0.723574 0.528026
58.2035 -25.7675 3.186
-5.31661 -4.66294 2.21617
12.0969 13.9382 2.62425
0.693441 -6.3679 2.3022
-0.755594 -11.5753 -0.503722
11.939 -5.33804 0.0953103
1.04879 -7.36535 -0.221605
-3.08085 0.0902633 -0.689556
24.8289 -15.0879 0.921002
0.30889 -6.27254 0.505916
6.54164 -1.3292 -0.27907
-2.34949 14.7429 1.57537
-10.3326 0.109924 0.707778
-3.05585 -8.4369 2.42565
-3.51264 -3.49967 -0.557439
-3.51549 -0.514365 -0.684453
-2.7816 4.46592 -0.631629
1.33335 -9.91286 2.70966
1.89517 -12.5636 2.91549
1.69564 -1.29495 -0.446374
6.09547 -9.12128 0.886295
24.5073 -15.7305 0.923324
5.53336 -2.7435 -0.258475
2.70879 -4.67967 -0.293108
-2.90352 13.1189 1.70497
-11.9641 -4.71099 1.70746
8.34752 -2.7559 -0.153493
-2.37953 9.75741 0.502667
12.6617 -7.11094 2.96104
-8.79815 3.77238 0.539396
3.8101 -4.75735 -0.255228
-5.48723 11.8838 1.09905
-3.34305 -3.68823 -0.545217
-10.798 -1.06392 0.475946
-9.60891 2.03723 2.06934
0.0706327 -6.49797 -0.305177
4.08288 -1.89596 -0.353954
-0.312854 -10.1855 0.633012
-7.42783 2.32824 1.91138
8.56567 -7.5314 2.80939
8.51499 -2.10583 0.736142
-3.67369 16.3424 0.733639
18.794 -18.119 0.828999
-8.69801 3.93751 -0.100368
-1.03828 -5.39954 -0.398919
3.55601 -4.94266 -0.254954
6.10661 -12.971 2.92267
2.48151 -0.497295 -0.453481
-11.3366 -2.27922 1.88423
58.6623 -24.7005 2.78704
1.53856 -0.0964461 -0.498095
-12.0632 -3.90393 2.3036
10.1094 -3.23736 1.509
15.5599 -15.2845 3.70846
-9.50312 -7.90424 0.700635
8.90315 1.42635 0.523511
-4.49458 0.265895 -0.493189
8.43795 -4.7148 3.2151
5.2979 -9.55781 -0.513078
5.74446 -14.1832 2.6637
8.46555 -7.63606 2.8082
-6.80683 9.41792 0.43765
-4.85229 4.53377 0.616833
-10.0984 -7.62678 1.89775
-8.96631 -0.738269 -0.87414
15.0209 -12.7972 0.501441
7.91969 -9.29608 2.84572
8.30568 -2.07818 0.375018
-4.64453 9.08881 1.89007
13.9462 -15.5826 2.07595
9.13354 -13.1383 3.45204
13.9666 -5.0923 2.56946
-9.17778 -0.168158 -0.891848
-3.99253 -10.2216 -0.543304
-3.97885 1.27684 -0.317762
-11.3677 -2.44294 0.289421
-3.27974 -8.17342 -0.369032
0.998448 -6.95174 0.646899
-4.12844 8.61633 -1.67079
-9.85949 -7.71403 2.31487
5.84719 -12.267 0.178155
-8.59632 1.09719 0.0634231
-7.25954 -5.60677 2.68795
-1.73354 7.82068 -0.858486
7.50041 -5.71035 3.2137
3.52367 -10.4465 3.25357
-3.6777 8.61376 0.213879
-6.08036 7.89271 0.528848
-4.5157 13.8093 1.70893
-10.191 0.375056 0.0910508
-4.9276 1.50412 1.97436
7.09649 -11.4404 2.90362
6.37176 -1.12584 2.47638
-8.09435 -1.27102 2.48505
-10.4801 -2.46781 1.79304
-5.32215 -3.97168 -0.603979
7.71661 -6.69693 3.26469
-2.29471 0.497941 -0.680118
1.1019 -5.28469 -0.325837
4.12409 -6.24728 -0.176476
28.7119 -18.6795 1.71475
8.25941 -9.54744 1.28232
4.2522 -1.2711 -0.371605
19.2092 -6.61179 0.386459
11.7926 -8.18309 3.36502
-8.19311 1.37001 0.517473
-11.6321 -2.95381 1.30914
-3.80008 -10.217 2.82313
-5.11542 -8.28208 -0.389873
16.7917 -18.7539 2.88177
0.916714 -5.34478 -0.327151
2.23001 -11.205 -0.0627095
19.2994 -19.7781 3.2443
-6.36147 5.56007 0.653297
48.5008 -25.9553 5.11977
4.49342 -5.11167 2.49511
-8.93745 0.362401 1.87669
8.81949 1.00471 0.512274
15.385 -15.632 3.70403
-7.93152 2.70389 0.316115
-1.30904 -4.43383 -0.445177
-7.88249 -8.63386 -0.919856
-4.23177 14.6053 -1.85156
-3.51293 1.30275 -0.751478
-6.66059 9.10159 1.57644
-3.72341 1.30722 -0.767994
-0.574233 -7.83158 2.83049
3.09713 -3.66087 -0.319416
-2.26973 -1.51885 -0.595345
1.34695 -9.90444 2.89113
3.50708 -3.95879 -0.286841
8.67989 3.31696 -0.504036
9.43576 -4.70124 3.23895
-4.72148 -7.31961 2.82676
27.2367 -14.5626 0.980874
-8.79935 -8.21342 0.0670127
13.8881 -9.71282 0.321145
-9.6703 -7.82084 1.31413
9.4848 -4.70242 2.77157
-7.41035 -8.78958 -0.413008
-8.36631 4.69847 -0.498937
5.71439 6.70497 2.14235
-6.14136 3.48427 1.85453
-4.35544 2.53828 -0.303557
25.4285 -9.62772 2.70052
2.88883 -7.68332 2.62156
7.53127 -9.31644 2.51296
-4.11306 3.53884 -0.32086
5.51675 -8.89679 0.525042
5.55293 -8.88847 0.330671
-11.1368 -3.3049 -0.843643
14.5302 -10.7128 3.45268
6.78245 9.17845 0.517268
-4.57656 0.217192 -0.49551
-1.49538 1.29623 -0.674509
9.26045 -13.1909 3.33462
-4.29473 12.3796 1.4611
-3.68677 3.37001 -0.224175
8.9221 7.93867 2.72703
-5.31551 1.105 1.98159
45.6491 -22.6301 4.74276
-2.47823 6.5047 2.09851
-3.49313 3.30157 -0.31283
-5.65816 11.1992 -1.42468
-2.86984 3.88237 -0.331831
-2.76888 3.93345 -0.280231
-7.33734 1.56687 2.39642
13.4512 -13.2857 1.28987
-2.70575 4.09824 -0.286756
23.1583 -11.9082 3.22199
1.70361 -7.48471 2.57128
-7.12486 -7.42994 -0.499718
-4.31059 8.7639 -0.83062
1.70149 -6.89386 0.51
-8.07497 -8.48961 0.720342
-0.70573 -8.84848 2.51596
-4.71795 -4.11496 2.41476
-4.44806 0.849396 0.090639
2.06745 -5.94055 -0.263244
6.08681 -1.30165 -0.299273
-8.71626 -8.28845 -1.05574
4.81284 -11.0391 1.1383
5.56338 -2.15499 -0.286986
-5.04247 1.88771 0.136853
8.68936 -15.4543 2.13537
6.27741 -14.3137 2.94707
22.275 -19.688 3.86766
4.7978 -11.388 1.37666
5.38907 -2.38879 -0.283697
14.1376 -15.223 3.33847
-8.41377 -8.41523 -0.938026
7.53812 -4.52693 3.17473
33.9344 -25.8195 4.23681
3.65597 -3.47003 -0.304078
4.5776 -6.68579 -0.141743
3.32447 -5.56657 -0.233123
-1.10077 -4.58698 -0.432114
15.8677 -14.666 3.34509
4.52779 -11.5599 1.00303
3.90904 -4.10728 -0.272871
5.28191 -8.26417 2.89446
-0.104353 -3.10739 -0.461024
5.59853 1.74632 -0.461284
12.755 -5.89155 3.03103
17.1953 -11.6554 0.528313
2.79109 -0.393615 0.378968
-3.89917 4.30208 1.89232
-3.05047 11.2985 0.371343
-4.75119 4.02355 0.359752
-2.46439 -10.8204 0.69059
10.6391 -2.11474 2.83984
3.28797 -1.5099 -0.388344
-7.16342 7.91854 1.90533
3.80435 -4.1665 -0.271554
-7.31535 8.47902 1.04125
-3.07257 17.6982 0.73179
-7.6829 -8.71426 -1.05789
23.7254 -16.5022 2.51628
4.30304 -6.8878 -0.141913
3.68954 -4.28017 -0.272019
30.3848 -12.3639 3.65932
-5.78346 6.36207 1.89154
7.07566 -1.53028 -0.259478
3.09984 -6.29456 -0.20921
-6.51561 -2.49161 2.0664
9.16685 2.0022 0.410579
1.06767 -7.27763 -0.179296
5.21569 -2.61867 -0.280876
9.11988 1.90685 0.503342
-2.09469 2.09468 -0.727037
-4.95519 9.77307 1.6958
57.6784 -26.8664 4.34743
-12.1424 -4.12463 2.29897
26.925 -15.4772 0.985726
10.1679 -3.08706 1.51258
-8.80214 -0.976596 2.127
8.99022 1.61623 0.55073
0.91362 -4.54638 -0.364981
11.6903 -16.5974 3.63879
7.62089 -9.07602 3.2772
-3.87387 -1.48286 -0.656643
53.9687 -23.5194 5.12515
7.35948 -14.8419 2.91576
-11.2346 -2.11688 0.293965
-3.68043 1.51132 -0.771286
8.83205 -2.01527 2.61835
6.51084 1.94668 0.679654
-10.0864 1.86005 0.194957
-1.53876 7.64497 -0.465863
-3.11782 -10.5111 2.29962
3.35883 -4.57644 -0.273319
0.814513 0.206671 -0.091221
9.08933 -4.40283 -0.0546116
-7.07231 -3.2451 -0.676104
6.85907 -6.67058 -0.0522446
-4.08247 10.4887 2.08418
-4.10848 8.67101 -1.30798
-9.89216 -7.71392 1.89779
12.8972 -11.4033 3.08525
24.524 -15.7617 0.924893
-3.89733 8.5473 -0.106596
-5.26238 -9.62675 1.89361
-11.0603 -7.24555 0.498628
11.1633 -4.73228 2.68839
-4.57817 -7.8163 -0.436767
0.904817 -4.09181 -0.380972
-2.10248 -8.08347 2.96474
6.40172 -1.58745 -0.275862
5.7279 -10.5541 1.40798
2.30836 -6.26765 -0.240186
0.608567 0.461662 -0.131231
5.18335 -9.8704 -0.537352
-4.52174 10.531 -1.1394
3.7039 -7.31659 2.69668
9.84119 11.9929 2.585
-10.9132 -1.4852 -1.07386
4.09284 -2.29528 -0.340329
-2.11153 -7.92997 2.97054
-4.22042 6.48258 1.75758
-7.16793 2.90498 2.08784
24.2391 -16.2169 1.64389
2.33342 -5.36969 -0.281914
-3.03685 11.5287 0.378298
52.2708 -27.5359 3.33084
-6.22551 10.1251 1.3128
14.6027 18.0196 1.87698
6.72378 -11.3221 3.07705
-2.08742 6.4958 2.36493
14.0664 -11.8236 3.22926
1.092 -1.8919 -0.44933
10.9225 2.38186 1.10961
-10.6496 -0.916893 -1.17234
-7.51366 -8.71311 1.28151
8.64381 -8.22856 0.0869399
-4.09941 -8.71744 -0.464126
-4.87213 -8.16642 -0.457735
12.381 13.3279 2.30887
8.28914 8.67055 2.30814
-6.62817 9.08948 0.913088
7.33455 8.09391 1.81918
-4.90002 13.3082 1.10254
-6.53157 -7.89854 -0.493687
5.38334 -2.97753 -0.257312
-5.6125 6.69897 1.90945
24.4334 -15.8938 0.923965
6.78928 -9.27777 0.85609
-2.21575 -8.40532 2.69402
-10.101 1.24299 0.445235
-7.09694 -6.51486 2.19899
2.50316 -2.10695 -0.392672
10.5002 -11.2756 0.331278
3.30942 -7.76963 2.64709
-7.28368 -8.82281 0.712325
5.53537 -8.91738 0.139456
-7.27426 -8.0252 -0.521797
-4.50057 10.6873 -1.41125
-2.89203 4.90158 -0.719614
3.36674 -3.71406 -0.30241
10.1547 -10.4329 0.547545
1.09981 -2.1013 -0.443084
-9.18321 -0.621541 -0.922497
5.15431 -10.4889 1.34196
-11.4606 -2.89835 -1.43901
-3.66749 -8.31909 2.40397
4.08036 -3.09249 -0.308846
5.84006 7.87297 2.50678
7.62533 -6.41598 3.25304
2.905 -0.435606 0.369246
-4.09052 10.5522 1.71717
-1.09804 2.71675 -0.715938
-12.0108 -4.12589 -0.647221
-3.2817 -1.10193 -0.651835
3.9045 -13.4553 1.56153
-3.50607 -9.06548 -0.342724
-1.86816 4.22013 -0.81495
-7.53233 -2.13322 -0.760554
31.2945 -12.5098 3.95591
-4.33926 0.368937 -0.308451
4.6897 -6.08457 2.62968
39.1232 -22.1641 2.25203
5.15039 -1.12403 -0.350947
3.3173 -7.42671 2.9043
-9.03027 1.09702 1.73876
7.01176 -6.43758 2.57749
-4.28338 0.679069 -0.217805
10.8698 -6.36108 0.0916631
2.67377 0.362737 0.217813
-5.50673 6.93912 1.77964
4.46102 -13.6674 2.29568
0.335775 -6.22975 1.90408
-3.70025 5.09125 1.86209
-6.75892 -3.39126 -0.44495
-2.8149 -8.02023 -0.355802
-4.66989 2.68329 0.252472
-7.92364 -8.53669 1.07912
-11.9935 -3.8816 1.08356
13.1186 -14.908 2.09458
7.43296 1.38418 2.4491
-3.72788 0.305175 -0.729985
19.6726 -11.4667 0.579709
-8.60708 4.12347 -0.521174
-6.21553 -7.44549 2.27405
8.72268 8.56404 2.18986
4.7065 3.92067 2.21555
-4.00413 9.05862 -1.08627
10.7093 -16.2433 2.88295
-9.74646 1.69091 2.04611
-2.63024 -10.7543 0.484513
-8.92984 -1.28922 2.2887
10.9233 -2.13813 -0.126647
6.76824 -6.76623 -0.0522199
-4.66613 13.8417 1.80713
-4.13538 6.90151 -0.387063
-0.902913 -3.69232 -0.461496
-1.58878 -11.185 0.703001
20.1615 -14.1932 1.0801
-9.31572 0.0147922 -0.905093
6.0859 7.89702 2.12078
-5.06915 9.33583 0.398422
-8.12586 -6.30271 2.15772
1.4907 -2.28335 -0.420959
25.0254 -16.0485 3.67774
4.6969 4.87744 2.17753
-2.72508 13.0706 1.69434
-2.66578 -10.8141 -0.702533
30.5908 -14.2338 3.96088
-5.10124 -9.68575 2.29607
-3.70203 8.49147 -0.502272
4.32324 -11.9299 0.477252
-7.1674 -6.95619 2.19368
2.47081 -1.70482 -0.404098
-3.3453 -4.24896 -0.525146
2.14935 -6.37386 -0.241888
-10.7309 -6.92711 2.60427
-9.4907 -7.94515 -1.06611
14.5365 -12.0685 3.14735
-11.1659 -2.04081 -0.307487
-1.89973 -4.62665 -0.454848
9.39466 -13.2686 1.61423
-5.26527 7.69606 1.78252
-12.0185 -4.47824 0.724557
4.11227 -3.94526 -0.274292
-3.08089 -7.51181 2.91235
0.0652635 -4.60371 -0.391235
-0.342361 -10.2387 -0.208854
-2.78496 2.68912 -0.782536
-4.14195 -2.57095 -0.621538
51.9191 -28.1539 4.40579
-7.38897 -8.78364 0.50268
7.73655 2.92879 -0.397994
3.12209 -11.0466 2.75734
-2.91443 13.11 0.453034
8.83043 3.23011 -0.471742
9.04222 -6.2443 2.77986
2.60749 0.19737 0.806958
-11.04 -4.29833 2.48655
4.86201 -8.58525 2.73822
4.6457 -11.1159 0.490558
-3.90233 8.51973 -1.48814
8.94532 3.17625 -0.456818
-9.10454 -8.07618 0.308712
-3.29341 -2.49723 -0.592346
16.8385 -8.22306 0.356075
28.8938 -18.2939 1.28748
-6.50315 -9.11225 2.07437
10.6683 12.9147 2.59363
-6.33957 -9.18134 1.92789
-4.86756 8.97297 -0.116068
-7.27293 8.32598 1.0279
9.68905 -3.35959 2.311
12.0866 -5.2748 0.0965601
0.788424 -6.40627 2.30917
-0.661589 -11.6148 -0.523811
12.4701 13.425 2.15051
4.41443 4.08351 2.1944
10.4954 -16.1304 2.91534
4.43153 -3.63794 -0.275912
-0.107438 -6.56615 -0.322285
-5.96543 5.91461 1.89903
4.57417 -2.918 -0.294197
7.67206 2.30237 2.3633
-2.89974 1.29871 -0.725895
5.7083 -8.73479 0.692189
-0.569793 -11.6308 -0.31144
-5.09279 -7.09747 2.81821
-2.83594 -9.24162 -0.405035
-5.50565 -6.49373 2.78445
-8.29717 -3.36218 2.01384
9.47949 -15.754 3.13971
13.5181 -11.1258 3.0264
29.6348 -16.5481 3.98388
3.83586 -5.25549 -0.234146
-0.728066 -4.80993 -0.413409
-11.2217 -6.96333 1.69198
6.87601 3.47579 2.8254
28.7502 -11.4984 3.83187
12.6876 -6.06843 2.95209
-10.5143 -7.48956 0.475986
3.88473 -3.67415 -0.289942
8.40781 -7.25349 3.22348
-5.59024 11.3046 -1.30193
49.2377 -20.0455 4.62931
-3.75715 2.92791 1.28872
-2.6329 4.29781 -0.303042
-9.93655 -1.94469 1.9356
-2.29657 -3.34766 -0.520923
-3.28682 0.102531 -0.70135
6.79823 -6.20024 3.21008
8.73335 -15.4164 3.09602
11.1241 2.34192 2.51902
-1.70924 4.7566 -0.832148
-7.31381 -8.74827 2.61026
-4.11951 3.5472 -0.121464
-4.40114 0.488399 -0.0921374
24.1463 -21.8886 2.83613
6.50853 1.76487 -0.0875109
-2.52851 7.98262 -1.50006
-10.4424 -6.67832 2.60158
-4.06281 0.904873 -0.5431
7.21962 -14.7867 2.69243
-8.41203 2.22133 0.593609
12.3604 13.3057 2.52905
8.2996 8.67094 2.51872
-7.12187 -8.89879 0.288982
3.72008 -11.2603 2.78119
9.40349 2.97877 -0.595386
-4.69199 2.29588 1.94676
0.791793 -6.40359 2.43985
-0.684758 -11.6093 -0.643561
23.9126 -15.7573 3.72633
28.9761 -17.8351 3.59007
11.1322 1.92863 3.0609
-5.73284 -6.97322 2.50986
-7.10197 -5.04362 -0.63256
-3.24756 3.49579 0.296717
0.831234 0.12113 0.0507556
-3.69846 -10.3475 -0.731683
-7.75047 -5.56909 -0.636327
-7.38932 -6.61262 2.19798
-5.23452 12.5258 1.51306
-2.12246 4.66752 -0.844276
26.9829 -22.9831 3.08491
1.10171 -6.89036 -0.25071
2.44858 -7.31965 0.688048
-11.6801 -3.28432 -0.28862
-2.27773 -5.83666 -0.417671
13.4488 -13.5359 1.51611
-4.03773 0.497857 -0.743589
5.74828 7.55259 2.13463
13.8466 16.865 2.16868
1.70889 -3.48263 -0.372435
-11.7933 -3.54801 -0.262014
-5.32337 -9.69174 -0.675145
-7.50294 2.10182 2.0876
-6.7837 9.26 0.502458
-10.4716 -2.08408 1.91234
9.11617 -10.3693 0.181693
-2.26316 -8.51035 2.47474
16.5286 -18.6993 2.92787
57.5702 -27.2285 3.1896
-6.88352 2.69576 2.37109
5.93907 1.9899 0.328481
6.07107 -1.17005 -0.297259
-4.45981 0.670509 0.0679021
8.55446 -6.92113 2.91501
-4.32494 9.88967 1.7519
-1.29371 2.09829 -0.6956
27.5974 -11.0534 3.49031
11.5277 -5.62267 2.61491
6.09391 -8.7107 0.724463
-2.76059 11.1704 2.2002
-4.28698 -7.00807 -0.44578
-12.0023 -4.63063 1.75294
-2.88958 -10.7027 -0.670686
-7.41081 -8.81043 -0.690266
19.4401 -12.1573 0.583284
2.61384 0.209691 -0.917051
-3.88412 3.31855 1.94134
-5.77206 -9.37635 2.71203
-4.58334 0.183946 -0.337011
-7.51739 -8.77168 -0.698592
-8.67181 -0.687629 2.10363
1.26668 -8.19298 -0.195382
6.48689 -14.5124 2.11613
-1.12352 -11.365 1.26967
23.7183 -16.4866 2.68677
-7.08133 -8.85096 2.65874
-1.51688 4.5245 -0.813754
-8.48798 -6.95069 -0.595444
-2.5897 7.92198 1.79697
-10.563 -6.78201 -0.681156
-1.09399 5.09742 1.74746
-2.10668 1.90108 -0.71994
-2.61724 4.73219 -0.386538
-4.25943 10.5595 -1.10667
3.8737 -7.35127 2.62921
4.53982 -11.289 0.681507
-7.48213 -8.67567 2.61543
8.64268 3.35323 1.70808
-4.49302 10.6743 -1.09543
0.645079 -0.0321847 0.214215
19.165 -6.711 0.385539
4.15356 -1.33664 -0.370518
-2.77208 8.76963 0.572857
2.78423 -7.21088 2.91111
-0.30208 -4.93495 -0.389063
23.7136 -16.701 0.919531
-2.4866 7.98099 -0.441006
1.50749 -3.28326 -0.385674
-7.74514 6.63588 0.69037
-3.58337 11.6081 1.75629
-3.73267 11.2844 1.72778
-11.6629 -3.3056 -0.694946
19.6696 -14.6776 0.77714
-4.60383 2.6442 -0.287557
-8.57315 4.15258 -0.896713
7.56518 8.9347 2.16884
7.4868 -7.35202 2.52012
-2.12846 -1.28376 -0.604335
1.09306 -1.09378 -0.477739
-1.90611 -1.50617 -0.584292
-6.95458 -0.100805 1.8862
7.59412 -9.36939 0.845333
-2.47201 -10.8321 -0.109791
7.54974 -9.33494 2.10037
5.15897 -8.20334 2.90937
-8.70069 -8.23417 0.893083
1.90036 -4.28059 -0.339837
6.85209 -8.89507 0.676248
6.10272 -1.89971 2.15168
-3.09471 8.21613 -0.256756
28.5932 -18.8519 2.33804
8.53364 -4.10844 3.19988
4.90817 -13.8495 2.49306
-5.69296 -9.45829 1.30053
-1.56816 -9.74917 -0.172772
2.89205 -0.507897 -0.433264
4.77387 -10.7411 0.517897
8.518 4.92854 2.84503
7.17503 2.90473 -0.419679
-11.9607 -4.69793 1.31598
-10.6943 -7.38662 1.88657
7.09169 -8.01235 0.00857411
-3.8811 -0.697032 -0.690745
-10.8902 -7.32611 0.897277
4.87512 -6.09518 2.63569
39.1501 -22.1801 2.25419
5.30783 -1.09597 -0.338311
6.85493 3.11641 2.8383
13.3852 -13.5512 1.41967
10.0923 2.75903 2.09832
-4.44044 10.1881 -1.14844
-2.84572 4.29501 -0.446097
26.2779 -22.6523 3.87002
-2.18567 15.41 1.54637
-10.0922 0.681751 0.691511
9.0809 -13.6232 1.62513
4.29209 -11.1414 3.08887
10.5493 12.3813 2.61435
8.54675 -2.16907 2.60247
-9.28573 2.71423 0.908961
4.49054 -6.83334 2.65364
-0.708841 -11.5156 2.10411
4.92114 -1.90501 -0.318218
3.67983 -1.51059 -0.378342
-8.31897 -8.37099 1.49678
-3.28746 -0.0971986 -0.69223
2.39514 -0.217365 -0.900593
12.96 -12.1889 3.07553
-3.01508 13.0527 1.69975
18.6382 -7.85491 3.31057
-10.9816 -1.63487 -0.683833
-11.9238 -4.6858 -0.302356
4.25138 -2.8746 -0.309549
23.7752 -16.3091 3.30084
5.11694 -8.13338 -0.0526194
-2.29451 -4.12743 -0.487383
6.36565 -1.62009 2.46507
-7.21309 -2.43092 -0.739487
-1.847 -9.01437 2.4914
14.061 -9.68547 0.323922
2.30587 -4.28586 -0.324184
-4.64893 -5.88451 -0.499618
10.517 -16.1657 2.6617
-7.40524 7.29569 1.67755
3.53762 -3.51994 -0.304104
13.1997 -11.5272 3.14069
7.73933 -13.4854 1.54356
4.21304 -9.02801 -0.054587
3.73176 -6.55528 -0.177966
35.2819 -26.5169 3.01349
-6.51737 -9.13507 0.698612
-12.0413 -4.30829 -0.497427
4.14368 -3.33776 -0.292685
0.740119 -5.1204 -0.344776
16.4609 -18.6091 2.91512
4.4996 -8.48344 2.72269
20.4542 -13.8503 3.66161
2.9119 -4.12897 -0.304861
-10.7206 -0.728023 1.52243
9.10968 2.00045 0.539298
2.16825 -7.30784 0.803062
-1.9374 -1.23457 -0.600834
5.08238 -10.0996 -0.648512
-10.402 -0.193527 -0.693893
-9.13439 -2.11198 2.47969
9.31983 -5.1012 2.75308
28.6371 -18.8701 1.49899
-5.9367 6.91118 0.343312
23.7148 -16.4878 2.86952
-6.09104 -9.32027 0.280787
-0.878808 -11.4207 2.68374
-10.2268 0.517214 0.0254267
-4.56217 -9.99849 -0.727865
3.96397 5.59784 2.64994
30.6793 -11.8363 2.45459
9.77253 -3.932 3.12047
-4.28843 12.4599 1.46937
-4.16415 3.82091 0.074747
-1.91599 -11.0441 0.905002
-9.96493 -3.79593 -0.774509
7.29988 -9.29776 2.83929
-8.79527 3.96436 1.90356
52.1328 -27.8676 2.962
-4.6975 -9.94769 -0.722277
-10.0996 -3.71154 -0.781488
11.4573 -9.10881 3.09379
13.6703 -13.094 1.53048
-3.71236 0.0822182 -0.717636
-3.29764 -5.09123 2.30091
6.1015 7.72878 2.12361
3.53827 -7.38923 3.16562
-3.68896 -0.103198 -0.708036
2.08698 -6.9345 0.292099
5.89876 -12.0321 2.89013
30.7389 -13.8573 3.95783
-4.1611 5.90624 -0.969403
-10.2717 -3.64857 -0.791682
34.2035 -26.0355 4.27153
7.90841 -4.69836 3.18755
-11.996 -4.04594 0.167763
-7.87538 -8.58958 0.295634
10.3135 -2.91154 -0.124824
-6.09162 -3.09374 2.62234
-3.66407 4.66383 -0.903927
-2.87474 5.68408 1.90668
9.07057 -15.5662 2.74071
6.21271 -11.9593 3.10441
-2.14879 12.8582 2.05657
0.864519 -4.83804 -0.356685
10.1795 -3.1221 0.925694
-10.2342 0.311517 0.326299
-7.30634 -7.39724 2.18172
2.28989 -1.29893 -0.426853
-4.15971 7.5605 -0.785258
-10.9295 -1.5013 -0.841454
-2.8955 13.1198 1.89467
-11.9646 -4.70158 1.51044
20.945 -8.64546 3.08897
-11.1565 -2.08728 -1.09672
-3.52007 0.110703 -0.708839
2.4494 -7.76403 -0.0576468
-2.09853 -2.52694 -0.550368
-1.58576 7.62404 -1.29975
12.0683 -5.19359 0.0956653
-4.77284 -7.05091 -0.461709
2.11477 -3.10529 -0.371094
4.29849 0.683333 -0.448858
-3.78782 8.81334 0.561782
-9.65576 1.89003 1.88191
10.4737 -2.4314 2.81616
58.8008 -24.3241 3.18514
-10.1796 0.533678 1.09702
-2.31055 -8.3421 2.90771
0.805486 -3.79194 -0.399808
-4.49549 2.58353 -0.545937
4.75558 -11.3855 1.26366
-4.43712 -10.0122 -0.125299
-4.61015 14.0272 1.14795
15.7441 -8.53908 0.340459
-6.89482 8.5095 1.6589
-3.85701 0.699772 -0.745505
11.1913 -5.98391 0.0929065
7.302 5.09354 2.77961
4.95552 -13.8452 2.88094
3.47113 -8.10437 2.66244
-5.49075 -9.55606 0.890028
6.14568 -6.13146 -0.0988281
6.83684 0.0391732 0.480896
-6.75465 -4.06738 2.11021
-9.73507 -7.77839 1.89963
-3.89131 -4.69319 2.25313
4.38892 -5.92523 2.58587
-7.87746 2.54955 0.0606884
-6.28312 -3.35148 -0.691694
10.5484 -8.92885 0.182278
-6.10841 -1.70927 2.04733
7.98385 -4.20431 2.38625
-1.56932 -4.3967 -0.45303
3.7027 -3.10552 -0.321868
7.15715 -6.36435 3.23556
-2.9114 0.298023 -0.695364
6.68556 -9.48829 0.938245
5.8648 -2.50243 2.46261
-8.30054 -6.15628 -0.623881
5.1143 -13.9149 3.09293
10.4158 -3.87212 2.7373
-4.29534 -3.65074 -0.581985
-11.7933 -3.42057 1.09304
11.5277 2.77316 -1.66399
-7.33638 -5.26324 2.29725
-2.09761 6.09995 -0.904171
-9.30066 -5.92915 -0.665877
-5.17998 2.7705 1.60912
-7.54022 1.57136 2.39393
-6.81723 8.64704 0.876969
-2.14311 4.39484 -0.832131
-4.31739 0.694422 -0.102847
11.9886 -16.809 2.61885
-2.48684 5.74538 2.40242
9.54003 -15.7413 3.34778
-9.8902 -7.73176 1.30647
-0.292961 -10.2249 0.112084
-6.54495 9.29399 0.918769
8.14734 -9.48283 2.75414
24.273 -14.9549 3.70944
-3.89463 -10.2427 -0.279797
-3.92598 10.8654 1.90466
-11.899 -3.89362 -0.835
-2.683 -3.05336 -0.54176
-11.8589 -3.71895 -0.521293
0.0765034 -6.2988 1.50115
1.29625 -6.83174 0.501051
-2.73585 -9.7794 -0.303271
-5.49025 -7.06369 2.70886
-4.09699 -7.5805 2.85928
1.86808 -12.5889 2.128
4.61158 -8.61211 -0.0535186
0.56249 -1.18101 -0.500518
10.805 2.42534 -0.260578
11.61 -8.61059 3.47336
5.67278 -10.5125 1.33956
4.85075 -11.3875 2.90052
-8.09093 2.29163 0.45467
10.5609 2.57646 1.59557
-10.8396 -1.29522 -0.726548
4.50796 -11.2514 2.90335
8.65502 -6.67468 2.89429
3.86848 -13.44 1.68039
-4.11076 -1.10583 -0.680769
-1.29876 1.70077 -0.680448
6.22827 -5.16955 -0.141346
7.24928 0.624207 1.07887
-11.1624 -7.11728 1.31409
-2.10867 6.30695 2.3796
5.05224 -9.87453 0.00892997
-7.6895 -7.09293 -0.567791
4.72673 -1.70979 -0.334658
39.0844 -22.1407 3.06716
5.41044 -10.7521 3.34144
0.702638 -6.4617 -0.303714
4.66582 -1.85681 -0.334161
4.4976 -11.257 2.89283
9.19347 -13.7558 1.43925
5.50345 7.07272 2.50965
7.32116 -7.13388 3.26613
8.27171 3.48589 2.70814
24.5244 -21.9471 3.06111
10.1096 -10.7113 2.90676
3.3238 -3.32911 -0.320783
-3.923 -8.13025 2.38696
-0.911388 -8.84337 2.53039
7.30516 -1.89912 2.54916
-4.45285 -3.26557 -0.60498
1.43294 -8.54658 1.23047
-2.51764 -10.7433 -0.259647
11.5994 2.14447 2.11241
-2.83561 18.3401 1.32578
25.4183 -9.62596 2.11303
1.90882 -4.53713 -0.327933
-9.81184 1.09702 -1.42169
0.708983 -2.30262 -0.452464
16.4849 -13.2708 0.925781
-5.47496 2.50885 -0.879303
6.69862 -5.6714 -0.0998893
3.72971 -13.3592 2.29871
1.29425 -4.89537 -0.337414
-2.12792 -10.9673 0.487185
-4.57528 2.62887 -0.366731
0.0889216 -6.50864 -0.459371
-1.50251 3.12252 -0.750493
-8.40882 -8.41258 -0.817173
-3.97081 -10.2649 -0.776882
-10.682 -0.921473 -0.713519
-4.92763 1.49962 1.97453
-2.16398 6.57996 -0.929305
12.4799 -13.6835 3.08518
5.0957 -9.90129 0.487115
-3.90144 -7.69537 2.85706
26.2378 -14.8523 0.95544
58.2151 -25.7838 2.78776
10.3354 -2.909 -0.252831
-8.71355 -8.28818 -0.874515
7.91054 -9.42019 1.47466
-0.0945498 -5.17337 -0.37547
4.57821 -8.44985 2.72491
-0.297169 -1.89617 -0.507425
10.929 -16.3626 2.73841
-9.10069 -8.12483 -0.887396
8.28746 -1.83526 1.07675
-3.79844 15.9918 1.10625
10.7771 -2.5258 -0.260407
-5.10304 -9.68967 2.09394
-2.71074 -1.11228 -0.633464
13.4882 -11.174 3.02787
-2.08506 -8.32121 2.97012
1.10029 -3.88794 -0.383048
21.559 -20.788 3.51423
-6.56344 5.51425 1.79839
3.87388 -10.9677 3.07686
10.0831 12.5185 2.58351
-9.29286 -2.26194 2.1008
4.47787 -1.702 -0.347379
-3.49394 -4.47556 -0.516448
-9.9198 1.7217 0.256271
8.60172 -6.79904 2.92944
18.4595 -8.2958 3.31201
-7.16846 -5.70347 -0.610544
-8.07821 -3.37597 2.05281
-6.36951 -9.18071 1.31572
7.11457 0.94861 -0.275016
10.4016 2.33483 3.02164
-7.90086 -5.49526 -0.64168
6.85113 3.23771 0.75202
-8.14835 -5.35428 -0.65007
9.94869 2.10696 3.00163
-8.27663 -5.29419 -0.655074
57.6541 -26.8238 5.14578
21.4566 -20.6691 3.32229
-1.76553 7.77788 0.0532721
41.5022 -16.9023 4.45404
-2.56759 -10.8096 -0.399386
57.6801 -26.8371 4.34359
6.04998 -6.26151 -0.0991553
-4.45573 5.06586 -0.945772
-8.66045 1.54018 0.476656
7.88952 1.67392 2.43613
30.8374 -13.6689 3.9594
-3.68059 2.59038 -0.267046
-4.98243 5.14235 -0.960686
8.72668 -15.3983 3.20646
-1.89127 3.53208 -0.783882
20.0017 -14.2756 0.925059
-8.36983 4.81014 0.898656
12.2124 1.88738 2.32622
-7.29002 -8.86729 -0.705823
-11.0591 -7.23647 1.51186
4.31096 -1.49551 -0.358831
0.247096 -6.1143 -0.333975
-2.82532 15.1943 1.53564
-6.69262 -4.11241 -0.497904
34.3743 -26.1663 2.94956
5.66928 -3.69795 2.55878
-5.62925 0.800516 0.180161
-8.60214 4.11792 -0.694083
10.6721 -2.47293 2.29822
-7.65989 6.68484 1.66854
2.70807 -7.94523 2.63107
10.6716 -2.59787 1.28497
3.27217 -2.88185 -0.342903
-6.58462 -3.84716 -0.509824
-10.114 -7.64862 0.477808
14.931 -15.4894 3.85493
0.89698 -1.70111 -0.465974
-8.44693 4.49154 -0.689712
9.35829 -4.41109 3.24454
5.75539 -14.2003 2.50663
-4.70409 -9.94478 -0.86631
9.21624 -10.4238 0.35327
-0.499356 -4.12013 -0.430962
-7.1033 1.70508 2.41181
-3.26984 13.222 1.59821
-2.69301 4.32376 -0.092597
11.498 -8.93709 3.11318
-4.92392 -0.137795 -0.750223
16.7671 -18.7239 3.49946
5.42818 -9.2435 0.105869
-7.12279 -8.91271 -0.364821
4.5736 -1.54552 -0.350043
-2.69522 -2.09001 -0.591009
23.0587 -12.1266 3.2235
2.70645 -2.10281 -0.385629
17.775 -7.57202 0.366316
6.11317 -8.73837 0.124944
-8.09936 1.55956 0.310382
4.51857 -2.50111 -0.311493
-9.02529 -1.53301 2.10416
0.890407 -4.74325 -0.35547
14.9754 -9.61913 3.51389
-10.7331 -4.48844 -0.775951
-6.68275 -9.1198 -0.893054
0.296622 -2.28447 -0.469184
16.4686 -14.2084 3.36726
6.30365 -8.68391 0.702661
-2.31062 8.05825 -0.480677
-1.62462 -10.5121 2.55534
-6.03033 8.29201 1.58661
-4.37959 -3.59435 -0.585395
-9.576 -2.05342 1.93237
0.0123364 -6.64973 -0.12009
-9.69478 -7.84318 0.0850066
-3.26779 -10.5339 -0.804407
5.54239 1.77571 -0.457745
-3.85161 0.294474 -0.729578
-0.16841 -6.83571 1.30625
13.6146 -13.2848 0.715322
-6.68999 -3.38733 0.487835
-3.65416 3.47434 -0.826682
-1.90418 7.87409 0.062452
8.90518 -15.4967 2.92433
6.12243 -11.8941 3.29245
18.911 -19.6118 3.36958
8.67375 -3.6904 3.18468
-7.08489 -8.96613 -0.901282
4.40853 -11.8537 0.213723
-4.72545 -4.27657 2.20186
-4.28448 0.90729 0.059835
23.8233 -16.3457 1.88696
7.02127 -3.75439 2.40488
8.20266 -7.71593 3.23575
-4.89999 9.42463 1.70644
-1.89971 1.50132 -0.698485
-4.71879 -1.31503 -0.695397
22.4036 -21.0574 3.42872
-4.4101 13.8207 1.53082
-1.46529 6.04962 -0.872464
-4.31417 -10.0853 -0.595731
-8.50817 -8.3584 -0.966272
-2.46482 -1.6969 -0.59476
6.49639 -8.75974 3.0908
4.69571 5.47851 2.65046
-6.30517 3.42009 2.38503
9.46286 11.532 1.75044
-5.00135 1.4491 -0.824428
-2.2851 2.09477 -0.735265
9.23672 3.04985 -0.885433
-6.65968 -9.03324 2.28565
1.69011 -1.09449 -0.452488
-7.08778 -8.85668 2.3103
8.66344 -3.63858 -0.106706
-5.91168 -6.90292 2.50137
-7.30479 -5.03932 -0.644432
3.28243 -10.7107 2.75895
-0.886801 -4.43498 -0.433452
3.71389 -5.80121 -0.205525
6.08521 -14.3344 2.49326
-4.77156 6.26285 2.32291
13.1383 -14.3167 1.57103
7.32496 6.0483 2.746
-6.28101 9.91237 0.511452
-4.28296 -0.698153 -0.705532
-10.8682 -3.38582 -0.826703
8.18842 -7.76629 3.1374
-5.54802 11.3745 -1.54065
-3.96913 1.09755 -0.324823
-11.4707 -3.24213 -0.865906
5.9683 8.14982 2.30485
14.0048 17.497 2.31957
-6.18057 10.263 1.3159
-4.5193 8.51824 2.26139
10.6964 -2.62284 0.0599902
-11.3454 -2.51305 -0.843982
-3.35046 12.2512 1.88496
-4.5665 8.81368 -0.471954
-3.49498 11.8927 1.90048
10.1269 -15.9931 3.50728
-11.4234 -2.73709 -0.853187
-8.89989 -8.11613 1.89937
-4.88679 9.31391 0.495802
6.40732 -12.2226 2.89616
58.9656 -23.9768 2.78617
-4.09154 -0.0932306 -0.722424
2.47841 -0.103127 0.501015
-10.8925 -7.28935 2.10581
-11.2632 -2.31427 -0.83512
-4.10629 8.64545 -0.108831
-3.00735 13.017 1.8601
-11.0077 -1.72523 -0.843315
9.68543 -10.0893 0.684601
-8.83451 3.69151 0.527167
-0.676277 -5.62445 -0.377551
13.2064 -5.46693 2.91418
4.45123 -3.08917 -0.293821
-6.29562 3.28954 2.38027
-4.93411 1.29066 -0.811091
0.944337 -6.64301 0.133212
-10.4922 -7.48901 1.10651
9.87277 -3.72815 2.76077
8.21011 -9.51821 2.01881
-3.50781 3.6811 -0.866199
28.7828 -18.4796 1.92773
6.87306 -6.07726 3.21263
-4.10322 -5.08531 2.26499
-2.42835 -10.8182 1.50858
-4.49268 -7.11391 2.84313
2.78208 -0.373903 -0.223906
4.84022 -4.24285 -0.231302
4.74149 -4.33053 -0.230753
5.90516 -8.76271 0.13923
7.52424 -5.1021 3.1937
7.71959 0.648417 0.784472
6.30773 -1.2913 2.4868
9.90399 2.83871 2.0984
-4.57714 10.1432 -1.15011
-1.50833 2.93067 -0.743447
-4.64842 10.7503 1.66469
-0.499949 -3.28735 -0.466859
8.14581 -3.08621 -0.151885
1.73395 -12.5128 2.89636
28.8494 -18.268 2.33114
-6.90718 -6.48745 2.49784
-5.98025 3.26272 2.38923
-4.55599 1.28977 -0.800228
2.12247 -3.6575 -0.349825
3.32329 -8.16326 2.66193
-5.67875 -9.47516 0.892114
1.29719 -1.49392 -0.455103
-7.68106 -4.73382 2.11551
1.89528 -3.96679 -0.350046
19.1547 -6.52934 3.00057
6.29514 2.65423 -0.455048
23.6827 -16.4672 3.569
7.46669 9.02477 2.30186
-2.2764 -1.38246 -0.598454
-4.92297 1.69735 -0.825835
1.30855 -4.35521 -0.357555
3.23597 -13.1562 2.29854
6.96108 -9.52473 0.132023
0.101342 -2.07656 -0.486149
6.07897 -8.88188 2.75129
21.5841 -9.41033 0.599707
6.56395 -3.94638 -0.180445
-10.558 -0.713983 -1.48422
0.722096 -4.87626 -0.357727
-6.85068 -4.36372 -0.639497
25.4897 -9.47531 1.36142
-7.0137 8.23188 1.47228
3.65919 -2.0696 -0.356965
-11.3735 -2.48559 0.0811063
11.2061 12.2116 2.66391
4.87604 -11.3741 3.08977
-1.90051 8.84841 1.78564
-8.4359 -7.9221 2.46257
6.82071 -9.67855 2.84424
17.8027 -7.43249 0.366109
51.7753 -28.5148 4.03775
-6.67253 -3.42943 -1.00669
-10.0984 -7.66533 0.706025
11.9451 -7.76802 0.188297
-7.44869 -2.20087 -0.754396
14.3321 -4.93192 2.8087
-3.83144 3.18015 1.92194
19.3909 -12.1022 0.580582
2.5767 0.3331 -1.01064
-4.54959 0.37911 0.0233613
19.2416 -6.50194 1.51474
10.051 1.42898 0.192841
-2.51507 -2.31479 -0.573695
23.2425 -11.7001 3.22061
18.9012 -19.5961 3.71073
6.95454 -9.57377 2.84253
2.07031 -2.15615 -0.399998
-9.91178 -7.72363 1.48848
-10.6167 -0.771589 -0.838274
4.00489 -6.52087 2.74257
-1.92615 7.8224 -0.651759
-10.5846 -1.30553 -0.90731
4.43565 -0.8738 -0.379475
2.46472 -0.230611 -0.668016
8.90906 3.23984 1.53141
4.14758 5.66492 0.00611239
8.14531 -3.88073 3.16589
-7.52861 -8.76914 -0.916587
-5.70323 -9.45378 1.29675
2.16841 -5.05117 -0.298252
6.92255 -9.13049 2.82216
1.70361 -9.99564 3.17932
-3.02863 3.63658 0.0626639
3.91237 -1.70238 -0.362293
2.06568 -12.649 2.88764
1.29511 -2.69157 -0.414154
-3.87406 11.0433 2.02309
0.227448 -6.17851 2.09489
8.3082 7.66906 2.7168
-8.63718 3.98156 -1.13567
1.88538 -5.19005 -0.299411
20.8014 -10.5952 0.59398
3.72887 -1.9099 -0.36075
12.4994 -7.49118 2.97124
-7.61704 6.85416 2.02206
-0.708197 -3.49398 -0.463589
-7.6848 0.917506 2.42336
4.25855 -10.8311 3.3013
3.48947 -2.09151 -0.362258
-3.40294 3.40571 -0.584842
6.96776 5.13516 2.76536
4.67718 -13.7312 2.90985
1.09784 -1.29839 -0.470815
6.4961 8.11698 2.11934
-4.50521 9.04231 0.335522
10.2387 -7.27755 2.63611
-2.69903 -7.70127 2.93378
0.576919 -4.44993 -0.381248
-5.51349 -2.18048 -0.68636
16.1732 -16.5756 3.4319
-9.54362 2.51532 0.858657
13.1575 -4.89368 3.07092
12.4854 -7.53644 0.192872
-10.7848 -1.26709 -1.44653
1.89285 -6.85893 0.304767
-3.97982 1.47175 -0.535983
-2.32172 -4.86824 -0.458422
-2.66563 1.66339 -0.730983
-6.8878 2.90188 2.36503
-5.52657 0.912873 -0.817712
-10.3173 -7.08875 2.62735
11.4212 -7.13192 3.11632
-3.87034 8.89337 0.604169
14.1391 -11.6843 3.47785
-4.10486 8.65933 -0.498706
-5.66469 -9.45029 2.31174
4.27951 -12.1957 -0.147473
-4.68644 2.52913 1.61639
2.4563 -6.1999 -0.240053
-11.8675 -4.91714 0.48456
-9.37316 -8.00622 -1.01015
8.73913 -15.42 2.30505
-1.50253 9.71634 1.76091
-5.47694 -9.62427 -0.678659
3.35248 -9.83877 -0.0569785
-6.89138 3.71746 1.82016
30.352 -14.8179 3.96481
9.10674 -3.51298 3.18649
-1.88748 7.75734 -0.504907
-3.30525 -10.4346 2.29583
-6.33851 -9.17602 2.12701
-4.82308 8.6905 2.2296
-10.0762 -2.74355 -0.822432
-4.40398 3.66974 -0.873554
-5.70609 -9.52319 -0.705739
10.5755 -2.2597 3.05096
-10.3865 -0.270628 -1.1396
20.4595 -14.1234 3.53439
1.86656 -4.87004 -0.314765
-2.07261 -4.62916 -0.461267
-3.02136 3.87464 -0.235211
-9.9572 -7.78302 -1.07577
-8.27313 -8.42756 0.0840003
-2.30018 5.28205 -0.877978
-2.89768 -4.31772 -0.504832
-10.8806 -7.39112 -1.13924
-1.55058 8.73081 1.89507
1.49827 -0.89436 -0.468444
6.68031 9.239 0.916847
-6.53098 -4.07111 -0.654275
18.1052 -11.9384 0.552316
1.27954 -5.19504 -0.323544
-2.29868 -1.91182 -0.583232
2.14229 -8.335 -0.149927
51.9316 -28.2062 3.68476
-6.48751 -3.68106 -0.654099
-8.27614 -8.43151 -0.0992302
7.55523 -5.12423 2.53346
-1.30146 2.90654 -0.728237
16.2905 -6.45899 3.30037
29.1893 -14.2473 1.0283
-3.70559 -3.54896 -0.562852
44.4296 -24.8101 4.73491
-3.35521 12.1206 1.78751
10.3372 -16.1125 3.30871
-11.3885 -2.63645 -0.713731
5.9062 -11.8278 3.29998
-3.74163 3.03257 1.50014
1.33973 -6.61523 2.60711
1.6837 -1.69387 -0.432905
10.2256 -3.38482 0.937216
-8.17911 -3.06258 -0.742812
-2.91395 3.69344 -0.294528
-9.85396 -7.82596 -1.09165
5.9154 -13.2796 3.05088
2.28561 -0.891555 -0.441412
-7.09755 2.10225 2.38687
-12.1526 -4.13962 2.09994
-2.62224 4.75957 -0.285996
-2.18355 6.60598 -0.933497
4.22748 -0.787448 -0.390934
-10.6835 -1.25141 -0.915032
-0.240884 -9.32101 -0.220042
-8.32622 -2.96225 -0.751603
-2.72316 3.5255 -0.816955
-7.18083 -4.86502 2.28627
-8.48707 -2.87597 -0.762218
5.17738 6.22921 2.16737
5.31042 -13.8925 2.70933
3.50541 -0.89293 -0.406193
-9.37825 2.55944 1.91601
11.7336 -16.6482 2.51899
-4.2827 11.3097 1.64804
-1.2975 3.54193 -0.756588
-3.2005 -8.00268 2.86658
-11.2261 -2.15186 -0.126732
2.11686 -1.91862 -0.413468
2.88658 -4.54767 -0.291965
-8.51464 -8.3095 0.886726
-4.51993 1.68037 -0.820808
8.15248 -2.89045 3.13176
4.36671 -11.7277 0.708251
-5.88844 -3.63101 2.47281
6.43714 -2.30437 2.51754
7.58459 6.62044 2.727
5.32877 -12.2276 2.87671
-2.02869 -1.14394 -0.598414
-1.56458 -11.207 -0.125758
9.53137 -15.7428 3.46431
-4.61654 2.07449 -0.830174
2.14426 -4.35761 -0.32317
6.10965 8.59532 2.59783
-8.46542 4.30992 -1.67022
-8.21089 0.403722 2.10809
9.26929 -10.6125 2.8736
11.0884 -16.3712 3.48063
6.9578 -8.94628 3.07157
-4.47834 9.53753 2.19399
2.87072 -3.24556 -0.340771
-2.91477 3.92228 -0.489357
-5.49275 6.08555 2.32043
29.0251 -17.8923 3.38806
-4.09553 4.1446 -0.887974
3.47448 -9.70706 -0.0565174
-3.41454 12.0539 0.627511
10.3255 -16.0813 2.30276
1.26604 -6.58288 2.55326
-8.26872 -2.17862 -0.778258
9.15935 -9.85515 3.07217
-6.50244 -3.49387 0.302368
-3.94249 8.34182 2.27252
-3.54645 3.35206 -0.650088
-4.89273 -9.87406 -0.853318
-2.22253 8.0317 -0.708556
1.30758 -3.909 -0.374635
8.16647 -4.14195 -0.104144
-0.301622 -1.36253 -0.528669
-6.08665 -9.32563 0.0815967
-1.88194 3.93383 -0.798083
-4.16409 -10.1733 -0.82152
16.3871 -16.3879 3.4348
-4.54667 13.8121 1.57802
12.4619 -7.52189 2.96827
-7.57702 6.98083 2.03307
11.8934 2.03281 2.67746
-10.2549 -7.65383 -1.08734
-2.67217 -4.58647 -0.482618
-6.52477 10.3914 0.389501
15.9518 -12.2088 0.509763
-7.27583 3.3054 1.82367
-3.24636 -10.5448 -0.705332
14.0748 17.3675 2.0801
0.688914 0.115881 -0.0841796
-4.49921 -1.9293 -0.656207
0.975754 -5.04222 -0.342301
13.3327 -14.9009 3.70475
2.69248 -2.88263 -0.359355
6.70167 1.72068 0.479084
-2.2475 -8.32349 2.39249
2.06509 -6.92764 2.60047
-7.08179 -6.74011 2.16691
-9.4976 -7.89229 1.48801
2.4515 -2.00034 -0.400037
11.0775 -10.7452 2.95095
-10.5047 -7.49492 0.285531
-4.65623 -1.82993 -0.670733
-5.47109 -5.37151 -0.556609
11.9314 1.99484 1.72009
-5.91021 -9.40806 -0.296865
-9.25272 -8.0313 -0.286331
-2.29314 2.29602 -0.742467
7.88838 8.22399 2.67312
5.30721 -11.54 3.30587
-6.71168 1.5062 2.43405
-4.15668 3.53626 -0.853621
-5.49665 5.48434 2.33091
-6.30843 2.5123 2.40991
2.48312 -0.0516037 0.925613
-5.0679 0.474267 -0.743711
6.58614 -9.00316 0.5576
0.692761 -3.49243 -0.415241
-1.41141 -9.93441 2.53726
-6.78164 -3.35883 -0.694668
-3.36606 11.0861 0.507283
-5.28819 12.4697 1.84598
6.84402 2.98639 2.84804
13.3726 -13.7004 1.48754
2.09836 -8.38407 -0.151321
6.09234 -3.69457 -0.212543
-9.24641 -0.698181 -0.821415
-4.24072 14.6214 -1.76491
-3.98718 10.7187 2.16198
52.9721 -25.8642 4.39784
18.5036 -13.8976 3.42993
5.47365 -3.66207 -0.236611
-2.44046 -10.8178 1.29585
7.03663 -1.99 2.6284
14.9812 -16.7417 3.47782
-8.47827 -8.28618 2.11347
-2.06766 8.14367 -0.45544
-1.10166 -8.7199 3.02343
-8.91307 -3.40841 -0.751444
11.0441 -12.2445 2.95388
4.87773 -4.8683 -0.205687
5.54339 -14.1144 2.89938
13.4436 15.1971 2.01639
16.7958 -13.111 0.676521
-4.11564 1.50331 -0.0982796
1.73149 -7.02062 0.761484
-5.48993 11.4955 -1.86265
-1.69089 7.08239 -0.929316
-7.89784 -2.49032 -0.753626
7.90367 -1.6996 0.966684
10.3026 -2.90806 0.272873
3.31322 -13.2215 1.59811
-8.10621 -2.34096 -0.767717
15.6004 -15.2208 3.76722
-9.94911 1.10318 1.30102
-1.48659 -10.2264 2.54522
-1.10355 -2.10773 -0.529164
-5.11481 -9.73515 -0.128173
-2.76992 8.31406 0.405697
-11.3248 -2.50028 -1.11591
-8.38226 4.60679 -1.31737
-7.25461 7.69794 1.1173
-11.2483 -2.31712 -1.10771
3.48267 -13.2793 1.70658
8.03647 -4.64243 3.19331
-8.41418 4.56475 -1.12292
-4.6507 0.19885 -0.152555
-4.48477 -10.0298 -0.73204
-10.1454 0.485597 0.125663
10.0947 2.74977 1.11505
4.0158 -6.42664 2.88712
5.30405 -4.41479 -0.205883
-10.7762 -0.891255 1.26709
9.62711 -10.2358 2.86472
-3.27978 0.494885 -0.717089
-6.61237 -6.61174 2.50568
-4.26604 1.09606 -0.777669
-11.6068 -2.98297 0.361295
-1.69705 -2.0918 -0.548485
-2.04874 -11.0081 0.0374815
0.93238 -0.927337 -0.491732
5.39486 6.82383 2.30074
-4.04105 2.42161 -0.0820566
9.06835 -15.5589 3.28129
-1.51486 3.69838 -0.772764
13.2007 -14.2176 2.87478
-5.44946 11.6555 -1.17155
2.77102 -5.4164 2.31858
-10.2997 -7.56595 1.11883
16.0339 -7.08492 3.24841
7.87246 -3.37333 -0.149327
-2.06322 7.82614 -1.25978
-4.5686 2.66316 1.091
-6.08861 -1.28476 2.03939
7.59644 -2.75066 -0.190209
-1.4827 -8.71165 2.90756
1.71718 -3.30176 -0.376337
-3.10235 5.09687 1.92812
-4.13447 1.82873 -0.49179
-2.5059 -4.35904 -0.487985
-8.61474 0.960794 1.86907
-4.07277 3.50006 -0.684169
-4.20369 2.36555 -0.822507
8.73409 -15.4138 2.46629
-2.50161 -9.6236 -0.296998
-4.90193 8.95404 -1.39741
6.21824 -10.8197 1.35226
6.83993 -1.88136 -0.254775
2.75126 -6.567 -0.212627
-3.71319 -4.1566 -0.541164
23.8962 -16.114 3.04135
-3.16241 8.23036 -1.46217
-1.50309 2.28644 -0.713916
3.97932 -3.54989 -0.289171
-10.4883 -7.51162 0.492201
-5.28472 -9.71239 -0.854423
2.74819 -5.97047 -0.236331
-5.65899 0.264301 2.00017
-2.69411 15.2693 1.54067
-1.11587 -10.6562 2.57347
-11.6175 -4.27106 -0.825338
-2.41471 6.64026 2.28587
-1.11563 4.72961 -0.799961
-3.97747 1.11906 -0.51181
10.3726 -10.3784 3.23313
-5.69569 5.10867 2.33856
10.7619 -2.28107 2.10549
14.3231 -12.2141 0.838081
4.32926 -11.8808 0.147772
-1.5012 6.49219 -0.893989
8.40944 -7.25379 3.08013
3.1768 -3.91942 -0.304601
-11.1517 -7.10947 0.703586
-2.57378 6.88343 1.84149
-5.40383 11.8023 -1.18197
6.98128 7.15511 1.79029
-3.5616 1.10677 -0.750827
16.1238 -6.86013 3.45997
-2.64849 4.30006 -0.485799
6.4769 -8.5649 3.30995
-2.70712 -0.303239 -0.663981
2.83228 -12.983 2.49075
-9.72286 1.68174 1.50217
-2.29793 7.92509 -1.24507
10.1624 -3.20823 0.485092
-5.49309 11.4767 -1.28959
7.11086 0.153428 0.463845
-6.49068 -4.23917 2.15098
-4.10218 3.53404 -0.511464
2.48966 0.0912227 -0.670607
-6.39838 2.35588 2.39138
-4.99158 0.401222 -0.768593
-3.82428 -8.28778 2.39416
6.79989 -11.1644 2.93402
-1.49801 3.90118 -0.780301
-2.71194 5.89905 2.30768
-3.76755 2.73522 -0.121245
-8.3077 -0.391416 -0.859051
-5.94775 0.808135 0.233978
19.1784 -6.59417 1.88629
4.71348 1.70439 -0.4863
-0.719895 -8.67121 2.5142
-1.10005 -3.69359 -0.468045
3.1186 -1.9076 -0.381405
-5.09753 1.70913 1.96269
12.3687 -13.9867 3.11166
26.932 -22.9403 4.37722
8.09648 -1.88421 0.654029
-6.36139 -9.22003 -0.421097
7.08795 -14.7381 3.08155
5.49633 -1.3123 -0.317598
-8.15103 -2.76342 2.10647
-1.97745 -10.9977 2.11322
3.51989 -2.30193 -0.357176
6.09604 -2.09403 2.4572
9.28446 -10.3071 0.183035
-10.9151 -7.34384 -0.310674
-1.32159 -8.77472 2.70808
7.88301 -4.88371 3.19049
1.28727 -3.50685 -0.387495
1.09998 -3.49343 -0.397401
24.777 -15.2653 0.92253
-3.09044 0.295515 -0.69872
-9.52881 -7.92141 -0.74811
-5.67216 11.5329 1.75155
34.4206 -20.3362 1.75003
1.73605 -10.7622 2.68472
-11.3304 -2.29003 0.898258
42.1444 -16.5813 3.38018
-2.09591 -4.13279 -0.478258
7.29817 9.13399 2.13479
7.1112 -7.20871 2.49367
-2.49506 -1.4869 -0.610189
-3.10253 -3.99939 -0.522462
-3.87551 1.10355 -0.76126
-6.75038 8.88602 1.52761
11.4692 -8.94965 2.78158
-8.70848 -8.29174 -1.03286
-3.50236 9.0801 -1.06736
13.7561 -10.5343 2.99492
0.0613221 -6.34551 1.29441
-1.10531 1.89836 -0.678874
53.8109 -23.864 5.12639
-3.91962 -0.906709 -0.68564
-11.6955 -3.50913 -1.4152
-5.33736 9.11281 -1.6115
-4.56067 -3.52455 -0.595118
6.29054 -1.94858 2.14772
-2.91419 8.14404 -0.283322
-4.48253 -9.94724 2.08609
7.73559 9.02403 2.12918
52.2297 -27.5066 4.40382
15.1874 -13.2965 0.513276
-3.83796 0.498211 -0.737892
-1.71428 -10.7355 2.57771
-2.15331 -5.79617 -0.412177
-4.15371 10.2978 1.75121
-1.10025 2.49582 -0.706506
5.68955 -4.86488 -0.176481
-11.068 -1.91267 -1.30217
2.68209 -2.69316 -0.367278
-5.60623 -4.45502 2.19328
-3.25111 3.37896 -0.512171
7.31787 -14.8828 2.10295
4.84084 -13.7907 2.88492
1.29393 -1.29396 -0.462366
-7.52543 7.57454 0.467464
1.09786 -1.49347 -0.46369
3.12371 -10.6613 3.21124
7.08268 -6.09379 3.21458
3.83535 -13.4336 1.58911
-3.61971 -9.05096 -0.350668
13.316 -13.8935 1.5478
-6.96641 -1.96659 -0.747672
-8.02512 -5.21286 2.12104
-11.9997 -4.54893 0.876358
-8.51579 -0.229857 -0.880093
-8.39612 -8.39698 -1.01048
-3.07586 9.12287 -1.05587
-3.32608 12.3112 2.08707
-3.47269 -7.65882 2.89266
-1.3552 8.26928 2.32569
9.82936 -7.1 0.0881048
5.83676 -11.7782 0.0955432
-3.90184 2.50496 0.0895097
-10.3271 -0.0977136 -1.12827
7.06884 9.0569 1.70436
-10.2485 0.10847 -1.11715
-11.5293 -2.8893 -0.099452
1.88818 -1.09765 -0.445233
-4.96075 -9.7814 0.682649
5.65357 -2.65237 -0.26126
-3.56127 11.7174 1.7077
5.35688 -9.32284 0.269462
-11.5029 -2.90774 -0.717091
10.3206 -2.05325 3.17978
16.2626 -13.8649 0.677354
13.1584 -5.62518 2.91781
17.2427 -13.1288 3.35582
-10.0979 0.86921 2.09558
-1.39009 -7.45993 -0.317611
-4.90916 0.96026 -0.799787
-6.22701 2.90078 2.38862
-4.59337 2.6776 1.27675
-2.2667 7.82527 1.80554
-3.8795 -10.2467 -0.125407
-2.28031 -2.70327 -0.543478
-7.4641 -1.31957 1.91663
-11.9914 -4.54269 0.483714
-0.912134 3.08859 -0.721293
-3.92165 10.868 1.7469
-11.9063 -3.89318 -0.679859
5.75611 -8.55694 0.195125
6.55513 4.28511 2.78011
30.7912 -11.8704 3.06963
-1.49854 7.0735 -0.922866
-6.96582 -6.345 2.72345
0.300488 -1.69645 -0.492509
-2.55965 6.31087 2.10263
13.4956 -11.6376 3.13662
14.1537 -12.3682 1.40107
9.36621 -9.96101 2.94921
-4.71273 8.92754 -1.08077
0.814019 -5.37929 -0.328385
1.18447 -5.98851 -0.293793
0.293603 -2.71446 -0.458832
5.34886 -4.53323 2.58344
3.69127 -1.69715 -0.370004
-5.85986 7.43042 0.356474
9.37205 -5.61876 2.76448
2.64274 -12.9912 -0.396733
22.9744 -12.2809 3.2232
-2.68798 -1.92822 -0.594612
-5.45429 11.6459 -1.32935
-12.0894 -4.11904 1.11068
-8.2708 -8.42515 0.29971
16.772 -18.7271 3.2703
13.8301 -15.0733 3.53656
-7.12467 -8.90686 -0.126383
-4.06634 4.85458 -0.924743
4.90448 -8.89029 2.74948
8.06417 -1.80551 0.92021
-6.42393 -9.22047 -0.693664
-6.90594 3.88396 1.80812
13.1086 -4.42155 2.73084
-9.57771 2.11705 2.07799
-1.32116 -11.2741 2.10135
-11.7652 -3.28727 1.49544
4.25691 -2.07905 -0.342181
-4.45657 10.2251 -1.15282
16.7787 -13.0909 1.32542
-5.73094 11.2985 1.10191
-0.85994 -4.67121 -0.42222
16.7766 -18.7352 3.11103
-4.39463 9.75287 2.11306
-8.54672 2.28104 1.69077
5.92265 -3.11516 2.54027
-6.38136 -2.91734 2.50235
-5.00389 -0.647073 -0.736379
9.34626 -10.3908 1.04162
8.71583 -6.50635 3.11436
-1.46761 8.92555 1.91272
-4.09925 11.6857 -1.28021
-4.39919 14.1939 -1.53641
7.36447 -14.847 2.51024
-5.58026 1.68788 -0.851167
44.6099 -24.546 4.43239
-4.2166 7.44123 -0.463685
-6.85624 -9.01419 -0.302517
10.9316 -2.13911 0.0098593
-4.47841 8.0834 2.27614
-8.50294 0.482555 1.8876
-10.0779 0.692744 0.499374
5.49626 -1.53336 -0.309276
-3.74127 2.69833 -0.50219
11.0905 -9.87143 3.48335
28.9264 -18.0675 2.75908
26.5452 -10.2395 1.24666
0.98681 -3.51428 -0.400437
-8.81817 3.86162 1.32416
-0.699841 -2.66094 -0.493009
3.11575 -7.85227 2.6412
3.52156 -2.92712 -0.334457
-3.09937 -3.73002 -0.531219
-4.62766 14.0157 1.44319
-3.3168 -3.47125 -0.550944
4.73447 -5.76157 2.61532
-3.48699 -4.89321 2.28124
-1.08967 2.87487 -0.720821
6.84942 8.66505 2.11179
-11.1403 -2.10859 -1.31251
-3.73023 16.1469 1.08239
-0.71353 2.07471 -0.669151
5.97105 -1.53578 -0.296517
-4.28745 -8.0786 2.36901
-7.48995 -0.30028 2.46931
-4.68407 -3.13421 -0.617518
28.9718 -17.8444 3.99323
27.7928 -13.7872 3.83998
-6.9637 5.83489 -1.05235
5.83466 1.84833 -0.443953
5.72249 -3.5248 2.55123
6.48112 -10.5161 1.14815
-4.09342 -1.88524 -0.649591
-6.21164 7.38387 0.719197
23.5 -16.9096 3.2865
9.05425 -5.69418 3.09466
2.48458 -3.08104 -0.358181
-4.24318 0.695769 -0.759124
-1.0541 -11.4048 1.09983
-1.68511 -2.46532 -0.532103
-8.43634 -0.0997715 2.31954
22.5574 -8.70548 3.58475
-6.67169 -3.88564 0.89236
13.6386 -12.8629 1.33036
-10.43 -0.0750471 1.1129
-7.77686 -8.58166 2.07375
-11.0227 -7.28299 -1.20326
5.92447 -3.33699 2.3379
-6.28172 2.51301 2.41127
0.910356 -3.30363 -0.412433
6.89038 -8.87593 0.505252
-3.04501 8.1909 -0.313218
19.1114 -6.89569 0.888839
-3.73159 9.00618 -1.24497
5.86192 7.23307 2.1251
0.0887772 -6.23959 1.70635
-4.01888 11.0155 1.66657
-0.93248 3.27697 -0.730501
-4.12217 -10.1667 -0.589017
-11.853 -4.91198 -0.302859
-7.51086 -8.74049 0.302961
-1.69226 -3.2692 -0.502312
-4.22093 1.09067 -0.172071
24.0694 -21.8258 4.01994
12.1017 -11.7782 3.02529
16.0571 -7.05782 3.1429
-9.91022 -7.73517 1.09322
-10.6096 -0.783236 -1.1669
13.3564 -14.2839 2.06279
-4.01713 1.28907 -0.220834
-9.92871 1.28593 2.10085
-1.1599 -0.963056 -0.575383
1.71474 -4.41576 -0.340372
-4.08396 9.06332 -1.0903
9.32564 1.21103 0.411498
-7.27224 2.42712 0.477365
-3.12216 8.24255 -0.505286
1.50094 -9.33401 3.14358
-1.51235 -2.73432 -0.523065
-4.48838 10.6515 -1.26811
-7.68697 -8.61418 2.10286
3.56267 -9.58063 -0.0560338
-3.53453 16.6016 0.708741
10.6239 -2.13579 3.08028
3.65771 -9.47883 -0.0556931
-8.68797 -8.29579 -1.04022
-3.3275 9.08865 -1.06148
-2.89434 9.13665 -1.0512
7.09977 4.4362 2.80598
13.0207 -5.24717 2.9462
8.89834 -9.78034 2.89804
14.5661 -12.2542 1.29884
8.19584 -5.35614 -0.0533955
-3.7972 10.2181 -1.12659
-10.7799 -0.87661 1.46383
40.3026 -19.3427 4.15826
7.09186 -5.29347 -0.100682
57.7723 -26.848 2.7877
-5.75919 -3.68893 2.64213
-2.10872 8.09092 -0.249118
-8.32281 -2.7045 2.10789
52.8009 -26.5481 4.03424
5.30882 -1.30858 -0.329675
6.70847 -8.76559 0.510558
0.893077 -3.2836 -0.412718
-3.68989 -4.69036 2.26484
-4.28406 10.9036 1.66506
-1.30155 3.13132 -0.743837
12.311 -5.032 0.0970355
1.10182 -6.11016 2.38497
-10.8139 -1.15531 -0.123564
-5.34969 12.3139 1.8298
6.64389 8.40488 2.11419
-10.6022 -0.516363 0.922958
-3.10169 -0.882293 -0.6532
-8.0078 -2.81104 2.24717
5.64411 -1.27162 -0.31352
-1.88649 -1.29381 -0.590112
28.7234 -14.6852 1.02429
-11.5777 -2.83476 1.10059
-4.0846 -3.11266 -0.594107
8.08325 -3.71846 3.15679
-2.99639 17.9156 1.69023
-8.48024 4.49934 0.0971424
-6.77747 8.75118 0.908358
-5.68222 -9.46566 1.09792
-6.60285 9.25249 1.33346
-10.6125 -0.78289 -1.26437
-6.94228 5.79585 -1.0476
34.9366 -26.2298 3.53511
59.0279 -23.6062 4.34214
-1.1012 -2.50358 -0.516121
-2.77546 3.84054 -0.51748
9.17022 -6.77411 2.80843
2.76181 -12.9553 2.30742
-8.98438 3.38556 0.88545
-4.86221 -1.25839 -0.703539
-5.62882 11.2705 -1.48466
-6.14539 5.51042 0.4756
8.65336 -6.23522 2.71453
-2.89586 -10.6367 0.691553
5.50765 0.305572 0.375879
-3.1062 -5.86859 -0.442599
-4.67674 0.351495 -0.689454
-2.8376 -10.6363 1.70041
-8.4222 -0.109327 2.4302
-9.00327 3.40765 1.10097
-10.1727 0.257495 -1.2766
2.1288 -10.1788 3.20501
-2.11133 -1.70103 -0.585022
-1.36124 6.73024 1.81508
-9.35949 -8.01473 -0.882009
-4.59769 1.49086 0.120306
10.5063 -3.46783 0.893237
24.9489 -14.7431 0.919307
-2.68867 -2.72973 -0.560194
-8.50437 -8.32681 0.301814
-8.79506 -8.17231 1.11783
-10.4981 -2.29069 1.92466
-2.3365 -8.76616 2.45635
-3.71643 7.50313 -1.01864
-11.2512 -6.93165 2.08326
-3.35202 7.67344 -1.01868
2.68492 0.687581 -0.501176
-3.78461 2.92798 1.49664
18.2713 -6.67499 3.24203
-11.4422 -2.75395 -0.493852
-9.46364 0.175328 -0.920058
3.5279 -13.2793 2.29196
11.7435 -16.6796 3.65438
1.09906 -4.71875 -0.351603
-3.44148 16.7554 0.697176
-2.79571 7.72737 -0.999638
1.46347 -4.7687 -0.331964
-10.0632 0.690551 0.176947
-3.91453 9.67492 2.23048
-2.67881 7.73251 -0.995452
-4.45745 0.292684 -0.754882
2.06731 -6.95974 0.491742
-5.90326 -4.45274 2.18099
-2.49501 6.50335 1.91998
-3.51486 3.30808 -0.510967
-2.48413 7.98865 -0.124122
-3.95793 -10.1697 1.88539
-8.2717 -7.5064 2.28053
1.29632 -1.0993 -0.469791
4.86318 5.69507 2.64566
6.90718 9.11379 1.4784
7.65833 2.08399 2.86698
10.1004 -10.2945 0.883024
9.32505 -3.22142 2.31347
-3.00346 3.61395 -0.326457
16.411 -13.3032 2.16403
1.91529 -3.73562 -0.356636
0.171303 -6.32324 -0.465244
-5.45384 -7.26167 2.29678
-7.91374 -8.53782 1.51293
-11.864 -5.04351 2.30878
16.3572 -6.28307 3.28247
-2.3071 3.72224 -0.808494
17.1706 -13.2308 1.69819
8.32029 3.99493 2.27316
-1.10941 7.47845 0.982417
10.1287 -10.2505 3.33541
-3.13991 14.3926 1.55463
-1.42299 8.44085 2.3113
5.78484 -11.9256 0.0961544
-2.29513 -4.38378 -0.480311
30.7303 -11.8534 2.25007
-6.11331 -9.27342 1.91918
-8.14047 0.529326 2.10405
-8.41014 4.45214 -1.66412
-8.26595 -8.41912 0.699856
-3.31269 4.50365 2.08667
1.45916 -6.79679 0.492894
-1.4849 -8.72249 2.53258
-6.76106 -2.14677 -0.732618
-4.66841 1.59375 0.125324
-3.48996 6.25352 -0.960904
-4.59031 8.85066 -1.39859
-5.91804 10.9125 1.68364
6.36995 -8.82076 0.543844
0.487398 -3.28941 -0.429829
4.27008 3.90924 2.21359
-4.28024 -0.103931 -0.7298
-3.88713 -1.29706 -0.665014
-3.73052 -0.910446 -0.677621
4.25978 -13.5988 1.71964
11.7123 -16.6249 3.32811
7.66125 -9.09171 2.90873
9.67153 3.46081 0.830532
4.98154 -10.0767 1.01076
-1.90779 -0.894118 -0.60731
1.52477 -4.85608 -0.332232
-6.79516 8.38683 -1.51431
-5.11298 2.41698 -0.861843
41.6936 -16.3885 4.45488
44.7815 -24.6267 2.23665
3.39581 -13.22 2.89072
-10.8188 -0.89846 1.84168
10.2478 -2.9022 1.51611
-6.56572 -3.68966 0.298425
-3.75972 11.265 1.72374
-0.850339 3.52004 -0.732023
6.76518 -1.96821 -0.252876
-11.05 -1.70899 0.0799137
-3.52944 9.99363 2.22427
-3.03373 5.033 -0.895612
-2.49982 3.67702 -0.81381
-3.14649 4.9101 2.23315
-4.15466 1.70951 -0.158621
-4.12362 2.47627 0.906861
9.85569 -10.0977 0.961699
-4.55846 -0.919704 -0.708262
52.8692 -26.2108 3.67833
-1.69459 1.89131 -0.702864
15.5357 -8.28074 3.47546
1.80712 -7.40051 0.00641275
-2.46145 6.58738 -0.943561
-5.31256 -9.65474 -0.328399
7.4915 -9.48335 1.71735
32.3584 -12.7114 1.10085
-8.63071 4.25491 0.895628
-4.53823 -0.30981 -0.728404
-5.33592 -6.3452 2.80025
-6.1171 -1.49683 2.03994
7.63011 -2.6719 -0.190432
-2.04485 7.76285 -1.347
-6.10567 6.9331 0.64974
9.28435 -5.11548 3.10142
-3.70365 -3.83363 -0.550261
-2.02832 4.44298 -0.832835
-3.21758 3.6147 -0.616887
7.78176 -1.681 0.684359
-3.76766 6.77736 -0.989758
-10.8108 -0.999435 0.944863
-3.30619 -1.30604 -0.64369
10.2508 -2.76293 2.48328
2.06473 -10.4099 2.68426
38.1757 -16.6343 4.39543
-2.51845 -10.7673 1.9124
8.47513 -8.48766 0.0870392
7.83664 -1.70917 0.689054
-3.67079 6.80781 -0.98723
9.1218 -3.11533 -0.10967
-7.38159 -8.77894 0.714136
10.2987 -14.2471 3.15058
-5.35841 7.36741 1.79749
12.341 -6.86834 3.31112
2.29225 -0.498774 -0.456821
9.65442 -10.2848 1.05113
-8.8025 3.83866 0.930722
-5.98718 7.4263 0.711107
-3.49481 6.87739 -0.98468
4.86099 -2.4904 -0.296083
-4.29277 -7.6863 2.35729
-1.90425 0.100057 -0.646984
5.78843 -2.48638 -0.263558
-1.8915 -8.08025 2.9744
1.30125 -4.10752 -0.366077
-2.70798 7.0814 -0.967662
10.4246 -6.52973 2.72733
-0.00861698 -6.53078 1.08617
-8.29404 -2.70995 2.28814
-4.85113 10.0194 -1.15033
-2.13924 7.28826 2.09255
25.8214 -22.5567 3.82379
16.2362 -13.6672 2.10795
-6.69109 8.92188 0.703166
-10.786 -1.26314 -1.32226
-4.22377 -4.72839 -0.538861
-11.0623 -7.24682 -0.110889
57.7605 -26.8708 2.78867
-2.88616 2.30202 -0.768685
2.05364 -6.94863 0.136961
-6.54739 -3.71632 -0.877287
39.0998 -22.1558 2.53333
4.86572 -10.5547 0.90614
2.8027 -0.398952 0.00267637
7.62432 -6.82313 3.26912
10.0865 2.5566 2.71829
10.4267 -10.4085 2.94864
3.67724 -13.3636 1.67215
-4.28604 -1.09628 -0.688707
7.36599 -3.93656 2.41348
22.02 -10.0922 3.44488
12.5141 -6.49471 3.04161
-7.20564 7.85323 1.9743
-6.50921 2.70204 2.39444
-5.19149 0.832953 -0.802647
9.95389 1.41313 0.255817
-2.69794 -2.2862 -0.578566
8.83448 -3.42687 -0.107817
3.46536 -13.2441 2.1017
-3.876 -10.2381 0.479152
6.04422 -1.43153 2.34956
-2.1149 7.45991 -0.989789
23.2474 -11.6999 3.21847
-2.48653 -2.48756 -0.560392
-7.43662 2.28237 2.28441
-4.18067 1.7242 0.163248
-6.58357 9.29997 1.89989
-4.21212 -9.665 3.88483
-12.0469 -4.31175 -0.107122
7.77035 1.66863 -0.3324
22.1512 -9.4841 0.612139
10.827 -10.5658 2.98599
-11.7882 -3.55142 -0.395604
29.8804 -15.971 3.97675
-0.220639 -5.20384 -0.378061
7.70315 -9.32431 1.4951
-0.306589 -5.51534 -0.368122
10.3304 -2.61073 1.92203
-3.50242 -2.91352 -0.58084
9.10348 1.96511 0.294481
7.43071 -2.01193 -0.229369
-5.52421 -6.96567 2.80316
-10.7984 -0.863441 2.00678
10.4137 -2.91663 1.47334
-11.1771 -1.9117 0.923466
-3.70914 -2.13614 -0.625884
-3.49416 0.499906 -0.720934
3.2203 -10.1059 2.35071
-6.10324 -9.31063 0.692996
-10.6605 -2.43045 -0.861075
10.8782 -16.2737 3.50727
-3.2353 2.68439 -0.809489
-1.42349 0.967254 -0.661178
-4.29413 -1.87999 -0.656558
-5.30192 7.51236 1.90166
20.0453 -14.6792 3.53244
-10.294 -7.56576 1.3081
-6.83615 8.32553 -1.4713
2.0577 -0.214692 -0.484967
-10.6371 -0.731338 -0.115894
10.2195 -3.04879 1.27607
2.7325 -3.33949 -0.340408
2.21854 -8.21192 -0.046982
-2.29737 -2.0941 -0.572274
10.6863 -5.88543 2.7049
-6.29535 3.07965 2.38282
-4.92477 1.09786 -0.803183
-3.9116 -7.50975 2.87755
5.01827 -10.1121 0.503763
2.69662 0.284179 -0.310549
8.06257 6.82362 2.73716
5.71357 -12.0867 2.88346
-4.28083 5.85963 -0.973694
9.46888 -4.69636 2.89844
-3.37002 5.028 -0.801067
-4.05448 6.9102 1.73924
-6.97806 3.35217 2.07596
2.08665 -11.1162 1.53369
-3.97378 2.46407 1.296
28.7818 -18.485 1.71297
23.8592 -16.1463 3.29658
24.6523 -22.074 3.69031
10.865 2.22999 2.88504
10.3718 -2.73541 0.27267
9.08353 -14.3528 1.57884
8.37009 -7.33788 3.10068
4.2868 -1.55209 -0.358461
32.0227 -12.7934 1.09299
-4.87053 -0.27263 -0.743118
-6.74024 8.8938 1.52355
-3.72545 1.09962 -0.757665
-3.12507 5.92927 -0.939545
-4.91863 0.310492 -0.720541
-3.33496 6.33944 -0.961104
3.34292 -1.31742 -0.39675
-11.6923 -3.2746 0.086847
4.28008 5.69806 2.6328
6.07198 -8.5772 3.09546
-9.71614 -3.93291 -0.761148
-3.57035 9.17126 2.24669
9.89225 2.83927 2.49231
-3.07753 4.2374 -0.862322
6.63353 9.23764 2.03713
-5.11608 0.915751 1.98837
8.28237 -4.27444 3.18752
5.11171 -9.89451 0.702645
2.25581 -5.41742 -0.282107
-3.13261 8.42772 0.119049
8.01248 8.77928 2.49835
24.124 -16.1173 1.63464
-5.80181 -9.41836 1.2646
43.9053 -23.8051 4.64631
11.0875 -16.3685 3.29378
-9.31262 -2.33247 -0.816546
-3.71012 4.09994 -0.877108
-11.7345 -3.10366 2.10759
39.5367 -21.7701 4.48554
-6.93268 -8.96798 0.703789
-3.11239 1.08476 -0.729371
-1.71508 -3.12063 -0.513757
2.63858 0.228293 -0.713301
-4.80762 0.162121 -0.762617
0.551178 0.459604 0.225364
8.79955 -6.19612 0.00883086
-4.60224 10.3898 -1.38316
-9.73949 -7.79971 0.237187
5.71463 -6.58162 2.47097
-3.86928 -2.17869 -0.629027
7.66391 9.45469 2.10374
11.7796 2.05858 1.7003
-6.07601 -9.34269 -0.297442
7.38239 1.32792 2.39571
-1.49541 1.09803 -0.666784
-4.29147 -1.68483 -0.665451
-0.698702 -6.32908 2.44307
-1.09783 -1.49764 -0.553326
-11.1423 -6.9617 -0.229065
11.7433 -11.1497 0.306741
-10.1353 0.334348 -1.48681
-2.54376 -10.7868 0.502246
-4.76941 4.06479 0.46664
10.5617 -2.3027 2.86791
-3.49595 10.8392 1.33613
4.97514 -10.5142 -0.114938
-4.69191 4.76316 -0.937227
-5.93771 10.889 1.87561
-11.4331 -2.66332 -0.0962241
-6.70137 -4.09199 -0.298319
1.89125 -1.48919 -0.433172
1.30613 -2.10515 -0.434737
-8.35117 -6.51894 2.15949
-3.0677 4.88802 -0.803782
-5.39667 12.174 1.854
-10.8597 -1.27463 -0.124476
-3.30375 5.75166 -0.929854
-0.909858 -8.66614 2.7097
-3.26852 5.90621 -0.946331
-5.24156 12.5467 1.85345
-10.713 -0.923573 -0.122381
-4.90431 6.29495 2.32269
-6.86144 -6.52099 2.3006
7.89798 -9.38702 2.49182
9.57793 -3.52637 3.1899
-3.19781 6.02954 -0.956854
-3.28355 5.67243 1.85681
-4.31664 2.51996 -0.502001
-11.9809 -4.51024 -0.319368
8.15216 6.15969 2.76772
5.88568 -12.649 2.92749
2.81471 -0.391225 0.469383
-3.80408 2.60951 -0.814544
9.25058 -15.65 2.53023
-8.07605 1.8914 0.109853
-11.4689 -2.51288 1.68697
14.9736 -7.57093 2.90064
1.09493 -2.50662 -0.429297
-3.09948 -3.07961 -0.556987
-3.30472 -0.307972 -0.683668
-7.83799 -5.7018 2.14881
1.69002 -2.8895 -0.39447
-2.51202 -2.68595 -0.553624
34.531 -20.1227 2.72842
-5.79956 -7.12267 -0.498505
-3.09222 -2.51949 -0.585739
2.89846 -0.906092 -0.428769
2.5028 -7.54199 2.60402
7.34574 -9.91486 1.10006
1.57551 -10.6803 1.33391
2.10233 -1.69927 -0.41878
-9.64999 -7.82272 1.69103
-4.44758 -1.46045 -0.683065
27.9151 -18.4154 3.92548
-2.72452 5.7168 -0.924845
3.31648 -1.89671 -0.376617
-2.69044 -1.4919 -0.615096
-11.4393 -3.84125 2.46049
4.20952 -11.1124 0.00857638
-1.55524 5.7613 -0.871186
8.35518 -6.55838 0.00862606
-5.0354 -8.31554 -0.451897
-2.12661 7.84849 -0.888861
-3.69289 -10.2617 2.69367
-5.35972 12.216 1.28307
-3.76926 16.096 1.23306
0.887175 -2.28256 -0.444595
33.5023 -18.1674 4.25121
5.44505 -1.1176 -0.335128
14.0414 -12.3672 3.11689
12.2094 1.88706 2.61723
5.37148 -9.28768 0.107444
-10.2199 0.260759 -0.485028
5.95927 -8.57339 -0.252989
-10.1883 -6.53894 2.6113
-1.30752 -4.10847 -0.456686
7.38842 -1.51084 2.5465
-0.890387 -9.02569 2.51663
-9.44968 2.30524 1.29359
2.50228 -2.29943 -0.385387
-11.2555 -6.93566 1.91796
6.50504 -8.49211 0.00856071
9.00493 -5.85877 2.78335
0.291194 -3.47829 -0.431775
-1.92415 -9.39874 -0.286271
2.65508 -0.891303 -0.431743
-3.94357 -10.1699 2.09498
-2.47161 7.96261 -0.297729
1.89261 -10.1299 2.90725
-1.68664 -1.489 -0.573789
-4.21871 1.68652 -0.802234
-8.36915 4.72022 -0.109265
-7.8047 -8.61072 0.331471
-2.08726 -3.07007 -0.526072
-11.9587 -3.90213 0.303554
23.6694 -16.6704 2.15885
-3.64378 8.64695 0.353281
1.10455 -4.26563 -0.368883
-4.04277 15.3351 1.0828
15.3054 -8.85846 3.49185
-5.54736 7.72708 0.302024
3.14202 -13.2062 -0.406267
25.8575 -11.2711 3.67038
-7.27065 7.6944 2.02402
-0.30327 -2.6626 -0.480876
3.88561 -2.89734 -0.322815
-4.11104 -10.1008 2.28741
-7.4239 -8.81781 -0.969469
52.9549 -26.2081 2.58538
13.7633 -11.723 3.12532
-3.88316 15.7069 1.05692
0.893957 -1.90319 -0.458645
-2.49124 -0.489502 -0.646227
5.38982 -8.99252 2.77226
-8.38 4.81477 1.10626
2.44671 -4.84314 -0.294338
-7.28844 -8.88285 -0.911493
-8.60804 -7.61147 2.19674
-3.32857 3.75442 -0.855739
-4.21603 11.345 -1.17641
-4.65029 10.7547 1.66521
-1.71411 2.89331 -0.748575
-6.26539 -9.22117 1.51985
6.77213 9.1883 1.09752
-10.3086 -7.54846 1.49995
1.70909 -2.31953 -0.415088
7.61792 -1.72709 -0.232755
9.21276 -7.68528 0.087185
5.24015 -12.4346 0.0980436
-8.40339 4.82996 1.67497
2.50115 -1.0922 -0.427056
-5.12166 -9.77051 -0.843768
-7.58454 3.97744 1.76616
-7.53453 -0.472445 2.47984
-1.89128 -11.0342 1.72499
-3.79677 15.992 1.00006
7.97058 -6.37838 3.26181
8.66153 7.42392 2.74108
-7.3068 7.48838 1.29387
-6.08832 -3.48473 2.63148
6.89219 -5.51745 -0.100426
5.9294 -8.54253 0.336725
0.106517 -2.93668 -0.457701
-2.6845 -2.49995 -0.56686
-8.89816 -8.12757 1.70936
-3.69175 -1.91945 -0.633545
-3.37174 16.9504 1.129
-2.71616 8.08179 -0.490415
6.65163 9.24333 0.754645
7.4837 2.14532 2.27321
-4.48717 9.49125 1.89283
48.0887 -26.0767 2.73912
0.896849 -1.4962 -0.473151
-10.5063 -0.323308 0.526211
4.92367 -13.8637 2.10858
-5.68402 -9.46097 1.50227
52.6139 -26.4878 5.12914
5.09651 -11.2245 3.33911
7.39917 1.40372 2.8725
-5.18211 1.86316 -0.839092
20.723 -10.912 0.594129
7.73519 2.32271 2.8694
-6.6609 -4.10633 -0.653775
-8.29384 1.67584 0.112094
31.9201 -19.3942 4.16781
34.3037 -20.566 2.00274
-4.66631 2.64296 -0.840437
-4.30536 -10.111 -0.728943
-2.68927 1.48924 -0.726629
-4.30784 2.45222 1.63075
-5.46756 -1.40123 -0.71995
-8.52817 -8.37105 -1.05245
-6.34591 -9.18145 1.72414
-3.59758 16.5008 0.898997
-6.03819 2.08536 1.84522
31.0696 -13.0932 3.95767
30.8091 -11.8797 2.87405
19.1599 -6.71468 1.32153
-3.29733 -4.50144 -0.507288
-8.07983 2.6996 0.497508
4.52686 -3.51617 -0.275855
4.06969 -8.43091 2.7054
-3.54415 16.2454 -1.92781
-5.10974 6.49695 2.31164
-3.75994 4.54419 -0.898899
-5.5727 11.6823 1.0961
-4.02485 10.6306 -1.10481
-3.15191 11.1274 2.21134
0.781753 -6.40784 2.10973
5.6201 -8.76554 0.660863
-0.68912 -11.5923 -0.311928
11.6655 -8.49942 3.31289
-3.1226 1.31048 -0.738117
-9.8902 -7.77019 -1.07011
14.1433 -12.2445 3.11655
11.7509 -16.6933 3.27986
6.97751 -10.2699 0.09004
13.6544 -12.8925 0.555789
-5.67979 -9.41957 2.7093
-10.6291 -0.515872 1.90566
15.7941 -7.70811 3.14885
-2.87856 5.22772 -0.909594
-2.4901 2.70055 -0.767531
-4.09711 8.62236 -1.56745
-3.30619 -3.9544 -0.532066
-2.91429 5.5003 1.92736
-3.91836 2.36878 -0.501027
-7.73916 4.42473 1.73021
-3.68852 -10.3098 0.681472
-3.59901 16.5041 1.25998
1.10678 -2.72745 -0.424089
6.05372 2.02169 -0.262621
14.2895 17.1967 1.52705
-4.24058 0.358196 -0.748005
-7.11697 -3.20133 0.507846
-2.10465 -10.9272 2.67442
-5.54631 -9.5851 -0.669085
2.87746 -2.28975 -0.373026
2.91826 -11.0745 2.7509
9.35275 -4.90426 3.25542
2.89543 -1.08483 -0.418915
-10.8699 -1.27519 0.0781908
-3.91515 -2.71294 -0.607347
-11.4262 -2.52925 0.909557
17.8114 -19.1627 2.91721
6.0854 8.41891 2.16891
-8.43324 4.49281 -1.30474
-8.9383 -1.31361 2.4352
16.2775 -16.479 3.43254
-5.34449 -2.36155 -0.67624
-2.49648 0.498239 -0.687104
-10.7538 -0.917192 0.670782
-1.90728 5.33563 -0.863456
13.7971 -12.4891 0.813755
4.69303 5.30266 2.6541
-5.00271 1.52444 -0.829368
6.3003 -14.4528 2.09777
8.0692 -8.63458 2.839
-8.2451 0.25308 2.41971
-2.51303 -1.30439 -0.618986
-9.03485 3.4212 0.781222
-10.1699 0.182528 -1.53289
-0.321724 -7.97639 2.50197
-0.897953 -3.07501 -0.484881
-7.9227 -3.08449 2.04183
-3.28382 1.50538 -0.747661
-4.56382 2.65975 0.507409
-5.68799 -0.505122 2.02026
6.0877 -4.50379 -0.178225
11.1704 -9.69643 3.47001
29.0182 -17.8714 2.75664
8.69388 -2.96212 2.29238
-3.0818 -2.15492 -0.597943
46.49 -20.6232 4.73435
-7.28167 -8.85142 -0.298515
-10.8684 -7.38254 -0.63263
5.46239 -9.1023 0.315653
-11.279 -3.23576 -0.852076
22.8935 -21.2593 3.66625
-9.43036 2.47334 2.0799
0.298253 -2.10052 -0.477484
-10.7072 -4.554 -0.775757
-4.95084 1.84 -0.837672
-11.3812 -2.42727 0.716701
10.2886 -9.46282 0.184127
7.05028 -1.30926 2.51479
6.11512 1.9051 0.0708726
-4.428 2.53679 -0.832916
0.68641 0.298991 0.125359
-3.96987 13.5613 1.65812
-4.89903 13.3022 0.967893
28.8923 -18.0463 3.59507
-4.28414 8.8459 2.24384
17.1893 -13.242 1.08567
15.8771 -15.5037 2.06361
-4.24906 14.8914 1.10631
0.936861 -3.94668 -0.387062
5.92211 -2.93405 2.5323
-5.30656 -7.16089 2.33334
-2.89597 0.698461 -0.708519
6.34139 1.97168 0.62153
-3.84102 3.95734 -0.874742
-8.26742 -6.70208 2.16938
6.8 9.19158 1.9062
6.90348 -10.9017 3.10192
-3.07996 4.67889 -0.888554
6.31745 -10.7025 1.2734
1.88821 -7.4735 2.57946
2.2998 -2.49638 -0.38571
-2.8982 4.74239 -0.881578
-11.1689 -6.98007 -0.311237
-4.34273 4.52677 -0.916018
-10.9739 -1.44285 0.689571
-9.8976 -7.71388 1.49602
2.19942 -2.19239 -0.400926
-7.44698 -6.50149 2.19128
7.55157 -7.40253 0.00856849
-5.11942 0.937515 0.164899
52.5169 -26.8277 4.77193
4.75487 -13.8221 1.6708
-3.29515 -0.710274 -0.667791
8.16075 4.6877 2.84358
5.90569 -14.2278 2.9049
7.61167 1.90225 2.68395
-2.30498 4.3338 -0.837076
7.51771 -9.27385 2.81674
-7.096 8.09669 1.92805
2.62645 -0.391383 -0.97361
8.09115 -3.49395 3.15337
-6.61247 -3.73936 0.914483
-4.85021 -7.86236 2.33636
4.39761 -11.6312 0.687395
9.80476 11.5071 2.61384
4.05332 -2.70743 -0.324374
25.4376 -9.63138 1.10767
-5.09943 -9.6859 2.29631
-3.54303 8.42632 -0.490642
-1.56333 -11.1689 1.48988
46.8996 -19.7647 4.73609
22.0523 -9.45308 3.27036
-6.9059 -8.96224 1.12259
-6.28441 -9.2836 -0.884141
23.5552 -21.6148 3.75131
9.82491 2.68459 2.76229
7.24232 -6.8528 3.25468
-10.1163 1.68985 0.194871
6.48002 1.95765 0.670986
-2.75215 18.5535 1.34
1.91682 -4.73851 -0.314357
-2.13885 7.73341 -0.97221
6.00332 -13.108 3.02681
-3.30721 -1.71081 -0.631205
-6.59605 -3.62943 1.66883
8.20454 -3.51986 2.53464
34.5878 -20.1794 3.98025
-4.17597 -7.06544 1.97048
22.9207 -15.5153 3.77274
16.0541 -7.04955 3.24857
10.3033 2.68142 2.49522
-2.67129 4.43386 -0.852275
-3.69966 -1.30388 -0.659836
-8.91767 -8.16068 0.087919
4.83166 -10.8628 -0.107418
-1.89409 -0.305875 -0.629715
53.6562 -24.193 5.12525
-4.08174 -0.705483 -0.697686
-5.95444 6.91049 0.496374
23.7138 -16.4785 3.04706
28.6302 -18.8699 1.5012
-4.35584 2.54363 -0.102104
-2.06604 3.66364 -0.794808
-2.31119 8.00174 0.0957854
-4.84656 8.93466 -0.244573
20.3741 -8.0753 3.11627
-1.89544 0.895236 -0.677499
7.40319 1.14545 -0.521365
-4.47101 2.60601 0.351647
-1.64726 6.09761 1.86883
-4.29975 8.74138 -1.33726
-3.9822 -10.1828 0.900433
7.80785 -1.55797 0.83952
15.14 -9.26552 3.24088
2.68765 0.501324 -0.491426
5.84479 -11.7881 3.08383
6.67472 -14.581 3.06623
10.7115 -2.62417 -0.131025
0.0936082 -2.70955 -0.464557
9.94271 -15.9206 3.47766
-4.05201 2.39609 -0.774777
-3.529 -10.4332 -0.710562
8.34692 -7.32336 3.26285
-4.50209 -1.68776 -0.673445
-7.76124 6.82109 0.389096
-2.86953 6.06963 -0.94122
6.77423 9.16052 0.361497
-5.6128 -6.99895 2.74539
7.33324 -2.09959 -0.22723
6.0658 1.0514 -0.144687
-6.54195 -3.70696 -0.292578
-7.62458 -6.80198 2.2033
-2.30326 4.58844 -0.845832
2.60258 -9.63669 2.58591
-1.91046 7.7582 -0.713502
-3.33544 -10.4141 2.48576
-7.02503 3.2488 2.09414
-2.91786 -10.6769 -0.804554
-3.21585 12.1888 0.551857
23.3859 -9.35019 0.639076
8.09487 -15.1392 2.91368
-11.8044 -5.06047 -0.263051
5.13438 -11.4865 3.29419
8.13496 -15.231 0.0659469
-1.09098 2.09788 -0.688988
5.49948 -1.66364 2.11882
-4.0751 -6.95759 -0.437644
55.0358 -26.8635 3.06928
-10.0402 -1.64875 -0.865206
-4.54177 -8.13521 2.35636
14.1049 -15.087 3.82726
-1.6854 -1.90326 -0.558172
10.3246 -2.58838 2.29706
-10.8518 -1.09764 1.0826
15.3616 -13.5365 3.1695
2.49426 -3.70279 -0.336693
6.89552 -6.89634 3.24396
-3.2812 0.695123 -0.724893
-1.89892 -3.47242 -0.502352
15.7316 -8.79393 0.34219
36.4942 -20.6712 4.42692
18.4319 -6.08701 3.00525
-6.61959 -3.95794 -0.631459
8.71648 -12.1318 1.57573
0.821884 0.406166 0.078933
5.7286 -1.13246 -0.316298
5.19215 -10.1464 1.20132
-7.90813 -2.88849 2.10844
-3.06733 -10.6125 -0.803029
-0.101056 -3.69777 -0.436725
-4.11031 -5.14451 2.26544
19.3516 -6.38988 2.64996
-1.70373 2.68735 -0.735208
-0.707662 1.54881 -0.647815
-3.48503 -1.29578 -0.650481
-8.23427 1.48318 1.85428
1.29847 -6.83759 0.110825
-4.53931 1.43628 -0.807099
-10.7644 -6.8177 2.59786
-1.90067 -4.43035 -0.463545
8.08277 -9.4711 1.91619
-10.5368 -7.45947 1.29841
8.74912 -3.53016 -0.107123
11.7812 2.05849 1.91449
52.8179 -26.5855 3.33351
2.60728 0.0701019 -0.125481
-5.413 9.42202 0.276645
6.25268 -14.4233 1.88522
11.4827 2.33184 -1.69016
-0.838408 -8.30023 3.01623
-7.21635 -4.94405 2.28877
-4.92512 -9.74972 -0.375958
-2.08751 6.58524 -0.926877
7.85148 -3.46817 -0.149538
-0.702046 -2.08772 -0.515719
24.6856 -15.527 0.923085
6.25214 -8.86896 0.808109
-6.6029 -3.58401 1.76119
-0.210146 -6.96358 2.50957
-2.91028 -3.8145 -0.523097
4.9311 -10.3045 0.712747
-7.70301 1.24069 0.057144
-8.72427 -1.90224 2.47839
-2.98355 3.97627 -0.616369
4.38036 5.4597 2.6623
-6.68577 3.30179 2.36192
-5.25257 1.48318 -0.8316
23.964 -21.7209 3.21325
-7.67062 -6.68296 2.19388
-2.46582 4.78833 -0.854248
-12.0318 -4.48991 1.323
10.4244 2.61092 1.11601
-3.41592 12.3471 0.641724
-5.80837 11.1464 1.48409
28.6191 -18.6138 3.80777
5.93831 0.956596 -0.0324537
-4.15198 11.3843 1.65151
-1.09512 3.52323 -0.74476
-7.41987 2.11259 2.35339
-6.02144 0.212562 -0.808057
-6.53174 9.90716 0.446941
-7.29672 2.88695 1.84846
9.26196 -2.96417 -0.110429
5.34184 0.894297 -0.425899
-2.83097 8.65936 0.567432
7.67412 -15.0212 2.34698
5.28668 -13.873 3.07816
1.70428 -1.49776 -0.439912
-5.38158 11.9503 -1.59523
-5.05527 8.08793 2.2523
-8.83527 -8.20857 -0.728868
11.1043 -16.3928 2.63666
-3.46494 11.9517 0.623144
10.1298 -16.0117 2.30782
-2.73167 4.12977 -0.844458
52.4371 -27.21 3.68237
-8.70956 -2.09596 2.48647
11.4802 -11.2717 2.98063
6.68547 -8.85035 3.10972
13.8402 -12.4853 0.859271
-10.5591 -2.48784 -0.854419
1.70839 -4.93808 -0.315318
-1.89894 -0.494143 -0.620909
-4.89512 7.52483 2.28425
-8.93555 0.106152 1.89024
-4.45955 2.56274 -0.704047
-4.41802 4.4469 -0.915314
11.7072 -16.6189 3.51451
-2.29163 2.89616 -0.767323
20.2686 -14.2756 3.67479
-3.08419 3.25793 -0.820461
12.9199 -5.49666 3.04778
28.8236 -11.3245 3.83386
6.90744 3.70339 2.82627
12.7619 -5.89362 2.95059
-0.502083 -2.66595 -0.486656
-1.30114 -5.13283 -0.416722
-2.71015 -1.85327 -0.602574
-3.11345 5.50967 -0.92414
5.89128 -1.68974 -0.294783
-4.53783 1.31855 0.115909
-3.28255 -1.29249 -0.642343
-0.699565 1.69217 -0.651707
14.0078 -12.7167 1.52969
9.23907 -3.95998 3.21205
28.1721 -12.9085 3.83499
12.0396 -7.60026 2.98844
3.23325 -5.1422 -0.254365
-1.70646 -1.7008 -0.567696
-10.832 -1.30282 -1.11676
10.5265 2.56768 1.07541
1.90239 -6.96373 0.494899
7.63688 0.421496 0.45348
-6.08324 -4.45362 2.12064
-8.07397 3.94083 1.43397
8.02252 -9.18408 2.29478
-2.55012 6.53158 1.8681
-3.68853 3.37987 -0.49824
6.69017 -12.7014 2.92659
8.75604 -8.13595 0.0867989
-4.10258 -10.1528 -0.12532
23.2959 -11.6025 3.21965
-2.29304 -2.49309 -0.554993
5.14828 -1.53565 -0.324016
-4.07634 1.48669 -0.731075
1.71098 -6.80856 0.293874
-4.04712 -0.295639 -0.716315
0.299264 -1.8925 -0.485281
-0.844358 -8.49537 2.61664
-2.16088 7.8407 -1.14145
-10.2348 0.349359 0.708953
-3.9988 2.3058 -0.813442
3.26188 -2.28622 -0.361928
-1.71849 -11.1099 1.52795
8.76049 -6.34418 3.13468
-7.65684 6.3637 -1.30961
-5.9959 6.61386 0.609254
23.8446 -16.1515 3.29624
9.38697 -4.85285 3.11217
-3.51723 -4.18906 -0.531063
-3.08351 5.64557 -0.939396
6.96189 -7.13444 3.25388
-3.12314 0.905049 -0.723513
13.8295 16.8529 2.30113
-3.24163 8.28659 -1.35748
10.5341 -16.2017 2.51311
-2.49275 3.27787 -0.798197
3.71485 -11.247 2.77667
-8.29371 1.31051 1.86098
-2.10111 -1.88292 -0.574975
-5.61144 11.3102 -1.14962
10.1482 -3.21811 0.707467
5.46023 -4.64763 2.59504
3.47389 -13.3233 -0.410958
-12.102 -4.2894 1.70977
-3.05939 11.6143 0.381237
-3.89313 4.50624 1.88212
-1.65919 -0.737524 -0.597733
9.95095 -3.08469 2.69886
4.26831 -13.5969 1.89688
3.22818 -6.21663 -0.209116
-6.29711 -9.24633 -0.134602
-4.73885 8.89288 1.90522
-1.49429 7.51369 -1.35475
7.78661 2.41383 2.43386
5.81829 -8.63908 -0.538829
-3.23399 17.365 1.64363
57.892 -26.5406 2.79036
-1.76425 -8.59564 2.61867
15.1274 -7.10439 2.88982
34.2211 -20.8001 1.508
18.4883 -7.09049 0.375808
3.49439 -1.69304 -0.376566
-1.70358 3.99335 -0.795299
-3.08154 -10.5713 0.277981
-11.5861 -3.20579 -1.41904
-1.1824 -11.3832 -0.682985
-1.50252 -3.68721 -0.483436
-10.8166 -1.19914 -0.323471
0.0856842 -6.23308 2.09678
-7.98055 -8.59284 -0.952261
6.61179 8.05692 2.12466
-3.12563 -0.307572 -0.680509
2.90416 -0.450485 -0.104112
4.77412 -10.7606 0.854529
-0.0970412 -2.30052 -0.485531
-2.104 7.92591 0.0759497
8.22822 -9.53762 1.47915
58.4027 -25.0726 4.74385
19.195 -6.73641 0.51756
-3.98567 4.90723 -0.923177
6.06175 7.42836 2.12538
-5.76173 2.71797 1.83267
-3.14673 4.90373 2.09719
-4.12579 1.71725 -0.306738
-1.93428 12.7722 1.7606
-1.71194 -11.1931 -0.654003
-11.8994 -4.90277 1.70899
2.50368 -3.29018 -0.351145
-9.33741 -0.891617 1.91184
15.8106 -15.4237 2.05279
-5.36426 11.6197 -1.2441
10.5544 2.57403 2.47904
-2.74817 -8.57673 2.43847
-9.29477 -7.97029 1.10139
-10.8181 -2.1516 1.90629
-9.63882 2.43399 0.253056
2.79866 -9.03724 2.593
-1.42413 -6.22151 2.28476
23.5985 -16.8362 1.97864
10.3258 -6.90578 2.68034
-8.13916 0.481726 2.41406
-8.4222 4.45955 -1.49522
5.88347 -3.70051 2.55916
-5.30227 0.870554 0.170255
-3.67484 16.3652 1.30409
-11.7919 -5.14183 1.67319
-7.76766 6.37518 1.30611
-3.69879 -0.496377 -0.690619
-2.72532 3.08371 -0.799735
10.3285 -16.0889 2.48627
-6.14305 -2.90958 2.6131
8.51054 -6.48218 0.00874282
-2.30132 6.11345 -0.91566
9.42914 -15.746 2.8946
-3.7161 2.64839 -0.341927
6.18753 -7.57262 3.25262
28.8449 -18.2663 2.54633
13.0879 -5.10377 2.94916
7.31931 4.48952 2.80285
9.10051 -9.89193 2.86929
-3.88458 0.105437 -0.722531
0.501178 -6.29177 2.09851
-4.6185 2.65382 -0.112412
-2.12613 3.85016 -0.804996
16.0192 -8.1841 0.340139
36.806 -19.9673 4.42002
12.0961 1.91274 1.50524
-4.68681 0.692832 -0.779894
-4.53763 -7.517 2.35889
13.2047 -14.4081 1.94095
-2.1047 0.299151 -0.665293
3.754 -1.30957 -0.385534
4.44785 4.27304 2.19827
-2.63106 8.25928 0.356112
0.638089 0.369074 0.234345
14.1455 -15.2327 3.72448
3.48919 -3.28026 -0.318673
-3.24355 4.72926 1.92897
19.2187 -6.4821 2.0777
-3.56869 2.13995 -0.815599
4.87382 -6.46169 -0.141464
3.69781 -1.49527 -0.377966
-7.57225 1.93808 1.9287
7.8747 -6.50229 3.26308
0.495805 -2.29231 -0.46138
-1.50658 8.68494 2.30733
5.64733 -12.0989 0.0967698
-4.91647 13.3262 1.5155
9.22962 -4.71718 3.24664
-4.4218 2.61407 1.09133
9.23349 -6.64314 2.80174
-1.70319 -0.691803 -0.606236
-4.70898 7.49014 2.29216
8.75323 -15.4604 2.69045
-4.29203 2.5016 -0.695214
-1.89139 -2.0991 -0.557184
8.18712 -2.97132 -0.152144
-7.32198 -5.10178 2.16416
2.29132 -3.4712 -0.352627
2.28493 -0.260805 -0.489673
6.48807 -7.09314 3.24583
-3.49915 0.904608 -0.738517
-6.7316 -4.2056 -0.30107
-1.69616 6.51154 -0.902714
-5.70491 -3.91714 2.15492
57.8849 -26.5131 3.18885
-0.924107 -8.86701 2.52305
-10.2634 -6.37709 2.60646
-3.08348 -8.05629 2.68052
7.61986 5.50838 2.77482
-5.97821 10.5901 0.532498
-3.91319 -0.0941925 -0.716722
1.96852 -8.52593 1.08163
15.3957 -13.2792 0.515546
24.2032 -15.1176 3.71286
10.1528 -10.274 2.94488
6.59368 1.35377 -0.488372
-2.905 4.06535 -0.476402
8.86779 -7.90434 2.63346
-1.05364 -11.418 0.081087
6.9104 -9.31629 0.864121
-5.6871 -9.48902 0.0785071
-11.9452 -3.68624 1.5066
-5.50289 -7.0918 2.33108
-3.10418 0.708873 -0.714863
2.68546 -3.68127 -0.329758
11.7339 -8.32002 3.45655
11.9088 -7.90562 3.37171
7.6572 4.91472 2.80445
-5.72814 11.1247 0.471482
5.53972 -14.0985 2.89778
7.56746 -9.51632 0.124177
-4.25412 2.51225 0.0903137
0.693762 -2.09326 -0.460265
-3.60125 16.5063 1.15358
2.19564 -6.96223 2.7802
-6.10931 -3.6759 2.12858
-2.06167 8.33945 1.80221
15.7346 -7.79697 3.46638
5.58121 -1.37178 -0.31138
-3.11263 2.91544 -0.809921
9.94449 -15.933 2.49683
-2.9363 4.09003 -0.61927
4.09229 -7.07069 -0.142933
-3.47859 1.50963 -0.757639
2.09832 -10.2343 2.73446
-2.18037 -5.09414 2.13947
53.4917 -24.523 5.12593
-4.29977 -0.308883 -0.72179
-1.49636 2.48747 -0.719002
-1.69727 -0.101553 -0.629389
6.68413 -8.85785 2.92478
13.8771 -12.5007 0.702705
8.25893 -15.2347 3.26158
-2.32105 3.34254 -0.794987
2.29976 -3.28222 -0.358152
19.8428 -14.3133 0.920925
-2.08784 3.47751 -0.790315
3.66851 -5.85802 -0.206313
30.7182 -11.8426 2.24749
9.78192 -3.96124 2.76869
28.6943 -18.6697 2.1331
7.97291 -6.77457 3.28085
-2.09291 0.697486 -0.677871
-6.59802 9.13007 0.839971
-7.32191 2.09776 2.38781
-5.98371 0.112556 -0.802644
-3.0449 2.47484 -0.787104
-4.02833 11.425 1.65086
-0.922433 3.73489 -0.749461
6.37292 2.05607 0.779444
2.30638 -4.91266 -0.294411
-1.30841 -6.14267 2.41656
-4.28907 1.69689 0.0486983
-11.1853 -1.89931 1.85606
0.96989 -6.82637 -0.121198
-3.50581 -3.33811 -0.564236
2.71844 -10.3188 3.22389
13.5878 15.5513 2.05232
5.67593 -13.8726 2.95791
7.68867 -9.35831 0.116506
4.90618 6.27492 2.63696
-10.4902 -0.321341 0.331754
17.4709 -19.0294 2.88053
-1.47886 -7.51085 -0.320409
-6.18531 -2.46806 2.30067
8.96281 -5.90916 3.1055
5.1651 -3.33862 2.37505
42.1202 -16.5523 2.55249
12.431 -6.69559 3.04598
-5.90222 8.63346 1.54947
15.612 -15.2199 3.6325
-9.94418 1.10138 1.11462
-6.50066 6.23351 1.77694
-9.38194 2.57574 2.06044
-1.92689 -9.52431 -0.289695
-11.1583 -6.97196 -0.110282
-5.98279 -3.28618 2.63715
57.6082 -27.2217 2.7888
-3.07048 2.68866 -0.795257
10.3287 2.66417 0.991728
-1.4827 4.24279 -0.793605
-4.08712 4.08175 1.89907
6.76442 8.72136 2.11026
-11.8291 -3.58835 2.4398
-5.25961 -9.62591 2.09734
-2.8845 -1.10317 -0.636172
-5.85341 -0.107832 2.00698
7.69143 2.72646 2.89705
5.26434 3.91713 2.12909
20.7523 -10.4467 0.591733
-10.8151 -1.32156 -1.51819
13.0775 -14.4913 1.57814
7.28988 5.88391 2.74554
-6.19238 10.1058 0.529231
11.3275 2.2181 1.30332
0.759439 -5.85242 -0.320506
4.88821 -1.2978 -0.350441
-6.692 -9.03335 2.08317
8.23841 -4.74466 3.21188
-8.35502 4.66503 -1.10732
17.0566 -11.2428 3.02752
-2.30133 -0.101022 -0.657994
9.98646 -10.4016 1.0741
37.2994 -18.7726 4.40761
7.45438 4.69551 2.80414
13.3156 -4.89987 2.89883
-11.749 -5.18079 -0.509335
2.8941 -2.70393 -0.359961
-6.73337 -5.92497 2.15399
-4.22206 1.88108 -0.584521
18.5111 -16.981 3.72331
10.5662 -2.32198 2.77015
-0.914629 -11.4332 2.29963
-10.3929 -0.255122 -0.884239
-11.4178 -2.56386 0.334622
-1.50237 -1.70405 -0.558986
21.237 -12.0808 3.47441
-10.286 -7.59619 0.0886218
-3.11823 -5.13113 2.31146
6.28629 7.9135 2.12077
-0.743352 2.65098 -0.694449
-3.50107 -0.293885 -0.693156
5.24491 -6.39527 2.43972
-4.49118 -2.30386 -0.643781
7.79257 1.40134 -0.477701
-3.86914 2.32911 -0.816401
1.69794 -6.88172 2.54859
-2.48114 -8.45616 2.4454
-2.90906 -3.56534 -0.5329
11.0231 2.4047 1.19003
-9.06993 -3.07115 2.00916
24.1948 -9.51157 3.05225
-1.49091 -4.62008 -0.441313
5.94604 -11.8462 2.93825
-3.72314 3.03702 1.30087
8.01479 -8.22449 2.89703
8.92444 4.29747 1.70564
-1.52202 4.03829 -0.789778
34.1268 -16.6593 4.23748
1.2971 -1.89817 -0.440873
-10.4486 0.816791 0.138835
-3.46713 3.26024 -0.840492
-5.11794 9.03497 -1.52078
-4.59636 1.55697 0.118256
-1.58576 -6.2353 2.41418
9.24523 -1.60266 3.12076
-2.07015 -1.32497 -0.596287
19.6981 -14.4983 0.920587
-2.15302 3.65285 -0.80182
-12.0182 -4.1215 -0.29666
-6.09641 -3.9143 2.13685
5.69329 -1.1313 -0.314488
-5.87822 -1.69464 2.11244
4.59392 6.4384 2.63011
7.67281 -5.87518 -0.0528435
4.68541 -13.7558 2.29133
-1.97711 -10.996 2.00834
-3.77272 11.1903 1.89748
-11.7499 -3.52074 -0.817937
-9.02904 -0.0945511 1.89446
5.74093 7.2987 2.11958
-4.11794 10.9724 1.66571
-1.10357 3.29628 -0.737158
-0.97375 -5.41432 -0.399327
5.47808 -12.6666 0.182407
-6.99163 -5.66866 -0.600869
-12.1176 -4.12834 1.7047
-2.11164 -2.71114 -0.538597
4.31827 -8.91423 -0.0542766
0.297764 -1.496 -0.498962
-3.69952 -4.89197 2.2715
4.54383 -5.71201 2.58261
8.58069 3.50777 2.14773
-4.26046 3.5787 -0.484277
4.53274 -5.30395 2.62953
-3.68172 -5.27033 2.30182
-4.22555 10.2056 1.7095
-1.29689 2.49689 -0.712049
-3.88181 10.9231 1.74331
-0.802861 3.07443 -0.716587
10.6376 -11.2353 2.95837
7.3894 1.13039 -0.393253
7.70279 -9.3423 1.29934
3.65352 -1.08546 -0.392931
-3.38742 12.0945 2.1218
-11.3809 -2.64583 -1.11186
5.12507 0.856997 -0.441309
12.3565 -6.89823 2.97007
28.4585 -12.2065 3.83304
11.0147 -10.1161 3.10522
-2.67816 2.14794 -0.756734
-0.497246 -1.89806 -0.515298
-0.292847 -3.07327 -0.464799
9.81098 -8.06059 2.73877
2.67537 -0.341442 0.378154
15.3933 -8.62389 3.48342
0.69743 -1.29533 -0.490306
-9.10147 -8.03665 1.89627
-2.70622 6.51829 1.85233
-3.83757 3.41336 -0.512418
44.7411 -24.6164 2.87656
-3.37785 8.65391 0.24361
13.1726 -14.3567 1.69504
-6.90046 8.51395 1.49206
9.96048 -3.51245 2.76634
44.6093 -24.5422 4.73667
8.31935 -8.63128 0.087032
6.55688 -13.3346 2.93234
-6.66839 9.1199 1.88149
3.71218 -2.74656 -0.334899
-5.46494 6.8305 0.277506
34.1929 -20.5039 4.20875
-5.14469 2.13654 0.117777
-8.63453 -0.519251 1.93165
5.99614 -8.85752 0.797376
7.36886 -9.93821 0.0896872
-11.7283 -3.51903 -1.34356
-6.6399 9.09109 1.12133
-8.78988 -7.28167 2.18219
-6.49663 -3.70102 2.11121
4.69123 -6.33788 2.64026
10.8601 12.8233 2.60185
-8.49139 -2.64143 2.10076
11.6961 2.0765 1.31475
39.0087 -22.405 2.25243
52.7809 -26.5754 4.03603
5.2126 -1.46743 -0.326458
-10.4306 -0.371552 -1.43922
28.7697 -18.4658 2.3338
1.11772 -6.90454 0.118341
-4.71063 1.53171 -0.809446
-3.25364 12.4856 1.88548
-11.1597 -2.20334 -0.860927
-6.82162 -4.08272 2.0571
6.88612 0.105558 0.339076
2.79568 -4.59134 -0.291569
19.3021 -19.7744 3.92871
-5.74556 7.56148 1.75886
-4.57208 -9.98594 -0.865614
-2.71392 -4.35728 -0.49819
-2.49745 1.88491 -0.733464
-8.50586 -8.34111 -0.428267
6.57194 -4.77908 -0.142145
2.45652 -9.32042 -0.109942
-3.96695 1.4663 -0.773766
-8.10195 -8.50903 -0.422017
13.0368 -5.90306 2.91858
7.08454 3.69225 2.82411
13.6925 -12.9564 1.46499
-8.90031 -2.43925 2.45161
9.02835 4.54252 2.21006
-3.86728 2.5024 -0.503155
-11.7922 -3.68699 -1.39384
14.7261 -16.259 3.39558
9.92885 -9.81166 0.183779
-3.83636 -10.2238 1.68664
-1.49778 -9.11712 2.50166
42.1712 -16.5586 3.38074
-1.90062 -4.14998 -0.473004
-7.29128 -7.29234 2.16329
-4.51638 -10.0445 -0.902732
2.27417 -1.48913 -0.420383
-6.51427 -6.31721 2.74158
2.09846 -6.9252 2.70346
-5.58181 9.3498 1.54752
-0.928192 -8.68824 2.91875
2.11593 -3.50131 -0.355438
10.1704 -16.0721 2.29143
7.65623 -14.9843 3.0824
-5.92218 10.8862 1.49031
-8.62502 1.38879 0.492191
52.0864 -27.8408 4.03316
4.71784 5.14337 2.37839
5.71532 2.06413 -0.124348
13.7261 -12.6914 1.05292
-6.64245 -3.86293 0.501775
-4.27735 -2.45587 -0.628917
-3.31039 13.2022 0.596205
26.3467 -22.7216 3.02803
-3.30534 -10.5289 -0.703471
-11.5789 -2.83812 1.31071
1.09499 -4.9979 -0.33988
-8.72568 -8.13058 2.14156
2.07355 -3.46793 -0.359124
-7.5387 -5.10431 2.13478
-1.12198 -11.3564 1.6956
-11.1642 -2.18729 -1.43413
-4.54988 2.65168 0.678537
2.28575 -12.8067 -0.368356
-6.20564 -6.39911 -0.538403
-2.29833 13.0139 1.63476
15.3031 -12.3974 3.1642
-2.16544 -10.9912 -0.524368
-10.7223 -0.923732 0.0769295
4.37278 -3.57887 -0.271935
15.1139 -15.4878 3.87756
-0.0261378 -6.68861 -0.357751
-8.20983 2.62866 0.536802
-11.0755 -1.71382 0.491262
-1.41121 6.6607 1.79971
-9.37378 -8.0114 -0.744832
13.086 -4.33251 2.72126
-7.01234 3.71372 1.81561
-0.501509 -2.10986 -0.507468
12.3496 -6.89619 3.05133
14.5147 -6.44347 0.21031
15.2399 -17.4504 3.43366
17.0232 -16.1566 3.33602
-4.55026 -2.59723 -0.636598
40.1602 -20.2243 4.4689
3.90705 -3.25192 -0.308701
-11.2296 -2.34185 -1.46476
-3.55042 3.12526 -0.83617
12.4961 -11.3445 3.02359
-7.2994 -8.83884 -0.446204
-4.1259 0.704458 -0.528052
-3.82947 -10.2216 2.06969
10.5771 -3.49079 1.51531
-8.14722 -8.51822 -1.02065
-8.48338 -6.08491 -0.630428
-10.9841 -1.4229 1.09068
-8.61568 -0.266787 1.91056
20.9938 -11.2355 0.605993
7.08668 9.04136 1.28641
3.96907 -0.921372 -0.395107
-3.1072 3.52429 -0.829752
-9.34069 -6.88597 -0.630132
-12.1201 -4.11125 2.44746
-7.29785 1.09733 2.42933
4.73143 -10.9668 3.31567
-7.70095 -2.95841 2.1724
9.67334 12.0879 2.57968
3.92097 -2.10905 -0.350017
23.4712 -9.55534 0.64585
8.11892 -15.1952 2.9231
-4.89456 2.14413 -0.382245
2.3109 -7.06116 0.301314
-7.6237 6.33628 -0.476824
-6.51848 9.49382 1.89039
-2.09439 7.27145 2.31462
-7.54357 -6.26836 -0.593087
-3.66552 13.1372 1.60042
3.66844 -7.87945 2.66024
4.13184 -2.93578 -0.311383
4.05885 -13.5173 1.69678
-10.5077 -0.517858 -0.828473
-11.8052 -5.12215 1.12689
-7.69723 0.484232 2.43629
2.09764 -0.890317 -0.445662
-2.49263 5.67112 -0.904554
-2.49874 2.09517 -0.742717
9.07682 3.10037 -0.892655
7.46743 5.0893 2.78534
5.12636 -13.9241 2.88242
1.06751 -6.32517 2.42976
34.2127 -20.7873 2.00414
4.73836 -6.55506 -0.141476
-0.303157 -2.10597 -0.500179
-3.28772 -5.50456 2.32663
5.01339 -5.16478 2.60116
-10.724 -7.42311 -0.319699
9.0693 4.63364 2.29135
-3.85737 2.49852 -0.699325
23.384 -9.53363 0.64314
-3.26349 12.3694 0.560221
-4.99316 2.21289 -0.405479
52.8801 -26.2199 3.3278
-0.916912 -11.4747 0.0814057
-2.58318 5.82482 2.39149
-1.29599 3.8738 -0.772392
-12.025 -4.28951 -1.29817
-1.48771 2.90355 -0.738696
6.9672 9.06613 0.50811
-4.46922 0.692363 -0.771026
-11.7811 -3.42706 0.311492
-1.89087 -2.51303 -0.542297
-4.69677 -7.90932 2.34485
-2.08906 -0.69311 -0.621185
13.5815 -13.1039 0.884786
-11.2218 -2.13839 -0.292877
16.814 -13.1303 2.1849
-9.5153 -7.95957 -0.901919
-8.31303 1.49424 0.11198
-6.69813 -4.44766 -0.633035
-6.51846 -4.09931 2.13654
-2.23579 7.8918 -1.45073
-0.586567 2.08745 -0.664353
-12.006 -4.13058 -1.31241
12.2557 1.85567 1.30667
-9.18678 -0.535803 -0.989788
-3.36476 17.0191 0.550845
-3.94995 1.48672 -0.729366
1.90849 -6.85483 0.298341
-0.906041 2.67505 -0.705006
7.66618 -4.66833 -0.101997
-9.87697 -7.80623 -0.606142
4.73754 -11.0528 1.04565
32.5282 -25.0831 4.58201
34.9482 -26.2564 3.80751
1.44356 -6.66171 2.57637
1.89769 -1.69844 -0.426661
1.9839 -7.2194 0.0538411
-3.88216 1.89695 -0.790711
16.5981 -12.9498 3.11998
53.7199 -24.1972 5.13055
-4.37921 0.370932 -0.183385
8.68303 -13.4438 3.06028
5.09964 -6.26729 -0.141311
7.749 -3.52043 3.13523
1.68168 -4.68013 -0.331365
-2.11255 -9.50002 -0.27719
-0.842141 -11.4253 2.86002
2.29192 -0.703722 -0.448486
6.1152 1.90211 0.287629
-5.49437 -9.56409 0.482884
-1.56935 -0.821474 -0.601515
-4.08751 -2.07154 -0.640956
8.50982 -8.10743 2.82349
-7.51023 2.89666 1.83697
14.7606 18.4446 1.91181
6.8235 -11.0757 3.10369
-6.8114 8.33385 -1.74763
-2.61661 6.62819 -0.956068
-5.52573 -9.56497 -0.321028
-1.64404 8.65248 1.82627
1.49428 -0.693409 -0.476551
5.88052 -3.27394 2.54219
13.1017 -6.84621 0.195047
3.49383 -0.706451 -0.411925
1.37704 -6.80606 -0.540785
-1.57324 -0.324743 -0.616866
-8.47057 4.69593 1.66144
-4.43362 -10.0035 0.694035
2.47631 -0.908557 -0.437503
3.65055 -2.4758 -0.344317
8.2423 7.02251 2.73976
5.93976 -11.8568 2.94058
-6.16596 6.12986 0.648072
6.43824 -7.03387 -0.0518298
9.48748 -6.25671 2.79927
-1.57662 -8.20148 3.00205
-3.07542 17.7333 1.06831
3.3083 -2.10128 -0.368999
7.84058 2.49787 2.6999
13.1982 15.303 2.31306
5.09916 6.09834 2.29958
-1.90249 4.47861 -0.829783
-3.49218 8.70088 0.486299
-3.22132 17.3117 0.522181
20.5067 -13.7031 3.65591
-9.89309 -7.77079 -0.10533
-2.87012 2.6714 -0.785954
-1.49265 3.11939 -0.748654
-4.48842 10.8334 1.66668
5.14196 -13.9599 2.30727
5.05689 6.10881 2.63878
2.83619 -0.384797 0.894676
-4.75551 0.880328 -0.796132
-6.7065 -9.04299 1.11702
2.30009 -4.57108 -0.308777
44.623 -24.55 3.79851
-4.93238 4.74667 1.83689
-4.40722 0.527431 0.017924
-4.50323 -5.99283 2.26278
-2.08241 15.3259 1.81496
9.13191 1.83847 0.662483
3.32881 -13.1702 2.71635
-3.09097 -2.07556 -0.604528
4.73634 -10.9108 0.288795
0.519645 0.484025 0.084945
-7.61863 6.84712 1.91105
-10.272 -2.62067 -0.834906
-8.67765 -7.48547 2.19095
-3.67899 -10.2845 1.8871
-2.10649 7.85158 -0.110188
-10.8845 -7.32248 1.1011
-4.49951 8.73726 2.24348
2.02744 -10.1886 2.71943
-2.21538 -5.1249 2.13913
-8.92497 -6.00363 -0.649355
-7.09141 3.09193 2.09682
-5.80127 -9.419 1.02821
24.1035 -16.0999 1.89195
9.29868 3.0866 2.08431
-10.5794 -7.55261 -0.944273
11.6779 1.8969 2.77537
-0.448011 -7.71346 -0.277657
4.12759 -2.52899 -0.326783
-8.8913 -8.15824 0.678309
16.4329 -6.1078 3.14142
7.35607 -3.96093 -0.145645
3.35176 -8.57883 -0.105037
28.9373 -18.0758 2.32925
11.7939 -8.20029 3.45183
-1.90181 6.53796 -0.913486
0.500877 -6.3181 1.29691
-0.708626 1.87915 -0.65992
-3.32966 -3.27106 -0.561371
-7.49445 -8.70138 2.11781
10.9795 2.39466 2.0675
-3.80436 9.03127 -1.37493
-0.71043 -11.555 0.720305
-9.89169 -7.76344 0.0922097
-5.95824 10.6636 0.53485
5.69482 -7.72328 -0.0521597
8.08838 -15.127 3.12566
4.432 -2.65637 -0.31164
4.75475 0.824239 -0.438507
-3.33697 8.64412 0.54259
1.89169 -0.313386 -0.482708
-10.7091 -7.42091 0.0899121
10.7508 -12.1146 0.307295
-2.89081 -7.30439 -0.37837
-6.39849 9.67394 1.08709
-8.71088 4.08708 1.51486
8.8992 -3.49627 3.18037
28.6345 -18.6387 3.17888
-4.60904 4.86832 -0.939806
16.8401 -13.1485 1.92304
-9.50002 -7.95636 -0.748625
-3.95105 2.39361 0.230508
-7.75559 6.51045 0.511145
-4.50998 7.49085 2.29461
-4.12126 2.43581 -0.693482
-2.38435 4.34182 1.87669
-11.9828 -4.51684 -0.112276
-3.89251 -7.69487 2.85842
5.1198 -9.90626 0.478275
1.31124 0.0560655 -0.499615
