ply
format ascii 1.0
element vertex 22603
property float x
property float y
property float z
end_header
-1.30843 -1.63867 2.24336
-2.20277 2.34515 2.29402
3.46898 -1.34065 1.63757
-2.1368 2.29341 2.20501
3.61182 -1.4629 1.80021
3.48741 -0.397253 1.56209
-2.12882 0.719579 2.16436
0.973937 -5.48257 2.86625
-0.157584 -2.54942 2.28529
0.827447 -6.96216 2.89596
0.623981 -7.00285 2.8977
5.70752 0.887602 0.795267
3.57732 -0.290955 1.5314
47.1095 -37.308 3.05079
29.4236 0.810767 2.40083
7.4966 -5.86535 2.38542
-0.58698 -7.34103 1.2931
-21.0245 8.49542 1.19385
3.42388 -0.476235 1.55708
-4.36631 3.28289 2.57326
-4.31988 2.85822 2.59281
-12.4018 5.38679 -0.918515
-21.0281 11.9844 -1.30811
4.69939 -4.88165 2.92825
46.2654 -38.4003 1.90568
-23.4436 16.9202 -1.43856
-22.3856 5.72223 -1.14157
3.93683 -4.49879 2.15599
-6.36821 -1.36675 2.65236
-1.69337 -4.58578 2.80212
20.0708 -8.96949 1.691
3.71005 -1.5479 1.81748
-3.94502 3.72895 0.103691
1.86248 -9.32206 1.50278
-9.38882 0.459197 0.779609
20.6028 -9.4026 1.47952
4.89137 -4.57979 2.92619
15.0134 -10.7372 -0.133782
0.331089 -3.84655 2.23099
1.95599 -2.90711 2.12835
-1.4589 1.2731 2.0331
8.53629 -6.88491 -0.272651
2.75037 -8.46877 2.30894
22.1021 -15.6594 2.64669
3.31761 -1.25167 -0.360607
19.4301 -8.48404 1.25131
13.3362 -10.7735 -0.143651
-1.0043 -1.20286 2.09134
-4.48504 3.45748 2.56043
0.516909 -3.54139 2.29678
-18.1288 2.49952 -0.959498
5.67499 -7.12144 2.48738
-8.69403 7.06983 -0.909189
23.6719 1.50183 1.31102
-10.4934 3.95647 -0.833838
3.98349 -1.77298 1.95124
-8.52539 0.960792 2.5585
0.436987 0.250268 1.15373
-6.46681 0.470367 2.60624
-0.769664 -5.14418 2.82444
-12.2287 5.39362 -0.910662
-1.07849 1.45093 1.83585
0.0519837 0.553495 1.09931
19.1443 -19.7621 2.88019
-13.4345 7.37811 -0.98718
8.34727 -7.1414 -0.268305
1.44982 -3.86927 2.34586
19.5564 -8.66732 2.68098
32.9638 0.321347 2.60952
0.932929 -8.56788 1.62089
-4.26328 3.10851 2.58386
-12.4478 5.63416 -0.91539
-13.0352 9.63192 -1.04193
14.0456 2.00315 2.13316
10.4632 -13.4492 3.11143
-4.20425 2.6672 2.59899
-12.2666 5.06456 -0.899399
-4.60922 2.89594 2.57944
-3.90628 2.45902 2.60856
16.5872 -7.54285 -0.184128
6.11097 -3.0743 2.41542
5.87076 1.1014 -0.290112
-8.31501 6.60193 -0.887248
-21.2914 3.4128 -0.672493
25.6924 -27.5639 3.28176
-9.0945 0.603345 2.55472
5.44962 -4.86314 2.93857
-1.35637 -6.12766 2.31667
0.238212 -8.00875 1.12514
13.2401 -14.6071 -0.0788009
2.9967 -3.79668 2.13326
20.1961 -9.05996 2.23345
-0.907789 -1.84147 2.25936
-20.7737 9.48125 0.228113
-4.46773 2.73053 2.59081
3.4163 -0.49279 1.39768
2.28069 -3.52357 2.24189
-17.0646 8.06771 -1.09525
29.6574 -22.7147 3.08979
-0.122086 -6.9062 2.87771
-6.76434 5.5634 1.7979
11.5527 1.83632 2.22562
10.7304 -8.89486 2.39503
-2.95334 -0.0849767 2.18118
-2.26087 -0.375898 2.22292
-1.07992 -1.96007 2.25167
-21.1216 3.30339 1.42677
0.20129 -3.72918 2.2253
3.38793 -2.02765 1.97366
-0.882524 -5.0005 2.81906
29.2758 1.48993 2.14422
44.2165 -40.8684 2.68215
2.24351 -9.62717 2.24115
2.62336 -4.34727 2.67854
-0.357003 -3.18896 2.37414
-18.8317 13.8171 -1.2911
20.0152 -8.95865 0.898285
-8.42523 6.78746 -0.889761
12.3804 0.641297 2.2614
15.1049 -17.3849 0.00146639
-0.242308 -2.18889 2.26642
45.8197 -38.9567 2.0761
-16.5083 5.18395 0.402617
-2.40607 -0.413075 2.23031
-7.29772 3.75482 1.99525
24.5589 4.79543 2.18579
29.3432 0.90369 1.52901
-10.6471 5.29486 -0.867274
0.164758 -2.15541 2.13792
3.31482 -0.608047 1.58664
29.4776 0.732506 1.5466
23.9941 -26.7642 3.11742
-14.2069 9.00406 -1.04135
18.669 -19.898 3.15409
13.8547 -14.8634 -0.0562272
18.8665 -8.01331 2.325
7.72787 -3.76899 2.41559
0.738416 -8.41348 0.579446
1.78827 -3.66287 2.55203
1.17932 -8.77766 0.579915
-28.8498 15.9337 0.280767
3.58042 -1.43624 1.65907
7.93852 -4.78515 1.86638
-9.90165 6.88963 -0.907483
-17.479 6.91021 -1.06686
46.1439 6.63328 1.67891
25.093 -28.3987 3.06415
15.4397 -12.5355 -0.0744536
4.59789 -4.69455 2.91642
-1.25135 -4.78361 2.81195
-21.3534 3.49806 0.667472
-4.07543 2.82529 2.02314
17.3689 -15.2683 2.56747
24.3456 3.33413 0.693152
-0.789783 -2.01086 2.26349
3.00581 -1.69753 -0.448118
-20.7185 9.43084 0.106743
-4.36308 2.56428 2.5997
5.98338 1.24103 0.770861
-8.49573 0.499289 2.5682
-4.88653 3.66289 2.55707
20.7009 -18.1343 0.0863253
-1.15888 -1.53861 2.24787
29.5044 -22.8752 3.14027
13.8876 -16.2764 2.57357
-0.950679 -4.57866 2.80815
4.94534 -4.93186 2.92272
6.91983 -3.30146 2.40346
4.53336 -4.58868 2.91634
6.29064 -4.55928 2.29641
-0.326079 0.85123 0.976158
-2.59736 -2.98754 2.02809
16.6112 0.420015 2.31445
11.4406 -9.80351 -0.183932
-9.40214 1.363 1.88634
-1.11688 -6.87045 -0.420319
3.24664 -10.154 1.85369
-22.2526 4.19852 0.749776
19.5691 -8.54974 2.60058
12.5169 -8.36396 3.13152
8.17084 -3.83821 0.547995
0.490398 -8.22228 0.337084
19.0217 -15.7052 0.0137647
-4.72526 3.5042 2.56369
-3.85154 2.91627 2.59357
5.6957 -5.92333 2.24944
3.22383 -4.73265 2.90251
15.986 -14.3281 -0.0531139
-25.9376 13.6651 1.03972
46.1759 -38.5368 1.20885
7.93182 -4.03947 2.29285
-2.66905 -5.68827 1.36905
2.1091 -3.92636 2.66184
3.55048 -2.0839 -0.455215
43.9182 -41.2803 2.07852
12.6279 -13.2881 -0.107228
14.88 0.316748 2.44532
-24.3096 12.2985 1.29772
7.66439 -7.52244 -0.270133
-24.9928 12.5618 0.134649
10.0857 2.08229 -0.423791
7.79547 -4.17941 2.32525
2.42092 -3.36358 2.30744
-1.96147 -0.63984 2.31451
-21.6544 3.72482 0.999624
11.5343 -8.1561 3.09565
-0.0937709 0.680299 1.1112
14.781 -12.3373 -0.101895
0.662609 -2.35859 2.08623
3.4384 -0.390868 -0.389268
-9.55194 0.593078 1.0119
0.438744 -2.39726 2.16779
43.2843 -33.6757 3.45945
13.766 -9.43064 2.69516
15.4981 -12.7373 -0.0562589
42.8465 -34.1547 3.60991
11.2482 -0.211398 2.16859
21.4328 3.97219 2.66679
3.5174 -0.36655 1.40171
5.88931 -5.53671 2.95263
5.72892 -5.61926 2.95716
-19.4646 13.5684 -1.31932
46.5447 0.566667 1.57439
-11.7359 3.1673 1.59057
-25.5194 14.2929 1.22282
-3.0754 2.02294 2.0653
8.37615 -9.29046 2.57027
2.2266 -3.6259 2.38444
1.28744 -3.19325 2.25095
0.608822 -2.63854 2.17719
5.61322 -5.49845 2.95611
12.4658 -11.0417 2.74708
-1.65112 0.362759 2.0932
10.983 -9.62002 -0.199429
-3.93968 3.32809 2.57959
29.2359 1.42224 1.4825
3.47633 -9.6752 -0.298281
14.8281 2.98776 2.09588
-0.767077 -1.46035 2.1057
12.815 -8.68661 3.12989
13.7315 -9.23047 2.64854
7.5662 -4.47754 2.29399
1.43331 -6.86609 2.9015
3.45263 -1.40342 -0.385221
18.7684 -7.90706 2.6578
-2.62145 2.68861 2.36794
23.7575 1.1408 1.14969
-7.565 6.54347 -0.880761
7.56516 -4.25318 2.53691
17.4871 -21.4999 1.34131
11.0822 -8.27695 -0.208922
7.13248 -3.2485 2.40331
5.00013 -5.56335 2.94887
40.4798 -37.1073 3.51663
15.673 -7.04631 3.01472
-16.3919 6.0211 0.650871
-1.607 1.45294 2.14381
12.5353 -12.0977 -0.12765
25.4524 -0.31973 2.47084
12.6698 -7.946 2.58195
18.1722 3.30835 2.18842
22.2544 3.83635 2.50151
-1.88745 0.438829 2.25959
-2.45271 1.51973 2.08271
-4.04159 2.97734 2.59428
44.4845 -40.5154 2.94186
11.6376 -13.586 2.53616
12.9402 -12.9319 -0.105996
1.89321 -3.18394 2.18878
3.87732 -2.55188 0.0696343
22.0284 1.57348 2.61833
-11.0697 5.1996 1.78278
46.8743 -37.6488 1.31093
45.7219 -39.0096 3.22586
30.1646 -22.1049 2.45613
-5.4732 -0.979324 2.65512
6.89661 -5.0825 2.30721
2.20161 -2.62191 1.95554
-20.1002 2.47401 0.0996741
23.3603 1.35407 0.579639
7.38084 -4.56897 2.52736
0.413428 -8.14648 0.869856
-9.07771 5.21666 -0.84005
-2.59982 1.18639 1.77166
30.1915 -22.105 1.53753
3.46882 -1.3408 1.79345
7.77294 -4.64845 2.24985
3.57436 -1.55411 -0.398475
-28.8628 17.0134 -0.128959
2.34932 -2.76696 1.95169
7.96402 -4.79166 0.243535
29.0988 1.2604 1.6787
0.818265 -2.70298 2.13444
-2.89505 1.88759 2.07332
13.3946 -9.89601 2.78174
42.8811 -42.6343 1.35694
6.85577 -5.12839 -0.333854
-1.74414 0.196055 2.04261
-2.55034 -3.22537 2.76473
40.5405 -0.125988 2.51177
17.7585 -21.0085 3.03186
-23.1831 4.93814 1.5645
5.43188 0.420504 1.45583
18.8859 1.18449 2.31022
0.0688457 -2.0971 2.12789
-4.90897 4.50729 -0.138276
-13.3604 1.93496 -0.8542
23.6452 1.0833 0.456235
7.12226 -4.84607 2.3374
-2.03146 0.610147 2.17096
7.9881 -4.05456 0.858369
28.5962 1.67902 2.74953
-2.17047 -0.772874 2.21438
5.39641 -5.88776 2.96113
12.1772 -11.3967 2.7005
3.10893 -4.75425 2.68326
8.25556 -9.51637 2.56657
-2.20976 0.0447386 2.33703
3.73712 -0.0859885 1.59508
3.25353 -4.8456 2.6963
-2.32611 -0.0905101 2.37367
28.7065 5.09034 2.54705
3.28331 -0.647789 1.44871
-28.9224 16.9209 -0.623849
25.3016 1.32683 2.43552
6.95139 -5.57131 -0.320134
10.3644 -9.3343 2.36933
15.6767 -7.07977 2.61559
1.55629 -7.45817 2.26131
-4.50744 -3.81945 2.52486
23.5242 2.63577 2.37003
13.0566 -12.2657 -0.10331
-5.42092 4.91868 0.279532
2.03907 -3.55111 2.24371
4.8769 -4.76005 2.92808
-2.30939 -0.621276 2.21188
-20.3146 4.5461 -1.05282
13.2585 -12.6033 -0.101752
-8.44409 7.02536 -0.901001
10.2742 -9.53448 3.12189
-4.99668 3.09509 2.57259
29.1156 1.07912 1.6022
20.4372 -15.231 3.31966
-9.15591 6.1209 -0.868695
1.13368 -3.39273 2.32656
-19.5377 7.66598 1.65007
-2.42307 1.0096 1.78143
-1.19647 -1.79812 2.24652
-4.69801 2.79281 2.58721
5.19169 0.0623032 -0.294138
26.1318 -27.7189 0.365501
25.009 4.036 0.645475
5.74025 -4.6368 2.9319
12.5999 -9.00265 3.13036
24.2601 0.701887 2.43009
24.4066 0.562176 2.451
-22.9998 6.07208 -1.36728
22.8004 -22.5399 0.196262
3.96754 -5.45716 2.4594
-24.3891 14.3909 1.77326
-20.8979 9.55913 0.344491
3.25815 -10.1183 1.39456
-25.7719 16.1012 -1.48109
3.20212 -1.1257 0.270175
44.9941 -39.902 3.14789
-26.9988 19.3428 -0.605303
9.81447 -7.78261 -0.243148
24.3934 5.08889 1.10141
-1.82547 0.0823981 1.92105
7.54894 -4.182 2.42221
6.28243 -5.94674 2.53334
-4.53926 2.44886 2.60058
-13.5531 5.57431 2.33194
5.18526 -4.57561 2.92202
-0.609367 -4.81321 2.81458
-9.009 6.84998 -0.901207
15.9571 -15.1535 2.97623
8.47439 -6.66957 -0.281344
3.36816 -4.79699 2.25357
44.9123 -40.0564 2.42062
3.51353 -9.3628 2.98398
19.2206 -8.28733 2.43467
-24.4891 13.2586 -1.37451
-1.73627 0.0389788 1.99194
36.1192 -42.5303 3.59492
-19.0571 10.9743 -1.22274
-2.25512 -0.181634 2.0506
0.167239 0.456556 0.885911
13.5401 -9.72041 3.07925
0.363661 -2.70534 2.28885
26.9343 -0.0231333 2.51796
25.339 -0.168998 2.44967
25.6517 -0.473478 2.49705
10.9674 -8.73525 -0.215717
45.9006 7.21065 2.40056
-17.8979 2.86369 1.79935
11.1134 -10.0285 -0.177007
14.5642 -11.0833 0.522801
-1.89403 1.35632 2.13934
-0.68194 -2.17257 2.26638
-4.24363 2.40126 2.60746
19.2903 -8.36033 1.5592
-8.14383 0.241204 2.58379
-2.14602 -3.65589 2.77084
8.12452 -4.96613 0.482569
0.224445 -2.26257 2.15068
21.804 -17.2428 0.0926597
10.5299 -9.90679 3.122
5.03898 -6.21715 2.97361
-20.5398 13.2519 -1.32753
6.8183 -6.31344 2.4719
-10.2305 6.11569 -0.888418
21.7864 -17.4414 0.127705
12.0711 -12.5252 2.66732
44.7174 -40.2462 2.85477
-4.01775 2.06986 2.62048
-2.53536 -5.7954 0.73315
-10.9509 7.14408 1.67886
-4.42127 2.28585 2.60603
-2.35307 2.46201 2.45805
43.0773 -42.3243 1.26765
16.14 -12.5844 -0.068579
16.2953 -12.8622 -0.0562903
16.254 -15.7048 2.8001
5.04268 -6.30177 2.65132
8.37594 -9.04958 2.58054
2.93449 -4.03502 2.25169
6.24766 -5.01689 2.94214
-12.2411 9.62868 2.24664
-2.50304 -0.013966 2.04916
32.8525 0.513819 2.58628
-18.7246 2.54952 -0.484363
29.0772 0.11617 2.44952
28.9725 -0.0453542 2.46196
7.90386 -5.05394 2.44686
2.79847 -3.61294 2.13558
2.65622 -3.50131 2.12903
7.65803 -4.30219 2.3818
5.25175 -4.98532 2.93769
-6.26816 2.80757 2.56627
-25.9191 7.1325 1.36778
15.8246 -6.87807 2.70142
46.6209 0.534799 1.34027
4.91103 -6.18723 2.59892
3.31336 -10.108 1.78975
1.30071 -6.91404 2.89695
45.9474 -38.8111 1.29394
-16.3858 5.30248 -0.457838
10.6735 -9.90232 -0.184534
-2.56162 2.63318 2.55182
25.6672 -27.8603 2.39576
5.67972 -5.78805 2.96604
9.4574 1.95123 -0.447436
-2.36429 2.47536 2.33438
2.64794 -3.05209 1.94202
8.11776 -4.95023 0.236457
-24.0916 12.1167 0.989303
19.946 -8.86817 2.60412
-8.8777 0.728861 2.55877
15.1235 -15.1865 -0.0146862
18.5808 -13.0955 0.838728
-20.926 8.63823 1.11571
2.85934 -1.54557 -0.450925
-9.61051 0.626925 0.197476
-4.72143 4.34465 -0.592917
29.1236 1.31003 2.15324
29.112 1.13733 2.16751
3.69194 -0.192208 -0.163361
-4.84424 3.34452 2.56489
-26.103 7.23489 -0.252847
-19.7927 3.81768 -1.00543
13.5517 -14.1984 -0.0761001
-17.27 2.58389 2.01228
42.6006 -0.0970797 2.81971
0.402286 -3.38504 2.29267
-19.2792 13.9765 -1.30509
0.73901 -5.36134 2.85809
-3.21136 -0.0142878 2.17009
-21.2164 5.14657 -1.0869
36.1536 -31.0655 3.40867
29.5378 1.83215 2.04215
-6.47656 5.05165 1.95632
11.923 -11.6648 3.10268
4.06906 -5.52603 2.58653
-1.62552 -1.1411 2.23269
12.3928 1.61257 2.52673
3.41598 -4.99812 2.4775
4.27937 -5.69401 2.48236
-10.5797 3.60783 -0.816808
22.6884 -19.5671 0.12688
8.13721 -9.49448 2.57514
2.19988 -4.10092 2.33227
26.8765 -26.0947 3.23997
17.9663 -19.5572 2.68241
19.3777 -17.6541 0.0907116
-8.83659 6.40833 -0.882585
-10.0824 8.29608 2.31394
-17.1075 6.57465 -0.229792
1.89456 -4.04714 2.34281
9.67871 -5.97147 2.68874
1.77476 -3.93337 2.3477
-2.88265 0.961112 1.94431
12.7686 -12.5925 2.71241
-18.6768 3.02628 -0.976109
-2.8349 2.44881 2.62677
1.2462 -8.82046 1.78672
-2.85495 2.60301 2.61768
45.9681 6.38981 2.44713
42.6148 0.0328957 1.83654
11.7784 -10.3172 3.14805
0.147719 -0.480801 1.21051
11.0971 -7.36509 -0.241946
24.3698 5.02925 1.53926
28.3235 -29.8559 0.788987
-9.85402 6.93995 -0.92265
3.73958 -5.26595 2.4559
6.78481 -3.44184 2.40521
8.37803 -7.25563 -0.264164
-3.18846 -2.67762 2.74637
29.2273 1.46505 1.97918
29.4761 0.776176 1.9717
8.91161 -3.79382 2.08125
-27.9346 18.1449 -1.8657
0.537198 -5.53357 2.86399
-1.51873 -1.76189 2.23841
12.2506 2.38534 -0.0378084
10.7993 -13.0382 3.0628
4.55329 -5.91897 2.52704
-10.7477 3.88176 -0.839284
11.5083 -10.6633 3.1597
0.851851 -7.25687 2.90216
13.1489 -9.53782 3.14915
-9.44791 0.498646 0.381322
7.40321 -5.53767 2.46758
25.5418 -27.8932 2.88846
0.48244 0.21729 0.81713
5.70543 -6.6514 2.90603
-19.4243 2.58061 -0.969515
2.4718 -1.07948 -0.440749
-3.89696 1.90571 2.62666
18.8484 -7.97358 2.49234
3.10229 -4.13821 2.23641
4.36097 -2.81124 0.431054
-9.48672 6.88212 -0.906974
-9.75491 0.742018 0.234919
16.1606 -6.99851 -0.202261
11.4131 -8.0754 -0.212482
46.0275 7.75895 1.87826
6.90921 -2.96644 2.39751
1.07873 -3.18336 2.33413
37.9217 -40.3617 3.54587
46.0706 5.27886 2.02191
29.5054 1.81476 1.80779
7.28679 -6.03797 -0.307082
10.4597 0.249545 2.21802
29.1038 1.10899 1.85616
-16.5571 6.18953 1.19396
-23.5441 11.154 1.11982
9.67318 -4.40589 2.1103
3.35398 -10.1514 1.37479
-6.07496 4.5787 -0.790548
-2.03652 2.21139 2.23504
27.9004 -25.1732 3.1392
5.22186 -5.24537 2.94314
12.937 -8.65845 3.11995
-4.09404 2.50711 2.60934
-0.625043 -2.04088 2.26641
-2.56275 -0.556212 2.20811
17.679 -8.01217 -0.145756
45.8618 -38.8829 2.4238
-8.0505 1.7582 2.54946
-4.00792 3.51347 2.57398
6.41595 -5.78805 2.50605
-12.8423 10.2374 1.87565
-6.89729 4.67432 -0.799966
46.8942 -37.5907 3.13488
0.0313241 -3.13874 2.29304
1.45124 -7.2433 2.91556
0.234317 -4.97802 2.83642
18.2797 -12.9432 3.06225
-1.22028 1.56758 1.88227
12.9837 -9.0462 3.13082
-1.32031 1.65252 1.87206
36.4422 -30.9408 3.34724
-24.8834 12.7351 1.11233
46.0028 5.78077 1.72661
-10.0941 6.71237 -0.916791
27.5681 -0.528912 2.44597
12.0095 -7.60564 -0.220675
42.5975 0.0613768 2.1036
-14.4959 6.68071 -0.999109
2.46631 -4.58595 2.37696
42.712 -0.934792 2.20824
-15.0259 7.05112 -1.02501
2.38495 -4.42435 2.36639
17.5186 -0.334208 2.35708
-17.9277 2.57605 -0.952891
-3.03296 3.0047 2.02799
18.8703 -7.93568 1.38579
-21.5918 13.5832 -1.36636
-9.34531 -0.323624 1.62819
0.579461 -5.23796 2.85291
-22.5064 16.6413 -1.43475
8.00789 -3.97943 1.87648
19.8204 -14.1492 2.80009
22.299 -15.4377 1.96686
7.88531 -4.12489 1.91105
-20.7207 13.5715 1.42936
-25.3932 13.162 0.134089
-6.05002 2.66627 2.5723
20.7484 -14.4512 2.79436
3.10608 -1.04718 1.66876
-1.63083 1.76357 2.12907
1.71264 -2.31588 1.92316
12.0165 -8.91339 3.12471
-0.426927 -7.47112 0.819681
-20.6705 8.53815 1.60976
-9.41021 0.478876 0.575851
29.1199 1.28724 1.99046
-7.02637 4.71518 1.96666
-3.9655 2.58967 2.59967
-12.021 5.08207 -0.888462
-0.260242 -1.88122 2.12582
16.6433 -7.66772 -0.0550336
-21.7944 14.8671 -1.38589
14.7087 -12.1286 -0.117254
-1.56788 -2.29352 2.158
-5.03237 2.39681 1.92977
-16.7146 6.26126 0.715972
0.366633 0.309401 0.838796
16.845 -7.52137 0.476065
-2.73081 0.563907 2.0129
0.177896 -3.2922 2.2856
2.02296 -0.501127 -0.432543
24.984 4.35446 0.788777
13.7895 -9.35358 2.78474
-2.60114 -3.00218 2.05873
13.1876 1.4546 2.27977
-1.54892 0.393197 1.83563
-7.66274 0.321256 2.59173
-2.51832 2.59852 2.34907
-4.31256 -4.35756 1.43367
26.3237 -26.7944 3.46824
-7.99832 1.04917 2.56773
-3.69893 2.02159 2.62553
-3.83946 2.34204 2.61322
3.82382 -4.5284 2.89931
13.4982 -12.0461 -0.108726
18.8709 -8.3449 2.74854
6.42473 -4.39295 2.28635
19.9553 0.136471 2.47566
18.4428 -20.1283 3.23773
13.4071 -11.822 -0.120196
0.0473023 -3.60431 2.21288
24.2247 3.13395 0.12997
8.11664 -3.84338 1.89998
-25.8394 7.02016 -0.058177
8.10829 -3.86092 1.79501
17.6202 -17.2601 2.84594
8.04531 -5.38516 2.16424
3.69303 -2.08578 1.9774
-6.99593 3.60065 1.86044
13.6336 -9.17925 3.03748
17.0358 -7.75587 0.95009
1.86084 -4.3342 2.35504
8.10025 -3.87305 1.62406
-9.41497 -0.276372 1.27232
13.3953 -9.59538 3.15552
29.2345 3.42219 2.50398
13.7046 -9.09604 2.61762
6.0796 -3.0144 2.39673
12.6734 -9.42516 3.13691
25.2978 -28.2128 2.27938
38.7196 -39.334 1.80933
5.16407 -6.31904 2.97954
20.6479 -9.45513 1.33973
11.8403 -11.7723 2.77834
-2.35166 -0.142341 2.0519
7.5668 -8.58736 2.54623
12.3284 -11.6183 -0.143943
7.84052 -6.40873 -0.287523
39.6136 -30.4564 3.18185
-2.41484 -0.204461 2.67243
29.1153 1.1146 2.00507
17.7845 -20.9743 3.18558
2.17627 -0.800995 -0.441158
3.28338 -4.02362 2.09972
28.9864 1.10446 2.82141
5.23278 -6.46471 2.62678
3.3095 -4.94843 2.40086
2.28612 -4.54733 2.36722
12.7973 1.98911 2.2722
15.4783 -15.9144 0.011641
-8.1917 2.43883 2.18075
-20.9734 3.18484 0.711997
-3.61942 2.57822 2.60485
-2.58383 2.65401 2.45621
-2.0494 2.22244 2.06391
9.19702 -7.90478 -0.250675
3.28086 -10.2429 2.02251
5.62095 -5.91549 2.96217
3.06351 -9.70118 -0.297785
-26.656 19.7987 0.0727735
18.3616 3.50519 2.24589
-17.1264 6.63746 1.20874
-2.11604 -1.21335 2.22086
17.2308 -7.43651 -0.169445
-3.96747 2.35315 2.61338
-4.36711 -3.94635 2.49887
7.96788 -8.75891 2.58409
3.08663 -4.72765 2.4597
18.8796 -7.85589 2.46821
3.33178 -4.02542 2.19135
15.5263 -6.95868 3.09114
19.0891 -8.19399 2.58839
6.54558 -4.23952 2.28887
7.91635 -4.15911 0.453657
-5.67013 -0.875568 2.66283
-23.4088 11.283 -0.328
5.77237 -5.7782 2.96009
-5.2173 1.99556 2.60961
3.5594 -2.24679 1.99477
-3.61084 3.4494 -0.165687
-6.15014 5.51449 1.77132
7.61852 -5.96558 2.32926
-9.62438 6.71729 -0.91654
-9.85621 0.81991 0.214479
12.1676 -9.6925 3.13487
3.41312 -1.29779 1.70379
18.7563 -18.9074 0.0625564
-29.2558 16.2689 -1.16507
-20.5699 15.1427 -1.37389
12.9691 -8.51729 -0.181662
4.44386 -2.71319 0.481287
44.9569 -39.9828 2.76827
-16.1713 5.54527 -0.755889
-3.16315 3.11685 2.23944
0.299174 -3.43441 2.27436
10.6739 -13.2263 2.81663
3.25666 -4.83992 2.37045
-24.9711 13.639 1.46098
29.2661 1.44132 1.66732
7.13206 -6.38353 -0.297266
12.735 -11.5431 -0.130184
28.2565 -25.1923 3.0995
23.6627 1.27538 1.06891
7.925 -4.76405 0.543458
47.608 -36.7589 1.39781
-1.24468 1.58524 1.51737
6.52267 -6.60527 2.48512
37.2405 -29.6251 3.55924
-1.85356 -0.545383 2.07961
-3.77027 2.47717 2.61121
8.41801 -9.07054 2.65707
-3.21841 -5.24934 1.52205
14.6241 -10.3889 0.676005
-5.18538 1.06217 2.11873
12.5987 -10.1224 3.14388
46.7029 -37.8621 1.73217
4.43206 -1.95988 0.551389
12.1128 -10.0317 3.14589
0.290787 -3.81042 2.22904
11.8325 -9.97915 3.1474
2.04572 -8.57499 2.95016
19.8383 -17.2593 2.57488
28.6446 -23.9238 3.24494
-3.47948 -0.409226 2.15575
39.3758 0.827805 2.60161
0.245712 -4.84652 2.83776
0.108015 -4.83436 2.83525
46.841 -37.6547 2.79754
-9.62458 7.458 -0.927425
5.30692 0.992118 -0.37689
-2.24065 -0.000810076 2.20332
-3.38405 3.29753 2.27851
-2.28428 0.867819 2.15271
16.7443 -7.68337 0.677017
9.27677 -8.07022 -0.251374
-12.1131 7.53727 2.32975
16.671 -7.69763 0.462511
-22.5265 4.38881 -1.02878
-1.39781 1.7064 1.96161
8.91344 -7.11814 -0.269951
23.3968 1.39171 0.989461
7.92015 -4.11027 1.27001
23.7092 1.06214 1.0179
-10.6762 9.07306 -0.98872
3.6649 0.0624328 1.04223
-17.1465 2.95868 -0.945418
-4.24195 -4.05285 2.49847
-3.95526 3.73545 -0.0776619
19.6176 -8.60488 2.42818
19.9979 -8.91161 2.48217
5.47062 -5.59292 2.95687
-1.94334 1.05246 2.12696
-1.71418 -5.81096 2.82757
2.03346 -4.42282 2.35059
-14.22 5.0667 -0.950163
3.29361 -1.20349 1.41976
-6.30902 2.72683 2.43305
13.3637 -5.67044 2.31522
-4.3112 2.12625 2.61865
-3.95621 3.08771 2.58582
-4.00424 2.78928 2.59539
2.01973 -3.68595 2.21957
20.7703 -23.5554 0.350825
16.4827 -11.4305 2.68556
46.0326 5.53812 2.23914
-11.7991 6.94146 -0.932718
3.1687 -2.73976 2.01064
12.4576 -10.5239 3.16101
-4.17138 -3.82504 2.75731
11.6232 -7.58573 -0.23473
43.5688 -37.968 3.63365
-2.05792 -0.931477 2.21834
6.69715 -6.63302 2.44794
-10.3945 6.09532 -0.886712
2.24345 -4.82971 2.37612
-1.28289 1.61229 1.95139
0.00963823 0.587713 1.21344
2.087 -4.64171 2.35458
0.238551 0.408213 1.12252
11.3225 -10.962 3.16003
-1.12129 -3.74607 2.79662
11.9631 -7.47526 -0.229213
-2.18415 0.950309 2.15099
0.17574 -5.25713 2.85249
16.0432 -14.5528 -0.0320315
-10.6919 5.45716 1.90864
0.411478 -3.90263 2.22998
22.049 -18.7912 0.117753
-7.01764 4.14392 1.98687
-5.36483 4.87433 0.135152
24.8507 3.85823 0.657132
6.0236 -6.97214 2.46317
30.1049 -22.2539 1.79932
6.72527 -7.0078 2.2191
23.6346 0.969604 0.875524
23.7298 0.831171 0.886982
20.8083 -9.57231 1.14227
20.4803 -9.30644 2.40645
14.2891 -8.7876 2.4657
43.7719 -41.5011 1.00228
-1.02722 -1.68895 2.25491
-4.00898 3.76735 2.55319
-2.65331 -0.380415 2.20194
12.2604 -10.9003 3.16686
10.808 -10.4433 3.15244
-20.859 8.66896 -0.26323
20.1822 -17.4714 0.0785159
-2.23597 0.628931 2.04263
-2.92696 -5.48055 1.6454
15.4254 -13.501 -0.0604444
6.63775 -6.9757 2.4047
-3.44135 3.33842 2.05677
-3.50929 2.36606 2.0406
-18.3654 13.1155 -1.26199
5.48057 -7.25308 2.48622
-11.6256 5.14801 -0.881299
28.2161 -24.4268 3.40446
16.9287 -7.45951 0.334163
18.8676 -8.01108 1.02127
35.0283 -32.3972 3.5422
2.18915 -8.96789 2.96751
0.879063 -5.46822 2.86212
42.7831 -0.98488 1.68711
11.5517 -10.0187 -0.180884
-1.70719 1.95427 1.99222
0.364647 -5.13688 2.84547
-22.6788 15.9061 -1.43163
11.1455 -10.9201 3.16322
-6.76518 4.63561 1.9702
10.5333 -7.89055 -0.229108
21.5137 -16.4066 2.8689
-2.31428 1.08621 2.14391
-2.26751 2.39481 2.17511
24.712 4.66169 0.468423
28.0653 -0.00995508 2.71447
25.0538 4.34546 0.480247
-12.6682 7.3353 -0.967596
22.257 3.70242 2.50746
7.98893 -5.2371 2.37365
-8.71553 6.82167 -0.896067
-18.1534 3.25516 -0.971487
24.2237 0.691576 0.755135
-11.6383 6.37179 -0.914334
19.7637 -8.72717 2.18183
18.6227 -13.4779 0.828746
2.21222 -9.60557 1.63188
20.6033 -9.38817 2.28518
-6.50983 3.05879 2.55219
12.3896 -11.1041 3.11286
12.231 -11.221 3.15756
11.9289 -11.1421 3.15998
-19.8037 4.66323 -1.04259
-21.0283 9.69963 0.683684
10.6637 -10.7023 3.14395
6.21486 -6.91917 2.48303
5.23789 -6.63863 2.47742
3.37832 -9.53721 2.95242
-3.21162 3.15184 2.07263
11.2473 -8.42474 3.10088
3.41046 -4.98265 2.69171
-29.2008 16.1734 0.463049
-7.93166 6.95355 1.34051
-2.21039 0.844794 2.15988
2.96193 -7.67947 2.94312
8.18956 -9.15766 2.36186
3.10258 -9.95456 2.10023
-16.5555 7.45424 -1.06311
-19.5402 2.59216 0.66221
2.17451 -4.97426 2.38215
3.19961 -10.2017 1.63818
-2.3012 -3.3318 2.77923
0.118155 -3.26253 2.2036
2.06203 -0.409285 -0.418939
2.32683 -0.947125 -0.440686
-0.706838 -4.40417 2.81607
45.2204 -39.6276 3.06127
0.213484 -7.18298 2.89185
21.6707 0.981944 2.64
-2.37711 0.98868 2.14735
-3.35234 1.83869 2.6387
-3.32918 2.53136 2.61919
29.7986 -22.4749 3.25255
3.29144 -2.59285 1.98695
-3.50222 -3.38046 2.12842
28.1254 -30.1743 1.40868
19.4532 -8.4756 2.02429
24.9497 4.47757 0.336372
25.0805 4.34528 0.340918
24.9159 4.00646 0.288004
24.3364 3.31971 0.417205
-13.9667 7.03813 -0.997274
17.6344 -17.1612 0.0322177
23.1788 1.62338 0.561056
-4.65545 3.32885 2.56742
23.1841 1.48391 0.572159
-2.52775 -4.67576 2.79539
10.3532 -9.99125 -0.195163
-4.27604 3.83764 2.55802
23.6538 0.946221 0.53898
-3.41088 -0.853664 2.18298
-2.26802 2.38328 0.425124
7.80469 -8.98144 2.55466
-14.3485 4.05428 -0.908671
19.8308 -8.7791 2.06914
2.07985 -9.49638 1.63502
20.2429 -9.11682 2.05169
20.6499 -9.43312 2.16616
45.4067 -39.4305 2.59524
-2.15762 1.84488 1.98932
-26.3432 7.71791 1.11294
-14.7456 5.72177 -0.964069
-1.78806 -6.39246 -0.185867
-0.314173 -6.7939 2.87714
13.9915 -9.16555 2.37413
11.7976 -10.737 3.15852
38.8722 -39.1363 2.81214
-22.2902 4.21222 -0.105949
46.086 6.93066 2.16003
10.4805 -6.54753 2.56313
12.3315 -8.10332 2.80252
-20.7507 8.76513 -0.956689
45.6731 -39.079 2.88913
16.776 -11.7477 2.86678
28.9347 -21.4934 3.35156
13.0048 -10.3878 2.7343
6.2131 -4.81526 2.9463
44.3562 -40.739 1.89812
15.5485 -11.6911 -0.0933598
-7.46263 6.56379 1.9372
12.278 -11.2256 3.06021
-4.55123 2.21016 2.60415
-12.7113 4.61612 -0.906101
12.2232 -11.3084 3.08654
8.14678 -5.68526 -0.306947
-4.71018 2.35252 2.59842
8.03839 -5.76657 -0.302989
-21.1675 3.32331 -0.282198
6.96921 -6.71617 2.20014
-2.12444 -0.509834 2.3282
-7.38861 0.939023 2.59614
-10.7464 3.60184 -0.831311
46.0513 5.2485 1.76286
5.28885 -6.44368 2.98059
8.17956 -8.86399 2.78289
15.9278 -15.5617 0.00477958
18.9509 2.36584 2.34122
4.74243 -6.45383 2.45437
-11.4572 6.54859 1.8561
5.05301 -6.8004 2.46682
-11.1708 4.61462 -0.865825
-28.7451 17.0979 -1.37893
0.787825 -5.81235 2.87623
0.668027 -5.67253 2.86997
3.23122 -9.69656 2.98375
21.6198 -16.2253 3.05838
-1.27562 -3.78586 2.78977
-11.5256 4.81678 -0.871747
-2.36784 2.47219 2.11567
9.34662 -8.32519 -0.237852
-0.437477 0.93752 1.17777
6.03027 0.807591 0.58698
14.9313 3.1452 2.09842
-17.0523 4.28867 -0.982086
25.0047 4.40435 0.187226
25.0389 4.17771 0.199211
24.8284 3.83655 0.224977
-28.2432 17.7807 -0.342754
-17.7393 9.61358 -1.15895
24.057 2.98478 0.371998
14.1422 -14.4233 -0.0452809
-3.81996 1.73427 1.91921
-25.5862 6.8442 0.223712
24.4047 4.90357 1.98105
-0.855357 -2.48812 2.18875
19.9059 -8.85433 1.87755
7.6186 -4.4985 1.61711
3.20459 -1.12973 1.36746
3.41536 -1.3029 1.469
-21.5182 17.831 1.4286
-14.4821 5.36356 -0.958355
14.8384 -9.02781 2.13038
47.5105 -36.824 2.54708
-13.2955 5.95295 2.32695
-2.13001 0.149598 2.22693
-8.91676 7.36247 -0.915962
-5.21414 2.75602 2.58283
11.8687 -13.8332 -0.0951066
46.4916 1.11774 1.52315
-3.10136 -0.180269 2.18366
2.54231 -8.26356 2.30987
-9.25514 -0.394806 1.6962
6.0546 -7.8114 2.17488
-0.0559936 -2.0001 2.12075
15.0013 0.803452 2.41401
3.95799 -1.97704 -0.206496
7.74377 -8.60275 2.60463
-0.51394 -2.07268 2.27153
-4.20734 3.39777 2.56937
44.1312 -41.0171 1.98579
29.1781 1.06323 1.3372
-20.5771 9.01 -0.803309
-10.6037 6.40193 -0.899454
45.3687 -39.5088 2.24775
-20.8285 3.06677 0.956388
-3.13076 2.6493 2.61666
0.220387 -0.4628 1.10124
-3.68591 -4.87147 1.35409
6.27667 -7.19337 2.43977
5.84784 -7.20211 2.49105
-3.21482 3.072 2.60348
8.07536 -9.34407 2.30908
26.5829 -26.5043 3.14464
14.5681 -6.51403 3.04729
1.87765 -4.77896 2.30225
1.77363 -4.69027 2.29168
-19.8589 7.92825 1.63625
14.6315 1.9441 2.30289
36.9927 -0.73403 2.66108
3.36321 -9.5772 2.8109
14.6736 2.78051 2.09189
-3.58731 2.45209 2.06066
7.74877 -9.85046 2.3632
13.0484 -9.90239 3.14769
46.9229 -37.5815 1.64807
-0.66157 -1.92055 2.26529
-3.0492 -0.627312 2.20112
29.3335 0.89403 1.35379
-12.8775 5.56768 -0.920247
17.4123 -21.487 2.83416
-21.046 15.3078 -1.38479
13.6787 -14.5023 -0.0644991
5.33798 -4.72308 2.93256
-0.499827 -4.74403 2.82124
5.15732 -4.81061 2.92898
7.52718 -6.02792 2.1796
-0.631565 -4.60868 2.81887
-1.50291 -1.97192 2.20283
29.5329 1.85069 2.31705
-1.89489 -1.55271 2.21524
-3.49917 1.69498 2.64073
-1.81009 -1.00703 2.22652
3.2926 -9.67151 2.63398
11.3528 -7.9305 -0.21902
45.8096 7.97726 1.60118
24.9577 4.45934 0.0246003
25.1013 4.32863 0.0273409
25.0549 4.16537 0.0384001
24.9364 3.99165 0.0526326
-0.392561 -2.22557 2.27786
-14.7283 4.49405 -0.935793
19.5316 -8.56728 1.77127
14.0952 -9.05302 2.1313
13.9703 -9.20862 2.17424
7.19125 -3.65999 2.41313
46.1106 6.93357 1.92325
19.1213 -13.1247 2.75649
19.2687 -13.7222 2.88664
-9.82241 3.91096 -0.817635
-5.38058 3.29873 2.55768
1.60953 -8.37053 2.93966
-20.9351 9.61168 1.17386
3.17029 -9.53276 3.00182
21.7019 -16.1241 3.26856
43.6868 -41.553 2.16678
0.710222 -7.25425 2.89869
-20.6665 9.3978 0.78083
0.643882 -7.36587 2.89876
25.7674 -27.9933 0.480691
0.457761 -7.48786 2.90479
-9.82413 6.69326 -0.909825
12.7927 -9.02624 3.13096
-8.81095 -0.769611 0.355607
10.766 -8.76476 2.36038
-9.69396 6.42543 -0.893056
9.82515 -10.1924 2.8131
2.77032 -7.93702 2.95595
45.9512 6.664 2.43131
13.8783 -9.32599 2.20683
-11.185 6.06126 -0.900343
11.0113 -10.113 3.14569
-25.7682 6.98078 -0.206488
-19.2485 3.46848 -1.0013
1.00597 -8.63429 0.394891
1.14112 -3.14594 2.41594
-2.7253 1.31017 1.77235
2.17842 -7.02181 2.91591
14.3638 2.21056 2.26621
0.491117 -2.84476 2.30227
7.84389 -4.22785 0.887719
-10.246 5.41719 1.66699
24.8049 3.81771 0.067503
-20.9519 3.15275 0.575977
0.513644 -5.75537 2.85878
-0.753327 -4.66568 2.81146
38.5426 2.62022 2.41584
1.74217 -4.31441 2.225
-2.35181 0.595339 2.04142
10.8766 -10.3338 -0.179128
22.2922 -15.4712 1.57688
-1.94181 -1.08892 2.22146
3.19378 -9.7683 2.59715
18.3407 -20.2557 3.28114
-3.31691 3.21591 2.59665
5.96262 -7.45685 2.48652
38.6341 -31.6354 3.2347
-21.1428 3.30145 0.49191
22.2056 -15.5351 2.2683
1.43477 -7.77969 2.92447
-20.3646 2.71399 1.60139
23.938 2.65811 0.032238
-26.3446 7.77662 1.44123
46.6733 -37.8688 3.2191
0.89653 -6.75761 -0.402848
-24.0541 14.7732 1.6609
-4.69577 3.03852 2.57442
13.6908 -9.51124 2.77333
7.44482 -3.37372 2.40625
25.5971 -27.8722 3.10864
21.4388 -14.7421 2.80805
3.71082 -1.54926 1.64955
10.1238 -8.63993 -0.212014
-3.24974 0.606006 2.026
-0.373844 0.881752 0.83719
-15.581 7.33549 1.53428
-20.906 9.56479 1.03384
-9.3862 7.68981 -0.935706
1.11492 -4.07196 2.29088
-20.6048 9.34485 0.658746
28.4046 -29.8602 1.04244
3.52455 -0.00429974 0.551351
-5.68235 -0.029917 2.64784
-6.95313 4.36092 1.84357
-13.7626 2.52918 -0.868097
28.1729 -29.9717 1.1041
17.4451 -21.4847 1.61274
6.58001 -5.47864 2.3211
-5.71642 -0.526468 2.6548
-0.448269 0.943892 0.972348
9.15266 -9.64355 2.65402
18.4083 -20.2114 2.92327
-18.8234 10.9841 -1.22996
8.75825 -9.34432 2.61728
8.09093 -8.85102 2.55882
-2.48343 0.475602 2.16312
3.0269 -4.50367 2.2453
45.4367 -39.4345 1.09736
6.62801 -8.00532 2.49621
9.26166 -10.2097 2.32224
7.56269 -5.34952 -0.323118
44.4395 -40.5896 2.59433
-20.844 8.69793 -0.0817816
-19.452 3.39049 -1.00438
1.71138 -3.70468 2.37516
1.54942 -3.84795 2.34617
7.05165 -3.0665 2.39943
-18.0655 4.00647 -1.00386
7.17473 -9.0386 2.50119
-5.3009 4.84542 2.20157
3.64892 -1.70692 -0.40557
14.8316 -16.8698 -0.00574362
0.788773 -6.04982 2.87073
0.39173 0.294219 1.0255
0.619662 -5.90949 2.86464
29.5131 1.79468 1.64288
0.48828 0.212404 1.02248
-1.42212 -1.46905 2.2389
-1.57773 -1.32298 2.23303
19.3581 -19.2314 2.90722
-4.41449 -4.27634 1.51323
-2.30883 1.42661 2.08534
-1.86129 2.07226 1.815
4.30507 -4.67713 2.91846
-1.5176 -4.70219 2.80148
5.86753 1.09586 0.753255
24.4153 4.91734 2.17403
43.3073 -42.048 1.17887
20.1378 -9.02287 1.57077
-16.6293 5.0355 0.837814
-15.1371 5.7264 -0.985485
20.5581 -9.35711 1.60768
22.0836 -15.7187 1.64931
7.65808 -4.44717 1.38515
3.2358 -1.15413 1.09862
8.05162 -4.88008 1.48308
3.71336 -1.54638 1.27368
12.9444 2.37716 2.56007
29.2271 -23.2178 3.24388
-20.2321 9.20284 -1.18627
-2.38819 -3.21109 2.77165
-1.94478 -6.26581 0.260644
38.8228 -39.1942 2.48276
6.98065 -3.71341 2.2841
1.06135 -8.6712 0.983347
20.5499 0.864398 2.45022
22.1734 -15.5721 2.78306
-23.5424 11.0953 -0.283151
3.59739 -0.269769 0.566769
14.6325 -11.1746 -0.116522
1.24146 -3.07167 2.19013
-5.88651 0.0868497 2.63501
29.6596 -22.6458 3.3036
-0.236482 -6.99061 2.8838
-2.96236 2.95513 2.5839
3.58781 -2.86618 2.26427
1.22075 -8.80137 1.15596
-1.38709 -3.68579 2.78421
6.80451 -6.93097 2.17633
3.51395 -4.1846 2.12155
8.19373 -9.19988 2.5673
-21.0267 5.89151 -1.10338
5.23068 -4.6506 2.92487
7.64255 -5.89463 2.1634
-17.5883 6.8374 -1.05424
7.98482 -9.07648 2.55886
15.7952 -6.96895 2.5906
42.6796 -0.507583 1.41942
-17.5342 2.77483 -0.948753
5.85996 -5.05712 2.94811
7.94632 -4.07246 1.46461
-2.82804 0.605174 2.00145
12.9556 2.71945 -0.275586
1.96268 -5.17166 2.30669
44.8181 -40.194 1.724
0.694165 -4.14588 2.2425
-2.87802 0.347892 2.17361
-1.44315 0.270314 1.82032
42.4681 -40.8708 0.751185
-18.8506 3.6196 -0.995714
6.3671 -2.73866 2.38531
30.0475 -22.3376 1.35129
1.85281 -5.07602 2.29748
-3.26471 3.19677 2.35086
42.6373 -0.014382 1.36845
3.21966 -9.72325 2.83683
8.48913 -8.22784 2.28444
-8.26087 4.47028 -0.809978
-3.79583 3.15156 2.58138
10.1484 -11.0245 2.63241
-11.8609 5.65282 -0.892289
-2.47823 -0.977797 2.21546
-3.35115 -2.044 2.7314
19.3681 -8.42792 1.38189
9.41643 -7.72875 -0.239511
24.7981 4.5966 0.332732
20.1946 -9.08826 1.37691
2.28171 -2.80073 1.93536
3.37504 -1.28612 1.08663
13.1749 -10.1736 2.8141
-14.531 7.02093 -1.00447
42.6606 -0.647511 2.41829
-25.7757 20.8472 -1.0674
28.1894 -30.0705 0.850196
2.0634 -0.672354 -0.441905
3.13253 -3.85624 2.09363
-21.5231 3.62459 0.504363
-2.3561 2.46143 1.87595
1.37695 -2.01387 1.91022
-21.555 3.66042 0.644114
10.8577 -10.4408 -0.1619
-2.417 2.51454 1.96309
-2.66488 2.25568 1.99355
19.8774 -17.9261 3.384
11.0161 -11.1506 2.9455
6.65455 -7.82742 2.50799
-18.1337 7.43697 -1.09877
4.77441 -5.28623 2.93325
7.11031 -6.54289 2.18361
10.4379 -10.7842 2.63548
-11.5582 6.01287 -0.899751
-11.2765 6.02866 -0.894396
3.61706 0.065499 0.819351
1.73478 -4.15483 2.3523
-8.52679 4.33281 -0.823431
7.2146 -8.94773 2.54903
-2.97411 -0.343636 2.19621
30.0102 -22.3331 2.2843
29.5203 -22.8164 3.35488
0.649475 -3.52328 2.31692
-3.2164 0.940289 2.00459
0.681287 -3.68526 2.30433
5.93608 -5.2318 2.95025
10.2132 -8.82217 -0.210735
-3.06573 0.818217 2.01004
-23.6218 14.7148 -1.40402
3.10216 -8.16181 2.95974
1.63975 -4.00818 2.35167
-0.211205 -2.82913 2.28462
-9.11066 -0.524731 0.828056
-4.35164 -3.94935 2.68837
-17.3735 2.89608 -0.955666
2.87249 -8.00006 2.95399
-0.366704 -2.67445 2.28183
-9.26054 -0.406311 0.813579
44.0598 -41.0657 3.1231
2.59201 -7.73819 2.92989
26.1469 -27.0104 3.31532
19.7497 -8.72131 1.47422
3.07406 -0.469487 -0.383437
10.3062 -9.01033 -0.209532
-3.00041 1.10641 1.96708
-3.15665 1.24507 1.98038
8.61609 -9.73804 2.29376
-0.409411 -2.48817 2.27861
9.09185 -3.98409 2.34424
0.911345 -6.44322 2.88784
-20.5816 9.02902 -0.0345813
0.684371 -6.3639 2.87919
0.573226 -6.20922 2.87569
0.352628 0.316498 1.1309
0.425425 -6.0791 2.87203
0.464859 0.190085 1.13526
0.314311 -5.93801 2.87357
22.2706 -23.4438 0.231377
14.9693 0.230677 2.46149
-4.8155 2.79771 2.58314
-0.592864 -3.08073 2.19677
5.43156 0.861645 0.466537
6.40623 -2.89745 2.39069
21.8143 -21.2707 2.67232
3.81847 -5.17935 2.26211
-2.14482 -3.11264 2.76133
-2.25012 -3.01083 2.76143
1.19751 -8.78594 0.782393
13.9242 -9.47636 2.23708
1.79441 -4.18893 2.22857
2.1585 -0.578203 -0.425266
-3.68998 2.29382 2.61639
-2.05857 2.22574 1.86327
-28.0583 17.8129 -1.58253
34.6573 -32.9169 3.41791
2.50126 -6.87426 -0.377029
7.93468 -4.77369 1.35431
14.0478 -9.12304 1.74222
4.04074 -1.88885 -0.261944
3.97106 -2.19338 -0.211149
25.0652 -28.4532 2.85311
1.59439 -7.5212 2.9166
22.376 -15.3129 2.37179
22.0789 -15.6921 2.47976
1.2065 -6.75177 2.89581
27.5301 -20.2681 2.97915
-21.7461 3.80597 1.4448
-0.0887392 -5.6981 2.85078
29.3864 -22.9909 3.40682
4.935 -5.20599 2.93821
-0.95062 -4.34678 2.81027
7.23452 -6.38093 2.17167
3.12658 -9.9658 1.36196
-10.8522 7.21879 -0.928892
-21.4968 3.60723 0.381274
-11.4352 6.94683 -0.930207
20.0608 -18.1477 3.24147
11.2367 -11.6351 2.6532
1.72382 -2.23059 1.9443
11.3068 -11.2348 3.14488
13.6702 -13.3131 2.786
-20.2255 2.58192 1.20038
21.5319 -18.1446 0.103144
9.82662 -10.0177 2.41867
-0.105694 -2.99185 2.28791
-8.95737 -0.644991 0.793942
1.83976 -4.60761 2.36304
3.21858 -8.59109 2.97456
-8.84138 -0.743718 0.835676
1.69679 -4.4351 2.32871
-10.769 4.79434 1.66026
43.8341 -41.3424 3.2117
1.44485 -7.08196 2.90395
0.76647 -6.52506 2.87979
0.25431 -6.15678 2.86833
-1.24751 -2.07781 2.25058
0.156291 -5.98229 2.8653
-1.34131 -1.91193 2.24545
-21.6831 3.71707 -0.804499
-0.746936 -2.95763 2.19838
14.5314 2.62643 2.17132
5.66906 0.411001 0.703515
6.41179 -3.20537 2.40322
2.80539 -3.93363 2.22038
19.1677 -19.2694 2.94051
11.8309 -10.6306 -0.161549
14.1181 -9.6431 2.11061
30.9305 2.13529 2.53359
7.32006 -4.05704 2.50301
-3.6774 1.72825 2.63904
-3.73237 2.75277 2.60453
6.03022 0.147766 -0.478707
-2.7469 2.30381 2.22835
46.545 0.842778 1.54879
7.68475 -4.39442 1.55716
-12.7203 8.78918 -1.013
14.8765 -9.01165 1.54045
47.4217 -36.9628 1.82922
3.52119 -1.83496 -0.426766
1.05047 -8.02769 2.92813
21.9647 -15.8452 2.36099
8.04196 -3.93361 2.04695
-0.152162 -6.64472 2.87601
13.0703 2.51561 2.57042
29.3663 -23.0469 3.19199
7.03459 -3.46838 2.40697
-2.35673 -2.85494 2.75978
2.1499 -3.40189 2.21404
8.07977 -3.95453 0.59632
4.81053 0.901227 -0.32593
28.8055 -23.7109 3.40295
11.1753 -10.4094 2.36332
-4.71606 0.663246 2.11756
42.9107 -38.864 3.56325
9.58946 -8.11403 -0.235673
20.5548 -17.5745 2.8892
20.2552 -17.9491 3.00714
4.56712 0.566512 -0.377078
32.5334 5.15608 2.58549
28.4329 0.481447 2.68684
2.4573 -7.10786 2.93225
-3.42829 -2.38071 2.73741
-0.68359 -3.02107 2.17741
13.8843 -12.4936 2.4487
11.0777 -9.87656 -0.187828
-2.25218 1.91061 1.98955
13.2221 -8.90611 -0.172967
18.8843 -7.89827 1.61667
-2.92017 0.697878 2.01083
3.37007 -9.81354 2.56755
21.7819 -16.4078 2.84512
25.0618 4.35312 0.627447
20.4376 -9.26788 1.05148
1.73262 -5.44481 -0.422955
11.1034 -11.9411 2.64565
0.14868 -0.446641 1.10205
3.36821 -8.83525 2.987
21.8509 -15.9371 3.21361
46.5293 0.92384 2.37662
3.73017 -1.55996 1.19698
-2.50684 -5.82254 1.55647
-22.6665 17.4239 -1.45393
44.3153 -40.7263 3.41009
1.13234 -7.02781 2.90008
0.394974 -6.32191 2.87591
-4.61383 2.33148 2.6033
-0.2546 -5.78512 2.85009
18.2973 -18.2302 0.055553
23.1191 1.60204 0.351161
4.12163 -5.47364 2.93573
-1.76705 -3.90511 2.78125
23.1379 1.46343 0.361903
6.1884 -2.93078 2.39221
23.314 1.33342 0.367774
6.28939 -3.07892 2.39821
-4.93896 4.53331 -0.72306
43.2804 -42.1467 0.83091
29.3634 1.62058 1.65475
7.09269 -6.19532 -0.303033
36.8848 -30.1178 3.42019
-2.35395 -0.885245 2.21543
-3.60941 3.31706 2.58875
-11.7258 5.70838 -0.901677
17.4696 -7.66461 -0.168507
-3.67061 1.8625 2.63372
-2.56275 1.62616 2.07799
-20.4511 4.45386 -1.04519
-2.30465 2.42143 2.02887
-1.41017 1.71945 1.54386
-5.51264 3.45349 2.55676
-0.589754 1.05983 1.19035
15.9839 -6.75061 -0.212739
40.2872 -37.3469 3.6016
13.3755 -13.8494 -0.0826762
1.62824 -8.14202 2.94002
3.37459 -1.27051 1.56415
28.9643 3.72752 2.47019
0.30418 -3.20044 2.3034
-6.70497 -1.3195 2.63737
-23.1382 5.49188 -1.13911
3.3725 -1.29155 1.28126
15.1077 -6.34645 -0.244116
13.2864 -10.0363 2.67853
0.177322 -3.04359 2.29609
-11.6721 9.37444 2.25825
6.16568 -7.67727 2.2541
-27.1442 14.5303 0.246922
-3.67154 3.47294 2.56471
-11.692 5.99897 -0.900787
-1.01229 -5.08234 2.81745
30.0631 -22.2474 2.7257
29.0829 -23.4435 3.08602
6.65471 -4.10893 2.28457
8.05433 -3.99106 0.412439
3.09364 -9.51929 -0.301289
7.07247 -4.94461 -0.353007
20.1253 -18.0939 2.89263
-1.46725 1.72136 2.11377
17.4672 -16.4729 2.83421
-3.62203 -1.62954 2.53571
24.879 4.47556 0.622744
-4.14652 3.50661 2.56051
-12.1842 5.99364 -0.917863
14.3137 -14.5158 2.75637
-12.1319 5.52414 -0.905294
13.9101 -14.2781 2.74987
1.80778 -9.29015 0.255813
-6.71349 4.74841 -0.794085
1.70443 -3.02071 2.18633
3.38348 -9.06852 2.99077
17.3123 -0.177026 2.32655
6.1182 -5.13303 2.94786
2.50628 -8.32251 2.95375
2.18028 -8.03961 2.94082
-3.13626 0.504614 2.02657
12.9034 2.58446 -0.262301
-3.5696 2.1221 2.62505
-9.99301 4.83024 -0.842708
-0.118598 -3.48754 2.30036
15.529 -6.97056 -0.217841
0.647483 -6.65655 2.88344
-0.134909 -5.96643 2.85877
4.73074 -4.60561 2.9205
-1.12023 -4.92186 2.81626
-9.24856 0.218088 2.56358
1.56625 -4.85312 2.28355
-3.17535 -1.12863 2.30935
-21.8096 16.3199 -1.40414
1.54209 -4.3119 2.33573
-3.80785 1.58636 2.64912
-0.346788 -3.09907 2.27139
-2.2217 2.35787 1.89057
1.58854 -2.15937 1.92487
1.51206 -6.59669 -0.399835
-4.61218 -4.11019 1.5673
-17.83 2.7449 1.81122
18.8834 -8.06508 0.779253
-0.618593 -6.025 2.85
21.9325 -15.8826 2.12778
7.80441 -4.66611 1.20431
13.4522 -9.08612 3.12641
25.1774 -28.3225 2.56802
10.2742 -10.2299 3.13536
28.6212 -24.2553 3.09042
23.768 -20.9624 2.73075
10.4346 0.126349 2.22694
46.531 -38.0463 0.667414
-8.68916 1.54928 2.54071
-6.52096 4.70537 1.95725
2.92144 -4.57943 2.46965
-25.2957 13.2517 1.57127
-22.0967 8.68861 -1.20848
-1.51667 1.31247 2.03123
24.8831 -22.3976 3.1181
24.929 4.47841 0.474994
-12.3665 6.99645 -0.95552
2.20019 -7.33349 -0.374384
-1.69415 1.922 2.12282
6.53332 -5.36956 -0.337259
19.5731 -18.4906 2.88537
-1.60794 1.57871 2.13361
24.41 3.32291 0.267949
-24.3956 14.3611 1.60855
12.9568 -13.12 2.70493
-3.4905 1.16794 2.02798
21.7764 -16.0435 3.00386
3.43639 -9.43525 2.98642
-18.0925 13.0782 -1.26722
-2.88964 0.23051 2.11093
-22.543 4.66419 0.681886
7.95723 -4.79186 1.61172
3.54208 -1.42097 1.25714
3.70691 -1.54361 1.43672
1.18681 -7.45977 2.91179
0.34425 -6.62107 2.8824
30.0874 -22.2096 2.93768
-0.928146 -2.40431 2.14621
0.192915 -6.45657 2.87337
-26.2252 7.78653 -1.1196
-12.3756 2.07021 1.94593
43.2388 -42.1135 2.34476
18.0902 -20.5838 3.05255
-23.7276 5.40714 0.946967
1.42862 -4.30459 2.32316
1.4572 -4.12348 2.34924
-3.91292 1.68442 2.63469
-0.35814 -2.88266 2.25988
7.72932 -9.24518 2.55985
-3.81667 2.18562 2.61805
-4.61213 -4.12067 1.7222
-3.8666 2.65344 2.60216
14.1092 -12.1082 -0.115825
5.67915 0.272114 0.546938
0.514077 -6.75909 2.88842
38.0168 -28.8038 3.30031
14.7878 -15.8117 0.00259805
12.4026 -9.39605 3.13967
-19.7569 3.92813 -1.02213
7.82285 -4.22426 1.5207
22.2646 -15.507 1.75804
4.59068 -2.03302 0.565588
-1.23471 1.5769 1.72723
7.69704 -4.36696 1.73685
22.1036 -15.6891 1.81208
12.1845 -10.4188 3.14972
47.3809 -36.9624 3.32596
39.0458 -31.2296 3.09349
9.94028 -6.17261 2.5615
11.2741 -6.97586 -0.24552
38.8114 -31.4201 3.1609
25.5605 -27.9206 1.93213
24.7524 -22.6152 2.9697
9.11102 -9.60027 2.9753
-0.54358 1.02322 1.33418
-5.31028 4.84974 1.99994
-3.31441 2.04262 2.0338
10.0169 -10.0487 -0.20348
-14.1994 9.88097 -1.0678
2.66936 -8.92963 2.97251
10.7149 -13.1572 3.10931
10.0979 -10.2511 -0.200182
-2.77256 -0.240077 2.19449
10.1476 -10.425 -0.192538
7.54918 -9.14254 2.55518
13.211 2.6573 2.55257
24.7565 4.6134 0.922106
-3.1466 0.253863 2.18962
-20.5606 2.86351 1.58968
18.2725 -20.3612 3.14058
21.9052 1.37503 2.62496
24.0454 2.80907 0.0168273
5.32944 0.539998 0.374427
-9.39244 0.165594 2.33315
0.550261 -6.90536 2.88881
3.06366 -9.85494 2.68728
14.3809 -8.81185 0.391088
-12.2036 1.89326 1.9534
20.0356 -18.1814 3.08492
-17.2268 9.04997 -1.13752
-20.1819 10.5366 -1.22344
-1.38902 -2.43627 2.16019
29.9602 -22.6667 3.04915
-2.4301 -3.38195 2.77063
10.7818 -9.65222 3.12242
25.8086 -27.9307 1.66451
-2.40688 0.296728 2.02955
1.29268 -4.21425 2.31975
5.65884 -4.53426 2.92859
-2.55558 2.14816 1.99327
46.5471 0.6493 2.40251
-2.54406 2.61098 1.94522
20.1584 -14.9594 0.798064
26.4269 -26.6621 3.20041
0.286208 0.372998 0.963653
22.5559 -21.1009 2.91607
18.9056 -7.91122 0.558896
0.246701 -8.01285 1.32839
1.81866 -9.29156 0.678687
-20.8939 16.3511 1.10738
6.21596 -4.64114 -0.359277
7.7627 -9.88045 2.64325
6.38649 -4.87884 2.93623
-3.66176 -3.00764 2.75184
-11.9132 6.3484 -0.915452
7.02358 -5.02479 2.75654
2.85844 -9.74341 2.76479
38.1154 -28.7679 2.3884
0.0338981 -5.08758 2.847
-5.08428 3.58376 2.55563
-3.74685 -0.620598 2.15643
10.901 -11.8657 2.6521
18.7341 -12.9164 0.921042
37.154 -31.2576 3.02331
-25.6954 20.9197 -1.47335
27.1821 -25.7744 3.12988
27.6008 -25.862 3.09419
27.0219 -25.9275 3.18424
2.67951 -9.19626 2.98013
-3.88239 3.68782 1.3715
-2.75818 -0.416023 2.20368
3.24626 -1.16465 1.52269
-23.0539 4.8373 1.08216
1.37183 -8.06538 2.92954
0.666091 -7.12611 2.89806
14.639 -15.4685 -0.0116456
-27.4357 18.8128 -0.0320711
-3.10203 -2.60929 2.03717
0.507699 -7.18554 2.8962
0.0731693 -0.468386 1.10431
0.39811 -7.0208 2.88987
29.9493 -22.3821 2.98849
7.79938 -4.6668 1.98416
-0.519246 -5.92526 2.85064
-0.924574 -5.52078 2.83368
-10.7406 9.07206 -0.820788
-2.38085 -1.14407 2.22028
-21.4248 3.54803 0.958209
-3.68953 3.01901 2.59706
-11.801 5.44503 -0.900951
-9.4652 7.46396 -0.932876
-2.74899 0.0721997 2.1539
7.83181 -4.21766 1.32404
22.2708 -15.5008 1.42391
-3.96539 0.991936 2.66031
-23.6159 5.29462 1.37258
-23.3433 11.3886 0.268374
23.9785 2.74807 0.241191
-4.05517 1.07091 2.65345
-23.5024 11.6372 0.228198
-4.02936 1.8267 2.61794
-0.491859 -2.75654 2.25203
-19.1073 2.46393 1.81703
46.5681 -37.9984 2.54468
2.36515 -1.13408 -0.442227
-4.12427 2.23884 2.61842
-0.541518 -2.32723 2.2726
2.72309 -1.39175 -0.450065
10.5788 -9.63991 -0.194358
-2.73405 1.75586 2.07324
8.12966 -3.86626 0.970065
-11.4047 6.36984 -0.907838
9.68462 -10.1942 2.39311
-19.4207 2.60332 -0.824272
29.5398 1.86668 2.48325
26.343 1.19656 2.22543
0.128586 -2.60699 2.29245
-19.641 14.809 -1.35035
-3.54399 -2.94461 2.74969
12.6525 -10.7886 3.11002
13.9905 -9.54303 1.21201
-10.3692 1.25012 0.368799
-3.64776 -1.7831 2.71925
2.14365 -7.77605 2.93613
22.6863 2.95622 2.57498
6.02715 -4.71337 2.94589
7.13082 -6.10957 2.45124
-21.4333 3.52873 -0.951934
3.94153 -1.83336 1.94967
47.7375 -36.5497 2.46436
-1.44292 -1.9636 2.19506
13.6755 1.49437 2.15903
-21.7159 3.74834 -0.644814
-11.5904 6.9519 -0.933203
26.1736 -27.1178 3.1096
-14.1978 11.8798 -0.52441
19.8185 -8.79352 1.27931
18.5542 -20.0113 3.19562
38.7285 -33.8614 3.06828
-26.226 20.3781 0.523057
-23.9578 5.54283 -0.366746
36.3505 -32.1711 3.02761
2.32962 -7.01032 -0.377814
1.2658 -3.24746 2.42952
0.693789 -8.38478 0.428292
26.8627 -26.4678 3.09822
11.8366 -7.88927 3.10026
14.1049 -9.02675 2.31866
9.28289 -6.03798 2.23982
2.72351 -9.58517 2.94866
-2.5733 -1.03758 2.20313
7.6728 -4.37819 2.0573
-0.491909 -6.19304 2.85756
-4.17958 1.97611 2.62489
-11.9754 4.20728 -0.886336
17.1432 -7.3577 0.355787
16.8047 0.226844 2.34674
1.04086 -4.07477 2.33996
8.10172 -3.91698 0.780415
0.936774 -2.8022 2.16769
-2.66682 -3.07103 2.76174
28.9499 1.35838 2.79755
-22.0989 5.70262 1.64545
47.6762 -36.6062 2.12662
-21.5529 3.64151 1.46028
47.461 -36.8898 2.20972
12.4959 -7.94089 2.58678
14.8549 -9.02826 1.92065
8.18682 -3.57836 2.29219
12.4663 1.42247 2.26978
-9.21653 -0.426687 1.85172
-9.24958 -0.407391 1.24753
-17.3527 8.98954 -1.12272
18.8034 -19.7531 2.92706
-13.9176 6.29881 -0.967792
1.35587 -2.74423 2.16415
46.1258 -38.5306 2.71842
18.5288 -20.0432 3.0325
45.8949 -38.801 2.80343
35.6127 -33.1257 3.04377
6.47462 -8.01224 2.49865
35.4189 -33.3382 3.11481
7.78386 -6.20837 -0.29346
-2.78015 0.242819 2.17154
14.2499 -12.3688 -0.105298
0.8544 -4.26691 2.24543
-10.7609 3.53236 1.7237
-1.77011 -6.39788 0.0237708
24.0345 -23.7671 2.70298
-3.53153 3.41144 2.30753
2.89586 -9.39594 2.98844
5.1782 0.716052 0.371126
25.9552 -27.212 3.16142
6.29889 1.0422 0.564102
-1.15124 -2.25768 2.1614
17.0554 -18.7957 2.65142
24.896 1.56599 1.18405
-6.68741 4.55901 1.66345
16.2956 -18.1805 2.63004
15.6635 -17.6909 2.61724
-9.28591 0.340064 0.755174
-18.4177 3.28252 1.77361
26.2854 -26.8345 3.25758
13.3262 -13.6351 -0.0997399
-0.388429 -5.08922 2.82479
7.8874 -5.59561 2.12767
0.309216 -7.33849 2.89788
14.5015 -8.88838 2.11681
3.05349 -0.928019 1.38839
18.1798 -19.2845 0.072898
7.74445 -3.57349 2.4184
18.8017 -20.4197 0.107751
3.07329 -0.948336 1.57701
10.3877 -9.76933 2.39002
29.0935 1.24234 1.49532
-4.08561 3.38026 2.57564
6.36679 -4.73468 2.94146
2.34274 -9.31877 2.91797
-4.11409 3.70069 2.56094
-3.64444 3.5054 2.34203
9.9641 -9.88354 -0.211612
-4.55318 1.47374 2.63674
-12.6731 3.98161 -0.894134
-0.0230695 -2.46598 2.28896
3.51887 -1.3999 1.07299
13.1253 -10.2222 2.73519
12.8754 -10.5323 2.78112
-0.750393 -6.82678 2.72268
16.3839 -19.8349 0.535518
-3.18035 -4.13222 2.77766
-11.4544 5.18848 -0.881734
20.0333 -8.96229 2.34963
47.1943 -37.2374 1.91251
-25.9614 13.7203 1.20332
45.6351 -39.1574 2.50937
-8.23813 1.61274 2.55207
45.1819 -39.7067 2.68157
43.3825 -41.8965 3.39014
5.3234 -6.53221 2.67001
46.0795 5.004 2.04012
34.6669 -34.3111 3.09828
38.9352 -38.9731 3.43661
27.7237 -29.8183 3.19861
23.009 -25.9793 3.10098
-27.8901 15.1425 0.180249
30.0684 -22.2903 1.5887
21.1877 -24.5135 3.06803
5.74966 0.384132 0.758857
20.2562 -23.7251 3.04315
18.0073 -21.3662 2.88505
25.726 -27.5177 3.49235
1.14246 -6.80252 -0.398437
42.6042 -0.143607 2.36619
13.1449 -13.292 -0.104369
-20.8332 8.75439 0.915309
0.0394236 -7.26693 2.89243
39.0902 -38.8928 2.73004
-0.786372 -6.11346 2.84633
15.1706 -10.4415 0.839714
-1.72465 1.72765 2.12399
-1.75581 1.91489 2.09585
25.5252 -27.9559 1.71898
29.8975 -22.5033 1.40241
46.1475 6.38172 1.95518
-2.9898 -5.42442 2.26008
-4.27716 1.27046 2.64473
-2.84894 2.85397 1.96856
0.434229 -3.10915 2.30565
-5.05708 1.16137 2.11788
18.7102 -13.3154 0.996526
21.8952 -15.9602 1.05029
-8.77535 5.47793 -0.838556
16.477 -14.6643 2.53228
47.145 -37.3027 1.56431
4.39615 -2.93857 0.392093
1.06028 -5.92578 -0.417115
1.07588 -8.68323 1.61385
44.6786 -40.3254 2.5074
0.999259 -6.90135 2.89843
-1.38905 -6.28046 2.37392
38.9119 -39.0622 3.11983
12.771 -10.6325 3.06102
38.6849 -39.2964 3.2018
-3.39569 -4.71183 2.35799
33.1554 -34.9179 3.15223
16.7648 -11.479 2.67852
3.54106 -1.40203 1.80932
-1.84317 1.62671 2.11153
25.3918 -28.0609 2.9467
7.66958 -4.45356 0.55806
-26.3374 7.63549 -1.24151
25.2466 -28.2343 3.0056
-26.4026 7.48952 -1.21561
24.8426 -28.7941 3.18684
20.9554 -24.9056 2.98787
20.0337 -24.1055 2.96668
17.7524 -21.641 2.81174
4.58365 -5.90624 2.95942
5.31543 -4.5492 2.92415
46.1033 6.90653 1.66274
7.69354 -5.80901 2.19119
-20.9613 8.59224 0.953672
-3.36602 -3.4865 2.1113
11.3449 -9.60475 -0.188254
-1.99419 1.7007 1.99989
-1.8644 -4.95036 2.80929
17.8493 -21.5089 2.05755
-2.54378 2.61566 2.14862
-2.69538 2.73778 2.17115
-8.45969 7.31157 -0.914189
25.3715 -28.1208 1.77644
-11.0233 5.91931 1.88868
-1.74008 -2.15406 2.1501
-2.29848 -1.32403 2.18639
13.9247 -11.8073 -0.120123
-0.24062 0.791701 1.10865
-23.4105 11.5537 0.0820976
-4.88527 1.71989 2.62091
3.05142 -10.0362 0.83196
18.711 -7.88663 -0.0456442
-29.0056 16.8902 0.916405
14.5478 -12.9335 -0.0870736
-16.5481 3.89523 -0.955501
7.97531 -4.07793 0.642596
7.91639 -4.15268 0.620655
-2.75155 2.78216 2.02816
-0.573991 -6.7454 2.87058
18.6531 -12.9803 0.808244
11.6224 -10.3032 3.15442
18.8904 -13.8239 0.925976
46.651 -37.9271 1.39506
46.2163 -38.4683 1.56872
45.9895 -38.7436 1.65375
45.7687 -39.0239 1.73916
-16.5414 5.12194 0.0145141
45.318 -39.577 1.91086
10.6856 -8.97454 -0.213489
44.8642 -40.1278 2.08382
4.18002 -5.63066 2.48436
44.4064 -40.6755 2.25804
43.7404 -41.4914 2.52699
12.915 -9.48591 3.14398
43.0497 -42.3134 2.79426
44.2187 -40.9647 0.822194
22.1675 -15.594 2.06766
8.00838 -4.83776 1.81902
9.92559 2.04831 -0.460508
3.57131 -1.42831 1.47325
33.1203 -34.9841 2.88373
-20.2103 2.57228 1.61365
25.5107 -27.9428 2.67742
25.3611 -28.1113 2.73563
25.2124 -28.2812 2.79417
13.1187 -8.01709 2.58171
6.67533 -6.43103 2.48132
24.3811 -29.384 3.15689
14.4808 -10.4567 0.319958
-11.4161 8.91842 -0.990387
17.5612 -21.4766 2.64129
17.2671 -21.6436 2.645
5.73111 -5.26067 2.30412
-2.54865 -5.39262 2.62652
-18.0892 8.58198 -1.12477
29.2778 -30.0513 0.916197
11.6099 -7.8389 2.33385
21.2604 -16.6523 3.18773
-0.719658 -6.58882 2.86097
14.0042 -9.21164 0.73931
-10.138 8.04515 -0.955084
29.3772 1.69269 2.48994
-2.0485 -1.90572 2.14281
29.3019 1.51545 2.50046
29.9362 -22.4689 1.63994
-0.211503 -2.34397 2.28025
10.8037 -9.29673 -0.200298
25.2266 -28.2959 1.83437
14.8779 -10.5344 0.781478
4.86914 -5.2373 2.22347
-1.5085 -5.41611 2.82702
-1.73796 1.46275 2.11838
15.5438 -14.8105 2.80624
-11.8505 6.68366 -0.931674
18.6777 -13.7059 0.788402
19.9893 -15.2074 0.866923
47.0743 -37.4506 0.866879
18.2564 -20.4053 2.9884
46.382 -38.2689 1.11956
45.7203 -39.0865 1.37932
1.91163 -8.47469 2.95242
8.28345 -5.0858 2.15765
45.043 -39.9165 1.63734
44.5891 -40.4682 1.81093
25.4766 -27.9845 2.45155
25.3282 -28.1546 2.50972
17.8484 -21.6273 2.44682
2.27966 -9.27498 2.71967
7.52374 -4.36819 2.64302
21.9168 -15.6733 2.83034
3.46092 -2.36613 2.01907
-20.7757 8.82347 1.11607
-9.18436 6.86202 -0.903141
-0.501989 0.984063 1.44919
-9.73856 7.17397 -0.923588
-0.856056 -6.69226 2.85897
-1.28319 0.133291 1.82655
-1.02932 -6.32838 2.8519
4.27986 -4.77745 2.17828
4.4726 -4.92646 2.20712
-1.69211 0.964807 2.13255
4.62045 -5.06672 2.19434
-0.930125 1.33278 1.25733
24.5959 4.74905 1.11812
10.6056 2.18698 -0.430743
18.2246 0.225187 2.23187
16.9893 -7.09016 -0.187111
14.2197 -8.951 0.437393
21.2429 -16.7017 2.96068
14.0924 -9.10979 0.482201
-3.53816 0.65119 2.13558
-10.3141 8.04279 -0.948907
-10.7882 7.86468 -0.951818
-12.1173 8.68041 -0.997909
-5.33343 1.20232 2.11324
19.9651 -15.2362 0.712636
45.3137 -37.5053 0.759512
45.9114 -38.9002 0.92614
15.1301 -6.46425 -0.230841
45.665 -39.1597 1.01164
44.9975 -39.9997 1.26973
44.7663 -40.2723 1.35635
44.5349 -40.5447 1.44327
22.2488 -15.4689 2.59255
44.083 -41.1002 1.61815
-0.25204 0.79803 0.924707
43.4089 -41.9124 1.88768
-0.072056 -7.10655 2.88534
-5.29407 3.14773 2.56355
3.19035 -3.90158 2.15644
0.561662 -2.46936 2.15098
33.3927 -34.6521 2.15704
0.290056 -2.48685 2.25601
33.2 -34.8632 2.22928
-0.0437154 -2.7107 2.28874
41.5778 -44.1369 2.61008
12.6132 -10.8586 2.77699
25.4458 -28.0417 2.22128
-17.8486 10.2477 -1.18104
37.7056 -40.61 3.63058
18.8582 -7.89459 2.23543
25.1428 -28.3763 2.3374
8.15295 -3.82613 1.34976
38.5399 -44.4431 3.19169
38.0746 -44.4359 3.2699
5.02768 -4.63852 2.92447
17.7933 -21.6336 2.27439
30.8142 3.42047 2.59058
-2.025 -4.31238 2.79056
3.81815 -5.24275 2.93128
-10.569 8.57753 2.3039
-18.3918 3.18974 -0.980662
17.0138 1.90295 2.51607
-11.0075 8.70061 2.30006
9.39683 -8.93249 2.36803
-11.7974 9.56931 -0.351672
-2.16859 -4.91583 2.80459
17.6961 -21.5839 2.09911
-2.27078 -4.73398 2.79687
-2.5257 2.13297 2.13168
9.91881 -9.93338 2.38757
-3.29417 -2.73597 2.74414
-2.4818 -1.57526 2.14613
-4.60127 3.62829 2.55777
-3.28988 -0.557765 2.18637
-21.2763 4.90334 -1.04545
9.92392 -10.8621 -0.178571
35.2138 -32.2059 3.46953
46.5731 0.374691 2.42911
19.9604 -14.9988 0.833964
19.689 -8.65997 1.65385
-14.2502 11.8387 -0.0187889
10.9659 -8.69852 3.10549
3.64771 -10.3662 0.973507
0.531461 -3.0757 2.30867
6.53434 -5.62002 2.74206
12.903 2.19903 2.27353
7.64729 -4.49495 0.994072
-4.85031 0.807735 2.12094
-12.9269 10.0856 2.22163
16.3442 -7.19545 -0.199954
16.5079 -7.38673 -0.195544
-10.9378 8.46072 -0.970818
20.0103 -15.1254 0.523624
19.0508 -8.15689 2.03525
19.9452 -15.2643 0.557535
44.1519 -38.9002 0.821372
44.4818 -40.6179 1.07471
43.3398 -41.9756 3.04233
46.075 4.97496 1.78144
22.2253 -15.5012 2.42548
-20.4415 3.85192 1.58349
12.0035 -10.3883 3.15291
44.0374 -41.1814 1.24952
7.60295 -4.50902 2.3776
21.9847 -15.8109 2.51799
11.9781 -10.7716 3.15487
43.8174 -41.4392 1.34212
21.8873 -15.938 2.5546
0.724144 -6.81058 2.88797
0.363518 -2.52306 2.29429
33.1624 -34.9308 1.93529
41.5179 -44.21 2.23994
4.67177 -3.00304 0.444904
-3.00827 2.99483 2.41166
18.8507 -7.94 2.00025
25.1082 -28.4255 2.10575
34.3401 0.119003 2.46821
5.6436 -7.32847 2.48796
-3.39477 2.96596 2.59627
-11.5452 5.44526 -0.887812
38.8909 -44.455 2.74975
7.53626 -6.10652 -0.305195
6.32832 -5.30525 -0.339476
-2.08836 -5.33161 2.81477
5.61418 -6.71257 2.61427
-9.06732 -0.54382 1.63946
5.09028 -5.10571 2.93899
-28.2066 15.3874 -0.438905
12.7453 -10.6939 2.77983
-2.13375 1.36438 2.12736
-2.69506 2.74335 2.37973
-12.8208 8.06761 2.29853
-11.429 6.02775 -0.899295
41.339 -44.3786 2.70625
-3.32907 -1.30747 2.46649
-12.821 6.32963 -0.938336
-3.38756 -0.390084 2.18167
10.4992 -10.4948 -0.168381
-2.87609 2.42169 1.96233
-1.08101 1.45318 1.27522
1.08025 -2.92944 2.18074
45.445 -39.3517 2.97494
-28.7375 17.0471 -1.56479
-9.30438 -0.381063 0.426367
-6.05613 0.207265 2.62746
27.4938 -0.365407 2.42567
1.01809 -3.0488 2.32289
-28.8849 16.9085 -1.52576
-5.73443 5.16589 0.00968671
3.65596 -10.2598 0.892064
8.15693 -3.85432 0.339003
-2.14708 -1.45541 2.18564
-5.80908 4.20686 1.94849
3.16039 -9.93282 0.78717
4.74104 0.410621 -0.374004
14.5275 -10.9028 0.555135
14.9281 -11.4819 0.58705
28.7218 -23.0918 0.298726
-25.181 12.9207 0.424588
3.19527 -1.12756 -0.349755
17.5945 -21.5202 1.93849
-9.48862 0.680151 2.55272
-8.14947 -1.30897 0.66736
7.42592 -4.48501 2.29551
7.31536 -4.57049 2.28954
-28.1728 17.7944 -1.94833
0.307118 -5.36444 2.1445
5.02717 -5.42242 2.2144
2.65443 -4.34922 2.8832
-23.4199 11.5677 1.6603
5.11084 -6.01451 2.28395
-4.70677 1.58912 2.63495
-4.80696 2.5019 2.59373
14.5512 -6.45013 -0.245343
-3.58641 0.204905 2.1623
-4.87485 4.49427 1.42654
-3.80331 3.63199 2.1486
7.80644 -3.7502 2.4144
7.97197 -3.68617 2.40839
3.38579 -1.27229 0.657277
-9.17482 2.41131 2.00294
10.7261 -9.01003 3.10967
3.53274 -1.39632 0.638334
7.88704 -4.73051 0.863963
10.5144 -11.3265 -0.179016
-11.9555 9.51538 -0.368999
14.649 -6.65375 -0.231764
46.0297 5.50739 1.74432
-10.4675 5.00803 -0.854375
-8.80968 -0.777725 0.15994
28.2598 -29.96 1.3465
-17.8282 4.6098 -1.01167
-2.06645 0.0297489 2.0488
25.1903 -28.3426 1.6163
17.4963 -21.4694 1.77601
0.37505 -5.58896 2.85418
16.1848 -14.8573 -0.0162375
20.6001 -9.44108 2.71449
-6.86879 2.57756 2.03703
7.24314 -3.41689 2.32302
-18.0123 4.54798 -1.01249
7.06326 -3.62733 2.2636
-17.5662 8.06098 -1.10197
25.0247 -28.4886 2.62648
-2.00943 0.789989 2.16739
-2.22803 1.12386 2.14398
-2.14354 -5.43843 2.8159
-2.39848 -5.28031 2.81259
5.06675 -6.06555 2.31517
12.1099 -7.92031 2.90058
-3.6566 0.61796 2.30283
-4.87875 2.93596 2.5768
5.77831 -0.097063 0.587734
-3.01409 2.53242 1.95833
20.1614 -15.1957 0.675781
5.1034 -5.43785 2.21223
45.9834 6.11566 2.46338
-7.50405 1.43911 2.56622
3.62482 -0.261337 0.449355
1.28414 -2.70427 2.16516
3.70566 -1.53853 0.601032
5.21839 -2.43476 0.586196
14.1024 -9.07716 1.11066
7.64318 -4.55013 0.499853
-2.13873 0.465513 2.02708
11.1852 -8.45868 -0.207389
-6.29178 5.13051 1.95425
-1.99483 -1.36939 2.22416
14.0374 -9.58993 0.203349
1.98506 -4.73797 2.36808
23.6266 -19.6078 0.159742
24.0591 -20.2078 0.18223
28.6701 -29.7822 0.980545
-2.06905 0.299212 1.9378
25.149 -28.3959 1.39337
-13.0725 6.276 -0.931149
16.8711 -7.70694 0.839511
-17.968 8.65105 -1.1401
1.54498 -2.08051 1.94271
7.24837 -6.80504 -0.290403
7.7767 -5.07123 2.45186
20.7618 -15.2824 3.30933
-9.2372 0.342059 0.258753
29.4688 0.751177 1.73191
-20.7904 8.82199 1.30591
-0.316704 -4.83016 2.11885
-0.489892 -4.69368 2.13465
-2.20796 -5.65066 2.74102
-2.52302 -5.12789 2.80772
4.87462 -6.18279 2.50681
-10.7003 4.22216 -0.845857
5.01556 -6.28974 2.49993
-10.8841 4.48472 -0.866577
5.19226 -6.43975 2.49951
-10.9498 4.66789 -0.863366
-23.4994 5.21027 0.971179
-13.0386 5.23579 -0.91625
-3.99331 3.79938 2.20342
3.8059 -1.62636 0.609102
4.69021 -2.05908 0.573743
44.266 -40.9054 1.16196
12.3817 -10.07 3.14145
22.4019 -15.3081 1.7036
-10.3546 1.24017 0.752318
8.07071 -4.88811 0.373264
6.95962 -6.26015 2.46507
8.152 -3.89648 0.183698
8.04694 -4.00783 0.249627
8.00136 -4.06252 0.19614
7.88688 -4.18695 0.262251
7.75552 -4.36496 0.309862
-1.64619 -3.76328 2.11054
7.6444 -4.48673 0.347617
7.775 -4.63691 0.431577
2.15572 -2.6632 1.93032
-20.0886 2.4901 0.21448
4.2427 -2.08291 0.513559
21.9815 -15.8436 1.68577
14.4275 -6.55313 3.05233
19.9738 -16.0404 0.0484306
20.3331 -16.5275 0.0612198
21.3236 -17.7536 0.0783367
-16.1389 5.82454 1.84789
28.6574 -29.8493 0.72545
25.5745 -27.936 0.987932
27.2227 -31.177 1.22733
6.67379 -3.02798 2.39636
-17.1177 7.47421 -1.08198
2.36109 -3.26034 2.13484
2.22789 -3.15356 2.11042
7.7999 -4.87738 2.45472
0.42444 -5.32479 2.85696
-28.0617 17.9966 -1.82329
17.1575 -7.36642 0.638703
7.20042 -6.59844 -0.295449
29.0933 1.15358 2.43783
-1.20099 -6.47649 2.64622
-1.56649 -6.18339 2.66787
-0.980287 -2.36765 2.25568
-12.8017 7.70944 1.78864
-1.55645 1.80325 2.12194
-1.10989 -2.22021 2.25443
-12.9282 7.8909 1.77822
-2.53772 -5.39797 2.7695
5.41761 -6.94536 2.43651
-11.3052 5.19758 -0.875529
13.4799 -9.03066 2.71938
-5.00336 2.64188 2.58644
-5.16536 2.99058 2.57091
13.2437 -10.0841 2.74026
-5.1626 3.70855 2.55251
10.1927 -10.597 -0.184027
-3.16075 2.64446 1.95104
20.0023 -15.4539 0.745068
24.7069 3.68482 0.668627
47.2898 -37.103 2.63031
-3.19005 3.1288 1.85698
7.28282 1.21411 -0.455712
44.5327 -40.4433 3.32186
-3.02667 2.9971 1.78516
7.31478 1.40586 -0.468936
27.9999 -30.2266 0.912115
7.22143 1.51302 -0.469164
-2.86214 1.43437 1.77385
5.98894 0.911621 -0.0430166
-16.7743 10.0158 -1.14011
14.1662 -8.64243 -0.175035
14.0004 -9.22235 -0.0973114
0.352365 -0.392299 1.07338
19.278 -16.1098 0.0293014
19.4636 -16.4621 0.0498183
19.7539 -16.8982 0.0680902
22.1747 -20.1275 0.126372
-6.40644 5.70229 0.365153
23.6788 -22.2672 0.184824
7.41058 -4.52995 2.69603
28.1342 -30.1031 0.613001
25.9289 -28.0891 0.706026
-3.37541 -4.73474 2.53117
0.454096 -7.79684 2.65218
3.41344 -2.44502 1.99812
6.92342 -3.74161 2.60682
1.99858 -2.92691 2.09442
0.558064 -8.26583 0.892965
24.435 4.89154 1.54639
7.31351 -4.65389 2.57251
-8.45499 5.75276 -0.860475
6.74625 -6.45613 -0.309661
43.0251 -42.3988 0.919762
-0.911759 1.31541 0.807875
24.5662 4.76601 1.55501
3.77907 -1.99204 1.97951
-8.85927 7.0807 -0.909093
-11.2121 7.88567 -0.950006
21.1896 -21.5315 0.15349
4.97112 -2.17347 0.589604
4.85218 -2.19875 0.576472
-18.8764 4.90282 -1.02798
-10.8445 4.17397 -0.846116
9.34554 -9.81754 2.7618
4.83428 -6.44673 2.46505
-13.8955 8.91576 1.86298
19.2409 2.17829 2.37383
5.01055 -6.60243 2.46747
-11.0844 4.4268 -0.866208
14.6805 -14.1184 2.86811
-3.4737 3.16101 2.59532
19.9299 -18.2893 3.126
-5.0226 1.85614 2.6165
30.1468 -22.1586 2.23338
-5.16436 3.18735 2.56656
-5.25408 3.41622 2.56233
-3.94854 -0.880998 2.18721
-13.4318 6.30919 -0.952357
-3.99365 -0.391833 2.11441
-23.0809 16.862 -1.44921
10.3065 -11.8224 -0.165142
-5.02949 4.63417 2.35799
-3.37363 3.27899 1.88828
-17.3229 5.06997 1.76342
8.18474 1.68893 -0.456251
-17.3812 5.19869 1.74838
13.2531 -8.11276 -0.18902
13.4177 -8.32455 -0.189177
43.9921 -41.243 0.909695
13.483 -8.47803 -0.179437
13.6633 -8.70595 -0.180073
29.395 1.66992 2.13419
-9.1462 5.67628 -0.854804
13.7775 -8.89553 -0.174049
13.8566 -9.06509 -0.164388
14.4227 -9.92983 -0.141884
7.71518 -4.44605 0.183502
-20.1191 2.45629 -0.0525975
16.0238 -11.3077 -0.237353
15.8828 -12.2332 -0.0726731
18.7387 -16.4723 0.0312622
19.2496 -17.3294 0.0652345
20.0519 -18.4834 0.0895636
6.67844 -5.24244 -0.331829
21.4298 -20.221 0.0941073
21.5734 -20.5997 0.1253
8.1458 -7.42556 -0.262633
21.8433 -21.0922 0.154733
20.7545 -23.1119 0.691755
7.51815 -4.42637 2.47345
2.23714 -4.69951 2.35158
18.5897 -21.9982 0.941113
18.4461 -22.0939 0.985302
2.25704 -4.94938 2.3783
-0.0987312 0.676777 1.24364
7.27579 -4.71572 2.50418
0.217702 -7.99448 0.929484
0.480537 -7.74892 2.38191
25.6184 -27.9077 1.22131
22.5377 -16.6203 1.08858
5.14219 -2.29369 0.591178
-4.16355 1.01809 2.289
18.89 -8.05533 2.20002
-23.8273 5.44901 1.0803
-5.3212 2.88225 2.57327
-5.37058 3.56826 2.55359
46.6231 -37.9355 2.88192
18.9671 -19.5238 3.02442
-5.40827 4.04 2.53244
-13.5622 6.71706 -0.981873
-4.09185 0.130535 2.14314
-10.944 7.57845 -0.941295
-4.18935 0.283517 2.16254
24.4832 3.49218 0.470899
-4.00579 0.405001 2.15651
-21.9112 5.73494 -1.11891
-3.97171 0.679061 2.14505
-1.64858 1.89858 1.43492
7.96784 1.61625 -0.467397
3.23542 -1.1557 0.653788
7.71902 -4.38348 0.932474
8.28661 -3.81066 0.0818467
8.18163 -3.99357 0.0503507
-19.4339 2.67466 -0.0742774
12.5229 -7.69496 -0.21134
12.7049 -8.01931 -0.200903
-26.4129 20.0576 -1.01252
13.0622 -8.69124 -0.175004
13.2854 -9.06538 -0.16261
13.3925 -9.25665 -0.156005
13.67 -9.69205 -0.147177
13.9828 -10.1668 -0.139295
4.03017 -2.2215 0.43362
12.8661 -8.33939 -0.18695
4.28188 -2.61583 0.462625
20.7558 -17.2776 3.30554
21.9639 -15.8764 1.53318
4.56375 -3.05359 0.408801
12.333 -11.1983 2.78308
9.59471 1.61749 1.9358
15.019 -11.9011 -0.0856979
-24.05 12.0544 0.825919
1.87567 -4.09255 2.20725
15.2544 -12.2354 -0.0824329
-7.94135 6.79475 1.88879
15.7951 -13.1383 -0.054981
16.5836 -14.4637 -0.00943947
1.11037 -5.6152 2.87127
16.8508 -14.8728 -0.000786304
17.6273 -16.1227 0.0337892
18.2158 -17.0597 0.0588386
-2.86054 2.87283 2.21456
18.6537 -17.6762 0.0654739
18.8467 -18.072 0.0871447
20.4399 -20.5297 0.149418
21.5518 -22.1589 0.177448
24.114 -26.293 0.301951
18.4064 -21.9873 0.788996
-28.2398 17.6989 -1.5457
-23.4069 5.13035 1.54746
22.4987 -17.0568 1.00694
-4.95702 0.788212 2.10764
-11.7576 8.24213 -0.970168
-5.57861 5.06599 2.02756
-13.1394 8.12815 1.7716
-2.90302 -5.10474 2.78369
5.93715 -7.62636 2.47756
-3.66291 -3.5027 2.75026
19.4079 -17.7024 3.38217
6.02988 -7.85908 2.47155
-10.3068 7.19668 -0.924996
24.3771 5.00921 1.03027
6.38651 -8.16192 2.50918
24.411 4.92817 0.906989
-4.79631 1.53513 2.44971
-12.86 3.96097 -0.906382
-5.26104 2.08338 2.60222
-4.50819 4.21452 2.21824
-13.402 3.10365 1.89781
-13.2214 2.93861 1.90433
7.69377 1.58833 -0.468852
-17.4888 9.60754 -1.15909
12.7542 -10.5807 3.15819
8.03824 -4.1251 0.0443168
7.86201 -4.26117 0.0990021
7.70533 -4.58621 0.204646
8.03861 -4.85549 0.146992
11.7817 -7.16566 -0.235642
-0.932721 -4.05137 2.79921
11.8986 -7.33533 -0.235503
12.1734 -7.81206 -0.224551
37.6164 -29.2059 3.42855
12.3157 -8.1147 -0.211199
12.4817 -8.38368 -0.205816
12.5584 -8.5979 -0.190457
13.0255 -9.38402 -0.173449
13.1279 -9.5778 -0.166666
13.409 -10.0305 -0.158873
14.9777 -12.6529 -0.095944
-13.4887 10.5096 -1.07668
17.2881 -16.6381 0.0215412
30.041 -22.2887 2.50754
18.8397 -19.2184 0.0916828
-2.62488 -5.71045 2.22436
20.7472 -22.18 0.1436
21.5243 -23.5596 0.191053
16.843 -20.0774 0.635601
16.1702 -19.8171 0.578189
7.31514 -4.6443 2.7043
11.6952 -7.89526 3.10353
-0.59352 -7.33471 0.858811
-20.8478 8.74161 1.52613
-20.9925 8.57067 1.50293
3.97074 -3.12216 2.33054
-10.344 3.75494 -0.828964
-10.6118 3.8998 -0.830813
-13.9255 8.90197 1.97257
-3.8067 -3.58715 2.75732
-0.919857 1.32499 1.46132
24.5992 4.73673 0.915972
-4.32674 1.15312 2.29488
-24.0789 5.64586 0.988903
46.3977 -38.1854 2.97036
17.1346 -15.3041 0.00797665
-4.39851 0.623214 2.1497
-22.493 6.32613 -1.14784
-4.91506 4.53686 2.2833
7.41823 1.50626 -0.459281
44.7602 -40.1698 3.23454
5.90431 0.943506 -0.218763
-4.35698 -4.20348 2.25679
9.05771 -4.15045 2.14059
-4.5715 -4.09542 2.25703
5.4076 0.604316 -0.0778568
4.57385 -2.66604 0.505903
4.70096 -2.82111 0.503819
11.2635 -6.87498 -0.256569
-12.5483 3.21484 1.80146
11.3524 -7.11956 -0.242252
-4.20911 -3.95164 2.76243
11.9658 -8.22126 -0.216661
12.0061 -8.35604 -0.206713
12.1776 -8.58383 -0.21051
12.1915 -8.70426 -0.197118
12.3952 -9.13385 -0.18006
-21.1511 3.30187 -0.42091
12.5683 -9.43634 -0.173889
36.0264 5.25628 2.58672
12.696 -9.65137 -0.170393
12.9935 -10.1176 -0.164404
36.5809 4.67825 2.64604
13.0842 -10.3145 -0.155744
13.6433 -11.2924 -0.134301
13.7765 -11.5415 -0.126856
15.0512 -13.8678 -0.0586697
-5.27424 1.49675 2.10129
16.2434 -16.0575 0.0104338
16.5927 -16.7953 0.0439129
19.1174 -21.009 0.127431
20.776 -23.6347 0.167975
0.390198 -5.44039 2.15378
5.3285 -2.33614 0.592649
13.0111 -10.3487 3.08178
18.5468 -19.9063 0.0864489
12.9131 -10.4582 3.11626
-13.2213 8.20548 1.87054
-3.06425 1.07524 1.91976
-5.52942 2.29269 2.5965
-13.8538 5.49091 -0.952247
-5.67638 3.37831 2.55468
-26.6733 19.8198 0.989165
-26.5492 19.9712 0.942984
-5.91258 4.41357 2.51855
-3.8039 1.74307 2.6328
24.1185 3.07566 0.570154
-5.42027 4.9398 2.34594
25.0799 -28.4694 1.8925
-23.7122 5.36115 0.721627
46.521 -38.0671 2.1644
1.02537 -3.05312 2.41664
7.6379 -4.52796 0.8355
3.19685 -1.12364 0.491298
6.40382 -5.78196 2.63586
3.38136 -1.26933 0.451966
7.79109 -4.65138 0.688877
-9.3409 2.38647 1.76971
4.27034 -2.37614 0.497604
2.8211 -0.861373 -0.415125
43.0006 -42.3806 2.43391
4.81979 -2.99912 0.47641
10.7356 -6.66697 -0.257825
-12.7604 2.55978 1.91441
10.8108 -6.85073 -0.249653
12.3076 2.45928 0.482289
11.6695 0.408844 2.26522
10.3894 -10.6496 2.87537
11.7153 -8.60963 -0.204515
37.0428 -29.9038 3.34919
11.7642 -8.7551 -0.195429
11.8949 -8.9633 -0.19489
7.36705 1.31801 -0.449465
11.9536 -9.12061 -0.186189
12.6854 -10.5396 -0.145976
12.8366 -10.7947 -0.143043
12.9981 -11.0629 -0.140475
13.2382 -11.5344 -0.124034
13.6803 -12.3547 -0.104694
-16.5833 13.4669 1.39892
1.47293 -6.3028 2.14306
14.7215 -14.4381 -0.033705
15.6647 -16.2973 0.0256302
16.7504 -18.05 0.0406052
28.5651 -29.9248 1.28572
16.5842 -19.8968 0.342599
-18.1578 4.47465 -1.00857
-11.7587 7.45796 1.66903
12.8597 -10.2063 3.15257
-4.99393 3.55488 1.98591
-1.46818 -6.30616 2.3942
-3.67328 -0.0972065 2.17218
-24.7615 9.67962 1.56891
7.81671 -9.75333 2.26843
-13.3469 5.88226 -0.936702
7.93183 -9.60008 2.31316
-3.30932 0.997912 1.9871
-5.70776 2.3904 2.58938
18.6375 -19.9232 2.99036
-14.0127 6.24613 -0.958413
-1.84316 -6.34035 2.26726
20.7569 -17.0763 0.0723244
12.5457 -10.298 -0.149426
24.6058 3.64354 0.163587
-4.15371 3.92367 1.99896
-2.41046 2.5053 1.50911
19.7093 -15.6366 0.0320047
-1.84107 0.901035 2.16271
7.04481 1.4288 -0.475819
-1.79911 1.17417 2.13127
7.05044 1.29017 -0.465007
-1.66438 1.31319 2.13388
7.11572 1.13846 -0.464962
7.04137 1.05792 -0.442887
5.39154 0.159603 -0.0282726
-6.3467 0.0281775 2.62341
6.94298 -5.11227 2.50121
-8.92517 5.75504 -0.85432
3.52905 -1.39025 0.423162
7.98217 -4.80736 0.777537
-20.1861 2.5579 0.66384
8.05832 -4.88092 0.657222
3.68913 -1.52111 0.413702
3.8199 -1.6346 0.376199
2.64467 -3.05629 2.29307
7.00005 -3.32629 0.0248383
12.6278 -7.86455 -0.207723
4.12557 -2.1624 0.479422
4.51245 -2.84351 0.465478
10.4033 -6.83896 -0.25018
10.5064 -7.04395 -0.246055
10.6322 -7.26347 -0.243038
10.6759 -7.38835 -0.236429
11.2531 -8.61671 -0.201446
-2.06666 0.759961 1.99007
11.3492 -8.79286 -0.197015
11.422 -8.95933 -0.190931
-1.55085 1.82636 1.98568
11.817 -9.7941 -0.166443
12.5478 -11.2391 -0.130293
6.27538 -7.71253 2.48987
-16.2212 5.98954 2.25599
12.9542 -12.0254 -0.113266
13.6161 -13.4037 -0.0687734
0.572203 -5.55311 2.13376
13.8258 -13.7714 -0.0646669
-14.7253 9.6078 -1.07682
-28.2228 17.7565 -1.33342
3.06687 -7.35963 2.93063
-0.593362 -7.33503 0.648445
7.39772 -3.20421 2.26072
-17.7026 4.13199 -1.00125
11.6837 -7.72618 -0.228208
25.4919 -28.0053 1.50117
-3.44319 -2.61125 2.73783
2.47884 -6.86071 2.92098
25.3413 -28.174 1.55863
39.0339 -38.9434 2.40048
-1.08274 -6.29332 2.29673
-5.4411 4.95413 1.95849
7.79151 -4.30928 0.49535
6.10121 0.288765 -0.46719
25.6074 -27.8859 2.16401
-2.62396 2.20959 2.1421
18.9881 -16.8918 0.0479687
6.18666 0.209028 -0.454393
15.5549 -14.8515 -0.0229378
2.1823 -6.85219 2.22589
-28.9651 16.8415 -1.08161
-4.01705 -4.01193 2.76157
1.61251 -6.02022 2.88301
-4.21458 -3.37609 2.74298
-3.36337 0.670457 2.01802
10.9091 -12.4647 -0.14256
-3.37639 1.10878 2.00494
8.35557 -10.0904 2.24685
-5.85274 2.52428 2.57974
-13.9719 5.06741 -0.934295
-25.3489 6.64382 0.39815
9.87749 -9.56623 -0.226372
-3.50797 1.59949 1.97078
-5.9432 3.45007 2.54468
14.4036 -16.6743 2.58325
-14.0579 6.67294 -0.983294
-3.79528 2.0108 2.619
24.0421 2.84311 0.520539
-14.3139 7.01642 -0.997898
-13.136 8.20028 2.04966
-14.1129 7.01154 -0.993906
14.9923 -17.143 2.59768
-14.2409 7.45746 -1.01927
-2.07533 -4.92759 2.19579
-14.1248 7.89173 -1.02072
4.26109 -1.89902 0.505548
-4.52002 4.21743 2.04598
47.2354 -37.1653 2.2929
6.79373 1.26841 -0.457919
-26.4097 7.48575 -0.298792
-2.09498 1.25615 2.12693
6.84244 1.16579 -0.458954
-1.99288 1.48718 2.13441
6.79017 1.04235 -0.467181
12.7656 -8.16567 -0.192099
4.27918 -2.51065 0.477949
3.04184 -3.79429 2.13916
-23.3843 11.3773 0.898832
11.0368 -8.89924 -0.2102
11.1257 -9.08124 -0.206614
11.1718 -9.23125 -0.197748
11.3327 -9.47787 -0.201635
12.2261 -11.3854 -0.151426
-6.70677 3.04996 2.1724
-21.2635 3.39379 -0.781497
15.6635 -18.4599 0.0192965
16.5111 -19.9237 0.0243257
7.63444 -4.45903 1.99604
3.262 -1.17683 1.67778
24.1315 2.82918 0.830686
-6.49053 4.7201 -0.79735
1.98117 -9.43227 0.213238
-1.26055 -6.09401 2.26605
-6.58114 -1.12687 2.64094
-2.41807 -5.76225 2.55024
-10.4794 3.67206 -0.822167
-6.55321 4.4992 2.31393
-25.6771 20.9556 -1.29312
-14.6994 6.99957 -1.00349
2.44467 -2.81151 1.99811
-4.26568 -3.66729 2.75392
-4.34811 1.16793 2.19028
9.68205 -9.21222 -0.219181
5.14829 1.11289 -0.366502
-3.71774 1.34317 1.98794
-3.33454 1.32526 1.91986
-3.67013 1.61794 1.93359
7.95547 -5.90418 -0.299852
4.03556 -10.6181 -0.278714
-14.3124 6.28321 -0.979349
42.6327 -0.395398 2.39202
-14.3617 6.71813 -1.00412
23.9489 2.69106 0.467343
6.83874 -6.82569 2.19968
4.36875 -5.56942 2.94462
-5.69441 5.15412 2.29053
-4.96142 4.57462 2.10383
11.5664 -9.24154 -0.185018
29.4505 0.802014 2.21037
9.89644 -7.21324 -0.253912
14.2397 -10.616 -0.124218
-7.48415 4.10811 1.98394
9.99984 -7.42769 -0.251013
-7.33708 4.32115 1.97732
10.0629 -7.61707 -0.242158
14.5033 -10.9467 -0.127207
10.457 -8.51972 -0.218184
-2.77911 0.760095 1.95885
10.57 -8.77057 -0.212692
10.7313 -9.12329 -0.205437
-25.8664 7.06995 1.11601
11.6344 -11.1432 -0.155316
11.7323 -11.3714 -0.148851
11.8595 -11.6316 -0.144935
11.9942 -11.8963 -0.13946
-8.08184 -1.4361 0.592703
13.8986 -9.34263 1.40564
-1.59311 -5.91975 2.3092
-9.81844 3.73972 -0.824257
-10.134 3.8074 -0.821267
-10.5937 4.24879 -0.843601
-4.42435 -3.34507 2.7458
-3.66369 0.90768 2.00593
-6.1357 2.79879 2.57113
18.4213 -20.1647 3.07499
26.4583 0.436488 2.44784
-4.99266 4.1272 2.128
11.6666 -9.49443 -0.173475
5.76227 1.10457 -0.359779
3.96612 -1.82814 0.322847
-23.8389 14.996 1.42205
-20.9431 10.6306 -1.23929
24.4256 4.8684 1.18566
9.81638 -7.88137 -0.231928
-14.2221 2.24401 1.7462
-3.19021 0.522472 2.01116
10.0861 -8.50359 -0.219633
11.0769 -10.9073 -0.155874
3.28815 -10.1478 1.57364
-6.2176 4.63281 -0.790184
-10.7606 5.00278 -0.870303
3.18696 -1.11027 0.0647531
1.51623 -5.95826 2.88033
-1.90875 -6.29466 0.658126
1.12134 -6.05749 2.88003
4.00798 -1.86894 -0.438743
0.243815 -6.933 -0.402043
4.30797 -2.27469 -0.442732
4.01149 -4.5962 2.90145
-1.45249 -5.84284 2.22369
-1.41863 -4.57242 2.80338
4.42113 -4.8275 2.91859
-12.7599 7.85835 2.03864
4.44958 -5.0564 2.93003
-1.75838 -5.70112 2.2663
4.79385 -6.03412 2.96134
-2.71093 -5.2599 2.43432
4.91826 -6.16375 2.96261
-20.9618 13.3546 -1.33549
-4.01003 -4.23191 2.61261
1.39993 -5.88303 2.87736
-4.42708 -3.50151 2.74849
24.4233 -25.0096 0.269792
-5.49693 -0.463445 2.66683
-20.1758 2.54517 1.44031
-5.16219 4.71003 -0.0851406
-13.7975 2.08805 -0.867952
-6.80222 4.20858 1.83496
-23.3155 11.3897 -0.430432
-3.88777 1.48216 1.98352
-6.27646 2.9024 2.55977
-6.38181 3.84815 2.52372
-16.23 5.55512 1.13562
-4.3697 3.04 1.98845
-25.3506 13.2424 1.4018
-5.81773 2.34237 2.19476
9.38615 -7.5625 -0.251465
9.51694 -7.9554 -0.236965
9.60114 -8.22381 -0.225798
-1.23239 1.57697 1.27553
9.68528 -8.39664 -0.225558
-13.0362 9.26449 -1.0306
-3.49982 0.781684 2.00947
9.82666 -8.77486 -0.212978
1.80918 -9.29496 0.0429039
-11.2085 6.18713 1.87408
4.30995 -2.72478 -0.430821
-1.64283 -5.67396 2.21276
-9.63324 3.84714 -0.817151
-5.27736 4.79856 -0.0837055
9.55677 -8.8782 -0.22649
-3.823 1.04162 1.99468
8.24427 -10.2362 2.24529
11.9093 -10.8301 -0.153184
-25.5477 6.80687 1.06546
-6.63908 3.92233 2.51641
-25.9221 20.6564 -1.19866
-14.8339 6.63321 -0.998678
4.06733 -2.65912 0.391071
14.522 -16.3244 -0.00883532
21.9001 -16.0184 1.5725
8.05056 -7.86956 -0.269382
-1.51708 -0.805898 2.08691
8.41048 -5.77659 -0.30029
-10.4148 8.90503 1.28946
8.62486 -6.35377 -0.286811
8.74638 -6.64946 -0.28334
8.80874 -6.78104 -0.283747
6.91925 -6.62354 2.39653
2.52141 -3.3771 2.11931
-4.6633 -3.68162 2.72705
-3.95798 1.14404 2.00788
-4.13974 1.28471 2.00029
-23.6169 11.7247 -0.413503
-22.1795 6.37549 -1.14309
25.5086 1.18686 2.45879
3.90078 -1.67717 0.593514
-4.9318 4.08689 1.99187
11.5987 -8.41749 -0.205789
-5.72033 5.18004 2.09953
5.47976 1.13825 -0.373854
5.68474 0.349621 -0.333229
-2.78009 2.34942 1.96598
6.03706 0.0474421 -0.414875
46.052 5.53781 2.00351
4.42313 -3.0931 0.320346
8.27313 -6.11703 -0.291925
-21.3883 3.49402 -0.259093
8.33803 -6.32296 -0.285848
-14.6977 5.60841 2.30483
-21.833 3.83594 -0.21747
8.8735 -7.84293 -0.252288
-22.4704 10.7739 -1.25993
32.322 -37.1816 3.15421
8.93336 -8.03543 -0.244377
9.12803 -8.61472 -0.229519
9.23616 -8.87394 -0.227956
-23.3111 11.4296 -0.97698
9.27032 -9.01411 -0.221185
-23.6257 5.67591 0.0999588
9.35536 -9.20551 -0.221281
-7.36629 0.530243 2.58962
6.79545 -6.79706 2.39541
9.13626 -9.68946 -0.196527
-4.21011 1.74168 1.97054
-4.04192 1.87121 1.90411
25.633 1.04134 2.47813
12.1563 -9.61987 -0.159471
46.8259 -37.7094 0.950908
-6.849 3.36626 2.53182
11.2663 -7.71965 -0.228741
12.3746 2.39492 0.52
-3.55879 1.21696 1.99646
5.38117 1.05998 -0.363186
-28.3838 17.5957 -0.481816
-3.41715 1.48955 1.98241
5.46225 0.928603 -0.370699
7.86218 -5.61542 -0.306307
28.935 -23.592 3.14015
7.99926 -6.089 -0.29177
8.05834 -6.28986 -0.285817
8.17278 -6.61681 -0.279046
8.23347 -6.83233 -0.271915
8.31166 -7.02463 -0.271502
8.70315 -8.24566 -0.240787
8.79546 -8.48353 -0.239072
-13.5389 8.5505 -1.02683
0.212922 -0.36621 0.913554
24.0828 -24.3717 0.235425
-5.84029 -1.09697 2.6618
-5.87721 -0.635373 2.65567
-6.17348 0.34827 2.62822
43.326 -37.4165 3.20701
-24.1527 5.69217 -0.604641
20.3235 -9.20134 1.85281
3.53376 -9.48247 2.91337
-7.655 6.69046 0.526514
17.936 -20.777 3.11863
11.614 -11.4015 3.16302
20.4632 -9.28993 1.7298
5.96769 0.0145969 -0.465451
5.96464 -0.0877383 -0.460007
-3.29996 3.19864 -0.151447
18.13 0.117388 2.2363
22.3205 -15.382 2.72912
26.7366 -26.2673 3.29641
26.6011 -26.4447 3.35354
7.61222 -5.85671 -0.306821
7.88696 -6.56702 -0.283643
8.00641 -6.95767 -0.275291
8.05054 -7.08139 -0.274239
8.08356 -7.23909 -0.266174
8.28468 -7.73512 -0.26714
8.30502 -7.89588 -0.256377
8.48 -8.40643 -0.250121
-23.6826 5.50331 1.64202
8.56618 -8.69164 -0.241732
0.980913 -8.60604 0.981878
-23.864 5.69418 1.62371
-23.64 11.7632 0.46389
14.8395 -9.03647 2.34791
18.7831 -21.9597 0.896394
2.05557 -9.47518 1.44708
4.68698 -6.02106 2.66738
-3.55445 -4.58895 2.37769
-5.78768 -1.26878 2.66976
-6.11292 -0.291198 2.63944
-7.41097 3.98209 1.98671
-6.33448 0.331459 2.62941
3.58618 -10.2017 0.835903
-6.36388 0.469005 2.62238
-6.01197 5.37887 -0.0601205
-1.69086 1.92466 1.28616
10.9581 -7.13109 -0.243713
8.03782 -3.9732 1.21258
-26.0099 7.165 -0.525359
-7.91562 1.36021 2.56701
-21.4843 3.60028 1.21982
7.47648 -5.91293 -0.309539
-2.27154 -0.395942 2.52376
-21.968 3.97826 1.42918
-22.6123 4.51285 1.44444
-23.101 4.89407 1.40972
8.24709 -8.55287 -0.253547
8.30711 -8.77062 -0.248415
-5.08534 0.913794 2.09159
8.34482 -8.91633 -0.244349
19.2687 -14.9176 -0.00241387
19.4249 -15.2243 0.0178472
14.4342 -10.7317 0.123705
-2.74059 -4.35017 2.17172
10.5125 -7.77622 -0.23881
3.6235 0.227694 0.794564
-23.4035 11.5572 0.866347
-3.70658 -4.47133 2.36526
-6.0534 -0.92812 2.65151
-6.0771 -0.836669 2.64787
-6.21384 -0.387029 2.63456
-6.28799 -0.171753 2.63016
-4.84445 1.52667 2.16951
-24.5824 6.05052 0.867308
-6.50425 0.148228 2.62284
-6.55054 0.615084 2.61122
-4.56937 0.527335 2.12734
-3.71206 -3.22245 2.12861
-4.8862 1.2834 2.11584
-5.48955 2.07669 2.16491
-4.23034 3.98493 1.83349
-5.98324 2.47222 2.19853
-12.7559 9.90923 -1.046
-6.10445 2.57207 2.20719
-4.67282 4.34127 1.84221
3.07117 -0.999172 0.522754
-1.09551 1.46334 1.07954
22.0072 -15.7775 2.68479
-21.9464 15.2321 1.62894
7.13189 -5.41824 -0.324135
7.39233 -6.43346 -0.298905
7.59077 -7.27367 -0.273309
-6.21961 -0.878514 2.64878
-24.6368 6.08435 1.0059
-24.9291 6.31214 0.979707
3.99059 -2.05209 0.397848
-4.81962 4.45426 1.94891
12.0654 -11.1033 -0.152398
-6.44533 2.85467 2.24694
-5.01447 4.61453 1.90365
12.0418 -9.35473 -0.171107
-5.45147 4.05195 1.92411
4.99834 0.371657 -0.37547
4.92174 -0.066172 -0.288756
6.78238 -5.45133 -0.327761
6.95942 -6.05296 -0.309533
-12.5249 4.78062 2.37516
-12.3041 8.70908 -1.00103
-3.28608 -4.74267 2.27449
4.84395 -6.14178 2.69339
-3.331 -4.52807 2.26661
46.5389 0.584116 1.85119
-2.57222 0.428739 2.0245
10.7695 -8.27041 -0.232982
-6.31635 -1.14581 2.65219
-6.48552 -0.540943 2.63663
-6.16075 5.51982 1.5427
-4.38638 -0.0655336 2.07785
-6.88091 0.369579 2.60915
11.495 -7.42704 2.7862
-7.02928 0.992454 2.58966
-12.4965 3.21538 -0.863573
7.58405 -5.49888 2.45262
-13.6314 1.73939 -0.856059
-12.4558 4.90098 1.60986
-20.4095 14.4434 -1.35749
6.73097 -5.6932 -0.321996
6.79838 -5.88968 -0.30941
29.2286 1.46037 1.82995
10.8338 -8.47113 -0.219829
-2.50044 1.1117 1.77662
-6.51654 5.80528 1.65574
26.9021 -26.0432 3.46279
14.3507 -11.5496 -0.128474
22.5497 -18.27 0.129527
-2.63176 1.2953 1.81833
-6.62171 5.90042 1.88642
4.03436 -1.96501 0.138273
-4.81144 4.44658 1.62239
4.30809 -3.0347 0.0958194
0.141402 -5.48774 2.84526
-2.98952 0.359873 2.08711
10.3964 -8.31504 -0.229653
-22.3713 12.9572 -1.3609
-3.79235 -4.37853 2.29107
26.6402 0.28239 2.47176
-12.829 9.59276 -1.03917
-18.6843 9.15259 -1.164
-25.1901 12.7448 -0.375946
-25.4728 6.75835 0.852857
-25.2035 12.784 -0.223085
-7.41486 0.739959 2.5861
-1.11232 -4.43531 2.80024
4.73686 -5.0799 2.9346
-12.8558 8.1969 2.2862
-25 12.8352 1.26904
-5.10867 2.09482 1.94255
-3.41766 -5.0936 0.507519
-6.36815 2.74098 2.078
-6.51887 2.89263 2.15702
-7.11648 3.3896 2.18424
37.6962 -33.2617 3.37788
-6.63651 4.44661 1.99876
3.46375 -10.1132 0.793747
15.3361 -17.8615 0.0130521
-3.2108 1.2097 1.92389
6.01826 -4.59847 -0.35485
-3.50994 -4.1443 2.17305
-4.67903 0.181587 2.06205
-4.28141 -3.9967 2.31538
-23.3955 5.82914 -1.00513
-7.01099 -0.927552 2.63009
-25.4327 13.2072 1.07693
15.9621 -13.4384 -0.0432847
-25.2088 13.4588 1.0041
-7.82635 6.71173 1.93713
-13.1561 3.84986 -0.909042
-21.3387 5.04687 -1.07562
4.88695 -5.99197 2.97143
-17.9032 8.09255 -1.11546
0.745487 -8.41279 1.25866
15.8265 -10.9503 2.7355
0.677953 -3.19697 2.31284
-21.0128 8.48558 0.697107
-3.39561 1.3599 1.92223
19.0429 -8.16137 -0.0454242
-23.5582 5.61375 -1.06444
-7.03366 -1.16221 2.63598
-5.03047 0.446899 2.04977
-7.67426 0.825675 2.57647
-25.807 7.02065 0.89588
26.4588 -26.6157 3.41041
-26.1397 7.28569 0.938184
-2.20245 2.34446 2.08118
11.2387 -10.2633 -0.17599
-6.96911 4.58663 1.97111
24.856 4.49922 1.05726
-7.12031 4.99656 1.95006
-3.05099 1.56288 1.76223
-7.05218 6.23873 1.76974
-3.48949 0.0358268 2.16804
7.01688 -8.81314 2.53836
-21.747 14.4326 1.41162
-9.5011 0.563131 1.40143
-10.4259 5.33159 -0.866076
3.50755 -1.37155 0.0126488
-8.67931 4.21889 -0.821372
12.3316 -7.04013 -0.535726
-0.241405 -7.61807 1.41616
-7.62582 0.100582 2.59576
-6.08921 3.57878 1.84679
-7.38455 5.43499 1.89092
3.94758 -2.71887 0.0911258
-11.3876 8.65251 2.29693
-11.4582 8.81473 2.28969
-11.4936 8.95153 2.27847
-8.07033 6.88593 1.83686
4.21001 0.78432 -0.383746
2.78008 -3.0898 2.00524
3.45193 -10.0931 0.522426
2.66148 -2.99205 2.00117
3.35887 -10.0209 0.54502
3.04122 -10.0553 0.644962
2.93251 -10.1755 0.684922
-9.99582 0.930131 0.0812427
-10.059 6.91569 -0.914972
-4.22263 -3.70344 2.19708
-24.085 5.61835 -0.951699
-7.43957 -0.969078 2.62012
-7.90496 0.21503 2.59059
-7.96503 0.384616 2.58419
-8.04051 0.582427 2.57753
-8.13295 0.809782 2.57039
-27.5838 18.6579 0.547663
-8.3154 1.28352 2.55263
-29.2729 16.537 0.814965
3.65824 -10.2568 0.261463
-6.61705 4.00885 1.8248
-13.5729 2.2456 -0.869416
-9.99288 5.83869 -0.871964
4.00113 -1.88344 0.0781774
-11.378 7.74654 2.3317
-11.7954 8.71966 2.2823
-10.4761 8.94977 1.97702
-7.42068 4.40202 -0.806708
0.323209 -0.347025 0.958927
-24.2421 5.80261 -0.99188
-7.73113 -0.821962 2.61434
-8.30653 0.646113 2.57063
-8.38973 0.829525 2.56597
-6.05743 1.62462 2.03246
-25.7603 20.6528 -1.62897
-26.1661 20.4037 -0.112282
-6.41573 3.15068 1.90439
-7.37485 3.87831 1.99368
-4.44015 4.12491 -0.222577
-6.24005 3.71391 1.83713
-4.75707 4.38793 -0.179214
-12.044 8.28873 2.30195
-10.4171 8.87451 1.89029
3.39459 -1.27844 -0.00639439
3.51297 -10.1413 0.344695
18.2136 -17.6273 2.85623
-4.47544 -4.23975 2.1939
-4.63052 -4.11092 2.15463
-7.78091 5.41192 1.56782
-8.10848 -0.449891 2.59705
-8.18142 -0.257369 2.59074
-8.42031 0.316621 2.57405
-8.59006 0.684856 2.56485
-8.64598 0.845816 2.55714
-8.7355 1.01395 2.55473
-8.76543 1.0977 2.55078
-26.7062 19.678 -1.31424
-5.84941 1.10822 2.01758
-5.95211 1.20076 2.02549
-16.3105 5.94642 0.446539
-26.4101 20.1007 -0.0193495
-26.2878 20.252 -0.0657066
-7.46161 3.60661 1.99445
9.64078 -7.41675 -0.248579
-7.74643 4.1509 1.97371
0.588805 -8.3052 -0.319078
-9.53122 5.30337 2.15137
0.33709 -8.08306 -0.31238
-13.2738 2.38891 -0.859382
-13.043 9.35756 2.24657
-18.6937 2.64235 -1.32932
21.9701 -16.1609 1.24801
0.0490533 -5.17022 -0.450477
-19.7778 3.3721 1.61973
4.27732 -2.01511 -0.207921
20.7225 -9.51094 1.9658
3.12416 -9.97899 0.406913
3.06491 -10.043 0.492855
2.99681 -10.1275 0.437372
2.90091 -10.1787 0.508287
0.51526 -4.81293 -0.449098
-2.01071 -3.12646 2.77563
-4.41698 -4.28334 2.08344
-8.23285 -0.786684 2.603
3.98988 -5.30474 2.28184
-8.33053 -0.644043 2.60638
-8.47546 -0.221062 2.58941
1.64938 -7.45936 -0.379049
-8.64532 0.190864 2.57654
-8.79349 0.537648 2.56526
-8.95703 0.92474 2.55089
-5.94912 1.06849 1.96757
-8.47958 2.08142 2.2222
-27.1111 14.5246 1.16732
-8.00052 4.0675 1.97958
8.57942 -7.84065 -0.251976
-8.70632 4.62865 2.03059
-11.4818 9.11429 1.7037
-7.41915 4.41429 1.79522
-5.79441 5.21716 -0.296825
-10.2296 8.10305 1.80278
-16.0615 5.68246 -0.916073
4.06804 -1.8009 -0.299735
-9.67198 6.89289 -0.909225
-9.94473 0.89789 0.24019
-4.72369 -4.04605 2.16993
-3.07002 -4.5219 2.19588
2.50457 -8.72893 -0.319077
2.07784 -8.10865 -0.345122
1.81805 -8.0763 -0.351314
-28.3881 17.6674 0.699348
-9.1682 0.771851 2.54813
11.3029 -8.19392 2.35951
-8.73351 7.5798 1.37964
-6.36388 1.50794 1.98496
-6.68894 1.76335 1.97972
-14.2793 2.25549 -0.877432
8.54913 -9.175 2.75512
-7.52647 4.03635 1.84428
-9.44968 5.22787 2.01479
-14.8274 3.05799 -0.907803
-7.64816 4.7562 1.73082
-22.9122 6.30245 -1.16275
6.036 -5.32993 2.9474
-16.7709 7.43658 -1.06421
-8.80852 -0.358415 2.48945
26.0044 -27.1827 3.37304
-25.6418 6.82191 -0.91718
-28.5033 17.5076 0.743129
38.4549 -44.4861 2.83185
-25.8231 7.03029 -0.961397
-27.8078 15.1112 1.12918
-8.02348 4.41516 1.81933
-8.16953 4.55992 1.82318
-8.44378 4.78118 1.83789
-15.2545 2.83178 -0.909478
-14.4448 2.75219 -0.891593
-8.08197 5.09056 1.72773
-28.601 17.3845 0.979947
-13.1848 9.80124 1.90239
0.301145 -0.284831 0.785683
3.50782 -1.37591 -0.191916
3.10431 -10.0031 0.210462
-15.4886 6.61182 -1.01664
-9.25138 0.00175713 2.4553
-28.5298 17.471 0.556861
8.16005 -3.81192 0.704356
-25.8063 6.99907 -1.10164
13.9411 -9.28163 1.11901
-9.31655 0.399766 2.49502
-8.99695 1.44252 2.24599
-28.648 15.7893 1.08848
-9.84938 5.42273 1.9193
-10.0506 5.69097 1.91249
1.13202 -8.50858 -0.351266
1.61268 -8.32098 -0.342633
1.0831 -7.81493 -0.374211
-1.34737 -6.74192 0.907596
-8.25026 5.77237 1.5608
-10.2382 5.03744 -0.849813
-11.6283 8.66171 1.71525
-11.5379 8.80739 1.6756
-9.93535 8.4378 1.45176
-9.28886 0.328323 0.563787
-20.7469 5.28505 -1.08547
3.35651 -1.25021 -0.170647
-15.3297 6.98185 -1.01648
-24.4839 5.99529 1.61387
2.82731 -10.1141 0.246834
-21.9907 17.7695 -1.43582
-8.37371 2.24942 2.05056
-21.0178 8.45805 0.566769
-12.7383 5.12052 2.35905
-1.99821 -0.640219 2.22667
-9.76541 4.74165 1.94132
-9.84615 4.88954 1.93212
-10.1015 5.24338 1.9198
46.5252 0.859533 1.82544
-10.2639 5.48374 1.90942
-10.2028 6.58314 1.72526
-8.58898 7.44159 -0.07709
-13.5986 9.26857 1.85879
-8.98003 7.77395 1.3178
-7.99146 6.98587 1.28021
1.9436 -6.55872 -0.392541
-4.67873 4.32905 1.1565
-14.5331 8.60073 1.70529
-8.5166 2.47328 2.01523
-8.17037 2.92952 1.90004
-10.4569 5.21956 1.90866
-17.0393 4.82259 -1.00004
-24.1233 5.69463 1.26068
-9.06015 7.80681 -0.280942
-6.00607 5.38775 1.05987
-4.85498 4.47628 1.1007
-4.39756 4.10359 1.02702
-1.27593 1.605 0.902633
18.1138 -20.5478 3.20563
-15.1196 6.65854 -1.01472
3.07219 -10.0535 0.0180497
-7.32033 5.15756 -0.826189
-21.0002 8.54902 1.37153
18.8484 -7.9653 1.19998
-23.8379 5.44269 0.140771
-23.684 11.7842 -1.04927
-13.831 8.98819 -1.0438
-26.2059 7.75263 -1.26256
8.06633 -4.27604 -0.0201166
-9.41645 0.92215 2.22458
8.47915 -5.93428 -0.297975
-8.95074 2.58996 2.0052
12.6295 2.18903 0.10238
-12.8645 3.85767 2.38771
-13.7238 4.97397 2.35276
-8.96737 3.55816 1.89891
-14.7777 6.47506 2.28361
-15.2158 7.27939 2.17156
-15.0447 7.50066 2.11192
-11.6237 6.09327 1.87225
-11.7864 6.31358 1.86179
-0.222206 -3.38122 2.212
-12.0339 6.67306 1.83996
-12.0954 4.17318 -0.888616
-13.4276 6.10869 2.32515
-11.0951 7.34575 1.54308
-5.2874 4.82393 1.08904
2.12049 -9.54486 0.256534
-13.3171 3.80639 2.37364
-14.7998 5.74862 2.29832
-15.1566 6.19577 2.27961
-16.8344 2.5021 -0.935023
-14.6642 7.94726 1.88331
-13.0553 7.22294 1.81432
-13.1233 7.36254 1.80136
-13.53 7.91152 1.77037
-22.6476 16.4726 1.56595
-22.5187 16.6573 1.54076
-19.4173 12.1549 -1.25779
-5.35489 4.87293 1.04697
-12.3315 7.32792 -0.962982
2.62949 -9.95881 0.0524846
-22.9594 6.10759 -1.5237
-9.00472 -0.199498 2.21276
-3.14895 -0.458101 2.19645
-6.76028 0.284256 1.86126
-14.7733 5.02931 2.30877
-14.9917 5.30377 2.29758
-15.2141 5.5872 2.28532
-15.3749 5.7505 2.28248
-15.701 6.66529 2.13463
-11.5251 5.58288 1.78425
-14.3751 8.22235 1.74681
-14.4824 8.45544 1.72272
23.4148 2.89538 2.34694
-14.8987 9.92342 1.52928
3.2657 -9.21017 2.99078
-18.5991 14.5017 1.25816
-8.92178 7.72738 1.02531
4.26894 -5.53951 2.27986
-18.1815 3.63466 2.15224
21.4938 3.9882 2.80649
2.13589 -6.39903 -0.398389
-5.49158 4.98093 0.983831
-5.01575 4.59858 0.921355
-4.66648 4.319 1.00153
-12.0391 6.94628 -0.937131
3.43433 -10.078 -0.260694
3.18599 -9.96222 -0.214959
-6.86843 4.9334 -0.80831
5.67103 -5.18093 2.94778
-6.62941 -0.876263 1.98489
5.49121 -5.3022 2.94824
-17.3296 7.44932 -1.08168
-6.78811 -0.728636 1.9715
-14.9005 8.71482 -1.05821
46.0942 6.06971 1.7109
5.32968 -5.42324 2.94858
-6.9624 -0.581788 1.97917
5.14698 -5.51909 2.9512
-7.14741 -0.462595 1.95591
-21.9372 11.2862 1.3922
-9.52289 2.66485 1.89998
20.6132 0.988307 2.44411
-16.1366 6.12193 2.22523
-4.41264 4.10577 0.1853
-14.7912 8.03271 1.73626
-17.3451 10.9483 1.58355
-22.4178 16.7879 1.50182
-18.44 12.1072 1.5316
-13.0127 7.76167 -0.982423
-8.82199 1.23801 2.54478
-3.91258 3.70656 0.911395
-10.5631 5.81904 -0.885599
3.99605 -2.2284 -0.449839
3.52243 -9.37406 -0.303896
3.48702 -9.5319 -0.29744
3.07373 -9.88879 -0.265707
-18.6013 7.3816 -1.09994
-8.13233 -0.716999 2.07945
3.11467 -7.75081 -0.350147
-7.44005 -0.210555 1.9529
-18.1379 8.07416 -1.11547
-7.59345 -0.0802273 1.95714
-9.48988 1.01939 2.04906
-10.6085 9.04472 1.20886
-15.6275 10.6436 -1.12668
-26.192 7.32364 0.0709498
-18.4908 9.18955 -1.17206
-15.8517 6.46459 1.97145
-15.7465 6.59292 1.98945
-24.281 14.521 1.73596
-20.3385 13.1487 1.45452
-23.3146 16.9072 1.16863
3.90646 -2.06238 -0.457891
3.34628 -9.21779 -0.307097
-6.82421 5.83823 -0.827316
-2.05538 -3.60804 2.77481
-8.43138 -0.170779 2.01108
-27.954 18.1609 -0.0571842
-16.7414 11.4357 -1.17485
-19.2222 11.9174 1.39022
-13.9682 8.60131 -1.03578
-2.19372 -4.44089 2.79412
3.65372 -5.01563 2.91508
-8.57384 -0.949475 1.99061
-9.58462 1.50522 1.88706
-3.69492 -0.279711 2.12792
-18.2589 12.5332 -1.2468
-12.0468 4.58887 1.6596
-19.0818 2.81284 -0.976355
2.77066 -4.45584 2.60613
-25.3659 13.1409 1.78111
46.168 -38.4565 3.05498
-25.2473 13.3643 1.72783
-24.6178 15.0409 1.34503
1.54582 -7.24732 2.91099
-20.2332 12.5113 1.27264
-19.7947 13.4813 1.0345
-11.7594 2.18621 2.16251
-11.0953 9.28956 0.670132
-5.37269 4.88288 0.727025
-2.33045 -5.01452 2.24014
3.16615 -8.30478 -0.335459
3.10643 -8.77623 -0.321439
2.93849 -8.9633 -0.324217
-5.57765 4.91214 -0.782585
20.0165 -18.2112 2.93175
2.88844 -9.602 -0.307089
-25.0881 15.8751 -1.46056
2.81731 -9.8822 -0.299169
0.571201 -8.2775 0.414212
20.0408 -18.7068 2.87734
-10.409 2.15948 1.81898
-5.47889 2.0707 2.44903
-2.53168 -5.80227 0.0512382
-11.1672 2.76832 1.80872
-11.4958 3.02677 1.80314
-11.6729 3.14746 1.80328
-24.7884 12.6138 1.628
-27.9702 15.8973 -1.50462
-25.343 13.0865 1.60607
-24.8877 13.7845 1.42499
-20.782 11.82 1.31393
1.86033 -3.719 2.65968
-27.9618 18.1932 0.958211
1.9785 -3.80737 2.64928
-27.8379 18.3465 0.913706
-27.4699 18.8073 0.779351
-14.8117 5.29543 -0.962353
-14.5937 5.80657 -0.976254
-26.8543 19.5686 0.552586
-26.7338 19.7223 0.506721
-13.4824 8.22711 -1.02041
2.92905 -8.55153 -0.330147
2.86429 -8.77631 -0.321725
2.80363 -9.11255 -0.319252
-5.67352 5.04661 -0.780186
9.9934 -8.32383 -0.219842
-0.410585 -7.48614 0.591218
23.4244 -0.304616 0.859897
-2.54948 -5.78553 1.18175
-13.88 4.89627 1.67039
-19.848 3.17447 -0.998794
-19.6239 3.30497 -1.00387
-12.8125 5.33417 1.49124
-16.7208 7.15006 1.57928
-23.1923 11.2519 1.53087
-25.8132 13.6797 1.3717
-14.2253 11.8541 -0.680096
27.9388 -0.173915 2.72362
-28.4781 17.54 0.936246
-26.8763 19.5303 0.355665
-16.4346 10.4918 -1.16169
-13.7913 5.84698 -0.948585
-6.19629 5.54042 0.679898
-4.88308 4.49084 0.740112
2.79641 -8.3866 -0.335789
5.36296 -6.56387 2.73108
2.57728 -9.20643 -0.315064
-8.75005 -0.800733 1.80622
-23.5657 6.58503 -1.5
-23.7067 11.817 1.32495
1.86353 -3.56799 2.1946
-28.0202 18.1038 0.474898
-26.2248 18.9865 -1.569
-27.2741 19.043 0.300004
3.41721 -1.63557 -0.418522
2.92577 -7.25227 -0.363026
2.60241 -8.42635 -0.330537
-2.85359 -4.73307 2.20309
2.56747 -8.57076 -0.328242
5.03822 -6.28134 2.77342
-3.21172 -4.4022 2.18358
2.38461 -8.8662 -0.329817
-18.2602 3.40664 2.02914
-18.0246 3.75243 2.01621
-16.5354 6.13137 1.52439
-21.0349 9.68478 1.30819
-23.5572 11.6894 1.10078
-27.7621 15.0396 0.953119
-28.5131 15.6661 0.907245
-26.5604 19.911 -0.157527
-25.9517 20.6685 -0.390157
-5.8886 5.29014 0.601383
2.5717 -7.77378 -0.35887
2.56717 -8.04459 -0.349006
2.48178 -8.34894 -0.342044
-15.834 2.99596 -0.923189
-16.7623 2.20424 2.02482
-14.808 9.15156 -1.07088
-13.3026 5.5301 -0.933308
-5.74347 5.17891 0.677658
-27.858 18.2814 -0.293694
-17.4521 4.32335 1.78119
-17.7959 4.68268 1.75173
-21.8453 13.5676 -1.35238
-16.225 5.88883 1.43462
-16.4585 6.07252 1.36744
-9.05068 7.10973 -0.914386
-11.9314 9.35052 -1.00876
-25.95 13.6354 0.869933
-28.4449 15.5875 0.7199
1.03006 -2.4805 2.14889
-28.918 16.9717 0.492319
-28.6625 17.277 0.406606
-15.7217 11.1379 -1.13991
-26.8271 19.5741 -0.257813
11.1927 -5.12624 2.12107
-6.5748 5.83645 0.505493
-5.52863 5.00076 0.57785
-2.59273 2.64192 0.710877
3.316 -1.49886 -0.419046
2.14125 -8.56196 -0.338427
2.13777 -8.82496 -0.330009
6.10796 -4.45145 -0.362582
2.04666 -9.12747 -0.325876
5.86727 -4.58609 -0.36273
1.87437 -9.27169 -0.305444
-3.68294 -3.96886 2.16701
1.93032 -9.36756 -0.31034
-14.6738 2.62661 1.72443
-14.8464 2.74213 1.67531
-15.3108 3.11021 1.69844
-15.5311 3.29855 1.68646
-16.2083 5.58406 1.32462
1.00518 -5.60527 2.86324
-16.7064 6.26466 1.29788
-16.4492 6.27205 1.27504
-27.4049 14.7563 0.585698
-28.2259 15.4151 0.527582
-28.9397 16.9283 0.288536
-7.65009 6.10127 -0.853741
-28.0742 18.0061 -0.0133026
-26.3628 20.1324 -0.642433
-25.7485 20.8822 -0.876132
2.30974 -7.71374 -0.356475
-25.6827 17.8721 -1.52002
2.23777 -8.00401 -0.349141
5.7191 -4.51201 -0.372476
1.73911 -9.22548 -0.300304
-20.0573 3.5416 1.60993
-17.4711 2.47877 1.825
17.6767 -21.5661 1.40165
-17.6693 2.61342 1.81909
-22.8479 4.64739 -0.723318
-17.8121 3.01188 1.774
-26.054 7.22075 1.6649
-24.1919 14.0785 -1.38817
-13.2111 7.7789 -0.98734
-23.6877 10.982 0.841034
-23.708 11.8485 0.676981
-25.2017 12.7649 0.537152
-25.1945 12.9672 0.57702
-25.9081 13.6916 0.404805
-28.0389 15.2697 0.347263
-27.9748 18.1248 -0.249594
-27.7369 18.4349 -0.337763
-25.8704 13.685 -1.24121
-9.7347 3.93536 -0.816969
-10.9128 9.29119 0.0737016
-9.43458 3.89712 -0.816004
-9.27419 0.348994 1.71754
-8.48771 7.36876 0.267957
-6.16208 5.50257 0.459163
-1.5255 1.79901 0.807863
-8.31025 6.35174 -0.865385
-14.5652 6.27835 2.28197
-9.23065 -0.415564 0.964353
2.20027 -7.54778 -0.365022
-15.5433 2.65818 -0.908275
-23.1933 4.9583 1.69496
7.85056 -4.70249 0.342015
-23.4648 5.16146 1.68048
-25.3835 6.6855 1.55745
-26.4186 7.61786 1.394
-17.1317 6.60767 1.05624
-24.7194 9.71917 1.00127
-25.5715 13.312 0.376028
-26.8399 19.5303 -0.852306
-14.6643 6.65762 -0.998948
-9.58587 4.00023 -0.820213
-5.37931 4.88515 0.479617
2.0761 -7.36678 -0.372287
2.0768 -7.63261 -0.361522
-6.53949 5.80169 -0.561418
20.2667 -18.9044 0.11347
-6.41176 5.70375 -0.272611
-10.4598 3.52481 -0.837441
-8.46401 -1.29241 1.6167
-23.7017 5.33897 -0.326054
-23.3516 11.5002 1.50343
-15.2666 2.23464 1.55327
45.5989 -39.2367 2.16186
-20.183 3.68664 1.59576
-22.6763 4.55114 1.59543
-26.2473 7.38964 1.34428
-25.917 13.6414 0.166172
-3.48634 3.36303 2.5381
-26.9406 14.385 0.087243
-27.7725 18.3603 -0.698688
-27.6491 18.5116 -0.742536
3.01984 -1.20699 -0.419097
17.4071 -21.4921 2.13273
2.09339 -7.11591 -0.371418
1.68471 -8.18512 -0.350351
1.22283 -8.7537 -0.325395
-4.17178 -4.47739 1.23806
-8.84129 -0.727064 1.5324
-20.9366 9.60892 0.475079
-25.5798 6.84467 1.21871
-14.6896 5.34604 -0.966603
-26.4411 7.57815 1.14072
-14.7847 6.24198 -0.988655
-14.4922 6.26438 -0.981988
-23.4358 11.2647 0.298886
-3.5069 -3.40127 2.32736
-28.5385 17.4011 -0.654068
0.741195 -6.59039 -0.406038
-6.06254 5.42609 0.319292
5.32496 -3.79545 -0.391057
1.32776 -8.42342 -0.35715
-24.928 12.4883 -0.0225613
-26.4394 7.54651 0.981575
-16.4735 6.07384 0.789187
-20.7316 8.85643 0.434965
-20.505 9.15201 0.342341
-27.586 18.5816 -1.19165
13.0592 2.42208 2.28013
-26.2689 7.33677 -0.897166
-21.6416 17.695 -1.44711
-22.0643 10.7354 -1.25315
2.05055 -6.67714 -0.389721
-25.2756 6.56808 -0.859193
-15.2594 3.80535 -0.934451
-26.0224 20.5937 0.0318178
-16.3034 5.45459 0.750509
-16.938 6.45113 0.641582
-17.149 6.64675 0.614107
-21.0397 8.43628 0.384146
-11.9903 3.44327 -0.860235
-27.8466 18.2502 -1.28117
-27.7294 18.405 -1.32513
-25.5546 18.7266 -1.55522
47.6059 -36.6876 3.24312
1.70232 -5.64201 -0.416236
-11.5294 9.46069 -0.346135
-7.50798 6.5645 0.0561805
-6.31425 5.62902 0.194546
-27.8942 18.2076 -0.654913
-5.74304 5.17328 0.192271
-8.45955 -1.04096 1.35528
-22.8216 4.64004 1.0397
29.2743 0.970403 2.18845
-25.1528 6.50494 0.810639
-16.1448 5.65988 0.683419
13.9114 -14.0221 -0.0494188
-17.1113 6.59856 0.45715
19.9998 -16.5126 3.34372
-14.5126 4.70309 2.32226
-23.6466 10.9385 -0.0709121
-27.1272 14.523 -0.665928
-27.867 15.1308 -0.760569
-27.859 18.2139 -1.46261
-27.7393 18.3668 -1.50624
-25.1656 6.79654 -1.21618
-25.5506 18.0015 -1.56014
-8.73592 7.55046 -0.158729
-5.94689 5.33966 0.191851
-5.12976 4.68535 0.27242
8.77445 -10.4347 -0.209303
-26.3985 7.59456 0.324769
-15.4979 4.25772 -0.943565
-3.56188 2.86557 2.6023
-6.23535 5.55914 -0.584185
-21.2038 3.384 0.978117
-25.1155 6.45945 0.644002
-26.3849 7.61641 0.48008
-16.5948 6.17723 0.519188
-16.82 6.34975 0.382085
-25.4594 13.1932 -0.656008
-28.3693 17.5513 -1.50402
-25.8705 17.0577 -1.52407
-27.6724 18.4844 -1.76518
2.64091 -3.79941 2.21104
-22.5399 4.79594 -1.10068
21.9091 -15.9039 2.72129
-23.3753 16.1956 -1.46066
-12.0299 9.47048 -0.500181
29.3245 0.948721 2.02665
-10.1566 8.71149 -0.515236
-4.19483 -4.46068 1.05069
-19.4353 4.03759 -1.01786
-24.4975 5.9733 0.563204
-25.0832 6.42806 0.498415
-16.5334 6.12217 0.366256
-14.0862 5.83404 -0.958675
-20.5195 9.26283 -0.210328
-23.4919 11.6154 -0.618611
8.70995 -6.53892 -0.28678
-15.343 10.5783 -1.11981
-27.146 16.5283 -1.51669
-3.57698 1.46302 2.64195
24.3171 3.32298 0.551428
-25.2244 6.55346 1.02218
-10.3495 8.80956 -0.530281
0.770795 -8.06001 -0.372184
-9.45262 0.638631 1.97892
-8.19016 -1.26749 1.26708
18.986 -19.4817 3.18557
-20.601 9.00144 -0.2132
-23.4064 5.11079 0.493019
-16.3981 5.30653 0.378478
-16.2384 5.51596 0.336872
-16.7324 6.28104 0.196246
-20.5294 9.11236 -0.238315
-24.862 12.4612 -0.830859
-28.2 15.3842 -1.3774
-29.0292 16.2795 -1.55269
-27.3661 15.7635 -1.49704
-26.8824 15.6922 -1.49964
-26.0494 15.4072 -1.46622
-22.3941 14.4928 -1.40579
-21.6476 14.1856 -1.36526
-20.2784 13.7928 -1.33438
-16.7142 12.522 -1.20026
-4.52731 0.0495992 2.08409
-15.3171 12.0303 -1.15351
0.171804 -7.94835 -0.304835
-10.0888 1.02005 0.902261
-20.7822 3.0318 0.733456
-22.221 4.1517 0.495507
-23.3536 11.3342 -0.779173
-23.5246 5.82375 0.226222
-23.5313 5.98987 0.279061
14.1528 -9.67823 1.58821
-13.4443 9.32641 -1.03526
-3.53851 1.4907 1.92846
-25.2886 6.59571 0.18944
-25.8797 7.07365 0.111865
7.84936 -4.705 1.68789
-26.223 7.8292 -0.0186292
-23.4022 11.5263 -0.820406
-23.6515 11.8208 -0.879295
1.06999 -6.61747 2.8933
-20.6589 11.9924 1.26784
-25.7924 13.4525 -1.19041
-27.2027 14.6981 -1.43356
-26.4735 14.6015 -1.43427
-26.0908 14.5875 -1.44353
-25.1725 14.2638 -1.39814
-23.8824 14.0835 -1.40046
-22.7061 13.7432 -1.36193
-3.57673 -0.256853 2.16281
-18.0748 12.5606 -1.26245
-17.0989 12.1729 -1.20935
-16.6177 11.9731 -1.18119
-15.7041 11.7286 -1.16397
-14.3244 11.2139 -1.10205
-11.1418 8.79996 -0.631264
-10.9338 8.84068 -0.654607
-5.4602 4.94856 0.0791106
0.474727 0.217413 0.659372
-15.7922 4.69071 -0.973102
-9.93902 0.897894 0.924955
-19.4781 2.65388 0.578391
-19.5072 2.81407 0.574216
-21.3214 3.46295 0.529115
-21.7484 3.78636 0.41562
25.7706 -27.975 1.44559
-23.1243 4.85627 0.239403
-12.8387 8.08559 -0.986199
-23.3452 5.05274 0.275642
-25.2623 6.54806 0.0230613
-25.5325 6.77719 -0.0162619
7.83612 -4.19487 1.70575
-26.1655 7.27282 -0.101997
-26.2315 7.78713 -0.19415
-16.655 6.21157 0.0392706
-13.7953 8.25805 -1.02726
-25.1811 12.7159 -1.22863
-25.6081 13.2968 -1.35605
-25.6245 13.4946 -1.40147
-23.5796 13.1191 -1.36551
-23.0896 13.0208 -1.35554
3.33172 -8.46462 -0.33504
-20.8319 12.5484 -1.30842
-18.8345 12.0932 -1.26289
-18.3322 11.9186 -1.23705
-16.3359 3.9928 -0.957137
1.29876 -6.2589 -0.408962
-21.2903 3.43829 0.353838
-11.0983 6.67863 -0.917442
-11.719 7.23479 -0.934042
-22.5837 4.45327 0.180966
-22.8236 4.64691 0.206753
-12.7188 8.11156 -0.99429
-23.3134 5.02132 0.0820928
-25.2731 6.5318 -0.12562
-17.1125 6.5936 -0.139768
-20.9707 9.64458 -0.820003
-24.8727 12.5294 -1.35691
-23.9777 12.4164 -1.34993
-23.5863 12.3864 -1.35014
2.70383 -7.94815 -0.345905
-21.3347 11.9972 -1.30409
-18.6947 11.5225 -1.25451
-16.9953 11.0171 -1.17737
-12.3888 9.73594 -1.01506
-11.5125 9.58915 -1.01785
-11.3498 9.56347 -1.01924
-8.55295 7.03493 -0.901411
-25.0675 13.5858 1.83032
0.410973 -7.59393 -0.38568
33.2892 -34.7485 2.80982
-8.64825 -0.898879 1.04795
11.5917 -10.1692 -0.168109
-19.495 2.61473 0.393237
-21.1103 3.27647 0.325862
-22.8191 4.6295 0.0911816
8.07982 -3.90972 1.43298
-26.0556 7.19985 -0.384566
-20.3061 11.2343 -1.26321
12.5494 2.34878 0.516291
-19.6672 11.0274 -1.22412
18.6253 -20.2074 2.8912
-18.5629 10.9752 -1.23329
-17.6804 10.7271 -1.19063
7.60416 -6.35465 -0.299214
-16.6183 10.4756 -1.15259
-14.544 9.99915 -1.08811
29.4302 4.50626 2.61579
-14.0174 9.87361 -1.07204
-11.0741 9.09021 -0.973849
-10.8965 9.15504 -1.0014
0.357908 0.301719 0.700214
-3.74836 -4.8258 0.801221
-4.25172 -4.41738 0.888385
-4.41214 -4.29403 0.864359
-4.40086 1.3194 2.60743
-19.6805 2.91442 0.228275
-21.9028 3.89997 0.0976155
-23.2377 4.96529 -0.174945
-25.3648 6.67119 -0.427476
-13.7441 7.02375 -0.988559
-16.0567 5.72411 -0.202623
-16.2609 5.90901 -0.187894
-16.4963 6.09109 -0.28408
-16.7815 6.31959 -0.275475
-20.8215 8.68674 -0.79153
-18.1838 10.3026 -1.1898
-16.5685 10.022 -1.14547
-16.3464 10.0157 -1.14811
-8.50784 -1.01288 0.522769
-14.1595 9.4694 -1.05415
-4.98043 1.67402 2.24317
-11.8191 9.01992 -1.00384
-10.8237 8.80626 -0.98255
-10.5719 8.75186 -0.977767
-0.133939 0.700802 0.776686
1.27192 -5.51506 -0.423063
-1.93683 2.13206 1.86752
-19.5055 2.58185 0.160659
-24.1694 5.73108 -0.406401
-23.4651 5.85163 -0.412269
-25.3433 6.63405 -0.591371
-16.6916 6.24113 -0.473876
-17.0327 6.51465 -0.376917
-20.8337 8.65901 -0.933849
-20.994 9.87737 -1.21319
-20.3607 9.86616 -1.20993
-19.9825 9.82444 -1.20012
-10.2908 1.1725 -0.282028
31.8387 -36.524 3.40992
-9.98116 0.921712 -0.220891
-19.3303 9.77202 -1.19133
-18.4153 9.70969 -1.17912
-15.4421 6.9909 2.04909
-18.1226 9.68816 -1.17524
-14.5504 9.10694 -1.06307
-14.0124 8.99302 -1.04177
-10.457 6.04763 2.11341
-13.0698 8.81283 -1.01156
46.5538 0.290683 1.60051
-12.907 8.81031 -1.01449
-11.7248 8.60159 -0.986588
-10.6942 8.41838 -0.966907
-10.3805 8.36329 -0.962203
-9.7916 8.26071 -0.955196
-9.64081 8.22703 -0.951516
-22.9349 4.71722 -0.397197
-23.1875 4.91748 -0.380555
-3.52994 -0.883951 2.19431
-18.1209 11.9299 -1.24789
-16.3945 6.00299 -0.513402
-0.232442 -4.93439 2.11627
-17.1653 6.6434 -0.573058
-2.98929 -2.32719 2.74038
-19.9334 9.20515 -1.18436
-19.6894 9.22975 -1.18831
-16.6538 8.99266 -1.12324
-15.9677 8.85793 -1.09038
14.7747 -10.2645 0.749367
-15.1956 8.77212 -1.0714
-14.713 8.71805 -1.06031
-14.4293 8.66081 -1.04741
-14.2152 8.64262 -1.04443
37.8084 -28.9989 3.36384
-13.7842 8.59655 -1.03643
-10.1754 5.81099 2.13254
-12.8912 8.45139 -1.0085
-12.2456 8.32867 -0.985097
-11.5244 8.22578 -0.970474
-4.54259 0.782206 2.14353
-25.8018 20.859 -0.253209
-11.3084 8.16814 -0.95889
-9.96749 8.00165 -0.947652
-9.8435 7.99414 -0.949586
-9.70479 7.97283 -0.948006
-9.57948 7.96102 -0.948953
-23.4116 5.0899 -0.534269
-17.1038 6.60286 -0.654433
21.7803 1.17866 2.63182
-17.5783 8.587 -1.12087
25.1208 1.46597 2.41407
-14.3943 8.28659 -1.03337
-14.1005 8.27827 -1.0317
12.0089 -7.31414 2.36647
-13.1181 8.15864 -1.00407
-0.44487 -7.45697 0.410203
-3.43299 0.31781 2.187
-10.1168 7.77621 -0.94103
24.8469 4.48482 0.929092
-9.88349 7.77648 -0.947276
-9.58521 7.71805 -0.938193
-23.462 5.15033 0.68071
-8.54263 7.40735 -0.877586
-17.8295 2.66573 -0.958241
-2.74456 -5.6233 0.382965
-24.1115 5.6498 -0.792436
-23.5361 6.52757 -0.932851
-20.8953 8.60629 -1.29294
-15.8878 11.2412 1.3241
-16.8017 8.06086 -1.08953
-16.1606 7.98047 -1.06072
-15.689 7.96439 -1.05316
-15.3782 7.97224 -1.05168
-14.9651 7.92059 -1.03446
-14.7903 7.93622 -1.03692
-13.9038 7.872 -1.01439
-13.5749 7.83871 -1.00428
34.8553 -32.7155 3.34833
-12.65 7.74094 -0.976806
-11.4126 7.6202 -0.948692
-2.76679 -4.3499 2.78559
-0.0628041 -6.91609 -0.412332
-23.1967 4.99762 -0.799644
-13.3784 2.32997 -0.861181
-23.5695 5.22043 -0.855541
-23.8199 5.42023 -0.902109
5.02815 -5.3494 2.9414
-0.784684 -4.19453 2.80585
-17.8143 7.42484 -1.08691
-15.863 7.47081 -1.05109
-15.1131 7.43483 -1.02664
-14.9364 7.44747 -1.02868
-14.8043 7.48725 -1.03631
-14.5323 7.45332 -1.02294
-13.1082 7.39372 -0.987546
-12.0657 7.30889 -0.95617
-6.49333 5.78329 1.43902
-11.6013 7.2533 -0.93883
-11.4522 7.25044 -0.937692
-11.3517 7.2773 -0.945161
-11.0506 7.21627 -0.927849
-8.33265 7.01222 -0.899644
-8.25579 7.02766 -0.906623
0.425772 -6.08615 -0.421686
-0.535782 -7.28361 -0.400989
1.26035 -6.23271 2.88624
-19.9342 2.50883 -0.353368
-22.57 4.42359 -0.858893
1.6745 -4.29667 2.35871
-23.5131 5.18391 -0.982556
-23.7995 5.39102 -1.0339
18.6091 -7.99966 -0.143353
-16.4849 5.20792 0.587377
-23.8735 5.54402 -1.0675
-16.037 5.6991 -0.785308
-16.505 6.08945 -0.8467
-17.1601 2.22819 1.8391
0.234008 -5.47455 -0.433358
-16.7107 6.93893 -1.04706
-15.2187 7.03631 -1.02667
-12.7183 6.95978 -0.951399
-6.07914 5.45293 1.35963
-11.1688 6.91469 -0.918814
-10.9531 6.91011 -0.915912
-10.4153 6.90406 -0.911773
-10.2025 6.79473 -0.910651
-8.17826 6.78001 -0.892026
3.70425 -1.53777 0.814985
-7.88772 6.68084 -0.89272
-5.72551 5.15865 -0.44328
-4.51683 4.18639 -0.13686
-22.3334 4.22622 -0.928725
2.18095 -3.82304 2.21599
-22.9794 4.76041 -1.05906
-23.203 5.09445 -1.06847
-23.7035 5.34755 -1.14155
-23.4159 5.41592 -1.14041
-22.7849 5.54639 -1.13
-23.5413 6.45268 -1.34249
-20.8583 5.9735 -1.11103
-25.8959 20.6955 -1.02005
-13.742 6.71513 -0.984512
-13.2712 6.66624 -0.960648
-10.4343 6.68673 -0.911855
-7.72922 6.573 -0.887112
1.26817 -4.53525 -0.446951
1.15365 -4.63665 -0.445524
-18.9282 2.35611 -0.468642
-21.476 3.55432 -0.821016
2.46399 -3.65649 2.2099
-22.7478 4.56777 -1.07346
-15.5475 6.15776 -0.999798
-15.3037 6.21285 -1.00192
-15.0504 6.20958 -0.990185
-13.7541 6.31894 -0.966633
-12.9426 6.30408 -0.933892
-7.93084 6.34841 -0.866773
-7.817 6.24741 -0.867945
0.808704 -5.13102 -0.43814
-21.6319 3.68175 -0.992853
-19.5804 4.72898 -1.04026
18.8703 -19.5932 3.22627
-14.3249 5.7936 -0.95974
-7.07844 3.36187 2.39562
-9.75115 6.13054 -0.881989
-7.52235 6.10364 -0.855157
-11.3027 5.48514 -0.887078
0.244027 -0.341748 0.85688
-20.07 2.46413 -0.805366
-20.6757 3.49913 -1.01767
7.91063 -3.89261 2.29972
-17.3878 4.70795 -1.00063
-20.7236 8.84884 -0.1757
-14.2961 5.38695 -0.952918
-14.1576 5.42658 -0.954197
-13.9628 5.44269 -0.9469
-13.6805 5.51197 -0.947686
-12.0345 5.65271 -0.90032
-7.00456 5.80359 -0.8458
-5.2568 4.77974 -0.496165
1.02659 -4.45941 -0.447758
-8.18843 -1.55215 0.54845
13.8917 -9.33264 1.57981
-8.66925 7.54269 1.44345
-8.03087 -1.45599 0.43605
-8.14889 -1.31422 0.454051
-19.0858 3.55187 -1.00264
-16.1197 5.64484 -1.20619
-15.2946 7.09261 2.22991
-13.8579 5.11511 -0.938092
-13.6596 5.17396 -0.939424
-13.4438 5.22319 -0.937743
-11.9059 5.41218 -0.897969
-7.1717 5.74724 -0.842398
0.85789 -4.57836 -0.447254
-6.7912 3.11651 2.21314
-3.89328 -4.71404 0.361606
-18.9283 2.95622 -0.986282
-16 4.10393 -0.952092
-14.8773 4.44749 -0.937061
-11.8503 5.1286 -0.889776
-10.2912 5.37279 -0.870886
-6.4819 5.43362 -0.817931
-6.42436 5.5207 -0.810949
-20.1141 2.47585 0.975816
-5.11808 4.66827 -0.559017
-0.656939 -6.33828 -0.425512
-16.0364 3.52478 -0.946682
-15.1002 3.85669 -0.930984
-14.5685 3.98573 -0.91206
2.14112 -9.56075 -0.023649
-13.8686 4.30072 -0.922872
-11.6781 4.80368 -0.878903
3.33497 -1.23187 0.0689178
-8.97327 -0.643953 0.185916
3.5134 -0.0220717 0.803522
-8.03167 5.1551 -0.819795
-16.4514 2.68186 -0.927953
-16.2811 2.79415 -0.931142
-16.0968 2.90376 -0.932308
-14.1628 3.72942 -0.90856
-13.7836 3.91838 -0.915441
-12.4684 4.31327 -0.892366
-11.6352 4.50758 -0.8726
3.18905 -0.809813 0.0351425
-10.7572 4.69306 -0.856112
-10.2409 4.77844 -0.84332
-8.97107 5.03849 -0.84217
-6.54685 5.18411 -0.819695
-6.23322 5.13293 -0.8029
-3.97083 3.74601 -0.324038
11.4736 -7.99656 2.37893
25.7475 0.894121 2.49735
-7.95695 -1.56236 0.395899
46.0481 5.27932 2.2574
-15.9998 2.41535 -0.912716
-15.7975 2.56602 -0.917846
-14.0434 3.39197 -0.896414
-10.3697 4.54694 -0.843435
37.4302 -29.4171 3.49388
-10.0969 4.48685 -0.837152
14.0263 -9.56727 1.68321
-9.45564 4.64893 -0.836423
-7.12287 5.03539 -0.820432
-6.72457 5.07489 -0.817392
-6.45362 5.02339 -0.811608
-6.34114 5.10043 -0.80616
0.348839 -4.92614 -0.448311
-28.2107 17.7922 -1.15158
-0.552493 -5.75731 -0.443888
-10.8677 6.36533 2.10335
-7.94875 -1.47469 0.351699
-7.59567 4.61932 -0.796262
-15.6675 1.98947 -0.893179
-15.4585 2.09676 -0.88736
-17.1407 10.6773 1.60277
-14.2412 2.88068 -0.893732
19.6092 -17.025 3.35162
-14.8854 5.16662 2.30358
-13.5287 3.25289 -0.893089
-12.9597 3.50527 -0.887641
33.4872 -34.5436 2.73773
-12.435 3.73782 -0.887932
-12.14 3.79814 -0.873259
-10.2339 4.33488 -0.837479
-9.17427 4.59732 -0.830223
-6.30148 4.83872 -0.796905
-5.85296 4.92933 -0.79289
-4.64757 4.28716 -0.527196
0.608226 -4.53151 -0.452883
-0.543417 -7.27391 -0.877922
1.43521 -5.79202 2.88054
-1.75833 -6.41614 -0.36375
-14.7878 1.82406 -0.865258
20.9661 3.10766 2.32482
-9.36392 0.450508 1.60031
-14.5079 2.08177 -0.874495
-14.4041 2.19182 -0.880923
6.91727 -6.10453 2.48068
-14.1328 2.35042 -0.878328
-14.2433 5.04941 2.32358
-12.8933 3.08644 -0.879819
-9.34712 4.28713 -0.821404
-7.20416 4.71664 -0.806446
-5.70525 4.75844 -0.78145
-1.50553 1.78392 0.397201
-7.01759 2.0219 1.95732
1.88255 0.385614 -0.394547
-1.2578 -6.28811 -0.460915
-9.23181 5.46279 -0.850476
-3.51893 -5.01534 0.202321
-9.86957 5.87888 -0.8799
-4.12201 -4.54666 0.280889
-4.46425 -4.25547 0.357474
13.9268 -9.2819 1.78594
-9.72809 4.23441 -0.838986
-7.9717 -1.57379 0.260522
-12.652 2.75606 -0.856404
-10.864 3.57383 -0.836861
-7.58158 4.41056 -0.804542
-7.26612 4.47702 -0.795181
-5.88777 4.63144 -0.786311
-3.4182 -3.09591 2.75229
-0.685837 -5.78427 -0.448462
-12.6897 2.4581 -0.865366
-12.232 2.72383 -0.862591
-12.3223 5.18324 2.36709
-10.9696 3.2932 -0.838469
-10.8005 3.37463 -0.838415
-9.20611 3.95055 -0.820884
-9.08929 4.02119 -0.829294
-4.02312 3.78883 -0.36766
0.824315 -4.87742 -0.455458
-3.67594 -1.24135 2.19525
18.376 -14.8102 -0.00588751
-0.478763 -6.67718 -0.418493
-3.17475 -3.92216 2.77516
-0.527334 -6.52712 2.86173
-6.04977 2.20446 2.06422
2.7223 0.296429 -0.414609
-10.1524 8.70797 -0.374322
11.4591 0.570369 2.85571
-3.44958 -1.16828 2.20306
30.4402 3.77195 2.85934
-27.0543 19.3517 1.16111
-11.8029 8.31722 -0.970051
-18.1138 13.5151 -1.23776
-0.0981941 -6.66333 2.86628
-27.266 19.007 -0.66603
-4.05743 -2.22387 2.4165
14.0747 3.18412 2.2541
-2.8462 2.42144 1.93097
2.28122 -4.30655 2.36207
-27.457 18.8169 0.620673
-0.685494 -5.33026 2.83068
-3.83281 3.62048 2.55809
5.84789 1.16322 1.64689
10.1646 0.198258 2.24832
-27.9018 18.1993 -0.740344
-19.0687 12.8394 1.54425
-9.94635 8.19634 2.32144
15.8231 3.32358 2.30843
19.86 0.0258305 2.48097
23.9994 4.76927 2.43915
-9.37948 7.89023 -0.94609
2.68864 -9.71889 2.90423
-0.367423 -7.13186 2.86051
-3.20855 1.02073 -0.638956
-2.48268 -4.39174 2.78607
-0.309509 -7.56176 0.868924
-0.973623 1.36235 0.99025
12.1927 1.49187 2.74575
-1.98401 -4.75618 2.79929
22.052 -25.2041 3.0825
-4.3364 4.08736 2.04551
-1.06316 1.43146 1.01657
-0.173005 -7.67368 0.985988
-0.818169 1.23783 0.836686
-0.616261 -6.81692 -0.430369
-3.33254 -4.14745 2.77924
4.39668 -2.21562 -0.439828
0.390383 -6.85147 -0.401832
-2.82901 -5.37433 2.8931
4.74358 1.05464 1.63015
9.41009 -8.48319 -0.235437
-1.50286 1.78627 1.252
-1.67386 -6.49211 0.388895
-1.55685 -1.58703 2.23581
-9.36986 3.89044 1.87817
-21.5242 17.8291 1.84496
-0.934359 -5.22032 2.82476
-6.29767 4.96597 -0.818263
-1.71549 -6.42469 2.19993
11.7107 -9.25584 3.13262
-4.26415 4.04643 2.10976
2.0544 -9.48787 -0.197363
0.400749 -8.13073 1.73088
7.75496 -4.2852 1.95604
-0.534024 -6.32258 2.85387
13.477 3.48639 2.26086
5.15603 -11.5586 2.85403
7.9247 0.383019 2.55924
4.20532 -10.7964 2.13711
-9.93777 7.15213 -0.926038
-10.2741 8.74656 2.30159
-0.556081 -5.34818 2.83461
-2.63973 -4.56751 2.79026
-2.91715 2.81032 2.61248
7.23836 1.54826 2.15056
-21.3353 16.1886 1.91071
-3.61057 -1.13017 2.20044
23.482 4.80616 2.24763
-3.23878 -2.51286 2.74195
2.61514 -6.90871 2.91213
-0.4639 -5.24152 -0.448842
-13.5872 8.28545 -0.990562
8.13464 -3.81255 1.99913
-0.0356166 -6.84694 2.87973
-21.3635 16.4164 1.90214
-16.3927 5.26621 -0.659923
-11.2849 3.76393 1.6704
-3.54795 -1.56907 2.2708
-0.0241706 0.598303 0.526735
-2.46428 -5.44439 2.44115
3.46202 -9.81315 -0.29791
-1.99088 -3.49461 2.06454
6.49431 -4.66859 -0.356778
2.50201 -9.33755 -0.310876
-16.8707 9.51999 -1.14189
-2.30417 -3.22881 2.04874
-0.0136642 -6.59844 3.18856
0.4104 -8.14331 -0.302517
-3.03632 -2.66659 2.75487
19.4407 0.777626 2.57873
10.0683 0.0750409 2.23572
-10.1344 7.11571 -0.919749
-2.59257 2.66747 1.87752
-3.57989 -1.37826 2.21563
-3.00534 2.54831 1.92468
14.1857 -8.95498 1.73357
5.24308 -13.2542 -0.0301208
7.61885 -4.4511 2.17021
-0.748497 -6.16385 2.84299
-1.81677 2.03102 1.26126
-0.992758 -6.22234 2.24073
0.67692 -5.01021 -0.443357
25.0932 1.60443 2.40054
-9.28839 6.60545 1.49779
-14.2665 8.23371 -0.996464
-0.321618 -6.93321 2.31857
2.02621 -9.05179 2.76915
-1.58072 -6.55437 1.62278
-27.7209 18.4212 -0.968013
7.92593 -4.77151 2.14656
-0.398528 -5.90985 2.84647
-3.81286 -1.27594 2.20597
-6.65797 4.61355 2.36914
8.09253 -3.84963 2.08367
-0.223061 -6.89178 2.87408
-1.34948 0.263261 1.84345
-5.32123 4.86955 1.80472
14.1365 0.975797 2.47139
-1.17455 -6.86858 1.78231
-23.3435 12.6147 -1.25777
-10.9108 9.32237 0.82322
-1.28401 1.60563 0.885407
9.49644 -5.80864 2.23472
-18.638 14.4372 1.25519
13.9917 -9.21688 1.16745
5.14792 -11.4957 2.6461
4.55715 0.862673 -0.471011
30.2336 3.93258 2.8382
7.80323 -4.35661 0.624688
-2.16973 -4.96883 2.79562
-2.116 -5.3664 2.80889
-1.92584 -5.34987 2.81199
-20.3235 8.09731 -1.16527
-3.38677 -3.53765 2.76159
-13.3868 11.1576 -1.07993
8.0196 0.291431 2.38851
5.70049 0.894612 1.65319
-1.27986 -5.75713 2.83268
-3.58958 3.02029 1.90119
0.340972 -2.48795 -0.50737
-1.27323 -5.64211 2.81978
-1.45056 -5.46767 2.82411
0.162193 -7.03289 2.89501
0.102887 -6.85313 2.88528
-0.18869 -6.06745 2.85076
8.9239 -8.9217 -0.225573
-25.6834 21.0133 -0.300756
-2.03268 2.20538 1.29686
-2.60602 -4.83727 2.79626
-21.3403 15.9881 1.9216
-4.60539 3.01896 2.566
-0.451841 -6.93058 2.85824
22.3614 -15.3501 2.21471
-0.256042 -6.49152 2.86341
-20.3789 12.7282 1.09689
-0.393912 -6.67356 2.86627
-3.83318 -3.07759 2.74615
-7.75119 6.71663 -0.26307
-29.2504 16.2554 0.665017
1.20551 -8.77622 0.846207
0.912397 -7.65979 2.91306
-0.884803 -6.35185 2.84621
7.32709 -6.22274 -0.300883
-22.2845 16.8901 1.81414
-2.44043 0.801642 1.9751
6.31028 1.5254 -0.374212
14.9913 3.5749 2.10826
-17.8538 10.6925 -1.17787
-6.43176 5.74009 0.482856
-25.1794 12.9457 -1.09314
-4.07788 -3.25126 2.74548
8.5926 0.318831 2.35123
-16.5218 5.1086 -0.58819
-3.6732 -1.68204 2.23271
12.1472 2.70514 2.73238
11.1433 1.51164 2.86665
-3.69669 -2.97103 2.74512
-0.62496 -6.94811 2.87238
0.867354 -6.01752 -0.417023
-27.449 14.7662 -1.2635
1.81726 -9.26445 2.03368
-6.49034 4.57982 -0.805286
-17.6614 9.36689 -1.09325
-0.710899 -6.84874 2.86182
11.5958 0.634193 2.31458
0.78827 -2.8272 -0.492928
1.66819 -6.45182 2.89581
-19.4703 2.72836 -0.408827
-4.14193 -2.9187 2.7316
-3.81379 -2.62393 2.74222
5.3158 0.521265 0.851847
20.8105 -9.55879 2.59926
3.10319 -9.99079 0.981179
-0.776655 -6.39307 2.85392
8.75245 -20.616 2.04472
4.40493 -9.98266 2.46462
-5.23735 -0.484925 2.6625
3.00274 -10.0544 2.35838
-6.02653 5.14521 2.14835
-10.1639 8.71701 0.338095
2.78129 -10.0527 1.20244
-3.9833 -3.44506 2.75274
-3.80814 -1.92291 2.30154
-3.77726 -1.79122 2.22139
-6.67571 5.75472 -0.836597
7.81385 1.65684 2.07033
-6.61936 5.55069 1.92837
-11.0537 8.17672 -0.967535
17.2569 -15.5987 0.027985
-4.24373 0.752096 2.14484
-1.83612 2.05307 1.45375
-27.7301 18.3775 -1.37175
-7.36056 3.75101 -0.770408
-2.25197 2.38786 1.54593
-4.6575 -2.97104 2.73523
-19.9993 15.3837 1.94845
-0.264556 -5.67932 2.84186
12.3431 2.46251 0.438344
3.58958 -0.29764 0.709076
2.60266 -9.03238 -0.317565
19.2705 -8.35209 0.859011
-10.682 6.8916 -0.90882
5.74699 0.869781 -0.318343
0.89317 -7.4371 2.90512
-0.926537 -6.67842 2.74069
0.728495 -7.56103 2.90656
-1.09778 -6.54188 2.74953
-3.98867 3.81098 2.31145
-3.42962 2.89481 1.90393
18.7679 0.538653 2.7968
-26.9603 19.3247 -1.41263
-12.0918 2.69621 1.65309
-0.254 -7.43131 2.38556
-4.06266 -2.21672 2.59232
-3.22942 2.73841 1.91898
13.7544 3.41852 2.20926
5.22796 0.573268 1.71597
2.73215 -8.7764 -0.324417
10.4999 0.713505 2.35458
-14.7375 7.23469 -0.975028
-0.203508 0.741155 0.568136
8.10453 -6.44087 -0.280225
-16.0291 10.3615 -1.13893
-0.312502 0.824896 0.590315
-3.97544 -2.60622 2.73178
12.2256 2.45414 -0.174096
-23.6556 10.9263 -0.858565
-2.61658 -5.31516 2.41535
6.13511 1.55422 1.62641
-28.2396 17.8045 -1.71411
-2.31175 -5.17211 2.8041
-3.90033 -1.26995 2.22995
-2.48172 -3.08924 2.04497
-0.505517 0.98506 0.771424
6.60114 -0.122813 -0.449766
-23.6286 11.7285 -1.19303
-2.67051 -4.44435 2.78524
-9.176 7.93808 0.110707
-3.80478 3.64131 2.34047
8.88336 -20.6568 1.76995
-6.31482 3.54635 -0.753937
0.248175 -7.65952 -0.397129
-26.9323 19.5117 1.13649
11.2335 -9.8232 3.1398
-4.8507 4.5171 2.11692
-3.06874 -2.33966 2.73893
19.4156 0.541576 2.58507
-7.06829 5.56937 -0.838774
14.5822 2.01782 2.25586
-2.66194 -4.24241 2.78207
-8.08421 0.316217 1.92302
-18.7799 12.3068 -1.20821
12.3018 -7.99918 -0.224129
-5.04651 4.6582 2.04649
2.57328 -7.057 -0.370141
46.1467 7.06705 1.88204
-2.90292 -3.00056 2.75119
-0.213339 -5.82988 -0.434951
6.53006 -15.7643 1.34439
9.89078 -10.8765 2.62628
-6.23124 5.59998 1.73784
10.1393 0.735248 2.42965
14.4129 -8.77924 0.598904
42.6462 -0.25393 1.39407
-8.00657 6.98363 0.439445
-0.953791 -5.43088 2.18497
-6.94377 5.72033 1.77688
0.352282 -6.72236 -0.413923
-3.42839 -1.34745 2.22112
-1.28399 -6.39426 2.62583
-3.65777 2.4937 2.03334
3.01534 -10.1353 0.182746
-29.1914 16.5415 -1.14057
3.22291 -10.0811 2.07955
2.1745 -7.00947 -0.3781
-27.1911 19.1708 0.979837
-3.12524 2.62611 1.92711
-4.06542 3.84942 1.12327
-4.46256 -3.27592 2.74916
8.19869 -5.19871 2.16131
1.79263 -8.59398 2.96579
-0.0782571 -6.41911 2.86889
-11.8994 5.97854 -0.902999
-0.416927 0.91233 0.679298
13.1492 3.00469 2.76012
-26.5808 19.8256 -1.35959
-3.97897 -2.14136 2.34093
-1.5353 -6.58925 -0.63103
-4.28051 3.19641 2.55531
23.9117 4.44308 2.29331
-3.51859 3.37833 0.228266
8.23819 0.114951 2.44752
-16.1962 5.85155 -0.868231
-2.10284 2.24546 0.136042
-2.33818 -5.49155 2.77826
-0.573411 -6.14534 2.8533
-26.3823 14.897 -1.36834
21.2757 4.19145 2.85476
12.739 2.23682 2.77529
-21.8939 17.3959 1.386
-0.874349 -6.46474 -0.442179
-3.59252 -3.78834 2.76282
12.2811 3.12306 2.76146
12.1549 2.55454 2.73374
-4.20869 -0.202405 2.08091
-0.206553 -4.90951 2.09967
1.21271 -8.79167 0.488118
-29.3941 16.3489 0.326708
10.4279 0.490092 2.41706
-2.01711 -5.49482 2.81193
-0.577099 -4.6238 2.09223
8.32971 0.309405 2.33964
1.70802 -8.77818 2.61729
-1.10875 -6.77196 2.94506
1.72393 -8.50935 2.95387
-19.9387 15.1442 1.95286
-3.94087 3.4908 2.5423
5.02963 -13.1549 0.871883
-6.52704 3.80179 -0.768696
-2.58601 2.65004 1.56982
-4.35456 -2.60152 2.52372
45.6844 8.40375 2.40613
3.1589 -0.857723 -0.15883
2.56437 -9.86951 1.45481
5.37386 0.0213754 0.0609629
-3.55166 -3.94733 2.76927
43.6096 -41.6204 3.30077
-1.40016 -6.28751 2.71469
21.1093 4.47945 2.69249
-23.3304 11.4236 0.435243
12.6034 2.6043 2.74676
47.1668 -37.2456 3.40969
-1.84802 -5.93334 2.77086
15.3565 -0.00592534 2.69363
10.3248 -8.15664 -0.232998
-7.06838 4.86636 1.95594
24.8515 4.56661 1.08307
-4.11948 2.9366 2.57919
-12.9253 9.15649 2.25308
-6.49517 5.81734 1.57262
7.79189 -19.8546 2.64235
9.67987 1.4746 1.899
0.876517 -5.88359 -0.424401
9.52537 2.35471 2.67598
-21.6044 3.69205 0.819626
-6.6198 5.85015 -0.649281
-3.9271 3.26293 2.54859
0.00379797 -5.07468 2.10789
20.9294 4.38466 2.6799
-1.52181 -6.19059 2.77367
-3.87343 2.66536 2.02808
-6.24676 5.59502 1.11759
-4.50985 4.19007 0.260625
-13.1672 8.47271 -1.01046
14.446 -8.81361 1.55357
-2.20521 -5.65074 2.60429
13.3311 -8.03829 2.57985
-2.75448 2.78783 1.75126
-2.37952 -5.51242 2.59692
-2.17519 -5.18042 2.8088
17.2926 -16.2169 3.08487
-2.91456 -4.47631 2.78667
29.0791 -23.3814 3.29537
12.8059 2.18812 2.57682
-4.94096 1.00015 2.12912
16.6577 -15.658 0.00529599
-11.6051 8.28296 -0.962757
14.3533 -8.79497 1.18833
-17.5076 12.258 1.41876
10.3796 0.400624 2.22106
7.59036 -19.6823 2.69866
28.4949 -24.0858 3.29733
12.1984 1.41494 2.59587
-19.0873 4.84139 -1.02965
1.97274 -8.65842 2.36062
3.6509 -10.262 0.109358
1.85671 -6.3269 -0.402686
1.07352 -7.32526 2.90569
-0.728419 -6.83495 2.744
-1.84982 -5.93696 2.63829
-5.99273 -1.1824 2.66299
-1.93127 -5.83579 2.62486
-4.18231 3.96911 2.19211
0.917876 -8.53914 1.69894
12.9757 2.43234 2.61951
-25.1338 12.8389 -1.23837
-4.62254 0.95136 2.13466
-11.3323 8.29661 -0.961582
8.31829 -20.281 2.03843
0.972397 -8.58699 1.83853
5.80688 -5.15957 2.32206
-6.54741 -0.829973 2.6394
-2.47559 -5.44069 2.64864
-3.87438 -1.80523 2.21138
-1.61061 -0.36438 2.0693
-16.0611 12.3217 -1.18584
-7.01107 6.21309 1.28906
7.23553 -5.8489 -0.310807
-5.30886 4.83533 0.38567
-3.09176 3.06605 1.86902
11.0167 1.24239 2.31678
-2.00297 2.06428 -0.660682
1.59472 -6.99127 2.90464
-0.290502 -7.18032 2.77671
45.7635 8.1314 2.41915
21.7255 3.85409 2.52173
1.50062 -2.86153 2.1751
0.513332 0.186421 0.365287
-3.67633 3.55597 2.06577
39.0827 5.04807 2.61782
10.0083 2.49917 2.66651
-5.56752 5.07176 1.59676
7.56029 -19.6526 2.49805
-22.4908 5.61172 -1.12636
-27.0788 19.2938 0.555532
-7.75242 4.97172 1.80281
-1.27667 1.60567 1.10739
-5.54529 5.00197 -0.772437
-12.5199 7.23875 1.82244
0.429881 -0.263476 0.448329
14.6716 3.87175 2.02015
-3.3594 3.286 2.03885
-1.50608 1.7867 1.09738
-3.8316 3.66946 1.98882
-4.18055 2.92053 2.01469
-1.45492 -5.63495 2.82449
-14.4972 7.33536 -0.98068
-5.52005 4.99364 0.400785
-22.4923 16.6196 1.85141
-2.63762 -5.26708 2.77967
-1.43492 -5.06782 2.80983
17.4629 -21.4566 2.3871
-1.18174 -5.08243 2.81578
23.9678 4.91385 2.43306
12.3599 1.57417 2.32914
46.043 6.21718 2.74579
0.201372 -7.49709 2.37312
7.7554 -19.8182 2.4431
16.4738 -13.1628 -0.0448767
-26.8243 19.6071 0.509155
-13.035 7.40525 -0.951296
-6.99354 5.15857 1.89282
-1.31665 -5.04216 2.81488
0.37724 -3.3261 -0.498638
-4.27342 -2.48822 2.49671
-0.287594 -7.18877 2.5166
4.41599 -4.58997 2.91441
-1.41767 -4.90673 2.80902
-20.2268 8.21459 1.62264
14.2051 0.0683503 2.26113
13.4146 -9.85595 3.07537
10.2213 2.4656 -0.559878
4.73539 -11.194 2.67071
1.2164 -8.79693 0.443254
-3.20929 2.17713 2.01929
-3.91666 3.70886 0.183497
-28.4147 17.5605 -0.67634
-28.2883 17.7149 -0.708927
-14.6231 7.28851 -0.978416
-12.236 6.59982 -0.912974
-0.310319 -5.50567 2.83986
1.45962 -8.61609 2.94535
12.6673 1.86789 2.28724
12.6235 1.75605 2.30322
-0.783038 -4.51732 -0.475715
14.9187 0.309363 2.70123
-3.36882 -4.72355 2.70931
3.06301 -0.979834 1.28881
8.47549 2.12992 2.24222
-3.91862 -1.62488 2.20755
-5.37367 4.88567 0.298591
1.36775 -8.51766 2.79674
0.379701 -7.71311 2.69899
2.36518 -9.32867 2.79682
19.6302 -0.148627 2.87996
-0.621584 -6.91401 2.5533
-2.80657 -2.81058 2.06926
13.222 2.87174 2.62774
-12.3546 4.68479 -0.896125
-4.80793 4.44848 0.839039
2.39947 -9.7562 0.237038
12.9203 3.0983 2.2952
2.63199 -9.95852 0.173614
13.5655 -9.68608 2.7203
-4.84122 3.23794 2.5685
1.32942 -7.25619 2.24654
14.3481 -8.80095 1.44693
-14.0498 4.68145 -0.926934
-28.5267 17.4393 -0.22362
-2.98857 2.24086 -0.680397
-3.67645 3.54555 2.11827
2.44063 -4.19476 2.66879
3.75107 -2.16558 -0.45815
12.6052 0.145072 2.22771
46.0399 5.8128 1.98615
-3.05208 -4.93334 2.32032
-3.57226 3.47459 2.1579
5.74312 1.04327 1.68881
8.38848 -20.3368 2.45625
15.5587 -0.192357 2.73252
1.3026 -6.15826 2.13994
15.8648 3.13306 2.3166
-0.630385 -6.91997 2.76293
-4.27018 3.10572 1.94779
10.3457 0.590586 2.37246
-8.93107 6.40055 -0.880375
-10.3426 8.30422 2.31736
-1.75977 -5.10574 2.80916
5.76646 1.04014 -0.290681
-1.11539 -5.59667 2.82709
-1.08675 1.44996 0.879031
-27.2061 19.0905 -0.0772102
-3.80325 -1.4105 2.21246
-26.3943 7.51494 -1.06961
7.71665 -4.40515 0.698333
1.61781 0.180811 -0.454636
0.413716 -0.29103 0.50995
-3.91436 2.72664 2.00923
-2.59943 -5.0357 2.27041
-1.72609 -6.03102 2.64668
-2.22817 2.3667 1.68334
13.2408 1.52888 2.30112
-5.32314 3.82601 1.97114
2.94557 -4.41105 2.88848
-0.198753 -7.67445 -0.373158
-2.93423 -5.08019 2.76352
-1.53157 1.79809 0.520271
13.2268 2.75364 2.34348
0.226347 -7.46113 2.86977
14.6314 0.98022 2.45167
0.18422 -7.24352 2.89048
-7.85877 5.92941 -0.857232
-9.25718 7.84321 2.3359
-3.03831 -5.10922 2.29095
-3.49933 3.40173 2.18107
-8.60543 6.5991 -0.883424
-9.9006 8.41573 2.314
9.86299 2.00145 2.69304
-6.59608 0.295051 2.61616
-10.9164 8.80481 -1.20494
4.6565 1.0316 -0.297514
-11.4129 9.1291 -0.998046
3.57767 -10.1763 1.51912
-1.19856 -6.43166 2.40888
13.1522 2.72838 2.73489
-4.48502 3.17736 1.9843
-1.86797 -5.52154 2.81132
-28.5475 17.3998 -0.734522
-9.38976 4.76785 -0.835006
1.80648 -9.26122 1.43695
2.91257 -10.1353 0.226666
-4.40603 3.02554 2.57216
1.71219 -7.88023 -0.363971
16.9124 1.92593 2.65893
1.12953 -8.70839 1.25862
-26.3694 7.57744 -0.695275
7.65428 -4.45357 1.17867
22.1921 -15.6366 1.23777
0.277842 -4.74056 -0.465218
-2.57914 -5.49523 2.31219
-2.93279 2.94072 2.05971
-2.63145 -5.31513 2.33099
-3.08825 3.07128 2.22116
-3.07478 -4.31613 2.78352
-6.19577 5.53833 0.882399
15.5289 -0.156663 2.53457
15.7234 -0.301024 2.56906
1.32584 -8.89105 0.250965
11.1539 1.37807 2.86916
8.1253 -20.1508 2.05048
-4.58075 3.16528 2.56702
1.28709 -7.64548 2.92056
-20.5016 12.8644 1.24538
17.0375 1.94179 2.77682
-29.2943 16.3225 0.858422
1.22144 -8.79643 0.998763
16.8943 2.02885 2.7546
2.00599 -7.92275 -0.358
2.90279 0.68379 -0.466205
12.555 1.83746 2.62376
12.5782 1.95158 2.52064
17.426 3.69879 2.18068
11.1043 0.107272 2.55361
3.33758 -9.93225 0.226379
2.48191 -2.88871 1.94745
3.20564 -9.9384 0.381683
12.7616 0.433842 2.13033
12.8483 -8.50533 3.03617
-3.2523 3.21001 2.18733
-2.90383 -4.98266 2.32369
-3.21417 -4.84496 2.33079
13.269 2.80095 2.23442
0.382891 -4.10992 -0.472494
19.9036 -0.402479 2.80032
15.9076 2.94262 2.32546
16.2968 2.45395 2.47671
-1.44714 -6.24233 2.57173
-4.12768 3.03692 2.56424
23.9055 4.59176 2.28897
12.5476 3.20625 2.73879
-24.701 6.14393 1.28881
9.73574 2.12891 2.68741
23.4103 -14.1731 3.20198
-28.2439 17.7865 -0.214791
-3.39365 3.3358 2.31875
-13.8195 9.71206 1.49949
3.38504 -9.99952 0.353048
14.7397 -8.96104 1.88522
-2.05399 -5.53193 2.26648
19.7462 -0.268823 2.90076
-6.22232 4.43509 2.51763
15.3313 0.0293302 2.49899
1.14304 -8.72972 2.32098
-4.10665 3.91301 1.85355
3.0473 -9.57612 2.41122
-1.40708 1.7126 1.27896
8.92061 -20.7733 2.89989
-1.89183 -2.04453 2.16294
-0.754609 1.17955 0.449101
-1.42036 -6.49769 2.3453
3.01389 -10.1299 0.372635
-14.9744 8.22525 -1.0098
-3.33997 3.24176 0.72501
2.80001 -9.83009 2.48187
-19.5887 2.85998 -0.435884
18.2908 0.966278 2.66299
6.39884 -5.68732 -0.330828
-21.7912 14.2947 -1.3097
-28.2709 17.7462 -0.497501
16.6963 -0.326892 2.51282
-9.8544 5.72878 -0.859988
0.540933 0.173121 0.500468
0.331855 -7.34011 2.30649
0.972596 -6.9639 2.23826
-0.518856 -6.83835 2.35391
-23.4539 15.4142 -1.432
-0.838133 -6.61632 2.33089
-0.869065 -6.36708 2.26637
-29.2538 16.5771 1.00233
3.67242 -10.2836 0.346991
-1.09064 -6.11996 2.22846
1.87595 -8.92043 2.77987
-1.3442 -5.96526 2.22386
-2.93324 -4.61475 2.19446
22.005 1.6312 2.76484
21.1836 -16.5509 0.0884016
9.79899 2.49579 2.68437
-3.38207 3.28908 1.03538
-25.4824 14.5928 -1.33341
23.8846 4.28871 2.29511
-6.69504 5.96416 1.56432
-5.5007 4.9998 1.16466
-0.387394 -4.41907 -0.474513
-0.314622 -7.48902 -1.01677
2.45914 -8.61266 -0.334945
-21.6358 12.7283 -1.26383
-3.05929 -4.74777 2.23674
0.737728 -8.42543 0.0708675
-2.23284 0.0474298 2.54141
-6.16482 4.72049 2.49862
16.6941 0.346298 2.35191
2.39236 -8.83902 2.96622
-20.4395 10.8623 -1.17363
0.269526 -3.50353 -0.488637
12.655 -12.3589 -0.12024
12.1909 2.59386 -0.485802
0.627604 -8.31234 2.05397
-3.83915 3.66562 1.57123
-3.39197 2.30631 2.03595
7.82591 -4.29715 0.681665
-8.87204 7.2391 -0.925358
-4.14383 -3.49743 2.74998
-2.17334 -5.66303 2.40598
22.7075 2.56461 3.03828
-3.99004 -3.66428 2.75741
-4.28733 -3.2498 2.74164
10.4352 2.16244 2.71296
17.5894 -21.2529 2.92624
-1.02396 -5.35612 2.17965
3.39109 -9.79264 2.5086
7.46589 -5.33232 2.46417
46.5571 0.423995 2.92436
3.42726 -9.97398 2.45319
11.7795 2.81669 -0.247706
7.5 1.03466 -0.517087
-3.94989 -2.76782 2.73667
-3.21666 3.14363 1.41744
-12.3019 9.18852 -1.00871
16.8528 2.07393 2.6987
18.9726 0.370584 2.77329
2.80682 -10.091 0.370507
-3.7916 1.72711 -0.667754
-5.14223 3.65557 2.53267
-4.82757 3.44736 1.96316
-2.49571 -5.41533 2.76994
-5.90339 5.28189 2.31783
12.2147 2.56492 -0.253305
19.7718 -0.282187 2.72024
-4.49868 4.23152 1.93231
-2.22023 -4.78712 2.80081
-15.2387 8.19175 -1.01119
0.451851 -5.05742 2.84634
14.7277 3.78777 1.97858
0.227537 -7.99757 0.714971
22.0649 3.43823 2.81817
4.12178 -9.83513 2.48282
0.212726 -6.81516 -0.408717
5.21353 -0.0404653 -0.179084
0.530133 -6.50486 -0.409908
2.32895 -9.42898 -0.311625
-20.7048 16.5332 1.16653
21.6367 0.995047 2.82501
-4.08415 3.22777 2.57291
-14.1775 11.6556 -0.188399
-3.13885 -2.21693 2.73387
19.3782 0.42331 2.5856
2.67723 -7.43077 2.9346
-3.24643 -2.06572 2.73618
19.3404 0.247041 2.58878
9.26741 -4.13965 2.16691
2.81978 -7.58744 2.94026
19.3787 0.0717232 2.60104
4.45745 -10.9544 2.44669
2.0601 -7.61639 2.92787
-23.7007 17.4102 1.20498
13.8765 -9.32667 2.41811
-8.64815 7.5291 2.35469
-10.9309 8.8245 -0.777792
0.177647 -7.54426 2.37493
18.5494 0.700485 2.76192
-1.0252 -6.98707 2.33549
-4.1906 2.83414 2.57608
-5.10294 3.49391 2.55043
8.40319 -19.6492 2.49432
-12.3438 7.41219 -0.935504
-14.254 11.8872 0.271958
-3.21465 -5.18594 2.27295
8.18285 -20.1775 2.46174
-4.5647 4.27691 1.85868
-2.73336 2.71688 2.60101
7.48004 1.54242 2.23722
24.5211 4.9789 1.27847
-1.29061 -5.46602 2.82552
2.76014 -4.3914 2.88209
-3.03902 -4.97416 2.79228
-6.6285 3.04494 -0.741285
-21.7245 10.7248 -1.25274
2.48745 -6.68378 -0.388099
-22.3391 4.27792 1.14453
-7.32322 6.4818 -0.424761
-1.39366 -2.10941 2.21528
-0.424483 0.9154 0.441416
-1.25203 -2.54876 2.16967
-0.198496 0.740928 0.432134
1.81614 -7.29209 -0.37982
-1.45919 -2.38716 2.16966
-9.22735 3.07613 1.91696
-0.313641 0.83024 0.428136
18.5556 2.72044 2.32265
-0.77071 1.20673 1.2346
24.7273 4.6996 1.07396
-3.70635 -3.78002 2.76176
-6.09378 5.18716 1.97457
18.4509 0.680121 2.3631
-11.8567 3.05098 1.61788
-4.15299 -2.33927 2.4678
18.3101 0.453166 2.35663
17.9882 0.00988114 2.34052
2.13796 -7.9301 2.28001
1.92616 0.158789 -0.45966
-19.9065 14.74 1.96855
0.281561 -7.86773 2.40709
6.24222 -4.54107 2.93544
2.21844 -9.21853 2.93454
-5.4021 2.18752 2.60154
-12.1681 9.56761 -0.585655
46.0398 7.48113 2.12994
1.18758 -8.72802 2.41739
3.52527 -9.99989 1.70364
-2.70349 2.67625 -0.664316
-26.8197 19.5818 -0.513314
2.83171 -10.1059 0.642404
9.88689 1.18571 2.3525
14.8836 3.68774 2.02328
10.5773 1.18453 2.79315
-2.35459 -5.00905 2.80287
1.02942 -4.41182 -0.460397
19.1969 0.195868 2.74824
1.56393 -9.07998 0.385277
20.9369 4.50289 2.42646
21.1096 4.3403 2.44718
1.46394 -9.01843 0.121306
-4.49692 3.6276 -0.755644
20.0478 2.62696 2.36826
5.24412 0.525536 1.81009
-3.62279 -1.55896 2.21284
20.5605 0.566274 2.48011
-14.2945 4.62861 -0.93295
21.0821 0.452697 2.53929
-3.98398 -1.46066 2.20552
22.5395 3.09436 2.87728
-9.46349 0.592666 2.55819
-8.15927 -1.42012 0.703748
-8.73895 7.61909 1.1518
-5.6213 5.0736 -0.347748
-5.6817 5.18484 2.09931
-19.5519 10.4946 -1.21974
-1.02072 -6.988 2.17609
3.34369 -1.71593 -0.433873
-27.8633 18.273 1.09556
-1.17368 -6.86749 2.19032
3.22824 -9.72154 -0.29362
-8.57951 6.12643 -0.863843
-10.0123 8.04341 2.33057
-5.42335 4.28012 -0.781026
8.18624 1.10991 0.425148
1.14692 -8.72554 1.87148
-3.49499 3.39194 1.89465
-3.07367 -4.96994 2.46801
8.34721 -20.2928 2.24726
-8.02672 7.00369 0.108388
3.21252 -9.82519 2.54214
9.71325 1.4766 1.95162
5.79871 -5.33926 2.95111
4.19149 -11.1853 2.1388
-5.47559 5.00343 2.173
17.0355 1.8358 2.67778
2.50564 -9.03111 -0.320435
21.809 1.26723 2.83535
12.4964 0.374232 2.31593
8.21208 -20.1933 2.66308
13.589 -13.2267 -0.0896748
0.16819 -5.20791 2.12184
-19.7209 13.5137 2.00815
-8.72509 7.61535 1.21935
14.8673 3.68747 1.55472
20.229 0.494507 2.46083
-22.2061 17.0415 1.42346
24.2152 5.11715 2.4513
-3.67687 -1.37581 2.20687
3.31429 -8.68229 2.98299
-19.4512 10.794 -1.15492
-12.2204 8.68167 2.28136
-5.7048 5.17907 1.50556
3.01482 -10.1149 0.568506
10.6114 1.47755 2.86333
24.4601 5.45583 1.86784
-8.06872 -1.14849 2.10984
18.485 3.91707 2.07485
1.5756 -7.55401 -0.37609
-1.61965 -6.10735 2.61602
2.63253 -9.19822 2.38248
2.51321 -9.13296 2.39264
1.17311 -2.59302 2.15867
0.00853055 0.571473 0.427504
14.3441 -8.83741 0.193663
3.06472 -9.85389 2.47699
1.12573 -8.70908 1.4786
0.724383 -8.41495 -0.252389
5.89217 -4.77055 2.93956
-14.2307 4.14754 2.0915
-2.36597 -5.91772 2.02585
-0.130323 -4.57054 2.83331
5.73763 -4.89938 2.94218
-17.0327 6.9594 -1.06266
4.07536 -10.7166 2.15208
-2.4958 -5.81313 2.04457
14.2196 -8.89603 2.11125
-3.26673 -0.997201 2.14904
17.4835 2.19916 2.53081
10.8658 0.139395 2.26185
-5.6007 5.08983 1.10969
-3.76263 -1.60458 2.2192
3.12504 -0.871001 0.534991
3.07073 -0.955285 0.660622
-20.9725 8.52138 0.225138
8.5954 2.17094 2.19324
-20.0096 15.587 1.93993
4.48215 -10.9633 2.63491
19.4179 -0.0131136 2.62585
3.83302 -10.1255 2.48772
7.09388 -4.95006 2.47572
3.13334 -9.64018 2.42206
-3.2088 3.13811 0.641963
-6.00721 5.38657 -0.220053
-3.06193 2.45626 2.61873
-5.81392 5.22472 -0.536666
28.9269 5.0052 2.53963
3.84139 -10.379 0.977677
3.58218 -9.96393 1.88443
-1.83955 -6.34712 2.06401
13.3114 1.71088 2.29326
-17.1783 9.5649 -1.15069
2.95474 -10.1462 -0.265291
0.508525 -6.81802 -0.404137
41.404 -44.3057 3.07567
-28.5986 17.2898 -1.43411
-13.239 9.2959 -1.03301
2.31089 0.566132 -0.460283
-2.77579 2.78147 0.216783
0.559209 -5.31222 -0.450816
5.35816 0.440713 0.877483
3.04318 -10.0851 0.962196
15.0216 3.57276 1.92331
15.6451 -13.8576 -0.0529222
-28.6382 17.206 -1.83209
0.344831 -5.12302 -0.452869
-9.4328 0.139086 1.23702
-1.52812 -5.28785 2.81795
2.59908 -9.90889 2.19632
6.08218 1.61911 1.90767
-6.79252 4.046 -0.776419
-6.60121 4.14938 -0.781117
-7.20197 5.30696 1.88112
-13.1581 9.83649 2.18204
3.64886 0.0518088 0.658923
-2.76139 -4.74236 2.19792
2.76012 -8.63893 -0.327799
14.1993 -8.90843 2.32291
-21.4297 11.3789 -1.27979
2.72424 -7.28202 -0.366435
4.8324 -11.2401 2.64008
3.22519 -9.92464 2.30931
3.16614 -9.8853 2.3461
3.27573 -0.686819 0.397037
-5.62184 4.71555 2.49861
-9.17301 4.84357 -0.83624
-28.3729 17.6489 -1.69472
1.50007 -8.99864 2.25579
0.153725 -7.92014 2.10717
7.82469 -19.8747 1.64901
1.26374 -8.81628 1.87098
4.7436 -2.17466 -0.440465
0.681872 -6.8074 -0.405179
-3.1702 3.11824 1.19884
-1.40174 -5.17738 2.81564
2.8135 -10.0558 2.22364
24.9741 -24.0281 0.228211
45.8409 8.11208 1.57638
5.67132 0.0887465 0.831661
2.0595 -9.45066 2.20803
-19.3448 5.52141 -1.05168
1.80071 -9.24942 2.22905
-10.258 8.75668 -0.0498417
22.3212 3.20212 2.85065
-5.85352 4.24608 1.95291
-2.30456 0.19995 2.02611
11.033 -8.13719 -0.21642
-6.31925 4.82922 2.00839
-1.02999 1.38372 -0.265896
-2.63135 2.67229 0.542924
-13.071 6.65849 -0.95323
-1.52262 1.79279 0.707345
-2.10135 2.23997 -0.0922139
14.1287 -9.03109 2.18532
-27.6452 14.9187 -0.183716
3.9392 -10.5306 2.31242
-26.9159 19.4767 0.957209
-26.7982 19.6371 0.923226
-1.29514 -6.55567 -0.443096
-3.91676 -3.76186 2.75402
24.4155 5.22211 1.47649
5.34004 0.534891 -0.249178
6.15086 0.899835 0.564968
-27.7092 18.4094 -1.98418
2.07869 -8.77931 2.96057
4.38483 -10.049 2.1689
-3.35502 1.83422 1.77089
-7.36178 6.51559 1.72149
7.23398 -17.6461 2.89789
-28.0551 15.2714 -0.599656
2.50084 -7.74884 -0.357844
3.49706 0.804456 -0.475008
-12.1937 9.08887 -1.00969
3.30778 0.600131 -0.469339
24.4618 5.29621 1.71806
45.8852 7.04956 2.71791
-22.6061 4.46258 -0.680745
45.8901 6.76523 2.72447
14.7152 -8.93579 1.99416
20.3228 -23.2581 0.599451
45.9189 6.48472 2.73252
-7.45328 6.56089 1.63721
4.20021 -10.2836 2.18509
-0.686811 -5.16916 2.82949
3.587 -10.1637 2.10972
-0.835462 -5.31884 2.82574
3.38217 -10.0145 2.10136
-6.70447 5.53265 1.78356
21.6913 1.51634 2.56533
0.158588 -7.93042 1.91015
2.4846 -9.82466 0.975204
-5.80708 4.81073 1.82866
5.31852 -12.1329 2.16175
-1.06607 -6.14247 -0.448098
-3.80657 -3.38949 2.75094
45.8074 7.85267 2.43087
-22.4718 4.35155 -0.321725
45.978 6.77421 2.42796
-21.0092 16.1565 1.2198
4.8632 -10.9564 2.20272
7.44292 -17.419 2.77735
8.72531 -20.6243 3.02484
-9.53484 0.0231115 2.05451
-16.2926 7.44765 -1.05523
4.8163 -11.2247 2.21744
4.56503 -11.036 2.2105
0.593111 -8.28481 1.88629
-2.99654 3.00146 2.0092
-7.34184 6.50718 0.173698
-2.27289 -6.0057 1.21039
-19.8955 14.5446 1.97669
-2.93183 2.91305 0.57375
-1.90847 0.161526 1.92887
-5.91375 4.90353 1.80444
-6.37438 5.35023 1.89355
-6.37088 5.60543 1.92546
-0.437933 -4.04579 -0.481942
-3.78784 3.53048 2.54819
45.7204 8.40307 2.10684
-20.0379 12.6176 -1.24825
46.1447 6.79068 2.1581
1.34091 -4.27241 -0.447436
5.39901 0.441998 0.57426
4.65895 -11.1484 2.1733
7.2761 -17.624 2.79435
0.103255 -7.8907 2.15616
-12.2394 8.78644 2.28864
-6.03114 5.34796 -0.829518
-2.77463 0.220029 2.03929
-6.81336 4.86432 1.95478
41.454 -44.2357 3.43712
-3.54032 -3.66793 2.76113
-0.883928 -6.3132 -0.440344
14.3802 -8.79623 1.33673
-11.9749 10.1807 2.23985
45.989 5.84058 2.4798
-3.12449 -4.86891 2.79588
-0.340926 -7.5427 -0.373142
26.3074 0.744168 2.41195
2.52168 0.608269 -0.455866
-7.36732 4.42796 1.96903
24.5034 4.9708 1.12912
10.138 -7.81884 -0.234428
24.6094 4.83654 1.13756
7.6672 1.46329 2.07684
21.9806 3.70169 2.80846
46.0622 7.58915 1.87286
-27.5758 18.5628 -2.0039
-0.334023 -6.47928 2.86986
-20.3166 12.8375 1.10271
4.88945 -11.522 2.15688
4.73392 -11.4439 2.15408
4.56994 -11.3394 2.14711
4.41966 -11.2645 2.14124
4.27875 -11.2083 2.13838
-7.00271 5.04157 1.94718
-12.6181 3.63846 -0.883857
-8.62773 -0.906481 0.926826
-9.28169 8.04793 0.899882
1.15095 -8.72743 1.65486
8.2493 1.12148 0.55183
15.9568 0.988809 2.36439
3.1374 -9.98963 -0.259181
-16.9905 9.40974 -1.08764
-7.88602 6.94786 2.1796
13.2917 3.29752 0.677266
13.097 2.60075 2.212
0.209712 -4.33598 -0.470695
-22.7951 16.3197 1.6705
14.9491 3.60829 0.673439
-11.0716 9.35248 1.40716
11.862 -7.5381 2.33478
14.2871 -8.83671 1.55431
13.0766 0.841343 2.132
11.7446 -7.66011 2.36898
14.1833 -8.95209 1.56723
-8.92583 7.71222 2.34338
11.2643 -0.198805 2.27442
21.4931 4.01433 2.49372
4.57191 -11.7752 2.14554
4.42106 -11.7047 2.14142
-14.98 12.2324 1.28535
2.05464 -9.46528 1.84484
8.64729 1.93423 2.31617
-27.1867 17.168 -1.44247
-9.4571 6.42242 -0.889963
-10.8266 8.33044 2.3145
7.73272 -6.01779 -0.300301
-17.8376 12.0614 1.85743
-7.79893 5.54502 -0.832886
-9.06448 7.36052 2.36466
-16.0221 10.6155 -1.10813
-3.49728 -4.3684 2.78053
-0.797599 -7.16282 -0.360301
13.3006 3.29774 0.593569
3.11863 -0.887131 0.391602
-10.7598 7.25023 2.35458
-9.37709 5.31055 -0.843591
7.57929 -17.2833 2.80903
-11.7417 8.50253 2.30604
-8.00469 2.79978 1.94526
-20.1742 16.7279 1.90219
7.10677 -17.7988 2.93015
-20.6774 9.87366 -1.21189
-23.6763 17.6154 1.18849
6.8074 -18.1672 3.00836
3.16952 -9.90357 1.73458
5.00881 0.697479 1.7398
-8.20199 5.03127 -0.82485
-9.54477 7.04164 2.38174
7.93238 -9.37084 2.56782
-5.83194 5.26052 0.9774
14.8444 3.71575 1.33091
8.38992 0.156087 0.51017
3.38627 -10.0191 1.89689
6.88745 -18.0614 2.92389
20.8635 0.827298 2.50144
-3.50331 2.42073 2.61505
6.79274 -18.1776 2.82884
12.0648 0.840547 2.29575
-5.95968 5.36001 0.806475
-26.3936 7.53657 -0.937765
7.68697 -4.45984 0.83408
7.91223 -4.73225 0.743981
-28.234 17.8916 0.947655
42.6074 -0.176764 2.12927
-10.4413 5.7351 1.89807
14.4278 -8.74723 1.21732
-0.698962 -5.93609 -0.442723
7.85967 -18.2779 2.71342
3.50368 -10.1095 1.98214
-20.9097 17.1065 1.81585
6.94925 -17.9601 2.67014
3.09346 -9.99023 1.72103
5.32999 0.475317 1.6453
-12.7182 9.05113 2.27826
6.88725 -18.1075 2.755
-1.25581 -6.80484 1.57931
-0.806051 -4.43869 2.08343
-22.0855 4.04004 -0.941839
1.42356 -8.95592 1.57711
-10.8704 4.78046 2.11307
-13.6356 7.36976 -0.962185
-10.1272 7.56891 2.35077
0.146316 -7.53022 2.67305
-10.4323 6.41928 -0.901407
-5.29102 4.83663 1.36059
-0.783354 1.18921 -0.116334
1.06731 -8.28394 2.79182
46.0324 7.87194 1.86127
-13.5844 7.03964 -0.989217
-25.7477 20.8952 -0.904401
-7.97151 6.97213 1.01902
14.4548 -8.74726 1.09532
8.7184 -20.6504 2.89353
8.46101 -20.3893 2.87002
8.24795 -20.2139 2.86948
5.53252 0.702977 1.64906
7.36415 -19.4988 2.49051
-2.76087 2.80349 1.93196
-25.5892 13.3304 1.23758
-27.2232 19.1034 0.534556
0.371867 -8.10308 1.51536
0.119428 -7.90336 1.53719
-1.09153 -5.43206 2.82398
3.12738 -9.96867 1.14519
-2.02335 -5.02306 2.80682
8.87022 -20.7095 2.7532
8.42846 -20.3777 2.66236
5.44386 0.0679827 -0.115237
7.34187 -19.4962 2.29946
3.22239 -9.92574 1.55256
3.07716 -10.0138 1.53161
0.57254 -8.26959 0.900734
0.919903 -8.54559 1.46906
28.7926 -23.7603 3.19263
0.697411 -8.36979 1.44398
-8.56655 5.91677 -0.861183
-10.0055 7.94123 2.33009
-2.52143 -5.80832 1.42999
-10.4126 8.05059 2.32905
-13.8833 8.23762 -0.989628
0.886103 -3.41802 -0.481158
-0.990794 -5.79131 2.8362
11.2779 -0.182003 2.19419
-5.92737 5.34388 1.38802
-4.10278 3.86374 0.330863
-2.45338 2.52629 0.127832
1.56681 -9.0673 1.43346
-1.77234 1.99404 0.367038
-1.07804 -6.94904 1.38092
-2.79789 -0.944911 2.18796
-1.18986 -6.85883 1.39235
-18.6421 14.5426 1.98397
-1.39889 -6.6977 1.40559
-3.37542 -0.567138 2.1557
-1.73989 -6.42889 1.42482
5.63947 0.650586 0.0395277
1.82911 -9.27544 1.62391
-17.5001 11.6636 -1.20351
-1.84882 2.05161 0.360205
-11.2917 8.50849 2.3083
4.116 -2.89313 0.037405
-11.2406 8.77848 2.30678
-11.0693 9.37539 2.2746
12.8577 -9.14708 -0.173377
0.213581 -7.99061 0.520904
4.49542 -2.63098 0.489086
-8.59187 7.30878 -0.921106
9.02562 -20.7887 2.47358
11.9643 -12.9436 -0.10983
8.87865 -20.7027 2.37868
19.8277 -19.4509 0.106492
8.60102 -20.5114 2.39616
2.22997 -9.61269 1.41311
-2.50592 -1.20259 2.15937
-0.864842 -7.11685 1.43252
-2.79078 0.988852 1.99887
6.13944 1.4641 -0.393822
14.9988 3.55076 1.41851
24.3975 4.95786 1.43502
-11.6918 8.72525 2.29862
-0.868013 1.2769 0.925367
24.7251 4.71212 1.45914
-11.5414 9.34942 2.26883
18.2421 3.63872 2.16521
-10.377 8.12086 2.32216
-13.701 8.2417 -0.986794
11.4762 -7.34301 -0.23749
-10.0027 8.61758 2.00875
-8.8891 7.74958 1.8231
-6.69417 5.94839 1.39707
-26.3328 20.1946 -0.218848
10.6728 -11.3155 2.64269
-6.37142 2.94452 -0.741115
8.14405 -20.1383 2.25525
-6.57542 5.8584 0.892124
-13.8832 9.72569 1.72392
0.242516 -2.76218 2.29527
-4.85336 4.46554 -0.044145
3.22235 -9.90503 1.31065
7.30544 -19.4639 2.09921
-0.346384 -6.10013 2.85425
2.95694 -10.1314 1.35891
-9.4307 0.119082 0.592745
2.67799 -9.9683 1.36108
-28.2959 17.7083 -0.875784
-9.09939 6.70702 1.79638
1.24915 -8.81553 1.29429
-2.86789 -4.91026 2.79798
-0.258297 -7.57661 -0.394036
0.18224 -0.494687 1.28416
11.1401 -7.49107 -0.234463
-10.245 8.81375 1.96519
-13.4185 9.54476 2.19264
-12.0246 7.64108 -0.950865
-6.903 6.14273 1.37602
-5.1738 4.72626 0.509718
-2.86287 2.84943 0.158215
8.0733 -4.85566 1.1296
0.562967 -5.13254 -0.452016
2.701 -9.9954 1.55944
8.96861 -20.7347 2.18627
-27.3284 14.6738 0.408173
8.77085 -20.6232 2.18683
-21.8898 3.91129 1.05092
8.55895 -20.4725 2.18377
7.95939 -4.79868 1.98321
-0.222547 -5.87936 2.85134
-11.417 4.57134 -0.871806
-10.4485 7.68828 1.51565
-9.36568 8.09653 0.750109
-12.6063 9.74826 2.24811
-4.35254 0.902314 2.13672
-2.07712 2.23772 1.44271
-11.1506 8.31958 -0.96299
-12.535 10.2427 2.22675
7.62447 -5.31053 2.45532
3.58968 -10.0046 2.4203
-3.86103 3.4585 2.55076
6.69166 -2.81713 2.39255
5.63967 0.410451 0.169547
-18.5343 3.83386 -1.00886
5.56387 0.198699 0.180099
-1.13621 -4.1905 2.06679
8.93582 -20.7156 1.97506
-6.25429 3.00114 1.89293
-10.2499 7.75858 1.81265
1.00968 -8.61792 0.885251
29.7269 4.23389 2.78905
-10.2813 5.60935 -0.868439
3.47082 -10.1068 0.713414
-10.2251 7.83846 1.80729
3.6511 -10.2664 0.715475
-2.00988 -5.78866 2.74465
2.16637 -9.5406 2.21923
22.5873 3.07847 2.56124
5.92842 -4.52328 2.93527
-27.4323 14.7558 -0.35195
-2.25622 -6.00036 2.05858
-23.8787 5.50149 1.35298
0.903978 -8.52557 0.858897
-12.595 10.5412 2.08028
8.84454 -7.723 -0.258075
-6.17555 5.55046 1.21413
-0.628027 1.08764 1.54199
-11.1562 9.18266 2.28037
-0.0159286 -7.80995 0.297019
-2.02536 2.17702 -0.289348
1.08108 -8.69679 0.0654522
-6.00563 5.17077 2.34706
-0.766099 1.18699 0.250322
-27.3317 18.9361 -0.0440266
3.34966 -10.0256 1.13592
10.8184 -6.88043 2.76574
-2.74186 2.76788 1.14769
3.21952 -9.918 1.12748
3.06151 -10.0588 1.13063
5.34677 0.448192 1.09235
2.92719 -10.1295 1.1206
-1.19349 -6.86132 1.18349
12.6831 1.45508 2.3156
-12.5425 7.42894 -0.942441
-1.53126 -4.16054 2.78904
-21.4504 15.1842 1.32724
12.0325 0.439518 2.30291
7.96751 -19.9978 2.45249
-26.6996 19.7664 0.48725
-2.76537 -5.70712 1.32776
-28.8173 15.9559 -0.271997
8.58028 -8.811 -0.233461
-12.8956 10.1346 2.08621
-7.47673 0.239648 2.5989
-2.59727 2.65238 1.1311
12.3837 1.66864 2.8556
0.574801 -8.27168 1.09544
0.153735 -7.93319 1.11678
-11.6177 8.76956 1.74077
-6.17002 3.97484 -0.772552
10.8622 2.62091 -0.546023
-8.04843 7.05336 1.35206
-3.32172 3.21551 -0.0180176
7.98698 -4.79201 0.606731
-13.7687 9.22427 -1.02337
-12.3659 3.09448 1.80312
-22.1531 18.2499 1.18343
3.38737 -9.93529 0.121446
1.60606 -6.02288 -0.415233
17.1222 -7.26734 -0.179396
12.7065 3.0324 -0.372477
-0.678107 -4.54386 2.08696
3.9224 -2.30195 0.350043
6.58938 -15.6372 1.32745
23.2964 1.52571 0.978687
8.22293 -20.1678 1.63282
-12.4657 6.70983 -0.951791
-27.0016 19.3629 -0.285062
-7.99853 5.28578 -0.829868
7.42229 -19.5528 1.65032
1.0005 -8.60981 1.06444
-14.6438 8.31999 -1.04195
-9.46256 6.77797 1.4944
20.2255 0.0673834 2.46664
-1.21188 -3.7552 -0.492777
-5.15573 4.72189 0.955091
4.66125 1.06357 0.0572462
6.43995 -4.91174 -0.348984
2.39055 -9.52952 -0.304565
-0.173092 -6.22321 2.86309
-20.1215 13.056 1.19753
0.26595 -7.49546 3.02619
3.50656 -10.1411 0.937657
14.2886 -8.83284 1.70907
3.35496 -10.0212 0.929632
3.23489 -1.54931 -0.42445
-28.0392 18.0241 1.12782
3.2096 -9.9238 0.955452
14.3176 2.85403 2.32003
5.54532 0.682231 0.777173
5.58043 0.735955 0.744184
1.50131 -4.01348 -0.470038
-9.95474 7.1167 1.47693
-10.4185 7.83037 1.42954
-10.25 7.97586 1.47856
-10.1974 8.0685 1.4508
-14.2131 11.6641 -0.355113
-2.45497 2.52221 -0.0446981
-10.4151 8.23721 1.42007
-1.90325 2.10147 1.63127
-1.2842 -6.79497 0.217048
-5.29477 4.85567 2.31649
11.8995 2.48772 -0.538431
3.32071 -9.99745 0.782246
0.84066 -8.48932 0.845344
0.696541 -8.37227 0.872331
35.4846 -31.6923 3.32492
-12.0746 6.64283 -0.920819
-7.52303 5.09891 1.57309
-1.18342 1.52957 0.877878
-0.530786 -7.384 0.956366
13.2546 2.04826 2.31942
7.85635 -4.68146 0.90573
13.2606 1.88797 2.30141
-1.41916 -6.68539 0.999255
7.99497 -20.0103 2.65125
-9.27338 7.92423 -0.890133
0.972869 -4.25774 -0.461371
-16.2145 11.35 -1.17447
7.88225 -7.34418 -0.275681
-17.5702 13.2158 2.05079
18.6436 -13.1018 0.966637
-4.56519 4.28157 2.31112
-26.813 19.6003 -0.317529
-17.5638 13.3796 2.04335
-17.5291 13.5231 2.03317
-0.758951 1.19566 1.43828
24.6051 4.8279 0.99285
-1.60346 -0.666878 2.09031
-17.4909 14.012 2.00881
-4.44313 4.14339 0.664999
-2.47866 2.53632 -0.260596
-12.952 10.1121 2.03456
-19.2132 12.8684 -1.28865
-0.647173 -4.55599 2.10701
3.18933 -9.93968 0.665084
24.6689 -28.9371 3.24471
3.11428 -10.0094 0.682703
3.02022 -10.1157 0.761798
2.8935 -10.1357 0.801271
2.68038 -9.9917 0.841527
2.55844 -9.88283 0.789315
46.9708 -37.5148 1.99618
2.22132 -9.60066 0.819534
9.3541 1.68374 2.26308
1.6594 -9.14304 0.825909
1.45998 -8.98205 0.836053
-2.24813 -5.99728 2.24866
22.6662 2.97119 2.82896
23.7035 3.52814 2.43213
-0.139385 -3.37928 -0.495084
11.5271 -11.0274 3.16112
0.207571 -7.98177 0.817098
-11.8334 6.66169 -0.908584
-17.2142 10.5785 -1.16394
-18.5132 12.5393 2.05916
-16.1907 5.86181 0.814276
15.8665 3.48272 2.31185
-4.06143 -4.20549 2.2732
-25.7678 20.94 0.965294
-29.1877 16.5413 -0.7365
-18.5998 13.1016 2.04459
-3.2061 -4.85184 2.49523
-18.6558 13.3123 2.04207
-18.6209 13.808 2.01377
-18.6638 14.0173 2.00975
-18.6533 14.2785 1.99694
-3.61414 -4.56695 2.77059
-18.7389 14.9898 1.97621
16.7932 3.35379 2.1182
13.8666 -9.4281 0.364685
-9.43913 0.518378 1.68093
-8.68386 7.53339 0.263148
7.18111 -19.3727 2.48587
-27.3474 18.9475 0.567984
-3.64943 3.47521 -0.219737
-8.50226 6.03179 1.57097
2.19151 -6.83371 -0.386405
3.16541 -9.91457 1.965
8.25925 1.64811 -0.366512
3.09101 -9.99258 1.86871
20.8329 0.952417 2.49354
-1.93176 -5.17684 2.80506
-0.507778 -4.68782 2.09103
-0.0182407 -3.15646 2.19878
-20.1 16.0556 1.9281
-1.00838 -2.36553 2.16454
-10.4458 8.97255 1.13778
17.0924 -16.9461 2.83983
16.8116 3.25199 2.12225
-6.068 5.45693 0.771444
-12.913 5.27031 -0.91721
-5.49594 4.99384 0.684154
8.29994 1.72721 -0.489285
8.2629 1.64559 -0.471332
6.97714 -17.9498 2.96245
-1.04345 -5.36054 2.82715
3.22301 -9.92593 2.18674
-19.1916 13.1354 1.8294
7.72093 -19.7871 2.24191
-13.6231 10.7924 1.3224
-7.50127 6.5872 0.850582
-2.11727 2.24813 -0.275327
8.12747 1.52982 -0.485515
-1.14006 -5.2066 2.81716
3.00216 -10.0632 2.15071
7.97438 1.20347 -0.423713
-1.83719 2.04649 1.11753
-3.68537 3.08454 1.90942
-1.62458 -6.07175 2.77576
3.42259 -10.0588 0.52431
3.24738 -9.96645 0.552393
1.21514 -8.79064 0.654986
46.4458 -38.1166 3.30728
-2.58453 -4.98655 2.80115
1.00228 -8.61631 0.667708
5.51982 -5.81325 2.2342
46.2055 -38.3785 3.39128
3.05508 -4.53692 2.8931
-0.0864185 -7.56327 -0.396902
-2.78178 -4.84483 2.7942
0.546993 -8.25705 0.688285
-1.01457 -6.61201 -0.443241
-3.65043 -3.98398 2.76847
25.0045 -28.5728 1.45126
-2.17228 0.400012 1.94834
-6.2782 5.0554 1.94366
11.7701 2.78904 0.0889554
-0.423698 -7.47437 0.734933
-2.37877 0.555228 1.9381
-24.1098 5.66129 0.17525
-6.37741 5.21688 1.86742
-0.696072 -7.2572 0.809583
-1.41298 1.71615 0.991091
-0.764868 -7.20572 0.759297
1.01813 -8.62351 1.45596
3.82603 -9.85792 2.5082
-17.9647 12.1195 1.6144
-0.0591793 -5.17782 2.83672
22.4098 3.34939 2.59822
-5.05647 2.81996 2.57987
7.69253 -19.7735 2.03945
-22.7082 16.356 1.89159
-2.14563 2.28849 0.247343
-1.50999 -6.60359 1.6102
-4.8084 3.02848 2.56778
7.90466 -19.9557 2.04451
7.00171 -5.78698 -0.31415
-22.6095 16.4939 1.87096
-22.408 16.7695 1.83407
46.539 0.614268 2.1433
-7.85833 6.89489 0.812598
-14.8792 7.70708 2.10674
-13.5519 5.83593 -0.934637
-6.14995 5.52258 0.704725
-3.34288 3.23239 -0.188351
8.50554 2.02122 -0.566335
7.96684 1.35453 -0.47676
14.7585 -11.425 0.37208
0.396576 -0.268726 0.178749
-22.64 16.4827 1.6929
-0.434696 0.91966 0.241908
7.71326 1.16395 -0.499268
3.06652 -10.0835 -0.198381
0.827203 -6.97703 -0.402942
3.26617 -0.708341 -0.0415904
-20.3973 13.361 1.49546
3.41158 -10.0126 2.31505
-20.7832 13.9795 1.49436
3.32507 -10.094 2.26423
-20.7624 14.1502 1.4817
-26.9625 19.4318 0.564658
3.09254 -9.0658 2.98677
-18.7245 14.3225 1.27081
-28.3965 17.6372 0.389922
-0.424783 -2.69948 -0.514027
-17.1992 10.1375 -1.16369
-5.65734 5.12226 0.576665
-3.36339 3.25738 0.384423
5.45595 -3.89149 -0.391487
1.35278 -8.45251 -0.355296
-22.6786 12.2441 -1.33434
1.42832 -8.16349 -0.356771
-2.93815 2.917 0.359527
16.6256 2.23261 2.68146
-14.2258 11.841 -0.205473
7.84073 1.4568 -0.574261
2.51103 -9.84768 0.164496
-3.32771 1.78682 1.92463
5.47914 0.673822 -0.280058
-12.6417 4.91871 2.35355
-14.3568 10.759 1.51047
-19.7662 13.4435 1.21314
-1.12835 -3.94131 2.79633
-21.14 15.3531 1.28521
-6.71448 0.268984 2.58938
-8.26282 6.12928 1.84293
4.61268 1.04295 -0.234335
-8.09665 0.721144 2.54822
-9.693 6.50842 1.71017
-13.7835 11.17 1.65047
-3.15258 3.10059 0.988951
6.86298 -0.018479 -0.443153
2.07289 -9.49284 0.391251
-24.4943 12.5059 -1.36161
-17.7607 5.15221 1.72151
16.504 3.09189 2.19012
-6.69578 2.90709 -0.753964
-12.064 9.51738 2.26179
-5.25946 3.62303 -0.758
-0.0225364 -7.81904 -0.273572
0.415867 -6.98188 -0.405485
25.0279 -28.6642 3.13009
1.02781 -8.63667 1.24158
-0.538064 1.01077 0.654562
0.170747 -6.50473 -0.413603
-0.0262615 -7.29749 2.85757
18.3648 0.860467 2.73179
20.4484 -17.6937 2.92772
-9.98352 1.10792 1.91999
3.44123 -9.09558 -0.307861
-29.1185 16.7242 0.656543
3.82441 -10.3825 0.0740302
2.75023 -10.0452 0.150578
9.82906 1.37508 1.95412
7.14259 0.881136 2.12274
7.20665 -19.3377 2.8023
-27.0643 19.325 0.946176
2.30023 -9.68649 0.189755
1.8585 -9.32205 0.221463
-28.3651 17.7353 0.971633
-28.0986 18.0467 0.925835
-4.86609 4.48136 0.357834
-25.3597 6.6846 0.499003
5.60782 -14.1993 -0.147378
-23.9588 5.57506 0.763403
-4.82308 3.20176 -0.7417
0.980256 -8.61605 0.217784
0.32392 -8.07833 0.312656
-29.2369 16.5697 0.923236
-25.8667 20.8073 0.539399
0.047223 0.531479 0.120583
-24.6103 12.5827 0.878104
-28.7563 17.2185 0.834233
-28.6127 17.3659 0.801796
-26.592 19.8991 0.462986
-7.40887 6.51551 0.275457
4.74653 0.655404 -0.387618
32.7175 4.98779 2.60358
4.82201 0.435225 -0.380539
3.40938 -10.0673 -0.0854957
1.09138 -6.19742 -0.409463
-10.444 7.89424 -0.951009
-0.669002 -7.29017 0.336428
-27.4682 18.7935 0.413452
-20.9461 8.526 -0.680054
-11.0418 9.33211 0.225518
4.63474 0.230144 -0.372576
-9.28966 5.89764 -0.863878
-1.69386 -0.279786 -0.593603
2.73847 -10.0401 -0.0520937
-1.89243 -0.293593 -0.594213
-13.4052 4.72573 -0.947227
2.6222 -9.95008 -0.0495909
-11.8668 9.08259 -0.996729
3.71761 0.642523 -0.468474
-2.17186 -6.10139 0.424321
-28.1427 17.9597 0.372241
-27.9753 18.1303 0.297291
-5.7271 -2.79759 0.278331
-7.41281 3.10308 -0.780545
-26.0836 20.5051 -0.0304615
-7.42732 3.29457 -0.788952
-25.9581 20.6631 -0.0526271
-21.721 15.0023 -1.42358
-14.8857 7.68457 1.76806
-6.09787 5.46383 0.198219
-6.68474 2.15921 2.00136
2.16784 0.227309 -0.396023
-22.3041 6.61898 2.02614
3.27307 -0.723042 -0.188793
-29.1597 16.6864 0.285295
-14.3425 9.23662 -1.03092
1.30209 -4.78359 -0.450447
14.2749 2.23313 2.0853
1.42345 -4.70265 -0.442916
1.77398 -5.18906 -0.425987
-4.60422 1.25817 2.15128
-1.57475 -6.56828 0.366882
4.27191 1.07002 -0.476161
-4.48971 -4.22933 1.69839
-17.9853 11.6549 1.54811
-5.09059 4.65834 0.149697
-26.3487 7.61153 -0.461696
22.1144 -15.6867 1.47837
4.28369 -0.0313521 -0.369017
0.803651 -4.44181 -0.466154
-2.51171 -0.274821 -0.607539
-28.524 17.4589 -0.0264543
7.45196 -8.78984 2.54526
-28.2616 17.7723 -0.0702152
-14.8359 7.26804 2.27409
-28.0041 18.0893 -0.112086
-4.88281 0.346256 2.05556
-26.1075 20.4582 -0.437518
0.256664 -3.33476 -0.496156
0.0515507 -3.32943 -0.494446
-21.8265 11.4295 -1.28601
-15.0184 4.1057 1.82679
2.34293 -7.46093 -0.365446
-17.5598 11.5046 1.567
-29.2166 16.4283 -0.0997856
-29.0252 16.7885 -0.141437
-2.66953 -0.381015 -0.59815
-28.6617 17.2834 -0.203188
6.14715 -7.54457 2.48976
-5.2169 4.7547 0.0674909
-1.89789 -6.31778 0.428512
-2.54886 2.60873 1.406
3.92239 0.901953 -0.455847
3.35364 -9.38911 -0.305009
-16.8462 8.97257 -1.11811
3.28657 -9.554 -0.299286
-8.37945 4.17314 -0.809816
-3.54035 -3.35714 2.09245
-18.1052 9.39448 -1.10314
-28.5227 17.4349 -0.433088
-5.47649 2.07313 2.26423
-2.48664 -5.84307 0.176152
-9.53268 6.714 2.37752
-8.1052 4.71978 -0.815327
23.4809 -24.4175 2.69342
-7.98921 4.76843 -0.811928
-13.9296 8.48233 1.73409
-0.397704 -7.4869 1.50276
-27.0151 19.3285 -0.682881
-1.86909 2.05849 0.111192
4.24383 0.701824 -0.470918
0.993248 -8.06076 -0.373123
3.74258 -5.24818 2.71951
-20.4798 9.22984 1.8872
-24.5222 13.8909 1.92514
0.990016 -7.91394 -0.377023
-9.23254 -0.415729 1.44249
6.79943 -4.89382 -0.3393
-10.6018 1.59729 1.91713
2.79673 -9.55838 -0.301901
0.552058 -7.5352 -0.384423
-9.56809 6.22677 2.39641
-8.2012 4.26052 -0.809181
-11.2997 7.51776 2.34629
-9.92571 5.69049 -0.857379
2.23919 -8.49645 -0.335841
-23.3759 14.4068 1.87675
-21.9913 12.5813 -1.24733
-27.7166 18.4407 -0.771715
-28.8861 16.0118 -0.072795
-4.38784 4.08552 0.00596088
1.08396 -8.67424 -0.312769
-20.6687 9.468 1.90991
0.859756 -8.19903 -0.372051
2.52955 -9.19695 -0.31457
-10.101 5.65403 -0.865228
-1.81601 -6.35172 2.23273
-26.9896 14.4794 -0.562664
-27.9011 15.1879 -0.616227
-27.6555 14.9984 -1.0872
-20.3388 2.68732 1.42672
-5.2924 4.81365 -0.0732121
-2.78761 -5.57546 2.14455
2.82572 -7.7281 -0.354405
-2.3008 -6.00042 0.392019
-12.0889 9.09766 -1.01263
-2.90689 2.90512 1.43673
3.55402 0.657435 -0.467765
2.63294 -8.21252 -0.342803
-21.7635 12.6265 -1.25192
2.3241 -8.6751 -0.331362
-21.8104 12.7996 -1.33944
-0.515833 -7.29194 -0.933351
2.30219 -8.81887 -0.328312
6.05482 -4.74509 -0.35477
2.01684 -9.32933 -0.313596
-0.329574 -7.51502 2.32327
-27.1254 19.1339 -1.3847
-25.4116 13.216 -0.640558
-0.815962 -7.14811 2.31768
-25.8941 13.6675 -0.680428
-27.5025 18.6842 -1.21817
-12.4679 2.19953 1.93727
-27.3765 18.8376 -1.25053
-27.2493 18.9898 -1.28296
-27.1603 19.1081 -1.26328
-12.2716 2.60145 1.94233
-0.447126 -7.45168 2.14241
-27.0325 19.2621 -1.28688
-26.9218 19.3937 -1.26534
-26.7954 19.5459 -1.29851
-14.6524 4.4907 2.27993
-2.77988 -5.58447 1.69436
-3.44419 3.31402 0.0388058
-15.1852 4.91322 1.87316
-28.4086 15.6355 -0.565327
-3.32674 -5.13307 2.17427
2.22297 -8.2382 -0.34568
-3.44931 -5.04879 2.11161
-23.3335 14.3769 1.87209
2.17767 -8.3406 -0.340223
-21.2016 15.922 1.16203
1.94277 -8.7655 -0.334855
-27.457 18.842 1.25598
-4.83742 -3.22672 -0.301362
-28.5512 15.6908 -1.05995
-15.563 8.18571 -1.01709
-28.1815 17.827 -1.30108
13.9137 1.93235 2.08188
0.932459 -5.02373 -0.439272
-21.3191 3.43519 -0.509253
1.10479 -5.18695 -0.441206
1.98248 -5.75496 -0.414903
-25.6168 19.1861 -1.50754
21.5797 3.87354 2.81797
2.20656 -6.49479 -0.396108
-22.3855 4.31203 1.14236
-7.40697 6.50995 -0.356979
46.071 7.48616 1.89308
2.59361 -6.89354 -0.376759
46.1 7.21115 1.9081
2.62215 -6.95502 -0.369929
17.8911 -21.4917 2.22947
2.45978 -7.09578 -0.370165
-14.9448 3.93914 1.81404
2.50786 -7.2739 -0.372917
2.18607 -7.66625 -0.363459
-22.1789 12.1391 -1.31968
1.95128 -8.03088 -0.35353
-6.07777 1.90586 2.04473
2.78727 0.564864 -0.412896
5.65912 -4.00378 -0.389089
-22.5086 12.6972 -1.26343
-5.37646 -2.77439 -0.919383
1.64452 -8.55708 -0.343373
2.54513 -4.28171 2.70868
-27.4258 18.8226 1.05682
-4.75264 -3.29509 -0.291707
-28.4887 15.6616 -1.25687
-23.2963 6.3594 -0.64094
-28.955 16.8462 -1.38893
-13.405 9.21714 -1.01908
2.1273 0.527298 -0.471315
-23.6415 16.2744 -1.41208
-27.2049 19.0872 -1.67453
-0.200232 -7.28322 2.67039
-4.33627 -2.56069 2.66618
-1.57146 -5.37126 -0.475452
-26.9555 19.4019 -1.71946
-1.33625 -5.03106 -0.470831
-26.6512 19.7263 -1.743
-3.28248 0.0930514 -0.623508
-11.2559 9.39828 -0.67823
-22.2952 6.61401 1.88231
3.22767 -0.683667 -0.354233
2.03305 -7.25408 -0.375835
-15.5775 4.46343 1.80691
1.84059 -7.7422 -0.367254
1.00081 -5.96198 -0.417618
-27.1682 14.6958 -1.34493
20.9582 4.45842 2.81218
1.62927 -5.91079 -0.417752
-26.5823 14.5876 -1.33231
-22.0242 14.2574 -1.30403
-11.5952 6.1967 1.8687
-18.4444 13.5888 -1.24442
-11.0628 6.06878 1.8701
-17.7093 13.3807 -1.22397
7.99501 -3.97934 2.38289
22.3766 -15.2653 2.53756
-1.53992 -4.67471 -0.474071
-6.85006 4.42907 -0.79877
-10.824 9.06631 -0.812426
21.6817 3.76087 2.83102
2.3476 -6.51964 -0.406575
-21.074 3.25906 1.09167
-6.06731 5.42698 -0.352946
2.20349 -6.68952 -0.397286
18.2486 3.51938 2.06681
-8.35869 -0.743467 2.11547
1.26103 -8.09715 -0.368362
13.8672 -9.37781 0.562462
-9.37633 0.458977 1.93308
-1.60336 -4.89077 2.17575
-8.0741 -1.40203 1.36441
-8.63053 7.50087 0.366412
-20.1344 12.5087 -1.23479
-19.4118 12.554 -1.23971
-18.36 13.8818 2.0042
-17.0714 11.94 -1.16273
3.54069 -0.356079 0.708528
-12.0396 10.1019 -1.01512
2.2987 -4.0833 2.65977
-27.5648 18.6837 1.04153
12.4805 0.116365 2.1573
3.63883 -2.22024 -0.456243
2.15092 -6.25115 -0.401373
-24.6812 9.70034 -0.492536
1.87119 -6.76523 -0.391645
2.81569 -10.072 2.00081
1.70795 -7.01491 -0.395742
-9.34306 0.381467 1.12721
1.60769 -7.16657 -0.392064
-20.3483 9.02199 1.9384
1.15234 -7.73426 -0.376577
18.4841 -8.35287 2.52236
-24.1477 5.74029 1.47497
3.18556 -9.93651 0.109318
-26.2641 20.2286 -1.15821
-16.5704 5.06217 -0.326567
-18.2097 10.8379 -1.14913
-17.6892 10.8199 -1.14289
-16.1987 10.5921 -1.10593
8.3971 -6.48847 -0.282624
4.32473 -11.1353 -0.251496
-15.8483 10.6388 -1.11043
1.11629 -5.65831 -0.423335
-4.67647 4.31854 -0.243845
-28.0221 18.0594 -0.511494
-10.6247 9.03761 -0.983613
19.6442 -8.65047 2.29789
-3.93797 3.71854 -0.213337
-1.85757 -6.33233 1.86674
-13.6661 3.7117 2.15817
-0.758604 -3.27439 -0.503729
12.4266 0.0782873 2.14325
3.53138 -2.1539 -0.455708
1.69829 -6.47893 -0.401667
-9.49368 0.0545 1.12672
1.44899 -6.80522 -0.396613
1.28646 -7.15571 -0.390219
1.16034 -7.29258 -0.391814
-23.3577 11.5801 -1.2557
0.82677 -7.59553 -0.386663
-17.6308 4.29036 1.80377
-0.671841 -7.2986 -0.214496
3.84805 -10.0252 -0.281454
-4.11861 -4.52451 1.29592
-9.48015 2.0074 1.97544
-16.2611 9.39494 -1.07477
-9.2293 2.0027 1.99935
-15.9409 9.33872 -1.06302
28.8143 5.16562 2.52592
-14.5755 9.26265 -1.03698
-5.37604 1.90805 2.11217
-2.3378 -5.96545 0.364477
-12.0647 9.18296 -1.00671
-26.345 14.6659 -1.34141
21.1849 4.36206 2.70304
0.555758 -7.84551 2.78388
1.83338 -5.89489 -0.408613
1.21252 -6.82021 -0.403371
1.01392 -6.97207 -0.39763
11.9435 -7.44186 2.30865
-13.2394 8.29299 -0.986697
-11.9105 8.28703 -0.965907
-8.00446 6.95937 -0.769843
-3.71983 3.54631 1.3167
-6.11613 2.31231 2.03559
-3.02195 -5.43153 0.495079
2.75503 0.0717577 -0.377878
1.85288 -5.61006 -0.42127
0.358045 -7.69999 2.74274
1.70633 -5.77837 -0.416773
-24.1312 12.1385 1.81093
1.48736 -6.11436 -0.416558
1.235 -6.37329 -0.411028
-13.2434 7.36842 -0.967187
-8.94463 4.85329 2.10153
-26.2075 20.348 -0.25312
-11.6167 7.58573 -0.945519
-10.7798 7.59343 -0.937195
-3.67104 0.392054 2.15894
-10.4399 7.73551 -0.938299
-3.29486 0.367842 2.20319
-11.3623 9.66286 2.24844
-10.0383 7.76354 -0.945186
18.6813 -15.2395 0.00429571
-9.61264 7.81112 -0.948555
-7.38749 6.36642 -0.846738
-20.1106 2.48668 1.09981
-5.16753 4.71177 -0.383527
-2.0432 -6.19535 -0.198343
-11.3145 6.71566 -0.908765
-11.1087 6.79363 -0.905912
-10.891 6.84181 -0.907227
-23.1801 4.90896 0.452914
-8.23129 7.13954 -0.900437
1.86862 -4.98999 -0.442345
1.74567 -5.30277 -0.43103
-2.48902 -5.74927 2.93684
0.689413 -6.36546 -0.41516
-6.51413 4.32416 1.59317
-11.5852 5.84088 -0.871086
-6.43792 4.35954 1.6308
-11.4782 5.87395 -0.871235
5.4833 -5.05304 2.94683
-0.368534 -4.42788 2.8186
-2.75137 -5.60491 2.04256
-27.8547 15.1816 -0.427601
-10.3807 6.25428 -0.884205
-11.3125 8.34368 2.32168
-7.22381 3.63286 2.31626
-10.0174 6.36847 -0.889732
-6.29369 2.11287 2.03504
2.5905 0.248863 -0.388542
1.52911 -5.11938 -0.432619
1.75821 -9.224 2.0545
0.685668 -6.1241 -0.420863
-2.75041 -3.83226 2.77614
-9.22793 -0.379758 2.03813
-0.0562537 -6.57086 -0.417811
-2.88994 -4.27682 2.78332
-0.243122 -6.99611 -0.414794
-3.91075 -4.71052 0.242418
19.5959 -0.225648 2.52796
-11.005 7.7433 2.33945
-9.70796 5.76147 -0.858895
-7.57706 6.34201 -0.87868
-20.2782 2.61654 0.958308
26.9057 -31.5626 1.35387
-5.35015 4.85261 -0.550834
5.82648 -0.0910741 -0.482719
1.68263 -4.78574 -0.450977
0.27086 -6.2125 -0.42303
-9.48672 8.19172 1.56788
-5.47573 3.5127 1.63127
-10.5059 4.96711 -0.850707
23.4276 3.77068 2.50482
-0.305885 -3.62977 -0.491944
-10.4749 7.49361 2.34463
-9.04617 5.43361 -0.846792
-7.86949 5.78663 -0.857091
-9.10049 7.67511 2.34977
-7.7122 5.77569 -0.848834
-5.43552 4.90332 -0.66761
-4.517 4.17717 -0.559679
11.7786 2.4713 2.80584
-3.55264 3.39418 -0.386196
18.5162 -13.1441 2.95538
5.48605 0.123204 0.500779
1.44653 -4.56627 -0.449429
1.30836 -4.89601 -0.439679
-21.761 3.77652 -0.527523
0.605195 -5.63996 -0.430457
-1.59729 -6.52989 -0.395277
-20.5455 11.1769 1.25955
-1.93018 -6.28441 -0.340654
-8.57665 7.384 2.37536
-26.2913 7.80403 0.701053
-7.26221 5.5182 -0.847465
14.1723 2.27942 2.12745
1.26654 -4.56959 -0.453513
3.53604 -10.1496 1.3082
-4.3665 -4.36604 -0.297115
0.0901117 -5.81789 -0.434377
-3.75552 -4.01984 2.76506
-28.9478 16.8709 -1.18009
-1.11216 -6.71039 -0.438889
-26.357 7.4729 0.6949
-8.65191 6.94067 2.39268
-7.27364 5.06563 -0.829266
-8.49979 7.09452 2.38829
-7.14759 5.15144 -0.823384
-6.58894 5.26716 -0.83492
-6.38879 5.29776 -0.825334
-28.9797 16.8766 0.250745
-4.2157 3.93268 -0.542496
-28.8233 17.034 -0.986415
-1.13665 -6.48853 -0.454587
-7.43356 4.58947 -0.803285
-6.54648 4.93436 -0.811357
-2.78161 2.77687 -0.271977
-2.70269 -2.60509 2.74691
-27.8248 18.2748 -1.10372
-21.0244 10.9095 2.06233
-0.0818459 -5.33419 -0.445677
-4.60429 4.19449 -0.75557
-3.9357 3.70092 -0.570291
-2.90113 2.8765 -0.446533
0.142201 -5.15577 -0.449998
-3.05176 -2.84365 2.74704
-28.0525 18.0043 -1.11861
-0.397809 -5.43409 -0.448982
-3.68185 -3.23648 2.75364
-0.958532 -5.87882 -0.443096
-3.81477 -3.20458 2.7461
-1.15898 -5.97211 -0.442414
-7.00628 3.94907 -0.775597
-6.23225 4.31995 -0.7874
-5.30748 4.62243 -0.789065
12.3177 -12.6283 2.66268
-4.72488 4.3431 -0.735036
-28.9843 16.8713 0.0479819
-4.27805 3.97987 -0.621076
-3.99677 3.75816 -0.583302
-27.7913 18.3158 -0.972627
-0.0445662 -5.18729 -0.452915
-0.630513 -5.47864 -0.446808
-0.991836 -5.52103 -0.450002
-3.95292 -3.0424 2.73458
-20.9473 8.50989 -1.08702
-1.21292 -5.75626 -0.446944
-5.02209 4.42318 -0.78754
-19.2583 12.1257 1.49395
-0.678101 -5.27607 -0.453751
-1.23173 -5.5738 -0.45224
18.3474 1.07091 2.54917
-19.4756 2.70889 -0.28172
-1.40643 -5.61957 -0.45548
-19.5366 2.75271 -0.258054
-1.5986 -5.64439 -0.464762
-2.68845 2.70473 -0.447127
7.76336 -4.31251 1.14946
-26.3624 7.45229 -0.670565
0.273165 -4.56267 -0.468089
-16.1927 4.56591 -0.974208
-23.1777 17.0524 1.36086
-0.510119 -5.0741 -0.461101
-20.6746 8.86579 -0.981292
-15.5626 7.36142 1.49853
-1.04895 -5.36371 -0.461276
-16.8852 4.349 -0.981432
-1.25272 -5.39353 -0.459397
-0.0783741 -7.35714 2.63147
-1.4413 -5.4213 -0.461122
-1.78173 -6.40644 -0.589381
-1.93311 -6.29096 -0.637386
-5.22394 3.8898 -0.770006
-4.93114 4.00291 -0.773021
-16.6805 4.39763 -0.975876
-1.07594 -5.19518 -0.462172
8.25539 -3.46928 2.33743
-1.25407 -5.2149 -0.461541
-4.24828 -2.46442 2.66423
-1.51695 -5.23008 -0.462326
-17.2964 4.24554 -0.992084
-4.39082 -2.68472 2.69957
-1.65266 -5.3616 -0.459487
-0.40868 -7.10873 2.68758
-1.67097 -5.22586 -0.463116
-17.4585 4.18002 -0.991767
-25.551 13.4619 -1.03693
-1.89837 -5.49189 -0.472121
-6.04086 3.12717 -0.738199
-5.84932 3.25317 -0.741517
-5.35469 3.57218 -0.75579
-4.73939 3.83969 -0.762416
-8.49262 -1.06853 -0.116566
-21.4493 5.72462 1.65631
0.00726348 -4.35964 -0.471075
8.13268 -3.71099 2.33998
-4.15467 -2.32824 2.64338
-1.48094 -5.00904 -0.46496
-5.45119 3.24146 -0.746346
-24.3085 5.84052 0.895302
-5.26502 3.34736 -0.748808
-5.03831 3.48524 -0.755579
-4.88589 3.55518 -0.756606
1.64668 -9.15621 0.0748881
-4.30696 3.79052 -0.762718
-4.07491 3.68438 -0.751139
-2.46549 2.52195 -0.455721
0.595017 -3.89077 -0.476269
-5.44051 4.93213 -0.217523
-0.186315 -4.40136 -0.47573
-16.5195 4.94835 -0.959183
-0.946989 -4.74435 -0.469466
-0.951452 -4.89587 -0.467957
-16.727 4.89275 -0.944373
-3.89481 -2.01123 2.55891
-1.13687 -4.77444 -0.472042
-5.5748 2.87572 -0.731035
-5.92339 5.27594 2.46531
1.20517 -8.78968 0.256547
-4.63369 3.41254 -0.749938
15.9416 -6.72312 2.68427
0.649681 -8.34913 0.27243
-5.19269 2.95683 -0.737399
28.0384 -30.1858 1.16588
-4.23016 3.4749 -0.751157
-4.05332 3.55879 -0.756053
-3.79162 3.53083 -0.69187
-21.4233 5.26642 1.67098
0.14167 -3.93381 -0.48003
25.7888 -23.5968 0.21586
-20.05 12.8709 1.48542
-1.37894 -4.59173 -0.473282
-5.26388 2.60891 -0.716792
-4.01574 3.3522 -0.736754
-1.25113 -4.38798 -0.477102
-1.36133 -4.3906 -0.478981
-28.0221 18.0474 -0.665503
-5.5079 4.91074 2.4962
-4.15475 2.86177 -0.718325
-13.505 9.16613 -1.01301
2.00632 0.504626 -0.474206
-28.4768 17.5475 0.852103
0.358729 0.281155 0.117174
-28.2224 17.8327 0.5421
-5.72737 3.81712 2.53805
-4.37833 1.82889 -0.664937
-3.19277 2.82234 -0.712733
0.364543 -3.10261 -0.498383
-3.27243 2.38858 -0.692704
-4.75941 3.72227 2.52838
-3.38761 1.79068 -0.671082
-1.36462 1.64613 -0.373993
3.47961 -3.22497 -0.431626
-1.03402 -7.01171 -0.251141
-29.263 16.2285 -1.35273
2.97083 -2.93468 -0.457575
13.9471 3.60002 2.23496
1.02251 -3.17143 -0.482042
-20.4229 4.51936 1.69262
-4.53433 2.02688 1.91357
-6.94283 0.835791 2.58065
9.67194 -6.65423 -0.271214
-14.5102 10.7387 -1.09441
-22.0434 17.2046 1.74352
-18.8028 7.79081 1.77243
-24.4658 18.1814 1.03092
1.24598 -8.39591 2.66394
12.6774 0.84672 2.27623
42.6754 -0.760929 1.4449
-19.5375 12.5039 -1.24464
-10.8636 8.18323 2.32917
-9.53383 6.28499 -0.899401
-12.3415 8.04883 -0.978691
-1.42452 -6.67301 1.54384
-10.9128 4.59781 1.68296
-4.93675 4.53126 0.0584675
-16.0674 5.66289 2.28531
-4.2575 -4.40683 1.69524
-17.7181 11.4506 1.57388
-16.0832 11.3281 1.46749
-1.55776 -1.45133 -0.567353
-16.3856 2.27582 2.35167
1.96281 -8.75087 2.42884
-2.45603 -0.71903 2.21203
-10.3236 4.65252 1.81916
-5.28881 1.49974 2.06869
1.50767 -3.56094 2.3014
0.461642 -0.350316 -0.112541
-18.7444 12.3581 1.53339
13.8775 2.89289 2.27807
-22.5152 4.39008 -0.140179
-17.4606 2.8637 2.30197
-4.57191 -4.0426 -0.629529
-2.84194 2.84219 -0.500585
-13.2331 8.84103 2.26263
12.6582 1.01227 2.27497
16.8926 3.36088 2.2409
-23.6767 11.8023 -0.249186
-1.50541 -1.29525 -0.568631
-8.91751 6.60616 1.84622
-7.29743 0.863904 2.57093
-4.11479 -0.245632 -0.634945
-18.6716 12.475 1.53367
-28.9345 16.91 -0.773157
-15.621 6.0623 1.55899
1.79326 -9.31186 -0.688363
-6.1865 5.53312 -0.351352
11.8472 3.04453 -0.439378
1.8832 -7.50749 2.92914
-4.91163 2.70315 1.89388
-8.938 2.50337 -0.789443
-8.56627 1.9524 2.08486
-15.4141 9.30424 -1.08758
-8.63395 2.11718 2.0245
-15.3683 9.47058 -1.09045
-4.9635 -3.63468 -0.107016
-14.6805 1.93739 -0.870884
6.56111 -5.62359 2.4874
3.06097 -10.1045 -0.0804083
-12.9876 4.90637 -0.917431
-26.2388 7.85501 1.08507
5.76189 1.63264 1.95311
-13.9159 3.91885 2.31057
3.45283 -0.463264 0.902016
-3.90803 0.903605 -0.659922
21.4144 -16.4695 3.132
6.92267 -5.12275 2.93186
-2.41769 -0.256353 2.43542
-12.6507 3.92198 2.37297
25.4246 -28.1059 1.04502
-10.8789 6.11753 -0.906577
1.24526 -5.76875 -0.425579
-18.9439 12.0768 1.53438
-8.10092 1.14954 2.56518
-25.8601 13.6155 -1.04502
-6.60273 4.41587 2.15097
-9.33393 7.1324 -0.924069
2.61102 -9.50451 2.91428
6.72236 -4.91972 2.97331
-11.2344 9.15427 -1.00133
17.1367 2.75818 2.46792
-12.3812 8.30965 -0.98383
-15.836 5.72403 -1.01624
-0.271578 -3.82927 -0.486248
11.9186 2.90744 -0.440673
11.372 2.7734 2.81267
-9.48689 6.50781 -0.906137
-9.36373 6.86227 -0.911219
-7.74878 2.07974 2.52707
36.5332 -30.5565 3.55512
-9.33412 -0.370766 0.275699
-5.95801 3.93541 1.629
-11.0055 5.51361 -0.888839
-17.1346 9.35459 -1.08304
-7.86934 6.81627 -0.908116
-7.18707 3.45298 2.35232
-11.2033 8.20062 2.31805
1.08758 -3.54188 -0.475698
-20.3178 4.89009 1.69108
3.20758 -1.13218 1.29134
-4.71363 -4.09611 -0.730636
-3.4392 2.69591 2.60699
11.976 3.15693 -0.215891
6.65509 -5.29889 2.53205
20.9295 3.50854 2.3449
-7.90992 3.29545 1.97306
-14.6347 10.5108 -1.0884
-6.71927 3.75368 1.87155
-8.55293 1.09739 2.55651
-3.8085 3.64565 1.28988
-6.28931 2.50513 2.03104
14.6607 -10.1414 0.406286
-3.79652 3.61085 0.275975
-13.5302 4.84412 1.77852
6.58709 -5.54373 2.59929
-6.16001 5.47333 1.91227
2.45776 0.0924467 -0.398639
-6.44613 2.30624 2.0192
-7.22678 2.6586 2.01532
-23.0505 12.2742 -1.33402
1.14395 -8.22718 -0.358112
-7.72427 0.950632 2.56273
-5.29096 2.22647 1.92619
-18.8582 7.67793 1.64863
1.28478 -8.30924 2.43022
-1.11519 1.46045 -0.504768
7.66072 1.04016 2.23392
-7.07198 3.82912 2.27684
-25.6504 6.93269 1.49855
42.6967 -0.682019 2.18195
-8.72256 0.348961 2.57307
-6.42151 1.56663 1.94923
-18.5566 14.3263 -1.30013
-8.74151 -0.830248 0.720369
-19.8825 16.318 1.91921
-3.37536 3.24066 2.54542
6.81361 1.18232 2.25618
-2.09223 1.29149 -0.632628
11.977 2.61341 -0.0662368
-6.19395 5.5384 0.233673
-10.8998 5.91104 -0.900653
-5.65648 5.12472 1.48741
-4.99337 -3.87359 0.431294
-10.7382 6.70651 -0.919634
12.8941 3.14632 2.37791
14.3323 3.72851 2.29267
23.8743 4.49266 2.46443
-15.5122 5.28414 -0.989815
-7.09039 4.5243 -0.806791
-13.871 8.91637 2.17947
-12.5485 6.95647 -0.953589
0.939979 -7.8672 2.9241
-15.5094 8.10822 -1.05714
-10.8832 6.4195 -0.90957
-1.5006 -2.49414 -0.541698
-2.68249 -5.66718 1.87923
-14.5204 4.40564 2.24905
-9.49745 0.805977 2.26453
37.4978 -43.905 2.88868
-21.7602 4.88566 1.52317
-13.8364 8.76375 2.23287
-12.5558 6.75743 -0.950951
-14.32 3.33039 -0.911199
-3.82693 -4.75056 1.88473
-14.8775 12.3561 0.66815
-2.72629 -1.62219 -0.579518
-15.6902 5.29983 2.19402
-16.7977 11.8989 -1.15977
-17.6085 14.6357 1.99408
-9.53918 5.32271 2.03388
-5.41028 0.734967 2.00922
-1.50223 -6.30116 2.35174
4.18737 -10.0832 2.41564
22.4151 3.32605 2.39195
1.66939 -8.97239 3.20279
-12.9811 1.76028 -0.873569
1.14405 -8.73615 2.16913
15.427 0.000711605 2.56491
20.986 -16.9102 3.35452
-13.5744 5.09378 2.33002
-4.46536 1.29312 -0.678216
-5.80465 3.21351 2.54498
3.124 -0.857722 0.947976
-1.34587 -4.02519 2.05283
-21.2858 15.3479 1.95079
-15.7504 8.73536 -1.08717
-9.06732 1.43161 2.0511
-8.92196 2.70669 -0.792974
14.1115 -10.3899 -0.132051
-29.0383 16.8439 0.501654
-4.29716 4.00858 -0.263166
-1.92581 0.423824 1.96766
-5.98638 4.97455 1.96818
45.827 7.56997 2.44173
1.0046 -8.59731 2.13185
-22.8123 16.2846 1.58185
-25.6155 18.9984 -1.53665
-13.4965 10.3415 1.69007
-11.7809 4.3804 2.40355
-26.3013 20.2698 0.84161
0.840198 -8.53564 -0.71135
-6.13133 -2.93955 -0.674676
-16.5133 5.11981 1.50373
-6.83179 3.76294 1.9203
-9.21072 7.42486 -0.929066
-5.00972 4.55548 2.4952
-11.9312 3.84159 2.39697
-4.86577 -3.97181 -0.720403
-11.5403 3.69766 2.39245
-10.1049 1.68864 -0.806798
-7.56861 -1.77317 0.889603
-12.5452 7.43637 1.80667
-22.6879 4.53152 -0.101061
-4.66082 -3.89739 -0.626713
-8.29209 7.20921 0.886585
-11.8203 2.93341 -0.874694
-13.1451 4.8871 2.33726
-7.70465 -1.66658 0.902
1.07644 -8.69235 0.258987
-26.3253 16.4455 -1.49558
-15.5291 4.39798 1.79995
-4.64072 -4.20601 -0.724409
2.80059 -9.66078 2.5999
-13.2895 4.39122 1.73133
12.9089 3.12687 2.51702
-2.80639 2.81279 0.518162
-19.6768 14.3129 1.96917
-0.501552 -0.469445 0.0727787
13.9911 -9.22104 0.989864
-11.9308 3.12866 -0.851158
-9.28636 0.32351 2.30878
-13.2117 5.00244 2.3535
-7.87794 -1.52172 0.90819
-9.6124 -0.117283 0.716701
-19.4805 15.0137 -1.33455
-12.6064 7.76887 1.83187
-14.2087 1.7416 -0.860854
14.1021 -9.10516 0.273717
-8.3511 7.24685 0.0140018
2.93433 -10.1036 2.47773
-24.6206 9.83339 -0.14022
-13.1289 4.89921 1.54212
-7.72511 -1.68002 1.66672
-3.65577 -1.67387 2.55391
-1.00506 -4.35068 -0.488424
12.352 3.29288 2.83501
19.9473 -8.87965 1.15268
-0.944592 1.3454 1.68814
24.5991 4.72973 0.691527
-6.09129 2.74236 -0.72643
3.19099 -0.784403 0.685789
-16.7262 10.8805 1.6146
5.31726 0.519092 0.684012
1.24867 -4.12019 -0.457437
9.82816 -4.54587 2.14155
-25.8792 13.6323 -0.331294
-22.4931 17.8822 1.25885
-18.3787 13.2908 1.27987
-19.4606 10.096 -1.19027
44.1764 -40.9486 2.34564
-21.5312 5.32396 1.65478
-19.1757 13.7729 -1.26219
-20.4688 15.6738 1.92364
-3.5115 -5.00942 1.51567
-4.18773 3.93663 0.275166
-28.3733 17.6412 0.16031
-7.45636 -1.85923 0.890121
-5.40411 -2.76187 -0.365583
8.96043 -9.49603 2.80217
-7.08083 4.28886 1.9396
-28.2106 17.8651 0.635397
11.7052 0.898907 2.49821
21.5185 -16.3485 3.09522
7.07264 -4.97867 2.94703
10.8521 0.488086 2.27904
-7.86623 -1.52921 0.513758
24.4034 5.01109 1.7145
-12.6516 5.90323 -0.923358
-20.6454 15.5097 1.92673
-8.42703 1.62271 1.80027
-14.8872 12.3391 0.932511
-3.8285 -4.75779 1.5272
-0.408495 -0.411206 -0.0928807
-13.937 6.07515 1.60424
-12.9723 8.29013 -0.981906
17.3832 -21.3878 2.98826
-1.25718 -5.18823 2.17141
-19.8035 12.2017 -1.26292
-7.67396 -1.69297 1.49623
-8.28974 -0.768978 2.51831
18.1902 3.61741 2.29486
3.71773 -9.62345 -0.295018
-9.65849 1.68779 1.96172
-8.5519 1.72827 1.77802
-7.89022 -1.49824 1.70348
12.3311 -9.87781 -0.161204
9.24248 2.43537 2.76297
-5.06272 -3.03558 -0.741808
-17.9526 3.85905 2.27195
-28.7272 15.828 -0.867445
-23.457 5.72866 -1.08453
-19.0195 8.78161 -1.13751
-16.2015 6.02134 2.02847
-16.0794 6.19005 2.03395
15.2216 0.51329 2.44772
-20.7435 8.85993 0.889687
11.1997 0.481662 2.28545
-8.14789 7.08702 0.363355
-1.06022 -5.34238 2.18079
3.07094 -9.91038 2.7167
-7.56256 -1.83476 1.47834
-9.37692 4.56917 -0.83666
-10.663 6.48185 2.38625
14.1494 -9.03285 0.677878
-8.38497 7.29986 0.467525
-7.68115 -1.6787 1.29579
-11.8351 2.88845 2.40451
-1.64177 -0.897681 2.29199
-11.7126 3.31981 2.40283
-27.7156 18.4115 -1.15843
-20.8944 11.0873 2.05951
-19.6478 9.07162 -1.17492
0.000445728 -7.3961 2.59476
2.79158 -10.0974 0.0994768
-24.4546 5.96833 1.48478
-12.1615 9.31322 2.27037
-6.77076 2.70797 -0.753164
7.73617 -4.60966 1.53382
1.24716 -8.0664 2.359
9.29759 1.96727 1.87499
-15.9173 5.53358 -1.01702
-0.301392 -4.10932 -0.485438
-26.5149 16.7952 -1.51103
-18.0474 3.53315 2.2755
-11.5418 2.00377 2.23993
-5.84087 2.50406 -0.7357
0.111739 -7.91413 0.298814
-21.5053 16.68 1.85997
-9.41977 2.7324 1.87489
-13.5149 9.45559 1.74053
-11.9878 3.71823 2.40016
14.6798 -10.2896 0.498578
-3.23755 -5.22946 1.49171
-20.7209 15.3685 1.92495
-18.2235 4.44526 1.74517
-15.3338 7.14057 1.47323
-0.861929 -5.69678 -0.452738
15.6881 -15.343 2.78359
2.63929 -2.13053 -0.470536
11.4784 0.0697537 2.16047
10.5115 -9.16498 2.39592
-7.94367 2.72223 2.24183
-21.8502 16.2082 1.85931
-9.71466 2.30733 1.84929
-12.3223 7.5934 2.32605
-10.9746 5.69273 -0.898017
-9.42505 1.48706 2.00206
1.24498 -8.80383 1.60467
-7.45885 -1.86376 1.29834
-8.94384 0.261195 1.96954
-7.56638 -1.76945 1.30578
2.894 -1.07523 -0.435612
-28.3244 17.6984 1.06075
-5.15439 -2.95504 -0.169069
17.3373 3.72679 2.30728
12.038 2.54886 2.20434
0.249068 -8.00391 1.37345
42.6514 -0.222949 1.6089
17.6305 -21.1092 3.07377
-7.36691 -1.96118 1.26078
-1.78283 -6.39093 1.14941
-19.1688 2.3644 1.79722
2.30929 -0.902955 -0.460062
-6.98678 0.541172 2.60453
-8.58114 6.36545 1.84646
23.4957 -20.7519 0.171613
16.1564 2.90474 2.43325
-0.982927 -6.32539 2.84169
0.803212 -7.75226 2.9232
-19.3876 14.5626 1.96235
2.37567 -9.75087 -0.157382
-9.6135 -0.11757 1.30868
-19.1814 11.1784 2.06579
-6.29455 5.63508 1.48561
-0.111821 -7.34664 -0.397927
-9.90516 8.54425 1.89873
-3.90806 3.70143 0.498764
-15.4532 8.63015 -1.06915
9.72305 -6.77646 -0.267911
-7.68031 3.52889 1.98374
-14.4089 10.825 -1.08864
-1.28746 -4.2609 -0.487731
-19.9477 13.0661 1.4867
-8.08215 0.547711 -0.737131
4.16483 1.06936 -0.416975
-2.36638 2.46751 1.28125
-1.69566 -6.478 0.50218
31.9607 5.74967 2.62854
4.0814 0.879064 -0.422804
31.9512 5.54579 2.6249
-3.67674 2.11448 1.75998
-7.8 6.81091 1.7245
-3.33972 -5.18411 2.29035
-15.2436 4.87958 1.7854
-4.75865 -3.28497 -0.809868
-9.99607 2.50291 -0.811496
-16.7676 13.1917 1.42467
-9.69868 0.65606 -1.03541
19.1899 -19.2312 3.10186
-9.93938 0.855686 -1.15587
-7.90915 -1.5229 0.105745
-4.48754 2.73423 1.68601
-8.50121 7.42683 1.74697
-12.3826 2.61604 -0.858251
4.73335 -11.0361 2.52251
-13.7921 4.55687 2.33431
-3.90599 3.65374 -0.743221
-19.7206 12.3182 -1.26243
-8.912 2.88391 -0.796681
-6.54859 1.25015 2.54742
-4.13891 2.47191 1.70409
-8.11439 7.08721 1.73069
6.46405 -5.62491 2.31352
-5.83689 -0.364652 2.65219
-9.46662 0.350119 1.46561
24.7156 3.82546 0.378386
8.08858 0.199618 -0.438706
20.591 -17.4509 3.36206
-8.45887 -1.04033 0.915286
-12.5138 3.68481 -0.883848
-13.8503 5.68948 2.31809
-12.4657 8.11224 2.30255
-2.77756 2.79323 0.931502
-9.29798 6.21467 1.73073
12.1745 0.897566 2.26166
-0.647888 -0.442472 0.0561029
-3.69589 -4.90181 -0.10848
13.7013 1.59674 2.13488
-0.303703 -1.8969 -0.534689
-7.88322 -1.51299 1.12318
7.62343 -5.56898 -0.316869
-4.41456 -4.26152 1.40288
-5.07219 4.65498 0.302235
-22.0019 16.3169 1.87107
-5.46194 1.37943 2.10574
-12.2162 8.7123 -1.00075
2.07687 -8.51339 -0.34098
-14.6232 5.08191 2.29463
2.00835 -6.20549 -0.396933
21.3921 4.11989 2.83496
6.85259 -3.16175 2.39875
-2.72344 -5.51423 -0.516692
-18.3417 4.11792 -1.02046
-9.03464 1.5108 -0.779051
0.250942 -7.62366 2.72318
1.59161 -5.56913 -0.421991
7.41586 -4.01325 2.42466
-0.847901 -6.72887 2.53725
-6.21755 -0.0980645 -0.681283
-15.135 2.10498 2.36573
-1.96285 -3.77473 2.77532
-20.3173 9.6849 2.09434
-21.4993 5.52647 1.65616
2.4682 -9.41248 2.46409
-1.77567 -5.99793 2.41661
-2.22078 -1.04528 2.2177
-10.0171 4.36587 1.81993
-1.33681 -6.74949 0.893362
33.3435 -34.7027 3.07923
29.3639 4.72528 2.76797
-19.6452 16.3296 1.90696
-7.3795 2.32398 1.91355
-11.5264 6.90756 1.9101
-2.29421 0.888872 -0.625229
11.5647 3.07392 -0.088324
20.6195 4.49833 3.00124
0.146039 -0.710555 0.920267
-7.40113 1.1107 -0.727019
-6.32874 4.27272 1.65625
-18.2557 2.41103 -0.957465
14.7553 3.79344 1.67547
17.2267 2.66432 2.47849
17.243 2.50457 2.47744
1.22199 -6.39432 2.88374
-27.2814 18.9638 -1.80437
17.8918 1.24719 2.59925
22.2993 3.3493 3.12175
-21.9793 3.95322 -0.12043
-16.8469 2.49971 2.32164
-10.7594 6.93368 -0.925298
-10.6419 7.10919 -0.929645
-8.99274 1.39021 2.07691
-2.10058 -1.69851 -0.56525
-17.6881 2.51212 -0.969789
11.8511 0.144348 2.26626
-8.58117 -0.953362 0.716804
29.1527 4.87499 2.75082
-19.7003 16.1721 1.90264
-11.6481 6.8854 1.84403
-9.32712 4.07649 -0.817203
-8.30442 7.2532 1.50221
0.967085 -5.59794 -0.42543
45.8377 7.85016 2.13121
0.940264 -8.35321 2.43999
21.7165 3.90453 3.00844
-4.93539 0.902268 -0.672672
-6.29999 2.91091 2.5292
4.94325 -11.966 2.15543
-9.48913 0.847351 2.0947
0.360073 -5.62408 -0.436888
-4.14388 -4.54599 -0.296459
-17.0983 2.26809 1.82022
-11.9277 6.75641 1.7831
16.8891 3.46806 2.24323
-27.652 18.4801 -1.19532
-19.5952 9.267 -1.17682
-13.927 4.41302 1.80728
-26.2937 7.80169 1.71008
-12.2283 6.15623 1.69347
12.7163 2.68391 -0.242483
7.58367 1.17379 2.17545
4.45194 -6.16554 2.44757
-3.87048 -4.35004 2.4003
18.7318 2.61667 2.34277
19.0364 2.46577 2.37524
-5.62496 3.26209 1.86021
3.22269 -0.792949 0.350164
2.11937 -8.84218 2.40403
-16.3248 2.26731 2.3433
2.09058 -9.48504 2.29197
6.04558 -4.87124 2.31517
-16.6274 2.6745 1.56668
-16.462 4.93774 1.59861
17.8555 3.43871 2.36591
-8.63385 -0.491176 2.47778
-24.5943 14.1401 1.55322
0.872424 -6.56989 -0.407875
11.6998 2.10377 2.20225
-8.95468 4.07649 -0.83207
23.7466 0.801897 0.478326
-27.497 14.9209 0.229593
6.06041 0.447085 2.23696
18.4708 3.81786 2.18107
-13.1914 3.08714 -0.903482
22.1197 4.33219 2.51446
-7.32253 -1.99337 0.784558
-7.96357 5.75969 1.83276
3.70892 -1.54407 -0.374849
-17.7056 2.95964 1.89449
-10.4007 7.88752 2.33858
-9.12999 5.92551 -0.866542
-18.8478 13.4493 2.01614
3.46508 -0.488312 -0.100225
14.7104 0.540905 2.54505
-12.3215 2.72848 2.41322
-14.0248 8.67779 1.7276
-2.48716 0.157437 -0.61659
-0.499707 -3.67269 -0.495845
23.3441 3.75725 2.49589
22.44 3.47059 2.39683
-27.1615 19.0882 -1.46507
-6.66664 5.34433 1.92343
-7.45187 1.26674 2.57373
3.84047 -0.0658133 0.390794
-9.29966 0.330144 2.55983
14.004 -9.19667 1.34821
-10.8824 6.29149 1.86883
-7.8732 -1.52561 0.721839
45.9374 -38.7267 3.1399
-17.3739 4.38143 1.77129
-16.1537 6.7534 1.73976
-1.68788 -1.70471 -0.562207
-13.2368 3.26968 -0.909278
-10.8345 3.5808 1.69083
-14.9569 8.23655 1.69661
-14.9433 8.59129 1.71275
-5.96236 1.07936 2.25878
3.24653 0.803789 -0.414999
-5.68765 1.50478 2.05846
-14.9388 4.0839 1.81735
-6.85242 3.19999 -0.744957
-15.0154 4.5054 -0.947067
-22.1483 17.0734 1.49015
24.3224 5.14395 2.47097
-18.423 3.95843 1.75314
-9.31563 0.286835 1.69686
6.67442 -5.45399 2.62211
18.3766 -17.0753 3.0168
-8.33127 -0.153221 1.95329
-20.214 9.86501 2.09295
-19.85 10.298 2.08081
-8.16087 2.48209 2.03862
-14.9906 9.88479 -1.08466
14.1017 -0.0592403 2.25279
24.3932 4.07353 2.45811
-26.956 19.423 -0.0495772
-7.34686 5.10688 1.60206
-19.4995 4.06646 1.73423
-4.55573 -3.2505 -0.612628
-2.81057 -2.9138 2.75405
-19.6563 8.64646 -1.15994
14.9958 3.53756 1.0939
-0.0537102 -5.62993 -0.442656
-21.1081 10.545 2.0546
-12.1321 2.48207 2.0744
-0.225084 -7.62422 2.05564
-20.1668 11.7549 2.03255
-20.0797 11.8698 2.03107
-3.28875 3.19412 0.196669
-2.55987 -5.77169 1.53645
-16.0736 10.1105 1.6532
-15.9454 10.3051 1.65289
3.96477 -10.4167 -0.270469
-19.1538 13.1423 2.02265
-18.5051 13.7256 2.00616
-18.1257 14.1468 2.00208
-13.2489 3.70728 -0.917506
-1.70754 -1.30005 -0.573749
-22.8074 4.68119 1.88421
-20.7025 5.31989 1.72971
-4.31875 3.57655 2.52685
8.49879 -20.428 1.84267
-2.90429 1.55534 -0.657838
-26.2693 20.2421 -1.80102
-21.9531 11.5602 2.00795
2.93288 -8.46471 2.96459
-13.155 3.29666 2.09528
-1.22612 -6.82541 2.06613
-21.1724 12.5129 1.99036
-20.0775 13.9552 1.97881
-19.5319 14.4843 1.96792
-4.30099 2.08037 1.83182
-10.5724 7.25293 -0.9295
-23.7178 17.5922 1.11315
7.75611 -7.84348 -0.265197
-16.4437 11.9919 -1.19493
-13.7048 9.15827 2.03934
22.1032 0.868134 2.48859
-9.25265 -0.41317 1.08212
-1.68891 -0.717885 -0.588982
-13.2506 4.32934 -0.929665
6.03471 0.766384 0.181835
-18.0623 3.24755 -0.996211
-20.0449 8.44815 1.62288
-9.484 0.525689 0.877259
-19.989 8.56942 1.62258
-9.59434 0.620732 0.822594
-20.0357 8.73534 1.63069
-22.2204 13.5052 1.94021
-21.3062 14.8116 1.93619
14.3563 3.54722 2.28938
12.1549 2.96451 0.932888
5.63779 0.803209 0.766552
14.5381 3.12228 2.30201
-9.51916 4.27026 -0.831053
-8.51698 7.43872 1.60737
-7.85324 -1.55437 0.248278
2.01222 -9.43321 1.03517
-22.9231 6.34294 1.6245
-27.3187 18.9919 0.834767
-21.6654 8.50959 1.58979
-18.6998 11.2074 1.48893
-1.17307 -5.24151 2.16766
-7.56709 -1.79694 1.44007
2.87568 -9.76115 -0.310998
-22.545 15.8772 1.88355
-22.2304 16.0673 1.87359
-21.7342 16.7472 1.87421
24.5604 3.58466 0.60383
-10.1116 8.69146 -0.692596
-25.0583 6.44276 0.898416
9.16857 1.85028 2.3037
-25.0701 6.44484 1.59536
-22.3226 10.5591 1.53959
-0.715675 -5.66654 -0.448832
0.985645 -4.02251 -0.465361
-17.567 4.39953 2.12512
-19.2383 10.2842 1.35995
-5.43552 -2.72841 -0.851234
-24.1432 14.6746 1.76164
20.3567 -14.6208 3.1799
-1.29683 -4.12585 -0.499964
-19.8139 13.2406 1.48573
-10.6683 4.50104 -0.854017
3.29354 -0.68889 0.0972658
-4.00473 0.894967 2.28268
-6.6702 3.50068 -0.77792
-1.02679 -7.01514 0.231287
16.2481 2.61211 2.54798
-5.38253 2.01905 2.13633
-12.0427 9.33486 -1.01627
-23.5342 11.1642 0.925104
-14.4846 4.41226 2.29421
-2.6815 -5.6678 1.69866
-13.1634 2.46779 -0.875274
-16.1758 5.34293 1.58453
-8.30017 -0.100175 2.54585
-24.1769 14.6573 1.5199
-28.7872 17.0876 -0.582138
14.1494 -9.00308 1.50455
-7.73849 -1.66464 0.324588
17.3579 -21.5509 2.51457
-5.36805 -0.349029 2.66337
-13.0625 5.02309 1.48465
-7.76122 -1.61822 1.834
-21.1708 14.3384 1.44204
-2.50951 -2.90316 -0.551092
-21.0399 14.4836 1.4622
-9.00897 0.999258 -0.770872
-2.56642 -2.75781 2.74903
-20.9517 10.7091 2.04887
-19.5503 8.80916 -1.16418
-0.656632 1.10056 0.254625
-0.000885416 -7.80031 1.53878
-25.6558 6.93139 1.33148
7.85904 0.45352 2.44206
-26.4025 7.65724 1.37734
-2.09125 0.147325 -0.607916
0.197149 -7.98811 0.325644
19.6013 -8.61012 1.00483
-4.74649 -3.30925 0.23217
1.65883 -7.1324 -0.389491
-9.29836 0.34228 1.09349
-3.4875 -4.12123 2.77525
-0.868865 -6.82227 -0.435398
3.20368 -0.794156 0.530119
-9.46806 1.34617 1.88682
-23.5387 11.1578 0.703149
1.22794 -8.79607 1.43711
-29.2576 16.3399 1.26331
-18.9357 13.3374 2.01675
-18.2369 7.16464 1.70567
-24.9171 14.5228 -1.38955
-4.87653 -3.50175 0.0980611
2.00783 -6.49278 -0.39518
-22.9073 4.70508 -0.264835
-4.89634 -3.66205 -0.535036
2.07736 -9.49964 0.229029
-0.693967 -7.2488 1.71076
-12.5384 2.82325 2.30861
-1.34931 1.65285 0.103385
-16.3379 5.39506 0.399844
-9.35558 0.236401 1.87902
6.69195 -5.45684 2.81688
-4.86197 -3.19287 0.0466645
-7.15804 6.33016 1.92654
5.79339 0.669251 -0.226596
-6.84216 3.49715 1.84503
-27.7077 18.4657 -0.145193
-9.03348 1.11441 -0.774098
-6.18374 5.53555 0.115123
-4.12955 3.4333 1.8805
-21.7548 3.77097 0.267774
-10.7617 5.75422 1.88879
-20.7899 8.76244 0.299056
4.74169 -6.23411 2.45981
18.956 2.57371 2.36713
-19.8033 14.1282 1.96872
5.62607 -4.74902 2.93638
3.91517 -10.5508 2.15201
-22.5956 13.3564 1.95837
-27.6309 14.9896 -0.356444
-0.66892 1.11567 0.800015
-8.1702 1.49671 -0.755875
-0.000990078 -7.80639 0.965134
-23.3893 5.10288 1.49252
-26.6735 19.7846 0.440319
-3.09039 -5.31332 2.268
-14.2443 11.8381 0.245469
-0.542761 -5.68472 -0.446295
-16.347 5.36407 0.0890292
-28.3864 15.6282 0.237416
-27.6424 14.9921 -0.548604
-28.1859 17.8787 0.23875
-12.4955 7.33029 -0.965019
-11.9442 9.67613 -1.02527
-3.7402 2.71637 -0.706275
-28.3634 15.6052 0.0282362
-2.86009 -4.63821 2.79281
-26.9468 19.4808 1.25387
-0.228707 -7.27691 -0.406895
-26.0558 20.3348 -1.59256
46.0807 5.0075 2.2761
0.199687 -7.99473 -0.0923696
-28.3521 15.506 -1.22666
-4.79389 -3.42003 -0.282581
-12.4262 2.71726 2.13577
24.3276 4.21616 2.45405
-15.4114 11.0504 -1.13046
-8.62381 3.71721 1.9652
-9.60869 0.589081 -0.316303
11.8772 2.30679 2.79655
0.000607588 -7.79368 1.27464
-2.30676 -2.08314 -0.55993
-3.3315 -5.14755 1.91326
-28.3994 15.6302 -0.175302
-8.0595 3.28215 -0.791978
20.9651 3.37607 2.36878
-9.37251 0.209889 1.55954
6.65558 -5.49677 2.53079
-12.6689 7.90448 2.30852
-11.3434 5.93444 -0.874427
14.0386 -9.18464 0.29633
-1.3903 -5.0493 2.42726
-9.28454 0.350705 1.56395
6.79081 -5.60563 2.49536
6.54786 -3.06469 2.39675
5.46325 0.10116 0.288866
-4.86533 -3.97099 -0.117275
-26.3945 20.0887 -0.794143
-10.0537 1.42731 -0.799642
-6.17221 5.36045 -0.82337
-14.2624 11.8315 -0.241925
-8.61695 3.69435 1.92519
-9.6476 0.568753 -0.536062
-2.01454 -0.412806 2.07084
-17.9438 14.3626 2.0013
-16.5809 5.05144 -0.137809
-26.2894 20.2179 -0.802634
-10.0711 1.52451 -0.802119
-6.40172 5.73083 1.53831
-12.8294 9.27424 2.25124
-7.43171 2.68609 -0.767647
29.3123 0.932091 1.79488
-10.1096 8.70991 -0.235891
-23.397 5.10411 -0.563957
-0.778106 -1.78776 2.25955
-9.619 0.589762 -0.700313
-23.5776 5.60004 1.80812
15.0124 3.56428 -0.363227
4.59351 1.03035 -0.110549
16.7526 -7.63045 0.0437497
-15.6998 4.8708 -0.991982
-0.122919 -4.67162 -0.472037
2.9315 -10.1263 1.72876
-24.6001 9.8321 -0.790399
14.2284 -8.90874 1.4381
-18.8113 15.2407 1.96723
-19.6507 10.8937 2.09053
-28.8442 17.0273 -0.365131
-11.6286 1.57823 1.95476
-6.37161 -0.744671 2.64098
-3.71924 -3.4127 -0.552338
-22.9044 4.69772 -0.502799
-4.94248 -3.61848 -0.29386
-12.1157 9.57808 -0.646614
-3.07608 3.04147 1.4502
-2.44761 -5.8795 0.325622
-16.0255 6.29802 -1.03919
12.2025 2.50474 0.165023
-0.338031 -3.406 -0.498473
11.7747 2.41696 -0.431758
23.8998 4.56006 2.42595
-15.4963 5.11998 -0.985741
-24.9128 13.7112 1.94227
0.500615 -7.73713 -0.385592
-5.59737 1.98108 2.08185
-3.27017 3.19081 1.27563
-2.59416 -5.78805 0.544775
3.21008 0.373843 -0.379766
-15.3641 4.10063 -0.960454
18.6413 0.684153 2.88851
-24.825 13.6642 -1.36528
-10.3172 7.43384 2.35603
-6.28345 2.71838 2.30647
-8.94326 5.47277 -0.84485
-24.699 14.1887 -1.3848
-8.1428 0.702607 -0.74373
23.93 4.68504 2.57405
-19.5078 9.74352 -1.18387
-7.55917 2.45091 1.91286
-19.7736 16.4327 1.9184
-25.7695 17.6805 -1.50579
-17.9592 9.04537 -1.13788
-11.1904 1.71501 2.03937
-19.2916 11.006 2.06667
-25.9993 18.0738 -1.52568
-3.44944 3.32544 -0.494534
-9.3122 -0.370369 1.69677
-25.5698 18.2447 -1.51349
1.08854 -7.0351 -0.38573
-2.91254 -5.51108 0.0830002
-5.86648 2.38524 2.43035
-4.50694 0.30689 -0.658744
-3.58681 3.45725 1.68394
-5.37444 -2.78904 -0.346202
-18.4508 4.68107 -1.03335
-21.5355 14.8958 1.46959
-2.91976 -2.54091 -0.566964
-1.74225 -6.02654 2.77506
-18.7327 5.43153 -1.05882
-10.3041 6.95997 -0.914906
3.19216 -7.41184 2.94465
-19.5539 9.46871 -1.17953
-8.28862 4.7199 -0.820765
-2.58277 -5.77437 0.248286
-9.63264 6.66948 2.38846
-3.27884 3.19772 1.54655
-4.03581 0.893531 -0.655128
3.51652 -0.377279 0.950769
-3.28168 -4.32313 2.77828
-0.495826 -6.98684 -0.417971
-3.5198 -1.8857 -0.584716
-20.4568 9.67461 2.10546
-15.1209 3.05665 -0.931726
-15.2564 3.47585 -0.945064
-5.38991 2.75718 -0.73602
0.530462 -8.24837 0.269304
3.82131 -1.62646 0.764458
-7.71786 6.71762 -0.844169
42.6917 -0.729526 1.65997
-15.5593 7.71341 -1.04899
-2.94777 -2.72308 2.03475
-28.0077 18.0814 -0.36927
-6.46962 4.49883 -0.813722
-10.6287 9.05593 -0.843251
-26.8009 19.6253 0.440425
3.67837 -1.51229 -0.0120937
8.74821 -0.0207958 2.35823
-17.7238 2.97309 2.20491
-7.55837 -1.28196 2.60516
-4.86784 -3.97014 -0.487415
8.63754 -0.172296 2.38631
-17.8816 3.10364 2.24546
-7.74421 -1.16749 2.57187
-5.04132 -3.83609 -0.486443
-22.9766 4.75727 -0.211463
-7.70035 -1.00962 2.60337
-5.03144 -3.73955 -0.505968
-7.50469 -0.771322 2.61351
-4.86631 -3.52843 -0.509432
3.95418 -10.5292 2.45017
-3.20824 3.13014 0.0877274
-13.0692 2.14123 -0.883162
-1.6894 -1.4855 -0.567733
-13.2859 3.49884 -0.916251
24.4062 4.89895 1.74903
8.54258 -9.84388 2.28829
-11.6633 9.21874 1.38333
-12.6031 6.10018 -0.933795
-0.4135 -7.48126 1.11885
-27.0547 19.2892 -0.197674
-12.5977 6.48389 -0.944921
-13.8 9.03504 2.16725
-12.55 7.15695 -0.963542
-12.4944 7.5376 -0.973202
-7.79122 -1.17816 2.44061
8.56677 -0.162872 2.52448
-17.9118 3.1115 2.25062
-5.03949 -3.83326 -0.731715
-12.7979 3.5412 2.37895
-11.4643 1.55599 -0.840273
9.56188 -5.85744 2.51596
-12.9802 4.09658 2.36144
-11.599 2.23217 -0.857901
-14.6198 10.1637 1.55
-12.9897 4.27744 2.36416
-11.6321 2.3498 -0.861927
-10.4204 8.02806 -0.955543
-10.2977 8.35556 -0.965185
3.82484 -2.19286 -0.147043
-7.46723 -0.712586 2.57981
-4.75726 -3.35457 -0.494654
-11.4954 3.87753 2.39465
-10.1277 1.88461 -0.811253
-10.0966 2.10412 -0.812204
-9.94776 4.29938 -0.853506
-9.79971 4.72612 -0.856867
-6.80432 3.13787 2.35386
-9.55091 5.77399 -0.869592
-14.2303 11.8746 -0.0367357
-2.09788 0.897663 -0.622061
-21.0649 3.24732 0.872664
-6.14574 5.50204 -0.700509
0.849055 -5.05217 -0.443292
-18.4484 4.26095 -1.02784
-9.01093 1.70659 -0.779999
-1.07366 -3.9163 -0.496591
-19.7306 13.3608 1.48561
14.5587 -8.87261 1.66716
-10.2062 5.86649 2.27524
-8.97217 3.91169 -0.832535
20.867 -0.231116 2.44248
3.23233 -0.733679 0.771141
-9.66219 7.73117 2.34808
-8.38514 5.71542 -0.863196
-9.57996 8.14592 2.32669
-8.17331 6.21453 -0.875012
-8.19887 6.52121 -0.891169
-8.17094 6.70625 -0.899234
-1.87228 -3.49998 2.77832
-18.8781 8.01869 -1.11741
-20.1209 9.97293 2.08962
-21.2858 3.42422 0.878722
-2.10407 0.904561 -0.623967
11.705 2.91673 -0.10815
45.7923 8.11775 1.84306
2.25087 -6.14318 -0.408204
-17.5011 2.79918 2.14507
-4.52482 -4.15022 -0.557817
-7.09982 4.31545 1.74291
-8.14126 1.08166 -0.747362
-20.4684 2.7738 0.792206
-5.51602 5.00056 -0.693023
-6.94786 -1.28777 2.62306
-4.3163 -4.00805 -0.57127
-7.1546 -1.28044 2.63929
9.23098 -0.0912178 2.33974
-4.42471 -3.94687 -0.575115
-7.37789 -1.14423 2.62479
8.93917 -0.184258 2.35753
-22.6787 4.52185 -0.256139
-4.73962 -3.81546 -0.590228
-7.37135 0.864408 -0.720874
0.106561 -0.578417 0.972198
-7.40569 0.960648 -0.725331
-11.1886 6.64516 2.12002
-13.8281 9.41926 -1.04959
1.74662 0.351125 -0.471225
-7.51983 1.5209 -0.745242
-9.82797 0.785772 -0.112134
-7.48987 2.09863 -0.755585
-25.866 20.7828 -0.0449743
-7.30553 3.3203 -0.779564
-4.40252 1.24691 2.27421
-7.17018 4.03407 -0.799257
-6.81611 5.32074 -0.840144
7.89423 -4.15337 1.09241
13.3245 2.47905 2.24669
0.30278 -4.47695 -0.462628
-2.64017 -5.62401 2.5504
-6.67804 -0.923244 2.62056
-4.03381 -3.67877 -0.562948
2.39609 -6.84505 -0.391929
3.92211 -2.13468 -0.0386657
-7.3051 -0.678311 2.59435
-4.52786 -3.35797 -0.581408
-28.4272 15.6406 -0.967742
-7.45201 -0.514656 2.58593
-4.75002 -3.17389 -0.589253
4.61642 -5.81924 2.29664
-7.69028 -0.241425 2.57946
-4.97232 -2.98035 -0.597959
-6.824 0.905736 -0.710881
-6.9341 1.49046 -0.732478
-6.96454 1.90466 -0.74571
11.674 3.07829 0.491618
10.1855 -10.6449 2.63116
-23.559 5.74931 0.0998736
-6.93245 2.10317 -0.748222
-19.1947 12.9335 1.49033
-0.528401 -4.43561 -0.476726
-16.2844 5.39405 -0.917598
-0.65587 -4.30063 -0.480549
-3.55707 -1.5505 2.61523
-0.842348 -4.31367 -0.47973
-12.7655 3.70147 2.38112
-11.5254 1.70871 -0.846246
-23.0076 4.78965 -0.0648981
-5.03746 -3.7234 -0.71454
5.35294 -5.6845 2.28761
-7.04327 -0.429428 2.62137
-2.96192 -5.05148 2.63089
-0.210053 -7.70162 -0.53776
-4.34476 -3.1404 -0.586762
-28.4118 15.6398 -0.76351
-4.75768 -3.24053 -0.661507
16.6999 2.76083 2.44384
-28.4915 17.4864 -1.67228
-1.3317 -6.74047 2.13523
-13.1862 3.30295 1.93266
12.4142 2.55186 0.554835
-6.26888 2.68731 -0.747578
-25.0454 6.43796 0.658242
-5.88785 3.90823 -0.77463
2.72922 -2.68853 -0.455756
-3.55075 -3.29821 -0.560098
-22.559 4.42355 0.00253236
-5.93609 0.899208 -0.694887
4.14286 -1.83854 0.19493
-5.70722 1.09905 -0.689502
3.45538 -0.935035 0.494565
-11.165 9.49581 2.26921
-5.78737 2.95779 -0.752375
-0.878613 -3.91373 -0.491154
-6.00009 -0.47796 2.64822
-3.40728 -3.17219 -0.565061
-6.87052 4.04171 2.46216
-5.5346 2.07894 -0.718672
0.407652 -8.15021 0.270767
-5.46639 2.71226 -0.741856
-5.41251 2.85295 -0.7438
0.354613 -3.68639 -0.483813
-0.904422 -3.68609 -0.499449
-5.98 -0.242258 2.64985
6.31387 -5.81147 2.3297
-3.22334 -2.95928 -0.557271
2.90904 -0.96721 -0.42431
-5.73021 -0.054741 2.64051
-9.59635 0.630622 1.46358
-8.19043 -1.28195 1.89589
-3.05908 -2.76176 -0.558998
-4.74425 -4.05058 -0.848836
-16.4452 6.04867 -0.922726
-0.891256 -3.46909 -0.509058
-3.3117 -2.42363 -0.574099
-3.4707 -5.02631 2.27679
-26.2131 17.0009 -1.43149
-4.93016 -3.13156 -0.866164
-3.66092 -1.81982 -0.589786
-5.98731 2.7503 2.54539
-4.50551 0.897768 -0.67027
12.3287 2.33603 0.263048
-0.230246 -3.21665 -0.502683
-2.9099 -2.3125 -0.56535
-4.27996 0.340983 -0.653711
-8.30374 -0.202455 1.94792
-3.27608 -1.68699 -0.583474
3.53204 -0.185608 -1.28135
12.3241 2.09987 2.85487
6.5129 -7.11387 2.39373
-3.09087 -1.50309 -0.589196
-1.01843 -2.76665 -0.528735
-15.5127 5.14703 2.23816
-3.67924 -4.86741 1.90398
-2.68558 -1.69569 -0.573942
-3.43664 -5.07548 1.90627
-15.2619 4.95532 2.18634
-2.30697 -1.90177 -0.566687
5.07819 -13.3048 -0.00254786
-12.3681 9.96531 2.23863
-2.68467 2.50212 -0.687025
14.4663 -10.5046 0.101945
-7.42156 -0.225824 1.92296
-2.2902 -1.6925 -0.567745
1.73994 -1.6536 -0.483982
-0.858597 -2.49611 -0.528725
-13.2551 3.88504 -0.92117
-1.69107 -1.09785 -0.578225
7.10588 -18.0554 2.61626
-1.90588 0.300649 -0.606074
22.4989 1.15652 2.5166
-13.0277 3.97102 -0.908471
-8.9096 -0.688768 1.12798
-1.49341 -0.900066 -0.578945
-0.801181 1.19893 -0.471639
33.0714 -35.0301 2.59592
-1.29459 -0.895251 -0.573822
0.616163 -0.103415 -0.132919
4.08694 -0.034979 -0.384281
-10.3687 7.79034 2.324
16.094 3.61313 2.445
-4.24276 3.9774 0.185123
-5.49696 -0.704286 1.89818
10.7541 0.761052 2.8521
-9.04161 0.391333 2.51259
-15.3191 3.26026 -0.922312
0.74412 -8.43816 -0.117466
-18.3451 10.9976 1.46165
13.3972 2.75411 2.28511
-4.17383 2.01976 1.90743
-25.9184 7.1069 0.257655
-6.58082 0.82975 2.56292
21.1618 -23.2825 0.638864
-24.5967 12.5701 1.88662
0.960903 -6.51816 -0.406122
1.45689 -8.58043 2.64467
-5.19233 1.36623 2.0732
-17.915 4.89905 1.72845
-9.14363 7.50441 1.68153
-7.46792 1.70215 2.52353
-5.12685 3.27395 1.68188
-6.22377 0.0973595 -0.68199
-7.52534 2.05826 2.51905
2.21989 -8.97067 -0.328123
-14.4901 5.46979 2.29737
-1.46416 1.73831 -0.296103
1.27059 -3.52925 2.33408
11.5279 0.672117 2.45735
-28.4517 17.5878 0.848404
-18.6098 2.41486 1.63491
-2.28748 -5.57469 2.43072
-16.6352 3.25666 2.31069
0.0662057 -6.69037 -0.410526
-7.2827 0.695662 2.54149
3.93543 -10.2654 2.46441
-16.1842 9.70396 1.64364
-5.253 0.122205 -0.669731
-0.689439 -0.405284 -0.00810932
1.44157 -5.61781 -0.416789
-26.7525 14.2942 -1.27653
0.0959754 -7.50173 2.71986
-27.8811 18.2291 -0.329539
-5.73627 5.17994 0.497495
14.7531 3.80392 2.12229
-19.5484 4.39339 1.74554
-6.87663 0.22454 2.58593
-13.8047 8.29418 1.74713
-0.318811 -7.54707 1.52196
-27.1418 19.1617 -0.699069
-1.00105 1.37177 0.280413
-9.16493 5.72701 1.73652
-0.333293 -2.77276 -0.516957
2.80702 -9.35927 3.01154
-15.9578 6.84368 -1.04795
15.6938 -15.1629 -0.00727212
5.36581 0.628467 0.336024
2.76754 -6.98517 2.91078
19.4325 0.659647 2.58233
-2.77961 -5.09039 2.78913
-0.118333 -7.71071 -0.329859
-25.9206 20.7476 0.846144
1.26422 -8.89584 -0.652838
-16.1537 5.58879 1.54903
-7.5884 3.66885 -0.775421
-0.741717 -6.74856 2.35353
1.24498 -8.39858 2.71262
-2.04506 -6.20237 0.486229
3.80515 0.846606 -0.401593
-2.69481 2.73164 1.31045
-3.11179 -2.30753 -0.572606
-11.4547 2.49756 -0.851731
-12.7965 4.42164 2.36251
23.9312 -22.1156 2.9675
-6.51722 5.6662 1.90794
-8.83098 7.2503 1.69331
-9.10651 3.10332 -0.817806
4.32413 -2.41883 -0.437984
0.253213 -7.16585 -0.406403
-4.65995 2.36457 1.79586
-7.09792 1.11044 2.54263
-3.69703 -4.90834 -0.709585
-16.5706 2.04568 2.27646
-15.4261 6.11721 2.26291
-8.36915 4.93674 -0.826966
-5.60006 2.17128 2.31747
-26.4798 20.019 0.227361
-20.74 9.48929 0.922538
2.35077 -2.28442 -0.472212
-11.0537 4.90081 2.38648
-8.66432 6.10142 1.51491
-27.9445 18.1191 -1.28942
-4.61133 4.15856 2.51742
-3.27383 2.13891 -0.688101
-11.7489 4.28841 2.3924
-7.51775 0.28429 2.55677
-6.88968 1.08609 2.54664
-8.53401 7.00736 1.7092
0.687506 -8.17445 -0.364822
-26.5417 19.9784 1.06992
-26.9202 19.4644 1.05543
0.273703 -7.57859 -0.402178
-4.65406 2.78946 1.67028
-7.12641 1.50225 2.53837
-14.2572 4.17533 2.22733
22.4511 2.93352 2.4659
-27.493 14.9137 -0.168754
-2.43472 -5.87179 1.86506
-5.90424 -0.973815 2.65852
43.1529 -42.1704 3.47979
2.32056 -9.65887 2.32745
-17.7117 9.05373 1.35931
-8.30431 1.4961 -0.767369
-24.755 13.0379 -1.34799
-20.7119 11.3043 -1.27327
-22.1687 13.2917 1.92973
22.7312 3.08653 2.83898
-2.16766 -6.07934 2.12657
22.2989 4.15467 2.53038
-1.56846 -3.91434 -0.511804
-3.77653 3.58917 -0.244221
1.72805 -8.81333 2.74395
-14.3497 3.50393 1.82817
-3.55013 -4.94053 -0.527165
-24.5589 9.82377 -1.27368
11.2263 -8.29141 2.38792
-14.0986 9.20047 -1.02347
-8.29105 -1.22746 0.419942
-4.42408 4.12121 0.382232
19.182 -8.27953 1.73404
-4.45234 3.41974 -0.75107
-4.07868 0.896583 -0.66169
2.05745 -9.48513 2.43916
6.14268 -4.9164 2.51202
5.48183 0.641709 0.275666
2.93703 -2.69634 -0.45292
-2.47417 -5.86892 0.298774
-3.05291 3.02845 1.53787
-12.7486 10.3337 1.73232
-10.9691 4.38626 2.40868
-0.867347 -2.89319 -0.519502
2.38209 -9.26941 3.00139
-0.30383 -2.28568 -0.528263
-5.4015 -0.800207 1.877
-10.49 3.32038 1.71207
-17.8248 3.71974 2.25409
-4.8256 -3.22934 -0.737558
3.35837 -0.240923 -0.390802
0.338637 -8.07069 2.09941
-10.1399 5.80964 2.03325
-16.9192 13.1079 -1.19598
-5.1021 -3.02771 1.09137
21.9958 -15.8099 1.84826
-14.8945 2.70577 1.52779
-12.0952 3.39994 -0.861686
-13.4561 5.31105 2.32519
-2.08991 -2.68721 -0.54877
21.864 2.83581 2.45943
6.86789 -4.545 2.96656
3.11165 -9.34424 2.99535
7.12509 -4.74813 2.9792
-16.3377 5.34404 -0.668502
-25.9889 20.5203 -1.42229
-11.2218 3.89654 1.69186
-10.3035 5.65636 1.89291
-26.7483 14.3004 -0.343546
-1.69073 -6.45934 2.0946
2.53622 -8.74662 2.97244
6.59372 -4.17255 2.97491
0.609917 0.118781 0.0265074
-19.6216 13.2902 1.47841
-0.950541 -4.13653 -0.488478
15.5274 3.21856 2.45512
2.79825 -9.05351 2.97982
6.7805 -4.39139 2.94977
-22.2779 16.9605 1.70616
-10.1608 3.02894 1.71709
-3.06419 0.301722 -0.626064
-10.4144 5.47251 1.89052
-25.9383 7.18525 1.51945
6.67974 -4.45974 2.95457
-21.6601 17.6698 1.40149
-3.89225 0.891484 -0.66298
2.98296 -9.47071 2.99039
7.01271 -4.84319 2.98892
-0.833676 -6.7468 2.75256
0.939203 -7.49983 2.91141
-19.6241 13.4161 1.72157
-11.5067 4.139 1.68586
-6.7032 0.0926151 2.59492
4.6162 1.05608 -0.162064
1.4737 -5.81708 -0.418852
-27.9235 18.1673 -0.805407
-18.8009 12.07 1.52679
2.92732 -9.16828 2.98477
7.03292 -4.57413 2.99469
11.7627 2.62436 2.81088
16.4413 -19.9608 0.701344
11.4653 2.4997 2.81976
-3.08432 -2.12097 -0.575016
42.6477 -0.205902 1.8626
27.29 -25.8714 0.312798
-14.495 10.4547 1.54287
14.4281 -8.75365 0.968749
-12.8098 4.5189 2.34866
14.456 3.52483 2.30354
-2.34579 -5.9448 1.52531
-9.9218 8.37816 1.71218
2.99537 -9.83755 2.73147
6.91417 -5.16117 2.8149
-12.7331 5.83414 1.73287
-18.08 3.26 2.13805
-7.91992 -0.965585 2.58642
12.3104 2.60461 -0.372016
-21.6023 3.67386 -0.182286
1.87336 -8.59761 2.37313
-3.72606 -4.7408 -0.557251
-8.56304 -0.983745 -0.272754
-21.4575 5.93908 1.8365
2.65101 -8.4662 2.97254
6.63749 -3.78218 2.95016
-12.6622 10.4402 1.73196
-2.12416 2.26871 0.957618
-10.4988 6.03654 1.8749
-6.34041 1.48686 1.94345
21.0549 4.28417 2.7595
-23.8403 12.0013 1.82373
1.74717 -6.07981 -0.405209
-3.92771 -0.356757 -0.625041
-27.6687 18.4898 -0.783475
-18.5449 12.3934 1.52422
-7.70381 1.71344 2.52109
3.46734 -0.466574 0.280967
28.1096 -25.3362 0.321683
-11.8637 3.92225 2.39017
-2.32095 -5.97548 0.816433
-7.68272 0.68649 2.54134
11.4041 2.78123 2.82062
2.4458 -4.19403 2.4229
12.7315 0.126613 2.26827
-17.5849 3.50125 1.56201
-4.98554 2.64441 1.82846
15.2107 -14.1824 -0.0469675
16.1614 2.72696 2.63429
-27.3127 19.0127 1.01342
-21.272 3.42503 1.60813
9.01868 0.247316 2.33734
-17.1394 6.62043 -0.0381064
-12.1159 5.19409 2.36208
-5.17206 4.12538 -0.776922
17.7792 1.30401 2.62486
-4.65265 -3.11529 2.7485
-27.329 18.9492 -1.83042
-20.7303 8.88873 1.1305
20.3641 -15.9899 3.33928
-12.7949 2.13673 -0.8653
-2.33214 -5.94799 1.6945
-14.1622 4.1101 2.28334
19.5981 -16.3779 3.34619
-3.68866 3.51523 0.0481917
-13.6301 2.66422 -0.877954
-12.4676 5.70899 1.52916
-3.01802 -5.40217 1.67791
-28.1252 15.3668 -0.0404877
0.474007 -0.376005 0.223985
-9.33092 -0.360172 0.891098
-12.4444 7.46196 1.79559
0.70281 -4.69855 -0.445521
4.74002 -0.0540986 -0.389897
-8.42288 2.16301 2.26996
-10.1931 8.06188 1.58033
-11.1582 4.91351 -0.879479
-8.61285 4.87957 -0.842078
-3.52888 3.41254 1.51535
21.5371 -19.3199 0.117576
45.5438 -39.3008 1.82486
-1.1207 1.45931 -0.247317
4.3945 1.1579 1.56082
-12.9642 7.7434 1.77228
5.43787 0.456639 0.294799
-18.6697 3.5966 -1.03097
5.44556 0.38456 0.231654
-18.6659 3.70478 -1.01319
1.07665 -5.43931 -0.434395
-1.78574 1.99149 -0.0952923
-11.4847 7.93278 -0.959069
-12.7959 9.80008 2.23649
-26.0062 20.6004 -0.206526
-3.72309 -4.85731 0.214194
-4.34703 4.09856 1.63926
-10.6749 7.56669 2.34421
-6.61584 2.98131 2.26557
-5.78932 3.36883 2.54917
3.07126 -0.962446 0.959801
-4.47124 1.48736 -0.687325
5.40548 0.464376 -0.526517
30.1282 -22.2078 2.00969
-3.8726 1.45845 -0.668065
1.22191 -8.20731 3.00448
-19.7274 5.59363 1.27937
-11.9914 4.54353 2.37655
-3.53766 -5.02628 -0.835259
-19.732 13.535 1.04907
13.144 2.69796 2.49367
-13.3105 8.6606 2.25833
-5.53097 1.49906 2.06446
-6.91098 2.62083 2.00126
-19.8918 2.58294 0.638095
-6.34051 0.507914 -0.696653
-9.24319 -0.452597 -0.501272
14.594 0.621282 2.53446
0.420952 -8.13531 2.2989
20.7875 -0.352384 2.45007
3.13108 -0.853674 0.805523
-9.81593 7.88706 2.33315
-8.41743 5.89138 -0.873594
-0.211251 0.746517 0.229414
-13.1111 7.56997 1.77696
-7.56979 -1.78094 0.563312
-18.7112 15.3561 1.95936
-5.08059 2.70173 1.77721
-7.49022 1.52461 2.52573
-2.9877 -5.39427 1.91819
-1.89617 -2.11566 -0.554187
-13.4923 2.72585 -0.91717
-4.7688 4.42607 2.30868
12.7093 0.39046 2.27797
-8.00535 0.0763783 -0.727944
-4.0282 -4.60412 0.854971
-3.16672 3.11939 1.5791
-9.60581 6.59154 2.37571
-22.3544 13.6808 1.95545
-6.50832 -0.976666 1.97702
-2.91256 -5.48418 1.73201
-14.7779 4.60551 2.283
-5.04208 4.62257 0.213951
22.6631 1.71428 2.5158
-6.27389 -0.095641 1.89191
10.3422 -6.66507 -0.259128
-7.10858 3.38911 2.0718
-18.5553 2.63833 -0.672952
-2.78002 -5.59248 1.52115
-21.3096 14.8206 1.46487
-2.7661 -2.64811 -0.557923
-2.31677 -0.0452761 2.51527
-12.5469 4.10276 2.36541
-0.401591 -0.411598 0.0848828
7.69086 -4.36593 1.89342
-14.7757 2.65743 1.67505
1.72493 -9.20402 0.68597
-4.13735 3.88721 -0.292014
-7.67433 -0.337659 2.59086
-5.07102 -3.04369 -0.501249
-17.9713 3.84606 2.10564
-23.7971 5.4069 -0.048164
-16.3282 5.14433 1.59248
-24.3268 14.4839 1.50825
-8.1659 7.13204 1.27017
-7.55185 -1.86629 0.556002
-18.7462 15.1949 1.95371
-5.25835 0.895402 -0.679932
-4.27671 4.03131 1.70971
-5.61934 3.37652 2.52843
-4.25777 1.4763 -0.680052
-10.9164 1.80127 1.91659
6.54883 -5.11672 -0.340406
-9.5824 -0.115291 1.4419
13.8889 3.07362 2.28598
-1.69882 0.895648 -0.616117
7.10332 1.5274 2.26126
29.5591 4.34812 2.63134
-7.1227 2.73446 1.9989
8.43804 0.00037873 2.4865
-14.7929 10.0171 -1.07917
-9.13081 -0.527615 0.497983
-8.02844 2.62947 2.00798
-12.0836 7.34586 2.09611
0.389153 -0.359725 0.134928
2.20524 -1.00953 -0.451314
11.0625 1.27752 2.20204
14.0494 2.70449 2.29925
-1.48575 -2.49026 -0.545098
-6.55873 -0.93067 1.94067
-4.81259 4.21955 -0.778075
-8.34096 1.4612 2.51356
-4.00057 -4.62191 1.6197
-0.556488 -0.280093 -0.0854182
1.645 -5.75339 -0.412806
20.8874 4.54339 2.76889
0.299181 -7.65815 2.70623
-5.83783 5.19612 -0.803548
5.70638 -0.00121843 0.879776
2.26936 -6.90682 2.21962
5.26229 0.878738 0.397098
-5.66256 2.91495 1.8808
-4.44522 4.13354 -0.024477
-0.389096 -0.470056 0.210184
42.5913 0.0941247 2.34043
-18.3768 10.9445 1.4586
0.637155 -8.34635 -0.123084
-3.81049 -1.80124 -0.589752
-13.5818 4.90926 2.32162
3.08823 -0.93837 0.231548
-9.85152 8.0844 1.65749
-8.22671 2.11398 2.50622
-6.75655 0.229228 -0.69765
-9.05912 6.86437 2.38562
-7.73424 4.87432 -0.824523
1.11907 -7.09344 2.25086
-10.8884 9.12654 2.28875
-12.5653 2.31718 1.91121
-0.232244 -7.62341 0.971705
-7.23157 4.91833 1.56596
-8.2858 1.67718 -0.768844
15.3064 0.704341 2.46258
-4.03072 -4.62173 0.278787
-9.70667 5.89969 -0.894195
-7.68464 1.04436 1.81817
2.4711 0.296648 -0.416029
-6.32524 2.13931 2.03852
-8.51067 4.84565 -0.824429
-3.40634 3.32494 1.63
-2.78807 -5.6122 0.205978
-9.84885 6.87078 2.37037
-6.93742 1.31805 2.54866
11.6857 -11.0468 3.15359
0.315575 -8.06571 0.894242
0.364879 -7.29131 -0.393378
8.57583 0.286985 2.32362
4.49965 -4.73971 2.91485
-7.88279 -1.23343 2.08138
3.1175 -0.864323 1.25353
-9.44141 5.44513 -0.853564
-3.60659 -4.95331 0.193415
-4.27284 4.0177 1.56051
-10.6619 7.46144 2.33196
23.7994 4.43116 2.42892
-0.0943655 -4.32848 -0.475168
21.9562 3.67219 2.89694
-11.2234 6.63357 1.85337
-7.06323 2.06519 1.91903
9.41343 1.33759 2.40519
16.2383 2.71441 2.24417
-7.28042 4.0961 1.95893
-1.44391 -6.665 -0.381221
-16.3102 6.03444 -1.00676
-0.709856 -3.49917 -0.506475
11.9828 2.61329 0.162469
13.8618 3.3814 2.29293
-1.60142 -4.53264 2.80471
4.26469 -4.91138 2.92391
-8.0739 -1.08229 2.09676
-14.335 3.37666 1.55562
-7.91246 -0.118681 -0.719523
-16.7232 2.1684 2.29892
-3.79475 -4.79944 -0.631233
-17.8634 12.4946 1.37959
-14.9809 4.69621 -0.948451
-22.0345 17.2023 1.48956
-10.6391 6.20325 1.90629
-6.4572 1.57634 1.94037
1.54685 -9.05701 1.29681
2.23264 -0.131363 -0.387271
-9.70063 0.881382 1.92174
-8.30671 -1.17506 1.46119
7.6514 -5.73368 -0.30772
-21.7615 16.3504 1.86026
-9.64588 2.4704 1.85786
24.2276 3.12682 -0.011861
-28.4382 17.5299 -0.820308
-15.1513 6.66194 1.54052
19.0416 -8.18061 1.22455
-1.82134 0.505332 1.82446
-5.99117 5.17238 1.94906
-22.4893 4.38776 0.783993
-4.78312 3.90699 2.51996
-3.40931 1.97579 -0.675767
-10.1862 4.56872 -0.835635
-5.03976 3.12841 1.64499
-6.71379 0.703085 -0.697246
-9.13108 -0.53201 0.0926019
-8.05535 2.60623 2.40109
-3.53443 -5.01548 0.499054
-6.50261 2.71378 2.00584
-16.2623 2.66697 2.34269
-13.9224 3.89894 1.52569
2.10352 -9.11063 2.52495
1.92267 -7.52191 -0.371102
-7.7503 -1.19518 2.15013
-15.5793 7.54549 -1.04561
-10.7513 2.4161 1.77085
-25.18 12.941 -0.337746
-21.0202 8.39997 -0.423385
-0.0024254 -7.80545 2.06635
1.70729 -8.8792 2.4951
-16.721 2.53593 2.30645
-16.3885 6.90974 1.54921
-27.2488 18.9467 -1.59792
14.6149 -10.288 0.271001
-15.0709 4.81642 2.28546
-3.23971 -5.22013 1.70087
-16.7572 10.7201 1.61007
-23.3784 5.10181 0.456288
29.5859 4.57494 2.78621
33.5401 -34.4999 1.79099
-8.34478 -1.11191 2.06418
-3.0881 -2.4543 -0.568974
-11.4472 2.27613 -0.84792
-14.501 10.0823 1.53785
-12.8905 4.30525 2.35023
24.4236 5.31884 2.09893
-18.0992 12.259 1.9042
14.6947 3.87214 2.25236
-21.8358 3.87081 0.853991
-4.10582 3.40385 2.54288
-2.70019 1.49837 -0.658414
2.29067 -7.46531 2.93162
-21.8414 11.5047 1.99895
46.0716 7.20712 2.14495
3.716 -10.198 1.71343
-4.2918 -4.41048 -0.710342
1.34035 -8.86897 2.42933
1.74949 -8.18737 2.94544
12.2898 -0.0909697 2.13097
5.48911 0.240758 -0.112564
-9.76141 5.57051 2.42432
-6.53097 4.27902 -0.806233
3.3266 -3.07368 -0.439813
-6.80271 2.25079 1.93999
-11.9788 10.2066 2.23793
-10.5317 8.35831 -0.968237
-5.76056 3.24312 1.78926
-18.8136 13.2545 2.00476
-5.86987 3.48018 1.86041
-24.0688 5.62527 -0.024896
0.84074 -8.55008 -0.623434
12.4223 2.62885 -0.298839
2.62856 -8.738 2.96863
-1.58862 -6.54335 2.0139
-19.0539 13.9547 1.33181
6.685 -4.06165 2.94895
-13.4659 3.5492 1.97994
-11.3172 1.67796 -0.83119
-12.6857 3.7003 2.36789
13.4032 2.90193 2.32768
-10.6908 7.48051 -0.94733
-14.8053 7.78751 2.0218
25.9627 4.00887 2.61122
-5.21888 4.38555 -0.788794
46.559 0.339257 2.16968
-7.34911 -1.94105 0.905147
-12.6961 4.7221 2.34249
-11.1797 4.7934 2.40082
-2.35156 2.45346 0.940884
-26.8172 19.6283 0.823719
17.3387 3.82296 2.298
24.2765 5.29645 2.62297
-20.5519 10.9897 2.03036
-6.66769 3.72533 1.85586
-10.7535 8.28802 1.85051
-22.0202 6.38683 1.92624
3.54395 -0.356141 -0.372847
0.471242 -8.17518 2.08349
-9.13349 -0.531509 -0.299159
-20.0069 13.281 1.49705
-1.47023 -4.10555 -0.503978
-2.67977 -5.66982 2.06444
8.87512 1.85624 2.32528
10.4258 1.85403 2.80135
-6.66265 -0.841333 1.94039
-1.70918 -2.32315 -0.553333
-2.83894 -5.53466 1.88637
-6.75195 -0.776358 1.93902
-5.10413 4.52245 -0.747143
-4.07055 0.693773 -0.65424
-6.09768 5.0564 1.8534
-3.61586 -5.00121 -0.731393
-7.79645 -0.380551 -0.709686
-1.75644 -6.40339 2.06321
-13.6315 3.68509 2.09619
6.54912 -4.20082 2.96635
-9.93932 3.28258 -0.824474
-8.92188 6.32121 1.51065
46.0225 5.30909 2.51516
-0.360457 -7.11708 -0.420343
-6.2516 -0.293317 -0.685398
-0.793641 -6.78393 2.50007
-15.0617 2.04993 2.35426
10.8358 -10.0649 2.41538
-11.6309 8.30892 2.30165
-1.15696 -6.87702 1.98705
-13.0322 3.18236 1.98883
-11.9549 7.36628 2.3398
2.67832 -2.29215 -0.46346
-6.47855 3.56812 1.84557
9.08053 1.7207 2.32101
1.50067 -0.301396 -0.498431
-10.7228 4.28909 2.42408
-1.88492 2.08023 0.980681
-9.96873 5.38309 -0.85854
-11.3381 7.32896 2.33421
-13.6767 4.23234 1.54578
2.27441 -9.58514 2.47598
14.1356 3.5566 2.17494
1.22854 -3.30507 -0.472021
-20.173 4.72729 1.67778
-10.1301 8.04059 2.31744
-8.72892 6.07784 -0.864219
-1.01935 -6.99594 1.3039
-17.192 11.6008 -1.19948
-18.5359 13.5762 2.00144
-10.4865 5.5185 -0.856707
-11.8081 7.47828 2.32922
-7.19302 2.57468 1.93222
-15.3632 4.50633 1.78639
-29.2315 16.4571 0.0977712
1.41207 -8.95852 0.254982
-15.2664 4.68215 1.78167
3.1218 -8.14427 -0.342593
-2.45639 -5.12296 2.21564
4.15269 -4.79313 2.91887
-9.56263 0.605954 1.22074
-1.7334 -4.72361 2.80564
-8.18732 -1.25015 2.04104
-1.69686 -6.27634 2.32631
-7.66532 -0.0434729 1.88776
-11.2913 1.53265 -0.827831
-12.6952 3.51463 2.36079
-25.651 6.93262 1.65744
-10.8202 5.80329 -0.890717
-12.1953 7.69795 2.31792
3.28334 -0.674991 0.676884
-0.0714315 -4.83838 -0.467016
-15.7023 4.71363 -0.989354
-8.42937 0.285983 2.54762
-14.1501 10.6979 1.65061
4.64055 1.04422 1.82141
-0.113196 -5.0268 -0.458239
-15.7235 4.5104 -0.987116
-4.30229 0.895777 -0.669193
-19.991 9.53221 -1.20142
3.25888 -1.00943 0.857132
-9.6418 8.04434 2.32967
-8.30973 6.1192 -0.870649
-20.6429 8.91328 -0.859138
-15.5896 7.37414 1.50128
-1.27775 -4.10015 2.05276
-9.08928 1.33124 2.09519
0.393909 -5.51606 -0.441011
-17.0321 2.12766 1.81192
-15.4569 8.88279 -1.07687
-8.83111 1.63228 2.07623
-0.283699 -6.55143 -0.418278
-2.9494 -3.87208 2.77367
-9.33958 -0.34176 2.01601
-7.71456 5.05673 -0.833007
-20.7585 4.39651 -1.05559
0.383089 -8.10401 2.12403
14.583 0.649603 2.61562
11.3431 2.91425 2.81419
9.55551 1.5067 2.32382
-2.84958 2.85036 -0.501845
5.86764 1.63687 1.95853
5.49973 0.671906 0.728134
1.41675 -3.94274 -0.462716
-2.34011 -4.28384 2.7907
-10.1611 1.06682 1.32948
-8.70297 -0.838259 2.01306
-8.47566 2.08095 2.06945
-15.2653 9.31857 -1.05136
13.113 2.63618 2.6319
3.33218 -0.648515 -0.0750361
8.36169 1.82249 -0.357986
20.8156 3.48316 2.35425
-9.49015 0.0647009 1.50052
-13.5264 4.74628 1.5992
-9.22025 6.80222 2.39435
-7.83376 4.8516 -0.82535
-18.9647 4.69043 -1.05948
-1.69028 -3.37243 2.77864
-29.2139 16.2912 -0.372015
-20.0238 10.0783 2.08591
11.6262 3.21701 2.82988
-9.9595 3.87254 -0.829332
11.9647 2.07561 2.84879
12.0992 1.7753 2.86882
-9.4883 0.816019 2.49218
-6.84028 0.521572 2.57648
-8.54474 6.33999 1.83917
-13.8387 11.0759 1.64932
-22.0695 4.04712 0.894062
23.5223 1.2375 0.716321
-3.10286 1.51494 -0.66766
-8.25229 6.69012 -0.903376
-12.0861 3.2471 2.39355
-4.1437 1.505 -0.67719
-5.54219 3.51376 2.52584
-14.8053 6.07957 2.27589
-3.85363 -0.480565 2.09684
-19.7265 14.1575 1.97606
-0.0934431 -7.7068 2.32529
-15.958 6.96107 1.72997
23.1497 1.56473 2.42191
-0.698124 -1.49514 -0.547127
-9.46614 0.840908 2.10957
-5.63625 3.14958 1.79107
3.27243 -0.696889 0.233694
-8.08945 1.90609 2.51108
14.7675 -10.9728 0.696608
-8.45159 2.18628 1.99269
-1.69064 1.92278 0.298912
-8.24255 2.66803 1.97773
13.0476 2.57448 2.7102
-8.02582 3.09477 1.98453
-5.16753 2.82124 1.83438
-25.3238 6.66932 1.45653
9.14757 1.52766 2.40278
-5.05874 -3.79982 0.0837627
-5.68457 5.14963 1.67333
0.833601 -8.47007 1.69518
12.633 1.57371 2.28898
-9.1676 2.23754 1.74786
12.0993 2.95709 2.78412
14.448 -11.7708 -0.116405
-20.6726 8.9378 0.501199
11.3342 0.48616 2.55274
-21.7507 3.77804 -1.06211
-12.8362 5.31376 -0.926511
-5.51921 2.10256 -0.717823
-6.83254 4.09649 2.43927
1.64869 -8.72839 2.71023
-14.4793 3.53356 1.84366
-22.6122 12.814 1.94044
-15.4389 4.32354 1.7889
-8.94472 7.34192 2.35979
-7.59029 5.35563 -0.840646
-21.3373 5.27898 1.64114
-13.0187 5.67412 -0.946421
-26.2376 20.221 -1.59555
-10.0849 8.68987 1.27977
-8.47635 2.75571 1.97596
-9.42405 -0.279959 0.633081
-8.2896 2.94929 1.92829
-0.297337 -2.09895 -0.533412
-7.68751 -1.67662 1.09436
-14.9285 10.5315 -1.11256
-8.24064 3.25501 1.96404
-20.4408 8.00835 -1.14833
-3.5989 -3.58265 2.75499
-0.771798 -6.2224 -0.436228
-7.70354 4.14052 1.90863
-3.47219 -3.37402 2.75518
-18.8444 2.32601 -0.446819
-0.819279 -6.07681 -0.444393
-7.68532 4.24698 1.91437
-7.44411 4.50739 1.92918
-7.09367 5.00029 1.92388
-2.36106 1.05052 1.80262
-6.3905 5.72565 1.90192
12.3617 3.37676 2.84194
1.86484 -7.97024 2.93508
-19.876 13.3132 1.21459
-1.91727 -5.75155 2.33114
-22.6116 4.50036 1.57605
-16.3229 4.50255 -0.970719
-0.678514 -5.05189 -0.458097
-9.1144 -0.552169 -1.25987
10.981 -0.0642489 2.32079
-20.3656 3.79559 1.54678
-15.6759 7.44913 1.72497
-7.40419 6.07651 -0.863223
12.7788 0.785509 2.29369
-12.2088 6.14738 1.69108
-8.1688 1.41843 1.78773
-11.1646 3.83366 -0.854506
-3.01288 -5.41247 0.938877
0.412236 -8.20519 -0.576067
-17.018 4.88269 1.75926
-26.3271 7.46012 1.55278
-8.98629 2.14643 2.00166
1.82571 -3.13316 2.18565
15.2431 -11.1794 -0.111761
14.8138 3.81108 -0.456153
1.98077 -3.25653 2.19214
15.3049 -11.3664 -0.0958318
14.8881 3.64206 -0.518113
-15.449 10.238 -1.1233
17.9593 -0.0360803 2.24171
0.187146 -0.548822 0.545382
-8.67363 2.89678 1.9724
8.98218 -6.55288 -0.274048
-9.4552 0.034222 -0.31364
-8.53072 3.16517 1.95875
-9.45059 0.0351119 -0.512858
-8.48378 3.28612 1.94076
12.6518 2.03263 2.67466
-0.986959 -7.02712 0.825778
-10.462 4.26035 2.43695
10.3246 -6.48569 2.66932
-8.12245 0.0999346 2.54729
-9.19897 0.514111 1.96759
-15.9939 7.87026 -1.07595
-7.8957 -1.49449 1.31494
-9.35457 0.402836 -0.50765
-8.34879 3.50364 1.93322
-13.2693 9.68883 2.14003
-6.29489 -2.79082 0.44867
-9.21635 5.074 2.2387
11.9829 0.329812 2.29221
-8.92082 5.93819 -0.861515
-10.2725 7.85681 2.32429
-7.72642 4.64094 -0.811006
-9.04647 6.45743 2.39792
6.72408 -4.67083 2.97547
-7.36295 4.89663 -0.815934
-8.78891 6.77455 2.39379
-8.68887 6.86985 2.38965
-2.73519 -3.23471 2.76182
-0.0538615 -5.9902 -0.432879
-21.0965 10.301 2.04532
-25.8043 13.5943 -1.40396
-8.29143 7.24044 1.26804
-18.8261 15.4487 1.97086
-7.68063 -1.68712 0.510885
-6.20933 3.75649 2.53588
-4.85228 1.87984 -0.697513
-3.90496 -4.71653 0.526669
-6.92409 3.08679 2.01125
-4.60963 4.28333 1.26781
-10.0779 1.00261 0.29652
2.44981 -1.93977 -0.478412
11.3921 0.418612 2.24978
-20.5521 9.11126 0.917109
-10.7572 5.91959 -0.891932
-12.0422 7.88862 2.31378
-16.6025 10.8755 1.60678
-19.5866 15.3684 -1.32693
-8.7656 3.3976 1.88641
10.6286 0.554075 2.27997
-11.4287 2.94003 1.7492
-15.5574 7.54069 1.71867
8.89237 2.28418 2.77389
-11.5819 3.55489 2.39188
-10.2801 1.52553 -0.817795
9.56999 -5.78969 2.49709
-11.5746 2.08063 -0.854153
-13.0273 3.91108 2.3522
11.0377 0.540007 2.86391
-20.0463 4.59951 -1.0468
15.3015 0.515989 2.46059
-6.29327 -2.7871 -1.00481
-15.8562 10.0443 -1.13309
-9.00777 2.61374 1.96842
-11.0317 3.31148 2.41807
-13.011 9.04556 2.2535
-7.53123 2.51591 -0.770935
-5.43813 -2.70581 0.890464
-10.8572 3.86721 2.41929
4.12797 -2.64841 -0.436633
-0.34655 -7.56104 -0.277665
0.119278 -7.31697 -0.400613
0.510964 -7.82373 -0.377201
-26.6829 19.799 1.05647
-8.32706 4.09733 1.9476
-7.0125 2.08152 -0.755096
1.43983 -7.08885 -0.386676
-9.4864 0.348381 1.11319
-8.25447 4.2522 1.94858
-8.49422 -1.20747 0.929869
-13.908 5.32201 2.31728
9.66069 1.57326 1.92465
-5.27046 -2.86371 -0.863528
6.7737 -3.00096 2.39688
-18.3162 3.93551 -1.01699
-2.70045 -5.67104 -0.484927
38.0789 -28.822 2.12015
6.86409 -5.20673 2.68257
-27.7961 18.3292 -0.783882
-18.6789 12.2358 1.52595
-20.6568 8.96627 0.863968
11.3537 0.495033 2.32066
14.4252 -9.8642 0.616454
-0.906996 -4.36592 2.05696
-15.4738 8.33291 -1.0616
-14.5117 11.4692 1.26341
-26.7801 19.644 0.104395
10.9277 0.419754 2.26212
-26.7606 14.3156 -0.923021
-26.7341 19.6955 0.0293331
10.868 0.241294 2.26218
2.75925 -9.62663 2.92501
-16.0443 7.05639 -1.05788
2.23422 -9.6327 0.706585
-16.2423 12.3131 -1.17288
-7.05667 6.2414 1.28348
-4.68563 3.67719 -0.759983
-8.44487 0.079052 2.55094
-16.8275 13.2009 -1.2092
-17.2618 11.0502 -1.17738
-5.12551 -2.986 1.20821
-1.75422 -0.23289 2.06143
-7.13654 6.31634 1.27775
-17.6398 14.4812 1.988
-8.93237 1.90552 -0.776863
-1.35546 1.64956 0.81342
-9.74176 1.02107 1.99718
-27.161 19.1296 -1.60075
-1.75108 -3.68964 2.07054
-9.53227 1.73428 2.00481
-4.67909 4.33226 0.511569
-9.5657 1.82995 2.00463
-0.514263 -7.38993 2.11865
-12.449 2.69173 1.91613
-11.5069 2.71447 2.41091
2.50844 -9.02463 2.97016
6.54362 -4.45844 2.97167
6.53173 -4.61679 2.94498
-12.4709 4.50488 2.37545
-7.17372 -2.09587 0.955521
-12.2755 9.7277 -0.352957
3.40101 0.103218 -1.16057
-8.64259 5.53388 1.70517
-10.9631 4.34656 2.40517
14.9535 1.00992 2.22139
0.676255 -7.94769 2.69793
15.5053 -0.0952514 2.77551
-8.61172 4.10643 1.94509
15.6578 -0.240115 2.7761
-8.50537 4.3144 1.94412
-15.3961 2.48011 -0.940908
3.34721 -0.618602 -0.203333
24.3626 5.01595 1.33611
-7.55789 4.4795 1.86856
-9.87302 6.30909 2.38921
-14.2727 11.7551 -0.397681
-20.9715 14.5447 1.9569
-15.5744 7.9003 -1.05487
-7.43279 5.4641 -0.841345
-8.75533 7.44428 2.3642
11.1996 0.252694 2.76995
-8.5172 0.0751118 2.5375
-10.8695 4.66273 1.67498
12.7236 2.1736 2.46792
-3.68471 3.51822 0.391864
-3.02139 -5.40197 1.46773
-20.657 15.1291 1.91144
-5.46443 -0.778501 1.95568
-16.0179 7.28051 -1.06201
21.2835 4.13129 2.64913
-9.13694 -0.531189 -1.11357
11.0638 -0.000911836 2.19413
-9.15823 1.70668 -0.791754
-5.14541 -2.9477 0.905517
3.30523 -9.33187 -0.296218
-9.92024 1.47402 1.97953
14.0685 3.00441 2.21261
-25.405 6.70021 -0.617342
1.09773 -3.83257 -0.466366
8.46962 -9.37995 -0.232677
-1.89728 -6.32329 0.492067
3.96291 0.996177 -0.423385
-2.50661 2.58003 1.30972
-0.90482 -2.1069 -0.541616
-11.8055 2.80628 2.39568
0.479584 -8.21489 0.0680316
-8.78503 -0.383462 2.33135
-16.6205 5.04575 1.67191
-3.1977 -5.26375 1.29059
14.6775 -10.1644 0.629877
-3.8415 3.65547 0.528451
-15.3235 8.6815 -1.06384
3.59948 -9.8063 2.50396
1.16193 -8.56074 3.18294
3.54818 -0.339582 0.885447
-9.384 7.42145 2.35525
-4.35629 3.99521 -0.741624
-29.0098 16.0476 -1.49984
3.18616 -2.63925 -0.452666
-5.27825 -2.86209 -0.104501
-18.2914 3.9327 1.74171
-7.94235 5.54788 -0.836887
7.6258 -19.7234 1.6504
-9.27914 7.47538 2.35199
-6.92176 5.68319 1.7671
-21.1651 3.27623 -1.03036
-24.7685 14.3837 -1.3096
0.244473 -2.92611 -0.505621
22.097 2.72826 2.48373
-19.3723 2.99717 1.58739
-14.0551 5.05657 2.31284
1.71975 -3.45374 2.19765
0.684007 -0.392697 -0.229404
9.4854 1.82529 1.90582
0.60285 -0.0464097 0.013041
-7.86494 5.01617 -0.827307
-9.2123 6.99492 2.3743
-5.76412 5.22558 2.16914
-8.98671 2.10703 1.76482
-18.2401 13.8825 1.99671
-0.0486072 -6.1726 2.21805
-15.172 5.48202 -0.974563
-0.681243 -7.26177 1.89902
-12.5655 2.82978 2.15379
24.2224 4.31269 2.44541
-5.48187 4.98769 1.2971
-7.86556 3.84768 1.96871
3.11625 -0.866021 1.10802
-20.234 9.49628 2.08085
-5.65341 4.73025 -0.801813
-16.2032 11.219 1.47438
-1.7395 -1.62955 -0.565428
-9.02981 6.38812 1.51417
-11.4212 5.10773 2.39314
-1.3616 -1.18966 2.24596
-10.2523 1.13799 -0.495742
-9.20804 4.28785 1.94215
-11.2181 3.69401 2.40856
-10.7358 6.34788 2.38528
-25.793 20.9065 0.846151
1.45973 -9.06668 -0.723583
-5.53015 -2.33042 -0.619818
-29.1931 16.5398 -0.789916
-15.9445 5.70628 1.57629
-7.92424 -0.289133 2.59782
-5.16077 -2.96454 -0.504455
-3.09839 2.92995 2.60996
12.206 2.97838 -0.219015
-7.1413 5.86234 1.77064
-1.79557 2.00642 -0.334348
-3.82748 3.1875 1.89285
-14.354 9.2827 1.69922
-13.5237 9.40987 1.73071
-19.2823 5.338 -1.08507
12.0132 0.238829 2.30206
-11.548 2.00617 2.09937
-2.77668 2.80436 1.60622
-7.88868 4.30925 -0.817137
-9.15847 6.28622 2.39655
-9.16757 6.57604 1.52994
-10.2501 3.31713 -0.847899
-11.6566 5.2981 2.37293
-9.26307 4.69997 1.92445
-4.5362 3.97096 -0.76687
-9.32477 5.12055 1.93259
-0.912171 -7.07599 1.52336
-1.60993 1.85744 0.299024
-3.1152 1.67344 1.79488
-7.1884 6.35696 1.74791
11.7609 2.20822 2.15478
23.3217 -24.5411 2.7431
-12.1809 9.56418 -0.6445
-4.10973 0.290932 -0.652632
-9.28999 0.357924 0.105708
12.2562 0.903719 2.27686
12.2735 0.677964 2.27737
12.3469 0.505114 2.28169
-20.105 2.48203 1.51167
-27.4804 18.7514 0.009877
-11.7374 4.54274 2.40672
-13.4414 10.4626 1.6928
-8.31173 0.282555 2.53798
-7.74077 5.10671 -0.843713
-9.14042 7.11866 2.36974
-7.76054 2.77959 2.13565
0.979839 -8.34838 3.15684
-8.21027 5.22934 -0.839612
7.23986 -19.4125 1.71734
-9.54057 7.17073 2.36349
7.30736 -5.18717 -0.334632
-10.058 1.87073 1.83932
-3.51192 -5.00333 1.8822
-15.3989 5.08648 2.10961
-2.50476 -1.90372 -0.566497
-12.2167 4.8748 2.36587
-23.4326 11.6168 -0.940143
-1.55031 -1.47137 2.23072
-9.44549 3.94704 1.83367
-8.71717 5.3348 1.83058
-10.55 4.08923 2.44066
-8.22909 5.35403 1.75835
-7.51571 6.57363 0.237018
-9.53159 5.14718 -0.849058
-10.9074 7.19296 2.34133
-0.117614 -4.58382 -0.472922
23.7249 4.71415 2.40417
-2.87193 -5.13271 2.6428
-6.90827 -0.509207 2.57589
-6.72391 -0.0843353 2.58145
18.8285 -18.0039 2.86617
-3.86621 -3.82251 2.1627
-28.8317 17.041 -0.583909
-11.5746 1.53654 1.94561
12.09 2.55987 2.21388
-14.3524 5.61543 2.28516
-21.3171 3.43105 -0.310368
-18.9693 4.50668 -1.05736
-14.7853 9.88015 1.54807
-11.8239 2.03358 -0.870677
-13.0508 4.0475 2.36221
-19.1308 5.10699 -1.07385
-17.43 3.24434 1.64939
12.802 0.314698 2.29422
-9.32755 6.23445 1.7362
-7.70822 0.319027 2.54525
-12.7598 10.4721 1.54938
-11.2404 4.55715 2.39424
-2.2646 2.38133 0.880598
0.282657 -7.69217 2.39235
14.4917 1.11465 2.42166
-14.7949 7.79324 1.76538
14.7901 -9.02699 1.76558
-8.83137 4.12494 -0.820501
-10.0684 6.03598 2.39396
-26.2906 7.80243 0.522946
-23.9279 5.52402 -0.502938
-26.2159 20.3612 0.360512
-29.0989 16.7248 0.639654
21.8385 3.79039 2.88442
-18.9075 7.83173 1.71867
-9.70397 5.28078 1.91482
-11.2157 3.89662 2.42073
-8.78024 5.03904 1.77747
-25.8534 20.7657 -0.652757
-8.68801 5.35529 1.76386
-11.4842 7.17597 2.34134
-20.6166 15.2947 1.91635
-19.4231 5.50551 -1.09488
1.70699 -9.18114 2.17151
-9.11801 6.41916 -0.886816
-10.4494 8.32939 2.30956
-7.78965 6.39483 1.74174
-19.2693 5.61286 -1.06787
9.95982 -0.0259656 2.2056
1.92674 -9.34768 2.17401
-10.2858 8.49633 2.30658
-5.58674 3.16634 -0.745725
16.2727 2.60115 2.62743
13.1618 3.53297 2.35595
-18.5535 3.27992 -1.02164
44.6376 -40.4037 2.17081
13.2184 3.35337 2.35758
-28.6668 15.8317 -0.666325
-5.06714 -3.02837 -0.846416
20.8104 -17.5804 2.86333
-20.4715 13.1425 -1.31989
11.204 0.818546 2.86711
-14.0454 6.43527 2.29028
24.7073 4.67338 2.49933
-25.242 13.0971 -0.153421
-21.8123 17.4639 1.48893
-24.9762 13.3494 1.93448
0.500942 -7.22609 -0.392376
-0.96938 -6.13496 -0.450376
-5.0761 -3.02578 0.882461
25.0043 4.18912 0.636944
-5.65562 3.37061 -0.744594
15.4159 -14.545 -0.0378134
16.288 2.50826 2.56159
-22.8017 5.7159 1.46685
-14.2043 11.9041 0.302815
16.3852 -14.1206 -0.0216264
-25.0627 14.811 1.27661
-13.4299 4.1193 2.34092
-9.99723 1.23553 1.98826
3.65209 -0.214486 0.704022
-11.925 10.0318 -1.03888
-12.6957 5.91047 2.33385
-4.26721 1.09844 -0.670925
3.26481 -0.695071 0.924092
-1.27086 -4.53669 -0.486063
-19.9162 12.8747 1.47948
34.4668 -33.1254 3.48827
-9.10616 3.32299 -0.824006
-2.26789 2.38247 0.914628
-8.74211 5.76426 1.74431
-8.10873 -0.910248 2.49619
-12.0188 4.55444 1.59038
-10.9045 8.51096 2.30375
-9.31661 6.65869 -0.89869
-10.7416 8.63524 2.30294
-25.6845 6.93939 0.109384
-8.03116 6.5912 1.7306
-8.16538 3.21006 -0.798046
-7.17765 6.34609 1.59549
-25.228 6.50951 -0.964793
-21.1808 15.833 -1.34858
13.5693 2.31257 2.29328
-2.59232 -4.10889 2.12944
-10.4593 1.307 1.88821
2.96618 -9.23968 -0.315056
-13.7156 5.71122 2.31762
21.2226 -17.0446 2.86366
-9.15973 0.451538 1.92469
-20.0182 12.5072 -1.28063
-9.10333 -0.532108 1.47678
-10.4158 1.47638 1.89052
2.90478 -9.38155 -0.308353
-11.3524 7.12358 1.5366
-13.7333 5.8904 2.31599
0.991425 -0.851273 -0.501835
-4.26115 -4.40501 1.50241
-4.936 4.53281 0.270722
1.68501 -3.69051 -0.458838
5.79608 1.01866 0.718494
17.0009 1.9919 2.85244
12.7868 0.512065 2.14483
-14.3422 6.36362 1.55971
-8.62695 1.48962 2.51671
-3.22473 -5.24678 0.887607
6.19608 -6.13867 2.47822
-8.43524 -1.06816 1.72145
-9.80771 0.786329 1.52067
-0.201138 -7.65022 2.24154
-25.2464 13.0984 -0.495813
-12.0903 2.32996 1.93024
15.7202 1.89086 2.25108
-19.0996 10.0581 -1.17209
-12.4252 2.7107 2.0315
-11.6246 4.27236 -0.880804
-3.53193 -5.00125 0.925908
-8.90734 1.52421 2.3055
-12.9871 6.29197 2.31979
-7.12225 3.44838 2.50399
5.4374 -0.00228505 0.537226
-10.1952 5.77755 1.88321
6.78118 -4.78814 -0.344291
-2.7248 -4.01706 2.13281
2.73848 -9.38236 -0.313935
-10.6173 1.37698 1.91826
-12.3875 3.52482 2.38651
-10.2108 2.72521 -0.831697
-11.5945 4.76233 2.39697
25.2936 -26.2046 0.289109
-6.95962 -0.586807 1.93766
-1.89183 -2.09582 -0.557519
0.499012 -2.10012 -0.513642
-19.9735 14.0387 1.39081
22.4174 3.46801 2.46231
-1.84245 -5.5269 2.19965
1.42795 -8.95098 1.89081
13.2087 1.0554 2.12923
-1.59423 -3.81657 2.04793
-15.0699 12.1069 1.31165
-9.38374 1.59493 2.00369
-4.57589 -4.25074 -0.306054
-11.5031 6.14928 1.85459
11.6517 -10.3458 -0.158713
-19.4559 2.72378 0.330621
7.16427 0.0117991 -0.390244
0.1029 -7.89228 0.899641
-7.29792 1.10643 2.53929
-27.4333 18.8165 0.0293925
-20.0769 2.47765 1.57359
-14.1695 4.73247 2.31317
-1.47155 1.74848 0.30775
20.4751 -16.7008 3.34801
-14.0903 4.8535 2.32355
-8.48949 -1.06036 0.911268
-13.8838 5.50612 2.31265
-12.1234 4.42463 -0.89076
-11.0168 7.56627 1.55687
-13.4789 6.32878 2.30598
3.66802 -10.253 0.900842
-17.1661 2.65332 1.61554
-22.2083 4.13686 -0.879037
-3.90561 -4.70675 0.90821
-4.61326 4.28486 0.872717
-11.008 7.65284 1.57349
-13.4069 6.49624 2.30685
-10.9062 7.8944 1.62971
-11.8568 4.76493 -0.880136
-13.3257 6.6597 2.30663
-4.78102 -3.40857 -0.713269
1.32763 0.146971 -0.479003
-8.68409 -0.885761 0.31398
-11.647 6.98501 2.10285
-7.25075 -2.02725 0.917491
-23.4643 11.636 1.63417
-10.0768 8.67464 -0.857226
-25.0648 6.44455 0.659898
-9.31181 6.14246 1.68988
4.18898 -1.97172 0.487639
-4.71228 4.37834 2.05443
-2.68741 2.7211 0.8936
-10.0501 3.11524 -0.828631
-11.4613 5.08173 2.39753
-2.00529 -6.23143 0.970889
1.91285 -8.19464 -0.349705
-13.4633 2.78965 -0.882897
-12.3144 5.91022 1.52024
-14.7559 4.77651 2.2993
-1.48804 -1.02184 2.27016
-10.3444 1.21207 -0.692442
-4.41309 4.12058 1.42242
-3.80307 -4.81002 0.306767
4.58476 1.08396 1.53408
11.3087 0.695029 2.86696
-13.9108 6.58239 2.28175
0.702715 -7.97734 2.68155
21.3066 4.23712 2.96193
-7.98217 4.7805 1.81627
-5.0646 -3.02805 0.687886
-12.4334 5.01536 -0.896247
-13.7539 6.99622 2.28767
-22.2206 13.1381 1.9272
22.5507 3.20306 2.81882
-14.2075 3.84102 1.82148
35.9343 -31.2478 3.47448
-7.60923 1.56427 -0.754158
-13.0089 8.16593 2.27701
15.6929 -0.225518 2.88687
-6.04246 5.44363 1.27256
-5.36221 -0.514944 2.67981
14.1678 -9.02217 0.0375956
-21.2647 14.1183 1.43953
2.90831 -10.1099 2.33632
-24.6095 9.84657 -0.299202
-11.9685 9.3436 2.25104
-9.97073 2.62694 -0.811987
11.9194 3.22034 2.81943
-19.7954 10.119 2.06965
1.45437 -3.40209 2.41026
11.648 0.826807 2.33496
1.83286 -9.29839 -0.290087
-19.5625 10.5732 2.06963
-13.2161 2.89193 -0.875858
-12.1978 6.06883 1.5331
-14.6216 4.90682 2.29722
16.632 3.21977 2.20225
-17.8179 5.05047 1.72401
-21.4205 3.53254 -0.0380301
-16.2424 2.0554 2.32874
0.870369 -2.48026 -0.498424
-12.9689 2.65704 1.89202
6.07182 -4.54461 2.93545
-2.19973 -6.04808 2.07041
22.7286 3.08765 2.69256
-14.0452 4.00625 2.03592
5.55595 -4.09856 -0.387578
-3.99693 -4.61906 2.2156
-23.9492 14.7564 1.92139
-15.8915 5.46696 1.87515
1.55165 -8.78906 -0.320276
-15.0855 5.39896 2.27881
1.57475 -5.31702 -0.425823
7.41871 -3.62537 2.41481
-6.2324 -0.420335 -0.684044
-15.0823 1.91151 2.35464
-1.5665 -6.55943 1.87438
-13.4402 3.54508 2.15189
12.0932 2.54661 0.261823
-8.08129 1.89465 -0.755494
-13.4665 8.52762 2.26647
-13.4133 8.6481 2.26923
-8.48618 -1.05588 0.0866909
-7.47722 2.01981 2.52742
-5.09814 3.24786 1.65905
14.8878 3.68161 1.70353
17.34 2.51863 2.49138
2.06302 -8.02132 2.9548
-5.15441 1.48514 -0.684158
-6.49339 3.31929 2.50869
1.73479 -9.1849 2.44427
-16.7232 2.71895 2.31009
-13.0146 10.8225 1.68243
-7.30848 0.307757 2.54956
0.0694538 -6.36002 -0.422889
1.9247 -9.34295 2.45004
-16.6128 2.93829 2.30077
4.06219 -1.78414 0.115573
-9.89223 5.6515 -0.872683
-11.1928 7.54689 2.3339
-4.40581 4.13468 2.17015
-7.31308 0.495263 2.54642
-16.5565 3.13832 2.29813
-12.4246 4.48813 2.36679
-22.8644 4.69189 1.29486
-7.92857 6.92657 -0.24755
-15.5171 5.92167 2.27112
-0.0110963 0.584783 0.104429
-15.365 6.25729 2.2623
-22.9848 6.05328 -1.13513
3.78434 -1.61265 0.183868
-6.00654 0.760416 -0.700353
-11.9171 6.37225 1.84228
-11.811 6.5267 1.83964
11.9199 0.291483 2.27999
-11.6805 6.71426 1.83667
-9.47902 0.0625861 0.876044
-19.9825 8.13752 1.61077
29.3415 4.54264 2.75084
-11.4403 7.12875 1.84193
-10.4832 6.82146 1.70458
24.8257 4.61776 1.89885
-11.1402 9.47322 1.31211
-17.5582 13.0242 2.03497
-6.15698 3.55478 1.79823
-7.20799 0.377421 -0.7012
-10.2757 8.22658 1.79427
-10.566 8.56591 1.85418
-4.49241 1.0655 2.13086
-11.2018 8.51427 -0.977583
-1.44096 -6.67002 0.369102
-12.5564 10.42 2.22915
-21.4896 16.2747 -1.41574
-14.7421 8.93312 1.71275
-1.88993 2.08811 0.284886
-17.9578 7.05755 1.68081
21.1579 4.34268 2.94489
-19.1231 7.9201 1.67468
21.6486 3.89336 2.93069
-15.5481 9.31822 1.68638
-16.5432 6.15209 -0.686219
-5.14795 -2.95685 0.297054
-6.82366 2.90179 -0.765499
-4.76002 3.51816 -0.754992
-25.1707 13.062 -1.36566
-3.44067 -3.34417 2.75445
-0.696281 -6.09594 -0.440552
-28.435 17.5103 -1.10692
12.7815 2.18047 2.24968
-8.6912 -0.888829 -0.103655
11.8534 0.909808 2.27322
-12.5301 5.70872 1.48129
-2.08323 -2.29069 -0.551931
-3.01653 -5.40484 1.86211
14.3744 3.78654 2.30125
-4.44686 -4.18197 -0.630593
-22.4243 4.31803 -0.123151
-17.3483 2.73867 2.28621
-23.5324 5.74703 -0.521584
-29.2163 16.3123 -1.23315
3.14208 -2.93723 -0.444017
-17.1856 3.47375 2.28174
-1.10082 -5.71833 -0.457719
-17.6676 2.3987 -0.967836
-24.134 5.74372 -0.263627
-16.0598 6.19752 2.22779
-12.9235 3.12921 2.21378
-1.11195 -6.91378 1.89863
-0.0902666 -3.82697 -0.48904
8.46195 -9.92809 2.31943
-27.2984 18.9778 -0.179173
26.5264 -20.0332 1.17624
-16.9043 10.4894 1.6106
-12.0209 6.71306 1.79121
-11.8958 6.74023 1.77904
-11.8413 6.80563 1.77708
-10.8662 7.16484 1.69314
-8.95247 1.45009 2.48845
-4.06592 3.83664 0.946847
-10.6346 7.31126 1.69443
14.6036 3.23009 2.31549
5.7631 0.966661 0.769527
-2.93058 -3.96577 2.78031
-0.200657 -6.67154 -0.414737
-7.13223 3.71599 1.93661
-16.4153 6.27971 1.74686
-0.353602 -6.33744 2.86331
-20.251 12.9085 1.05297
-13.687 9.14614 2.2439
-12.9861 2.92911 1.89213
-19.7227 10.2349 -1.2054
18.009 -16.6672 0.0405041
5.37863 0.329445 -0.489835
-16.3848 5.99484 0.0292373
9.03892 0.109115 2.3419
-8.63501 0.883073 2.52984
-17.964 3.34816 2.26218
-6.68434 4.68886 1.9453
7.1163 -4.89486 2.5832
-12.9957 4.20688 1.69002
-13.7066 4.57679 1.788
11.8519 2.89475 0.534077
-15.0968 5.4851 2.28624
-10.2199 8.72554 0.58374
-17.8008 9.09383 -1.14927
2.30326 -9.68289 -0.225306
-19.1086 11.0605 2.05534
12.0775 2.56987 0.262455
-0.509753 -3.49704 -0.504175
23.3019 3.6772 2.49017
-10.964 4.54413 1.4684
-0.834237 -2.90211 2.19055
-12.7195 7.10588 1.80304
-12.6512 7.27171 1.80545
-0.61772 -2.61656 2.25102
0.426569 -0.350363 0.175107
-12.5297 7.35708 1.79805
-10.602 7.09 1.6045
-23.5367 11.1391 1.46975
-8.04199 5.78306 -0.85734
-14.7411 8.27203 -1.01095
-2.67664 -5.68428 1.09943
-9.64782 6.88573 1.46612
-9.11518 7.82081 -0.945351
-8.9063 4.38932 -0.814386
-10.2227 6.40977 2.38173
-9.9899 4.10103 -0.850478
-1.265 -6.02457 2.83549
0.549598 -7.9511 2.94819
-23.5843 12.0541 1.97613
-9.04163 -0.608522 -1.08925
21.1511 4.34153 2.67207
-15.1961 5.97391 1.62256
19.1766 2.33802 2.38121
-16.162 6.52752 1.73287
27.3888 -31.4462 2.03335
-23.9102 7.09787 1.55638
-3.66619 -1.7401 2.33238
-11.4065 3.61626 1.77371
-13.8908 6.91309 2.29975
-5.08183 4.66322 0.895025
-6.70937 5.07426 1.91101
-5.56388 3.93235 1.91728
3.66394 -1.50232 -0.213212
-4.86826 -3.96975 -0.301345
-17.7142 2.96794 2.02479
-5.6955 4.11885 1.92586
-17.8285 3.09455 2.07205
5.62217 -6.73606 2.38134
0.51116 -8.24713 -0.115362
-9.0924 -0.538817 1.87809
-15.5602 2.9 -0.955022
-14.6644 4.44958 1.7991
-5.49524 1.23558 2.11055
-12.2441 8.61938 -0.998685
-5.06081 4.64404 0.301489
-21.9846 16.0998 1.86232
16.1323 3.31099 2.44116
-4.83959 2.07438 -0.705708
-6.2475 3.97214 2.51295
22.6122 -16.8833 1.12704
-16.6545 2.68131 1.57032
1.01309 -8.60724 1.71216
-4.29438 -4.39933 -0.370281
1.31653 -8.86611 2.12393
-17.1139 2.48563 2.03011
1.97694 -8.36372 2.9553
-19.7461 13.5514 1.20069
-13.2365 7.44522 1.78252
22.4148 3.32418 2.80432
-14.3095 3.72654 1.82966
-13.8968 6.05811 2.31328
-11.4263 7.2364 1.58741
-12.3734 4.07958 -0.889721
-13.7091 6.10423 2.32321
-11.2557 7.25149 1.52537
-19.7602 13.56 1.49459
18.1017 3.37112 2.16107
14.5118 0.71346 2.60339
-11.9838 2.69287 1.82037
-0.69312 -7.25242 1.4093
5.09743 0.190645 1.96902
-8.72783 -0.838518 0.892357
-23.6056 5.91547 0.464039
-6.58329 -0.100817 -0.680057
12.5689 2.62367 0.827353
3.53609 -10.0742 2.36985
-2.00727 -3.25437 -0.534798
41.3071 -0.859715 2.61216
3.46774 -0.472157 0.106807
20.5874 -17.4928 3.21037
-8.52955 -0.999946 1.10009
-11.5085 6.89752 1.49657
-3.81011 -4.77469 1.12197
-10.8809 7.66278 1.48435
-23.6239 9.31551 -1.24896
0.467658 -5.25456 -0.44791
-16.5686 5.04621 -0.690567
-11.4627 3.49307 1.67225
-26.2729 20.1939 -1.40851
20.4588 3.29455 2.31153
-6.89914 1.29664 2.55535
-11.6266 4.25134 1.68937
-19.6831 13.5082 1.78207
20.2867 2.88482 2.28568
-26.4131 20.103 0.441244
-6.46627 3.13629 -0.740091
-19.8942 8.31586 1.60976
-9.33768 0.241317 0.847634
-7.94244 5.78604 1.83836
-3.38004 -4.95516 -0.545047
-15.4788 6.91852 1.78963
-14.4845 8.20577 1.75713
-9.25646 -0.440539 -0.502908
3.39948 -0.564173 -0.0753688
14.6838 0.539926 2.54044
0.88292 -4.65574 -0.455927
1.99904 -9.41455 1.46105
-14.1713 8.34727 1.73594
-7.73165 4.68429 -0.822815
-9.13196 6.73145 2.38146
-9.66111 5.31639 -0.868498
-25.2217 13.0071 -0.11287
-0.770102 1.18446 0.0515617
-3.27602 -0.0993659 -0.622512
-0.518971 -7.38734 1.51755
-14.0277 8.48673 1.73058
45.8424 7.75694 2.37148
15.2643 0.327294 2.45376
-12.2417 2.75194 2.40011
-13.8737 8.66813 1.72696
-10.2469 1.13732 1.49813
-15.4062 2.57881 -0.942477
-0.680095 -7.07292 -0.421395
-17.5604 4.39743 2.01957
-9.0734 0.530331 -0.772687
-12.1342 8.32632 1.55331
14.0753 3.80178 2.34304
-7.27044 -1.12075 2.01657
-6.93176 1.57063 2.5436
-4.56095 2.77781 1.67524
-22.5865 16.5419 1.49136
-19.1194 9.23098 -1.185
-20.4675 11.1065 2.0287
24.3117 5.14808 2.62332
-0.946234 -3.30775 -0.503218
-16.5522 6.15262 -0.904505
-7.22381 3.72121 -0.789423
-0.40021 -6.7125 2.27081
-12.2427 1.89638 1.9183
-25.7519 20.8942 -1.68853
-0.306178 -3.899 -0.4937
23.4672 3.92678 2.47833
4.06032 -10.4232 2.42327
-3.02664 2.99005 0.0907446
22.4389 3.04865 2.39032
2.33103 -9.70173 0.964925
-11.0605 1.90609 1.89544
-8.49037 -1.06169 -0.295445
19.8798 -18.2909 2.97001
2.76666 -9.67273 -0.301812
-15.1356 2.346 1.52267
-17.8966 3.9861 1.82266
-4.83641 -3.22519 -0.10107
-5.30281 1.00486 2.04629
-17.4865 4.44371 1.79385
-17.0271 4.71454 1.76615
-8.38516 -1.3597 1.12533
-0.894422 -1.69833 -0.547284
-9.68955 0.56707 2.12249
-16.0614 6.71726 1.73078
7.90913 -10.0949 2.59929
-5.22852 -2.88041 0.874812
-29.2172 16.5535 0.855869
3.84184 -10.2407 0.222323
-3.58374 3.45772 1.86076
-22.6442 14.4698 -1.38854
-20.8678 8.63972 -0.673478
-15.7724 7.11409 1.72007
0.491572 -8.19793 1.50887
0.590992 -2.43129 2.00233
10.7023 1.67486 2.80726
-4.51717 4.19624 -0.334079
-11.5004 3.03272 1.76246
-15.5035 7.69043 1.72001
-15.2282 8.02659 1.71123
-21.9081 15.5529 -1.39167
-15.2256 8.1137 1.71468
-6.02379 5.39088 0.129964
-4.36318 -0.476605 -0.639935
-9.66165 7.03155 2.3589
-15.7117 3.48042 -0.971088
-3.78031 3.59625 0.0845422
-13.5959 10.2849 1.69425
-22.0818 17.173 1.4627
24.3545 5.07267 2.47266
-14.7003 7.91687 1.96019
26.0474 3.85846 2.6173
-0.57842 -0.127433 -0.212522
18.1301 1.11301 2.69275
-21.0834 9.81773 1.73629
-18.2434 4.21487 1.74253
-16.6099 5.03351 0.389875
-18.0681 4.40987 1.73136
-16.6422 4.17012 1.59702
-7.26514 -0.101785 -0.70521
-23.4754 5.17335 0.81625
-5.72041 4.72294 2.49987
-4.36218 2.75129 -0.720052
-17.8674 4.71098 1.72013
-15.431 6.28245 1.55073
-16.5567 6.14844 -0.694374
-15.4753 9.21266 1.67627
-7.51716 1.26086 2.54723
3.72474 -0.125057 0.27428
-2.52265 2.58115 0.219923
-1.87331 -6.3205 1.53891
-15.3308 9.54449 1.68047
-21.9501 17.0739 -1.42278
-15.2141 9.70044 1.67914
6.78697 -5.29511 2.65054
-6.87375 4.68882 1.94565
-9.88261 2.70144 -0.806981
-11.1892 4.69704 2.39545
-1.69882 -6.47188 0.910083
-2.35074 2.45155 0.89416
-12.8309 10.5301 1.54439
12.4851 3.04509 2.22151
-3.02295 2.98114 -0.346637
-4.70921 3.91698 1.87678
1.73709 -7.53625 2.92081
-19.9712 12.8926 1.34156
-4.32882 4.0712 1.90044
-5.65148 1.3516 2.04558
-10.3129 1.72485 -0.8228
-18.1675 3.6413 1.96967
-23.3988 5.10578 -0.416415
14.6218 -10.5194 0.698673
-15.3536 9.07587 -1.07736
-8.00521 5.90043 -0.84893
-9.36742 7.86775 2.33943
1.5029 -1.09089 -0.498094
-19.9442 2.4637 1.75088
11.2348 0.314335 2.64777
17.0787 -7.433 0.774204
-27.5508 18.6645 -0.185002
-12.9604 5.88742 -0.930541
-17.5111 3.37499 1.55358
1.49816 -3.32215 -0.471178
-19.9544 4.74261 1.78688
-21.3123 3.45615 1.35411
-6.4138 5.71734 -0.0169143
1.70597 0.0222838 -0.432674
-7.56727 1.88467 -0.757326
-2.79476 -3.12427 2.75538
-0.0904236 -5.70658 -0.43056
14.9541 3.62622 1.13412
-21.0186 10.4231 2.04393
-15.7388 8.91932 1.57567
-0.157667 -7.6742 1.95573
-25.2416 13.0992 -0.322092
-12.0159 2.38974 2.04095
-20.1813 11.5995 2.02734
-18.6586 9.70186 -1.17623
-0.0859075 -7.73464 2.04894
-11.916 2.30036 2.06018
-20.044 11.6864 2.02126
-19.9642 11.8046 2.02048
-5.25225 0.504177 -0.672562
4.17849 -10.6935 2.45225
-2.49583 -5.82123 1.72136
-14.3418 4.27832 2.27878
-15.9563 10.1078 1.64519
4.34712 -10.8003 2.46829
-15.8667 10.2569 1.64561
-1.4919 -1.10005 -0.574013
-21.6561 16.4799 1.85981
-9.46869 2.43388 1.81046
-17.6026 11.7657 1.84428
-17.5754 11.1099 -1.18294
-19.0463 13.0717 2.01232
-3.31916 -4.26704 2.17213
2.16827 -9.09133 -0.323008
-20.9058 16.2914 1.16532
-24.7149 14.6088 -1.38324
-1.70179 1.93337 0.496988
-18.6619 13.4339 2.01293
-3.2362 -5.235 1.09845
-10.2581 7.25986 1.46195
-18.373 13.7185 1.9974
-18.1901 14.0199 2.00013
-8.2976 6.4774 -0.89511
-18.0244 14.0709 1.99184
-12.2577 9.68943 1.36031
-3.03203 2.99635 0.291508
-1.55142 -6.25204 -0.466406
-27.871 15.0947 0.00837302
-4.44617 4.15532 2.47949
-3.10331 2.20311 -0.684157
5.84233 0.164535 2.25702
-23.2573 4.98257 0.841305
-4.34324 2.68869 -0.715144
-5.66554 4.50576 2.48974
28.8891 5.194 2.55622
-18.8973 7.82936 1.65622
1.25776 -8.442 2.63847
-7.67443 4.79598 1.73007
6.77694 -5.23205 2.30086
38.042 -28.8758 1.85193
-5.48 -0.840626 2.66041
-21.3039 13.867 1.43459
-9.84708 8.31631 2.31718
-10.1969 1.96588 1.79524
-5.62933 4.5947 -0.791638
1.28982 -3.09293 -0.477507
-20.23 4.47949 1.67783
-6.33633 5.66186 0.58639
14.1456 3.42346 2.17687
1.3028 -3.50574 -0.472518
-20.2396 4.93984 1.68703
-14.9558 2.85476 1.71048
-18.9507 7.51297 1.65061
-24.6029 9.83977 -0.624349
2.94303 -10.1033 1.91611
-19.5676 8.38836 1.72333
-2.93846 -2.77603 2.75378
-28.0173 18.0324 -1.16324
-21.21 10.6776 2.06751
-0.209369 -5.44936 -0.444641
24.8541 4.50574 1.28801
-7.11577 4.90105 1.92916
-0.697671 -2.30836 -0.533895
-15.2546 10.4523 1.49537
-20.003 13.9068 1.97254
-19.7359 14.0834 1.96308
-5.27234 -2.87172 -0.308312
-7.49551 1.25387 2.53731
3.83167 -0.0734041 0.250606
7.71524 -6.77084 -0.288487
24.6844 4.75208 1.87563
-0.840169 1.24252 0.485276
-17.807 12.8699 2.04437
-0.187713 -7.66217 1.31475
-11.3448 6.51849 1.85995
-8.30211 -1.2291 0.625974
-20.4184 9.05168 1.66636
12.361 0.351811 2.2889
21.9087 -15.9345 1.88703
1.09468 -8.15855 2.41689
-14.8768 2.96082 1.60148
-15.4926 9.03025 -1.08321
-8.82295 1.73712 2.01759
-19.8724 8.52243 1.61426
21.9439 3.83181 2.80106
1.26869 -8.4327 2.74756
-22.8787 12.5052 1.94663
-17.8414 11.1489 1.57041
-6.40273 4.59979 2.02557
6.38375 -7.34083 2.4044
-17.7014 11.2893 1.56717
-5.27183 -2.85814 0.300061
-11.0242 7.57481 -0.935744
-20.8423 15.0692 1.92001
-6.22835 5.57948 0.634543
-7.88881 -0.781538 2.05768
-4.18268 3.93503 0.395477
-18.118 4.89375 -1.01908
12.5337 2.64196 0.926326
-4.57257 3.82359 -0.760689
-1.77345 1.99182 0.539343
-1.11617 -6.9194 1.28028
-18.6708 13.584 2.0105
-22.717 6.13932 1.60853
-24.4647 5.97447 0.87585
3.20185 -1.12986 0.871211
-9.65172 8.12174 2.33709
-8.32403 6.29487 -0.887403
2.76159 -4.46425 2.43219
-21.4488 8.50369 1.57703
-21.0062 8.55372 1.48267
6.56176 -2.85299 2.39132
5.44302 0.184255 0.208355
-18.6925 3.89912 -1.03551
-18.7651 4.09479 -1.04158
17.7475 3.53098 2.35442
-24.7225 14.0092 1.60249
-20.5738 9.42566 1.54663
0.87852 -7.10007 -0.392275
-24.6743 13.0945 1.90932
-24.523 13.305 1.90699
1.80977 -8.32323 -0.347312
-28.699 15.8693 -0.474155
-23.6454 14.3735 1.89129
-12.1588 9.61159 -0.746113
-4.06523 0.324725 -0.646227
-20.3393 13.9568 1.68577
-6.22183 0.382314 -0.683214
-8.69554 -0.881599 0.0889161
-21.5937 3.64626 -0.35059
-19.1597 4.92621 -1.07287
12.3281 2.32928 0.113116
-10.6712 4.90201 1.56146
-11.7612 1.70835 -0.862464
-13.0802 3.72993 2.35179
-10.9187 3.68256 1.70723
-14.9696 8.27446 1.70738
-29.0933 16.7237 0.065663
-12.8459 2.66259 -0.866044
-14.118 4.57227 2.29821
-2.90226 0.236388 -0.625319
-25.9983 7.20185 0.858164
-12.9575 2.52709 -0.865589
-14.3583 4.45514 2.32784
-4.91802 2.55355 -0.704335
2.20658 -9.2068 2.78538
-2.09744 -6.12819 2.10522
-20.6535 11.3699 -1.27904
-6.95306 3.24959 2.15772
-4.01827 -4.62374 0.307694
-26.8518 14.3808 -0.742264
-24.5403 15.5407 -1.39952
5.36412 -0.0366837 -0.255487
-25.0426 6.44123 1.61362
21.0091 -16.9706 3.21001
13.8864 -9.37187 0.792639
-0.498277 -1.69613 -0.538867
-8.06784 -1.40095 1.16327
15.0863 3.38713 2.10749
1.69471 -8.62913 -0.338542
-3.82929 -4.74287 2.19335
-14.8618 12.326 0.384672
-21.3121 15.8014 1.16276
-25.9268 7.18 1.67886
-0.967556 -2.12058 2.25652
-12.851 7.86525 1.76861
16.251 2.5383 2.26534
-22.1815 10.4665 1.54967
-7.11339 4.69551 -0.819585
-23.9265 14.9519 1.76035
0.493518 -3.29835 -0.494432
14.2931 -8.86073 -0.00763726
-23.1028 4.89402 1.33155
-8.23837 7.16784 -0.170014
-2.88739 -2.103 -0.57111
12.5736 2.69893 2.85202
3.38069 -0.57997 0.117035
-10.5075 4.50248 -0.842086
3.3504 -0.618543 0.106288
2.22015 -9.62418 0.525475
-8.9858 7.57431 2.35284
-7.55909 5.627 -0.843679
-10.0422 0.959454 0.505545
3.70842 0.0515832 0.511703
16.2108 3.22363 2.44999
-3.07368 3.02356 0.141264
-13.0084 2.2174 -0.860469
-2.45099 -5.85972 1.70041
-16.0172 10.0092 1.6451
-20.0923 2.48278 1.0791
-22.5993 4.50162 1.30088
-8.98562 6.5811 2.40267
-23.0914 4.88141 1.30276
-3.39439 -3.77996 2.76879
-0.678172 -6.5345 -0.438249
-10.8695 6.28899 -0.912163
-6.00911 1.11923 1.76542
-24.7337 6.19445 1.44401
12.6542 0.194607 2.26729
3.9925 -2.46492 -0.444757
-27.2897 18.9751 1.05564
46.0551 6.64807 2.17451
-17.2304 3.10061 2.27891
-3.0262 2.9905 0.955389
-7.91283 0.511353 2.53348
-25.0587 13.6004 1.60933
-13.2628 5.2239 -0.940883
-5.58704 5.06435 0.653041
-13.1851 5.3185 -0.947476
13.9177 1.89448 2.12757
-12.9781 5.75147 -0.946024
3.11719 -9.88033 2.33934
-21.1335 13.9413 1.4288
3.0268 -10.0234 2.3227
-21.0642 14.0818 1.42993
-2.2744 -3.08905 -0.543282
-20.9348 14.2759 1.43
27.5111 -23.0114 0.26417
-15.194 4.35513 -0.941752
-22.3078 16.8915 1.47676
-2.25004 2.36403 0.0930206
14.1086 -9.03004 2.48243
-8.38569 7.23559 2.38923
-6.91872 5.33982 -0.8346
1.41089 -7.85345 -0.366768
18.3753 3.68899 2.07881
-24.1208 13.8635 1.90154
-5.03213 3.8563 -0.770683
17.0608 2.47811 2.45123
-18.3662 2.66862 -1.00632
16.891 2.13495 2.52378
-18.5199 2.98173 -1.01714
-5.79681 4.42811 -0.792603
-26.317 7.80844 1.29047
-5.52297 1.51617 -0.696256
-6.89298 3.48131 2.49882
-20.6006 9.35228 1.3937
-24.6816 14.0847 1.42443
19.2239 2.25057 2.39503
1.70506 -8.01959 2.94451
-20.0155 13.2011 1.20211
-20.6692 10.6412 -1.2441
-19.6374 13.6695 1.14356
-13.4564 10.0906 -1.06434
-4.28177 4.03032 1.30087
-6.63332 2.74933 2.01782
-26.0869 20.4833 -0.563606
-22.7015 16.4113 1.40402
-6.3457 4.1846 1.59431
47.6403 -36.6813 1.7461
12.1946 2.4844 2.84194
-3.75219 0.673034 2.12318
-10.5574 8.08679 -0.959759
-0.84533 -7.15309 0.345856
-3.61998 -1.55222 -0.599168
0.891499 -8.55095 -0.0943226
-2.63207 -0.617145 2.2034
-6.39361 0.0168298 1.86958
-4.65314 -0.241238 -0.652162
1.53751 -7.25571 -0.385711
-19.93 8.69109 1.89367
2.98625 -1.46527 -0.435582
-9.60305 0.590195 0.362251
-1.57583 -4.01146 2.78594
-7.95358 -0.484954 1.96253
-12.2811 1.74838 1.9208
-24.9153 14.9382 -1.39847
-19.818 13.4159 1.04925
4.47278 -5.84076 2.76009
1.74767 -8.45802 -0.34587
-21.4071 15.6823 1.15102
6.59794 -4.82936 -0.344459
-3.08092 -3.75168 2.1264
2.5051 -9.47262 -0.309413
-20.5915 16.6837 1.16145
-1.42934 -6.66117 2.21389
12.1928 2.57173 0.49497
0.525231 -0.0516979 0.113868
-14.8396 5.87176 2.27818
-10.0042 6.13423 -0.888478
-4.90905 4.53864 1.59337
-11.3219 8.07803 2.31748
-4.20303 -4.47054 0.268666
-16.3167 10.8433 -1.15485
24.7649 4.74053 1.90689
-0.0972068 -7.73125 1.28643
-17.6769 12.8617 2.03493
-5.93913 0.909449 -0.695284
-22.6385 4.50624 0.0959929
2.32377 -9.67404 2.05253
1.24345 -6.48829 -0.402299
-9.60312 -0.174332 -0.932708
-0.092003 0.656578 0.412753
-19.6509 14.9537 -1.33992
-6.10169 4.10036 2.5079
-4.69786 2.11706 -0.705886
-25.879 13.6328 1.10324
-8.1444 1.43408 2.55345
-5.76412 2.61789 1.88934
-28.3346 15.6016 1.22077
-7.53466 0.710209 2.54998
8.19411 -5.90617 -0.295082
-16.0258 10.0145 -1.14081
-23.5906 17.502 1.10834
-27.8999 18.2591 0.69629
-10.4455 8.51891 -0.978703
-17.8344 4.0082 2.26281
-26.1138 17.2226 -1.50604
-15.4325 9.70728 -1.10131
-8.64937 2.31139 1.98469
-19.181 13.086 1.54125
-15.1206 8.44498 1.61194
10.4192 -11.1814 2.63933
-6.7114 2.70815 -0.747539
-5.07566 -3.03198 0.100032
-5.2744 -2.85912 0.0979147
-22.5733 4.64035 0.733037
-3.99459 3.80726 2.00981
0.873853 -3.33407 2.32281
-25.0076 13.2705 0.669045
-20.9918 8.55078 0.720844
-20.6318 9.00063 0.715835
-10.2182 7.5807 1.73426
15.7984 2.04793 2.26489
-22.626 10.8438 1.55843
-4.66399 4.30257 -0.386119
10.5364 1.56385 2.81795
0.453693 -8.22853 -0.801137
-26.5531 19.9508 0.632808
-17.954 3.87581 2.084
-5.07158 -3.04143 -0.301262
-2.37612 -4.56207 2.79439
3.5468 -4.93204 2.90877
-23.391 11.6017 -1.09247
-9.0756 7.25584 2.36848
-11.7537 10.0126 -0.838034
-7.65895 5.31135 -0.834988
-20.8531 8.71417 0.503219
-12.2855 7.10655 -0.946642
-13.6339 9.11296 2.236
-25.7169 6.94662 -0.710371
0.855474 -4.13701 -0.465222
-6.29367 2.72014 2.21416
-12.9799 10.1489 -1.04123
-8.16556 5.04668 1.72867
8.29493 0.634538 2.3133
-11.9587 1.56636 1.97294
-16.026 6.29661 2.02163
-13.1931 9.78497 1.73364
-19.3652 10.3501 -1.19212
2.07023 -9.50276 0.054223
-8.15457 1.28776 -0.751267
-11.5292 2.55309 2.40834
-19.1553 14.7625 1.95801
-2.90106 2.87805 -0.244768
-23.5508 11.1414 0.496564
-25.3576 13.3577 0.546259
-27.468 14.9021 0.504965
12.7033 0.625027 0.241673
10.1747 -7.01667 -0.259631
-7.30023 3.6577 1.99482
0.710456 -7.69997 2.35933
3.70109 0.0669867 0.275138
-8.54782 -0.998941 0.08906
-13.1789 2.05887 -0.853081
22.3358 3.10447 2.38034
-16.1171 9.8665 1.64598
-22.1131 6.42921 1.67007
0.40719 -8.13354 1.92149
3.39184 -0.356211 -0.478058
-9.24352 -0.45302 -0.104666
-19.204 7.67891 1.67338
21.5035 4.04865 2.93802
-10.7456 5.63506 1.89137
-8.86487 0.0282887 2.57729
14.2764 -8.87687 1.30217
-8.16039 7.12785 1.09793
-10.5891 5.9305 1.87883
-27.0551 14.4651 0.407421
3.24416 -9.91891 2.40735
-8.08644 7.06358 0.0768041
2.15364 -9.60628 0.0721113
-10.2859 6.25175 1.71121
-14.0962 8.24928 -0.995197
-23.3385 11.5138 0.135782
-9.95446 4.33519 1.82016
-9.47235 0.0346505 0.0611714
0.473172 -6.07479 -0.424271
2.33694 -9.08558 2.44052
-16.1826 2.65386 2.33153
21.2057 3.51289 3.05679
-23.3699 5.10218 1.34965
2.21753 -9.61099 1.00069
-22.6628 6.72238 1.61454
-8.29953 4.26912 -0.809391
-9.60694 6.16847 2.39662
-24.819 6.22431 1.59584
-28.1718 17.889 0.0589144
-1.10625 -6.91818 1.52077
-1.78847 1.99973 0.263438
-14.6087 8.91592 1.70129
-14.795 8.7198 1.70679
-3.90693 2.50366 -0.702686
-0.204455 -6.29524 -0.424945
-2.9043 -3.48681 2.77085
-18.88 11.2127 1.34593
-9.31847 -0.0893863 2.05608
-9.52184 6.7055 -0.917079
-1.70305 -0.6775 2.09513
-13.545 9.35072 2.05955
-26.4449 20.0308 -0.57993
-9.34887 0.192571 -0.0616498
-10.1048 1.00568 -0.119921
-3.95725 2.30748 1.70622
-8.05415 6.97782 1.71206
1.96303 -8.89278 3.00098
-1.10088 -3.29182 -0.51776
-16.7978 6.36299 -0.974145
1.97593 -9.42747 -0.23164
-19.4076 10.684 2.06239
21.5155 0.785491 2.64528
-16.822 12.0579 1.30938
2.16134 -9.55475 -0.237592
-11.2284 1.52599 1.95839
-19.2187 10.8895 2.05635
8.59931 -9.76546 2.17842
24.5674 4.88607 1.86898
-17.9157 12.7007 2.04385
-15.9627 4.59368 -0.964989
-0.344902 -5.07028 -0.461711
-16.4321 5.21376 -0.884642
-26.1533 20.3789 -1.61878
-11.3354 3.7065 1.55131
-7.42876 0.550176 -0.723048
-7.72617 -0.904672 2.05727
-5.7093 5.14621 0.309234
-27.8885 18.231 -0.502951
-14.893 6.71136 1.51996
-4.56032 1.88604 -0.691166
-5.89216 3.89918 2.51254
-16.4593 2.54515 1.54986
6.17655 -4.70755 2.30316
-10.733 8.12877 -0.962065
-1.01902 -7.01757 0.310884
-12.0722 10.1269 2.24146
-16.5279 6.14516 -0.306606
-12.93 9.34475 2.26807
-7.51196 2.716 -0.775573
-1.88144 -3.75706 2.77919
-8.25803 -0.303748 1.9842
-20.1012 9.73672 2.07931
-18.2183 3.3929 2.29266
-26.5539 16.5925 -1.50742
-5.46537 4.81843 -0.796856
3.77689 -0.115433 -0.272984
3.00318 -10.1261 1.89059
-24.5947 9.8365 -0.664793
-20.4257 9.20672 -0.52709
14.2925 -8.81076 1.88776
-4.0652 2.35406 1.68224
2.05508 -9.47726 0.682988
-2.00929 2.17993 0.243932
-24.0163 14.0001 1.90004
1.47375 -8.06554 -0.342823
3.62648 -10.2425 -0.0859077
-10.0649 0.984488 0.690688
-20.606 9.06238 1.46607
-2.50436 -0.367285 -0.597836
-28.5798 17.3703 -0.180467
-11.3155 1.82221 2.15719
-28.1698 17.8573 -0.820794
-28.2206 17.8748 1.25999
-25.3008 6.66664 -0.779179
-19.2828 14.6715 1.96131
-18.8305 15.0728 1.95283
-15.3955 7.75612 1.71371
-20.4231 9.20106 -0.667204
-3.82809 -3.83826 2.75858
-28.8289 17.0122 -1.16124
-1.14505 -6.59649 -0.445732
9.27969 1.37548 -0.451443
-23.4416 11.2662 0.345104
12.5328 2.76268 2.8085
24.6832 3.88861 2.48364
-8.11613 5.68746 1.54325
5.81617 1.23348 2.00681
-1.31694 -6.72967 -0.486954
-28.9522 16.8709 -0.998498
-6.71803 -0.293593 2.60296
5.78808 -4.73675 -0.363059
-28.9229 16.924 -0.575198
-11.6113 1.43284 1.94948
8.00373 -7.68394 -0.274863
-10.4591 1.27753 -0.381188
-26.5966 19.8519 -0.349447
-17.5193 13.687 2.02536
-16.1071 11.7046 -1.13626
-23.5218 5.66478 1.65386
-0.387809 -5.72896 -0.451852
-28.184 17.8288 -0.983881
-15.8304 4.1564 -0.949127
-28.0454 18.0139 -0.954891
4.66315 0.0945878 -0.397988
-3.07378 3.02635 -0.210178
-9.75742 5.44977 -0.868867
-11.2 7.4866 2.32947
-3.23319 2.10388 2.62917
7.06014 -17.872 2.82124
-1.82956 0.269591 -0.598736
-10.2925 5.82153 -0.876835
-11.6292 7.71857 2.32571
24.5738 4.8383 1.44754
-7.42999 4.56495 1.70478
-9.58495 4.75232 1.91666
0.54275 -6.46551 2.87767
-2.69556 -5.696 -0.302496
-10.5302 6.09565 -0.890432
-11.903 8.06108 2.31051
-9.40411 7.26653 -0.934308
-12.6243 8.66336 2.26967
-5.1607 -2.96476 -0.30393
23.304 3.02129 2.33303
-13.3868 3.96415 2.34469
-10.4686 6.67663 2.37465
-8.91037 4.91043 -0.846231
-10.3278 6.81267 2.36641
-8.85148 5.25247 -0.840649
-3.25023 -5.22463 0.269514
-6.18497 2.65124 2.35987
-10.301 7.31449 2.35362
-6.50172 2.89736 2.32577
-10.5468 7.56796 2.33746
-0.192077 -2.98894 -0.506083
-22.9195 16.1444 1.40515
-28.4543 17.4702 -1.44223
-0.509228 -6.52417 -0.428676
-25.9997 7.19866 0.856495
-2.90502 0.0975336 -0.620142
-11.0951 9.33062 -0.649791
1.89202 -9.37226 -0.460016
-18.089 4.29754 1.7308
-19.8633 3.64887 -0.973766
-0.304524 -3.51962 -0.504392
-15.9632 6.08299 -1.015
-1.42983 -6.66604 1.87653
-13.2903 3.4186 2.18573
-5.44655 3.83299 2.519
-4.10272 1.90905 -0.68903
-14.9913 7.54599 1.77133
-6.0066 5.39565 0.273757
-24.6452 9.68331 -1.27505
-25.1241 12.8428 -1.35883
-23.03 6.22065 1.62934
-20.2511 15.6095 1.9087
-17.9923 3.69465 2.27274
-26.3533 16.9203 -1.50772
-3.78684 -4.78957 1.29772
-14.9149 12.3244 1.25496
-9.24462 1.89893 1.98045
-19.617 2.90847 -0.0590627
-26.9841 19.2793 -1.5927
-0.800757 -7.21055 -0.0825364
-24.7205 9.71237 0.676864
4.82509 0.989199 1.67608
7.27927 1.09478 2.28434
12.3203 2.56814 -0.142591
-10.8474 9.12925 -0.725699
5.34239 0.824876 -0.259796
-20.8573 8.73126 -1.32052
7.2573 -0.0661651 -0.395975
-4.42186 -4.28579 0.700057
-5.08868 4.67042 1.10828
24.6418 -20.9322 0.203857
-6.46129 -2.68022 -0.491875
-18.1413 2.29582 -0.991498
-28.1097 17.9617 -1.73385
-18.3671 2.84161 -1.00776
-3.44241 3.33409 1.30042
3.09582 0.239355 -0.388822
-5.73488 2.10392 2.05156
-2.70234 -5.68592 0.506789
-18.5197 3.10079 -0.99687
-27.8305 18.3132 -0.101088
-9.15124 0.902916 -0.781506
-18.557 3.45691 -1.02354
-20.6659 8.92958 0.276927
11.3284 0.486879 2.85972
-12.4859 4.65429 -0.89842
-13.9061 6.71013 2.28896
-2.9569 -3.73135 2.77333
-0.209453 -6.37541 -0.424859
-9.40128 -0.261944 2.03691
-19.9051 7.89157 -1.16142
-10.3541 1.23972 1.20316
-2.59552 -4.10199 2.78378
-9.00607 -0.604779 2.00135
-20.8353 8.63099 -1.22387
-3.02981 -5.42352 0.0946271
-3.65605 3.51445 1.73063
-4.68365 0.332054 -0.657562
-20.4683 9.07523 -1.21451
-19.8944 9.71191 -1.20094
-28.807 17.0306 -1.81596
-20.0608 13.106 -1.3114
-9.21628 1.10867 1.88953
2.88805 -2.32615 -0.463128
-18.5229 3.74268 1.75815
-20.4338 12.4209 -1.29737
-5.43748 -2.73676 -0.106337
-18.379 4.12631 1.75249
33.6129 -34.3601 2.37755
-20.3359 12.8799 -1.30601
2.30151 -7.88928 2.95243
-26.1532 20.4139 -1.80057
-7.08244 4.89369 -0.836091
-11.2108 9.55198 -0.798842
5.4999 0.731054 -0.30055
16.086 2.77519 2.35171
-3.21313 -3.52501 2.76356
-9.60677 -0.117649 2.01555
-0.50835 -6.24334 -0.432051
-9.13863 -0.533108 -0.300249
0.518779 -8.21933 2.11737
3.54496 -0.383435 -0.292427
11.2599 0.345232 2.36428
-10.081 0.99239 0.0833262
-20.5951 9.05142 0.818989
0.809004 -6.63902 -0.408541
-22.6061 10.8647 1.71428
-16.8753 4.86531 1.75502
0.453474 -8.23157 -0.564484
-9.93941 0.886579 -0.707155
-10.8363 1.40595 -0.658985
-0.519453 0.98785 0.0907155
-2.8748 -0.282719 -0.614653
0.52402 -8.25588 -0.127221
-15.5891 3.05416 -0.958492
-18.7273 11.5417 1.37167
-15.7077 3.65834 -0.956449
-26.4376 7.52689 0.835006
-3.30686 0.497593 -0.641631
-4.51823 3.56781 2.53581
-3.2166 1.55394 -0.666395
-0.28941 -4.32267 -0.479986
-15.8779 5.30268 -1.01023
-6.61856 3.87707 -0.792003
-0.327012 -3.24906 -0.506105
-15.9606 6.38585 -1.03751
-0.349894 -3.05257 -0.509434
-16.0015 6.51641 -1.04276
-9.43994 0.101084 2.06606
-16.0591 7.46495 -1.05994
-8.60871 4.72183 -0.83534
-10.0269 6.61398 2.37123
13.9902 -9.53968 0.736103
-15.9591 8.012 -1.0684
-15.9452 8.15234 -1.08096
5.16058 -12.0734 2.15922
-15.9383 8.27256 -1.08392
-9.22675 1.26916 2.03436
-16.0301 8.57154 -1.09726
-9.03086 1.6437 2.03234
-4.24358 3.98507 0.524323
-15.7862 8.91078 -1.09497
-8.86005 1.66734 2.04685
-15.6479 9.05892 -1.09145
-15.7229 9.29658 -1.10262
-1.43229 -6.66545 1.71372
-13.2557 3.39437 2.29513
-10.9137 4.6044 1.57617
-8.94938 2.31098 1.99325
-15.6205 9.62841 -1.10769
-24.7182 12.4464 -1.33212
-8.59685 2.49595 1.9843
-15.383 9.83368 -1.10556
-27.6728 18.4968 -2.01021
-12.6843 2.12274 1.90622
-7.88688 3.51499 1.97182
-14.6982 10.9044 -1.10487
-7.10873 4.11524 -0.798011
-11.1858 8.84298 -0.860629
9.08532 -9.59856 2.90109
10.4378 -7.576 -0.247443
-13.7982 11.6136 -1.08883
18.5149 -12.8727 2.74145
5.46928 0.434012 0.675056
1.39647 -4.27847 -0.457777
-5.18848 4.28423 2.51795
-22.8879 4.7011 0.880941
-3.86982 2.30852 -0.6913
-7.91809 6.9156 -0.699062
-7.22048 -0.308103 -0.701434
-21.2511 3.39169 -0.117461
1.70227 -8.48248 2.38995
-3.80373 -4.81162 -0.46382
-12.0571 3.36815 2.39408
-10.736 1.39107 -0.753283
-1.9008 -2.89545 -0.541066
-13.4067 2.07191 -0.903847
21.9941 2.85268 2.47407
-13.3731 2.15081 -0.902451
-7.49162 1.10054 2.54019
-26.8152 19.6432 1.05692
-24.4028 5.92156 1.1012
-1.89794 -2.69599 -0.549439
21.9249 2.70702 2.46437
-13.3797 2.27843 -0.904283
-1.89408 -1.50432 -0.569966
-13.4955 3.33545 -0.926334
5.00202 0.80619 -0.333565
-2.03178 -1.2535 -0.579883
-13.5763 3.67882 -0.923447
-9.42678 -0.274568 1.06467
-13.4089 4.46238 -0.928799
-16.4905 12.8683 1.42852
-13.3868 4.97471 -0.951727
2.59934 -4.33807 2.42568
-17.4938 3.65057 1.55675
-11.923 9.35987 1.36805
-12.9001 6.29462 -0.956667
-0.684454 -7.26411 1.12797
-12.8444 6.7127 -0.965932
-12.8138 6.84757 -0.968335
-12.8137 6.97246 -0.964781
-12.8215 7.15814 -0.978729
-12.8422 7.30636 -0.976943
18.3785 0.900457 2.84925
-12.8152 7.4509 -0.968825
-12.8016 7.72959 -0.987488
-12.6674 7.91139 -0.995507
-12.6004 8.08604 -0.997954
-9.75711 5.50693 2.16593
-12.5722 8.17734 -0.999688
-2.2071 2.33105 -0.305144
5.46231 0.4238 0.0920711
1.88578 -9.38137 -0.675712
12.4388 2.23405 0.073967
-13.122 3.89376 2.36621
-11.7901 1.86057 -0.866199
-13.1326 4.27996 2.36685
-11.844 2.28112 -0.875351
-14.9616 5.74518 2.27899
-10.5976 7.55912 1.45131
-11.5559 4.49875 -0.900114
3.11797 -8.38923 2.96381
-1.11107 -6.92239 2.0753
-12.9212 3.11173 1.96948
-21.0952 12.3834 1.98067
-10.2529 8.01319 1.62453
-11.3668 4.86813 -0.884162
-9.47784 -0.259346 0.300327
-11.1212 5.68408 -0.90665
10.0994 -9.67174 2.39641
-11.0718 5.91836 -0.91137
-11.0565 6.12999 -0.917744
-11.0155 6.28518 -0.920694
-10.9633 6.3898 -0.921215
-10.9515 6.51878 -0.925242
-5.80464 5.22973 1.43806
-10.871 6.70449 -0.923532
-10.822 6.97009 -0.934536
-3.76937 0.340602 2.16146
-10.5664 7.71079 -0.949969
-3.84661 0.519735 2.1538
-11.9939 9.8857 2.24687
-10.5957 7.87795 -0.953747
-20.3576 15.4934 1.90975
-10.3189 1.92183 -0.825973
-10.2312 2.29784 -0.825219
6.5736 -7.19434 2.19312
-18.6677 8.05575 -1.12159
-19.9742 9.90322 2.0755
-10.2026 2.42333 -0.825248
-1.57466 -3.53068 2.78096
-3.94351 -4.66015 1.96767
6.69168 -7.05818 2.1637
-19.9006 10.0193 2.0742
-10.1881 2.51917 -0.825917
11.5596 2.29822 2.83208
-10.2263 3.51846 -0.851163
11.5797 2.11812 2.82869
-10.2175 3.66378 -0.844126
3.85111 -0.117763 0.121906
-10.1726 3.92448 -0.858173
-1.36207 -6.00794 2.82904
21.094 4.30894 2.64841
-10.1 4.10502 -0.845375
-10.094 4.32734 -0.864418
33.521 -34.2768 3.5808
-9.97343 4.56848 -0.863463
-8.34515 -1.15747 0.240964
-9.93548 4.67889 -0.853656
-9.85588 4.87603 -0.852806
-9.69678 5.66831 -0.876569
-9.68683 6.30253 -0.909799
-6.7583 4.22912 2.24362
-9.5601 6.91057 -0.928716
2.75992 -1.13849 -0.433193
-28.4736 17.5729 1.13198
-27.1399 17.4493 -1.54659
-16.3068 5.46773 1.51969
-26.0554 20.5825 0.765812
-5.83828 -2.65117 -0.622921
1.07583 -8.72996 -0.692982
0.094866 -5.30538 -0.446029
0.0935156 -7.95893 -0.680963
-15.7057 4.25834 -0.966579
-0.0340998 -5.36253 -0.455362
45.7877 8.12821 2.11923
-8.58246 -0.68434 -0.731568
-9.17786 1.105 -0.785644
-9.21418 1.31067 -0.790984
-9.2185 1.45579 -0.793178
-9.18325 1.56598 -0.791738
-18.3719 4.38932 -1.01942
-9.14214 1.9076 -0.793772
0.137983 -6.30554 2.20442
-20.0123 5.80589 1.29955
-0.917771 -7.08042 0.905144
-1.59523 1.85015 0.853153
-9.12296 2.16815 -0.797026
6.78805 -3.95149 2.28881
-18.4156 4.91343 -1.03468
-0.970711 -7.03655 0.969234
-9.13214 2.31875 -0.800832
0.361084 -7.60291 3.00037
-18.3748 5.06881 -1.03003
-8.04169 5.63402 1.5588
-9.08581 2.4859 -0.800666
-9.10111 2.88485 -0.811536
-8.05038 7.03449 1.5468
-9.08465 3.89602 -0.84031
-9.02924 4.39759 -0.836408
-2.05371 -5.75099 2.31716
-10.2621 6.45553 2.39282
-8.97091 4.55174 -0.855234
-13.8639 4.39505 1.79995
-2.01704 -5.59178 2.27453
-8.95557 4.71123 -0.84582
-8.59481 5.51751 -0.852352
20.7302 -0.473271 2.45923
3.06489 -0.971287 0.807037
-8.44967 6.06701 -0.868481
2.62697 -9.94183 -0.266559
-9.43183 0.0828972 -1.10519
-17.5008 9.41777 -1.09685
-8.22486 6.87951 -0.911825
-8.15273 6.98697 -0.911343
0.693715 -4.897 -0.449393
0.51986 -4.93223 -0.451132
0.213477 -5.04545 -0.456287
21.9354 -15.9238 1.29443
0.0764195 -5.01095 -0.457841
-16.5046 4.45183 -0.973761
-0.984279 -5.11703 -0.467345
-6.28701 4.08998 2.49972
-4.87803 2.1874 -0.704224
-7.69014 -0.707121 -0.702136
-6.2894 4.28054 2.49749
-4.8693 2.35584 -0.709532
-7.77089 -0.498785 -0.707984
-8.24149 0.483631 -0.750735
-8.29101 0.896293 -0.758376
-7.25844 4.99118 1.59702
-11.3421 9.66441 1.57279
-8.2924 1.8914 -0.773565
-11.6582 3.49846 2.40238
-13.7185 8.84343 2.25155
-8.29175 2.10658 -0.778107
-8.20736 2.3004 -0.775472
-8.18048 2.49723 -0.77816
-8.21709 2.60573 -0.784041
-8.16181 3.09365 -0.793929
-9.52561 5.32012 2.28928
-8.17134 3.32887 -0.802587
-8.03306 4.09196 -0.820331
-8.05982 4.29253 -0.817753
23.5933 -24.2457 2.64083
-5.14755 1.80757 2.2546
-7.89774 4.51844 -0.817609
-7.36466 6.16152 -0.873719
-7.25507 6.27017 -0.866872
-23.6223 6.69419 -1.18283
4.27504 0.337739 -0.387713
3.19531 -0.811395 -0.372903
-2.15893 -6.17452 -0.714363
-7.2839 0.0804628 -0.707021
-10.2639 8.04617 1.72219
-7.31713 0.294143 -0.710785
-7.38588 0.433184 -0.718121
-6.41633 3.76626 1.78626
-7.47921 0.715831 -0.72932
-7.57569 1.10231 -0.743147
-7.59879 1.27271 -0.747934
1.79213 0.16351 -0.421274
-7.61232 1.68711 -0.756968
-9.93436 0.874188 -0.109382
-7.60905 2.00788 -0.764027
-10.0487 0.958455 -0.115199
-7.59898 2.15536 -0.766854
-10.9119 3.6804 2.41731
-7.57713 2.30079 -0.768834
-4.64315 1.41002 2.37963
-7.26195 4.08689 -0.809219
-7.2402 4.24221 -0.803452
-6.95947 5.08096 -0.837058
14.2135 -8.92623 2.4694
-6.97172 5.16883 -0.834322
-6.82919 5.43391 -0.847647
-17.3442 2.35634 1.83345
1.15282 -8.7375 2.01921
0.0851185 -5.61073 -0.439651
15.3752 0.0237996 2.75096
-21.4874 3.59667 0.692045
-6.55827 5.7786 -0.832648
21.5465 -16.3062 3.32326
-12.9114 4.48717 2.36289
-11.6273 2.4977 -0.863777
4.39067 -5.78574 2.52385
-26.4844 17.2444 -1.53417
-5.11108 -2.93166 -0.677005
-8.12463 2.28491 2.50991
-6.81659 0.33596 -0.704323
-9.1951 -0.480392 0.0680244
-9.83369 8.42928 1.7001
-6.82176 0.705256 -0.708081
-5.98432 3.98366 1.6817
-9.33843 -0.364303 0.0704057
-6.91753 0.897845 -0.719948
-6.95952 1.09907 -0.727206
-6.9641 1.28286 -0.73104
25.301 -28.228 1.33579
-23.5606 5.22699 0.107379
-7.04092 1.51438 -0.743404
18.9093 -7.85826 1.17708
-23.6617 5.31431 0.0997034
-6.98568 1.69374 -0.742179
-12.406 8.91178 2.26445
-6.97217 2.30454 -0.758048
-12.2879 9.17298 2.27278
-6.85363 2.69335 -0.760209
-6.79314 3.06255 -0.769296
-0.240439 -2.66987 -0.51407
2.89673 -9.55632 3.01693
-15.8114 7.00949 -1.0447
-5.34113 3.45976 1.65873
-8.70164 -0.883517 0.0880679
-6.30014 0.329962 -0.69092
3.52741 -1.38735 0.218946
-6.38952 0.709574 -0.704115
-6.35408 0.873328 -0.702677
-6.42781 0.954468 -0.711741
-6.39652 1.10037 -0.711099
2.74339 0.652721 -0.453455
-23.1484 4.90146 0.0972695
-6.45833 1.28572 -0.721307
-6.40662 2.14644 -0.740323
-6.33563 2.71687 -0.755254
-6.30481 2.91227 -0.760907
-15.4993 5.92493 -1.00225
-6.22306 3.31314 -0.759017
29.2931 1.49905 2.33564
-6.06759 3.69463 -0.768392
-4.53608 4.21462 -0.67828
3.68366 0.0720797 -0.401646
3.07907 -0.983037 -0.381471
-0.891062 -6.22358 2.85081
-8.6961 -0.891897 -1.04115
-5.34853 3.10932 -0.752018
-7.90431 3.33797 1.97337
-1.03621 -7.0387 -0.54221
-8.98575 7.81309 1.68942
-8.38779 -1.14842 0.0704964
-5.90457 0.11881 -0.683107
-5.89278 0.290349 -0.682432
-5.90777 0.506032 -0.686062
-6.01207 1.13304 -0.707733
3.88893 -2.05859 0.20358
-6.00514 1.25289 -0.709666
-4.23894 -4.45939 0.0865144
-5.97305 1.43872 -0.710764
3.40084 -0.532864 0.71601
0.768741 -8.37226 2.4051
-8.75235 -0.374681 -0.744393
-5.92362 2.48617 -0.743499
-26.9391 19.4451 0.0527145
10.7042 0.503398 2.31632
-19.5393 3.14444 1.60201
24.8544 4.48557 0.782439
-5.77358 3.09413 -0.758125
-5.71579 3.28521 -0.762935
3.3873 0.126926 -0.397913
0.283998 -3.91431 -0.481723
-4.4916 -3.83591 2.32223
-1.71454 -6.48976 -0.815956
18.155 0.229687 2.34902
-5.5699 -0.0654419 -0.676614
11.039 0.0973118 2.19571
-26.6045 19.8646 0.261335
-5.62063 0.358288 -0.684198
-5.63402 0.522844 -0.687366
-22.3174 4.24175 0.036024
-5.61547 0.721353 -0.687953
-5.56613 0.828566 -0.683597
-5.12551 1.58163 2.10545
-11.9462 8.91298 -0.994133
-2.76197 2.78763 1.41615
3.6848 0.857037 -0.470948
4.24051 -1.88391 0.217197
-4.55651 4.24162 1.65982
19.6409 -0.161518 2.69869
-3.907 -4.72936 0.0996451
-5.61246 1.10112 -0.695017
-4.03428 -4.62766 0.0985821
-6.93163 3.29135 2.50232
-5.59517 1.29564 -0.697753
-5.46805 2.90455 -0.752482
-5.41197 3.02543 -0.753494
1.29033 -7.72545 -0.378326
-24.2924 13.6663 1.90514
-5.17484 3.6668 -0.766992
-15.3857 3.9048 -0.958734
3.25676 0.53323 -0.429836
3.36549 0.222511 -0.392988
-28.1389 17.9743 0.611631
0.618759 -0.264416 -0.149781
-5.70538 -0.773615 2.66129
2.47771 -9.79578 2.30531
-9.52608 -0.117122 -1.25756
-6.49785 4.28563 2.48853
-5.17263 2.30807 -0.72231
2.482 -1.12125 -0.459618
-19.0495 2.52963 1.7891
-6.51851 4.49003 2.46402
-5.15567 2.49649 -0.730439
27.684 -0.49737 2.74225
2.48054 -1.27317 -0.46908
-18.9836 2.69619 1.78392
-6.48935 4.54131 2.47695
-5.12463 2.69852 -0.738542
-23.9465 5.55122 0.624735
0.961565 -8.60814 0.0670893
-4.89602 3.29264 -0.752467
-4.82451 3.41942 -0.754122
-4.38335 4.07122 -0.76298
-15.3845 3.70091 -0.940758
-5.74423 1.97177 2.07806
-3.30124 3.22087 1.32086
3.08935 0.309603 -0.40528
2.48577 -2.31293 -0.465692
0.728327 -8.1152 2.47147
1.11498 -3.29047 -0.477247
-20.7489 8.74321 -1.22245
-21.7328 3.74681 0.126447
-5.02387 0.112362 -0.667625
-4.9417 0.311256 -0.667063
-3.99839 3.79977 1.72397
-3.37638 -5.14347 0.115705
-4.98979 0.689121 -0.674945
-6.27925 2.73435 2.48074
-4.94931 0.894396 -0.678144
-6.30791 3.07051 2.5271
-5.03144 1.12963 -0.691016
-28.6638 17.246 -0.613451
-18.7818 15.5955 1.95268
-7.78507 -1.59742 0.511733
1.54816 -9.07369 0.0693624
-4.27383 3.65665 -0.754323
2.22447 -9.61255 1.21402
2.77982 -0.623801 -0.393974
-1.17216 -1.08055 2.11634
-8.85844 4.27497 1.94099
12.5239 2.01371 2.85467
3.61895 -0.168253 -1.32462
-2.17742 -6.09397 -0.203882
3.51506 -0.194955 -1.35403
1.63819 -8.7949 3.13948
-1.51804 -3.32364 -0.526471
-2.46129 -3.05314 -0.548616
-2.60732 -4.89172 2.19037
2.85242 -8.51963 -0.330441
-15.536 3.20529 -0.94048
-3.92639 -1.68133 -0.59761
-4.74687 0.890197 -0.676309
-0.828662 1.23227 -0.245551
-11.5081 2.36593 1.81899
-10.3333 1.23052 0.266467
-26.5407 19.9442 0.243612
2.31912 -2.16112 -0.474138
-2.09421 -3.08212 -0.542974
-14.9292 2.95696 -0.91388
-3.44676 -2.07808 -0.586558
8.85278 -3.73285 2.09964
-20.3577 9.17587 -1.21133
-5.96032 2.46484 2.4492
-4.54318 0.505644 -0.666634
-5.90211 2.93376 2.53805
-4.53088 0.902994 -0.673787
-5.70636 3.66731 2.50957
-4.40739 1.70065 -0.686756
-0.948723 -5.97869 2.8375
11.3149 -0.118901 2.18929
-23.3447 12.2952 1.96873
6.51583 -3.37698 2.4286
-3.13858 -5.35132 -0.701712
-7.09819 -0.696717 -0.692208
-5.66292 4.15139 2.51099
-4.27738 2.10579 -0.695559
-3.83118 3.24557 -0.732684
-3.78362 3.335 -0.734416
42.6921 -0.900046 2.44512
26.2764 0.588511 2.42441
-13.1103 9.18964 -1.01357
2.00251 -9.42246 1.29021
2.57902 -0.362608 -0.385165
27.8603 -0.33703 2.7357
-28.5149 17.5883 0.993713
2.68599 -1.09927 -0.450957
6.29678 -4.79529 -0.352933
2.19665 -9.3163 -0.323184
-11.1453 1.37727 1.94164
-18.8088 2.55544 1.65233
2.63777 -1.23419 -0.456059
0.835054 -8.49171 -0.319784
-26.3036 20.2757 1.05513
-6.13963 -2.91111 -0.969435
3.20329 -8.5845 -0.324557
13.899 -9.34961 0.986325
-9.33036 0.451231 2.28456
-8.03473 -1.39521 0.956268
-13.492 5.11211 2.31942
-1.50264 -2.88872 -0.537294
-11.8116 3.07487 -0.88585
-7.78046 -1.59682 0.909621
-13.1148 5.03569 2.34094
-20.3845 9.79391 2.10416
-3.30364 -1.67902 -0.586783
7.26102 -19.4077 1.90535
-4.07985 0.496994 -0.651169
-3.27124 2.91409 -0.711745
-6.41232 1.98453 2.04053
2.47381 0.330637 -0.39603
-3.87819 1.3063 -0.66936
-0.95319 -2.91922 -0.520696
-19.0672 2.63082 1.79302
2.28233 -1.24876 -0.477667
14.3479 1.10355 2.39759
0.11894 -7.66243 2.4026
0.491717 -2.70399 -0.50627
-0.48491 -2.85658 -0.518326
-3.49478 1.44576 -0.664082
-6.52662 2.03453 1.96535
2.27078 0.352148 -0.400083
8.48554 -20.4056 3.00481
-3.10615 -5.32166 1.89615
-2.07687 -2.12532 -0.560323
-11.2049 3.22763 -0.850186
-12.5675 5.11844 2.34663
13.6412 -8.56789 2.60127
-3.47806 0.297257 -0.634041
-2.70395 2.30505 -0.681506
-2.14701 2.26799 -0.650994
9.58469 -4.30169 2.08593
-13.0398 2.47018 1.8873
0.895704 -2.29331 -0.501087
-4.44701 0.38424 2.15637
-5.45474 -2.71959 0.307259
-12.4829 9.68029 2.2461
-2.77049 2.17378 -0.680287
0.982186 -2.11783 -0.501729
-1.30395 -2.09641 -0.548643
7.01205 -8.41532 2.53199
-11.5308 2.0027 2.27406
-2.68713 -0.251473 -0.611114
-2.69259 1.10798 -0.644876
-10.8966 3.83234 -0.841532
-12.261 5.80188 2.3456
-2.42206 -0.985855 -0.587309
-13.8372 4.74144 -0.925198
-28.4589 17.5229 -0.176881
-2.30852 -0.223419 -0.599487
-1.4952 1.67759 -0.628563
-27.4707 18.7681 0.211824
1.31227 -1.08406 -0.500214
4.09874 0.923701 -0.388668
-1.77561 -6.39737 0.453082
32.0003 5.55431 2.62894
-2.06645 -0.148941 -0.598349
-9.91744 7.16505 2.38083
-5.97617 2.4745 2.32474
-8.58371 5.10944 -0.849698
7.38026 -8.47975 2.53828
-2.10942 -0.213125 -0.605003
7.86112 -5.50622 -0.317202
-4.17087 -4.47591 1.43764
-0.614267 -0.0912305 -0.198247
-13.8293 9.05674 1.7444
-10.923 1.3491 -0.663747
-13.1565 4.49088 -0.909239
-1.6036 -0.591444 -0.589591
-17.8499 3.13538 2.19319
-7.57682 -1.11822 2.60511
1.3481 -0.310306 -0.516018
-1.46825 -0.568635 -0.589649
14.9113 3.25155 -0.359269
0.90284 -0.482417 -0.382921
-1.55627 -0.0914576 -0.601196
-7.35197 3.67471 -0.798114
-0.500831 -6.71873 2.29481
-14.4223 5.8715 2.30789
-3.08788 -5.35301 0.237794
-10.1217 7.11498 2.36605
-1.28327 -4.07309 2.79895
-7.75598 -0.706007 2.00127
-21.2301 15.2351 1.30738
-8.71616 -0.378293 2.56711
-16.6282 5.05538 1.45442
-4.41911 -4.29734 0.503728
-7.4456 3.49415 1.97513
-26.4841 16.9495 -1.4228
-5.88024 3.08397 1.87264
0.913471 -6.68401 2.89338
-20.7304 11.9158 1.3483
-12.6092 10.5309 1.93625
-1.57586 -6.5708 0.681505
-6.91174 0.099948 2.56867
-20.9032 3.10362 0.733898
-5.9425 5.29038 -0.80218
-15.2977 7.9379 -1.04115
-8.05285 3.71999 -0.80734
7.15661 -3.92826 2.62795
12.5489 2.57524 0.680988
-1.11146 -6.71535 2.35564
9.92657 1.27206 1.9235
-23.0235 5.02578 -1.13395
-7.68968 1.28536 2.52949
-21.4693 3.5906 1.62356
8.78109 0.0815555 2.32268
10.8069 1.80532 0.0801957
-2.46864 -5.86988 -0.486885
-28.3207 17.7334 0.640792
11.7019 0.910562 2.50911
0.575538 -0.110464 -0.139859
-5.13938 2.49226 1.90274
3.73863 -0.116298 0.344423
-26.0701 17.1337 -1.44883
-3.30954 -4.90625 2.26766
-12.903 10.1991 1.33119
21.083 -16.8801 3.01642
-8.5524 7.42444 0.537386
4.97328 -11.5227 2.15311
-16.1392 7.69739 -1.07929
-9.33014 0.395615 2.05552
-15.7445 4.10091 -0.981802
12.2195 2.98085 -0.451816
-8.49068 0.91538 2.52008
11.4826 3.06563 0.0599378
-4.39879 3.96948 2.55157
10.8022 1.82338 -0.161902
5.78915 0.356644 2.17615
0.891537 -8.51893 1.5063
-13.5139 6.49566 2.32118
13.4628 2.48618 2.28086
-10.0854 4.46599 1.83396
5.89218 0.719994 -0.252065
-0.34123 0.841481 -0.275822
11.0389 0.0837118 2.32206
-26.5903 19.8761 0.0575049
-6.59693 0.975101 2.57594
6.0079 1.23341 2.00036
0.736139 -8.46267 -0.701168
-8.90381 -0.27655 2.48706
-6.24974 -2.86067 -0.720774
14.1898 -8.9313 2.01346
-6.6649 1.33485 2.56139
43.4608 -41.8312 2.25552
0.262792 -8.01202 1.91838
-5.62459 2.23201 -0.735461
6.64927 -3.25152 2.40008
-6.92477 -0.831443 -0.677573
-2.9156 -5.53006 -0.70512
17.8961 1.29254 2.76204
-5.46042 3.86991 -0.770869
9.6481 1.96183 2.70045
-24.7458 6.19495 1.1182
-7.73813 1.48104 2.52843
-21.1381 3.32584 1.5513
9.16691 0.225224 2.31946
-4.77479 4.43231 2.49153
3.68671 0.870148 -0.419009
-2.71548 2.74534 1.31383
-5.16486 1.52288 2.07648
-23.4809 16.7316 1.24738
-0.683553 1.11753 -0.0971104
3.70223 0.697055 -0.419633
-2.19196 -6.08746 0.486923
-5.14127 1.69314 2.07326
-2.36181 2.45921 1.10077
-1.68598 -6.48298 0.679551
-7.1389 0.105083 2.57196
-25.4827 15.2708 -1.45734
1.39564 -8.52588 2.66258
4.19376 -5.61452 2.72947
1.44094 -8.32668 -0.353397
14.3208 -8.80262 2.03578
-6.56532 1.05343 2.56882
-1.90552 2.08554 -0.295687
-18.8261 14.2193 1.28718
2.90043 -8.91251 2.98177
6.99049 -4.24477 2.96132
-1.88444 -1.90523 -0.557978
-13.4784 3.11254 -0.921771
-4.9742 3.11982 1.68815
-7.48743 1.87586 2.53093
-2.16049 2.29173 -0.287123
-0.25745 -7.59527 1.70804
-12.1299 2.49123 2.29363
-9.87688 1.09448 -0.782753
-6.71613 0.689033 2.58187
-7.1199 0.31525 2.57904
-8.00613 3.87827 -0.799031
12.5879 2.5313 0.625768
-1.09974 -6.55128 2.36694
-5.46819 3.97746 -0.777348
24.8284 4.60771 2.31227
-21.6758 17.6546 1.56348
6.24187 -6.14524 2.37545
-9.82395 0.803086 1.47762
-8.44038 -1.06839 1.92163
-15 2.31978 -0.916699
-8.90016 1.09735 2.51205
-24.6401 9.85318 1.81234
-26.0046 7.2012 0.198026
-4.30511 2.12832 1.89221
-6.68702 0.947927 2.58215
0.510414 -2.64686 2.30783
-4.54948 4.22157 -0.0957558
-0.486703 -0.316081 0.20914
1.55878 -4.62624 -0.443831
-3.70804 -1.80768 -0.601251
11.7952 2.28938 2.8187
-4.70962 1.75077 1.92402
-7.13524 0.485604 2.5778
-18.7571 11.2418 1.49339
-18.9941 7.7304 1.6594
1.09177 -8.2853 2.6582
-16.8333 6.37667 -0.0855287
-11.7927 4.92947 2.36879
-2.04387 -1.88098 -0.559604
-3.75662 3.57332 0.926211
-8.68722 1.10846 2.52125
9.54295 2.13139 2.76242
8.11815 0.250193 -0.440388
-28.8453 15.9225 -0.695646
-5.14664 -2.95683 -0.885015
-10.6606 5.44806 -0.854303
-7.95075 2.71419 2.26487
-12.0249 7.39575 2.34303
3.22969 -0.213918 -0.385196
-23.9197 12.0392 1.09153
0.24358 -7.99556 2.06274
-7.00436 3.47075 -0.753177
-2.35752 2.45691 0.513449
-1.69325 -6.46537 1.27796
1.49638 0.100006 -0.478113
4.42448 -5.67336 2.28173
-7.89017 -0.314384 2.56341
-18.0027 3.81044 2.15938
-8.55854 -0.0174718 2.58301
-23.9981 5.58045 -0.213804
-16.48 5.25896 1.47067
-26.1014 20.4998 0.631511
-17.5243 2.16056 -0.95845
-9.83092 7.40737 2.36109
-8.4467 5.49553 -0.857183
0.316865 -7.7329 2.39784
-1.27794 1.58784 -0.302052
3.72856 0.0510449 0.369883
-10.1149 4.8238 -0.847354
-8.50301 -1.02276 0.241328
-7.3286 3.73414 1.94627
-1.7025 1.93118 0.89811
-20.7764 10.9431 2.0447
10.12 -6.3304 2.74262
-5.94753 1.11356 1.87822
8.48088 -0.05947 2.48089
3.23572 -9.97613 -0.0837148
3.68844 -10.2534 1.31794
0.249307 -5.93457 -0.427991
-17.2101 2.55063 1.94003
-22.2119 4.1383 -0.494946
2.32651 -8.14366 -0.347569
-3.23267 -5.21359 2.18437
-5.74475 5.17964 0.865595
-27.8748 18.2469 -0.13309
-8.51369 0.503205 2.53362
-2.24087 -5.45958 2.31915
-24.8251 16.5309 -1.38866
46.0652 6.37193 2.19038
-17.1774 3.30919 2.2771
-2.50568 -5.82569 0.874823
-7.87413 0.897915 2.53176
3.40818 -0.409039 -1.30413
0.419849 -8.14737 1.09918
-18.9721 14.0173 1.2767
12.233 2.50476 0.340215
2.76067 -8.75689 2.97242
6.87551 -4.09289 2.94783
-2.09355 -2.09743 -0.557377
-7.09205 -0.498215 1.9246
-13.5203 2.90454 -0.921467
-9.22127 7.54986 1.69705
-7.50965 1.69702 2.5334
-4.80189 2.19618 1.90956
-7.29046 0.909219 2.55443
-8.98161 6.83111 1.81628
-8.1173 0.52423 2.53609
-13.8495 11.0833 1.65019
-9.86929 6.33655 1.73793
4.89543 -0.0282127 1.69059
8.61092 0.645611 2.31559
-13.5361 3.52221 -0.932029
-25.8418 13.8257 1.29684
-22.9407 6.04741 -1.1433
-2.69342 -2.10228 -0.57028
-12.4027 4.58077 2.37163
1.71194 -6.46388 2.1532
-1.91599 -6.29731 1.73907
-13.7682 3.80059 2.29485
-5.88762 3.12105 2.52856
0.0634584 -7.68302 2.34653
-1.46305 1.72636 -0.356572
2.4793 -0.332787 -0.401174
1.88841 -9.33113 1.28115
-6.0933 2.49329 2.04222
-3.12179 -5.34905 0.50014
-9.83615 5.57251 1.98924
-5.77177 1.03615 1.97931
5.27848 0.617124 0.282272
8.50889 0.0771748 2.34016
-6.61507 2.98855 2.41627
-4.31932 4.06268 1.67781
-3.70015 -4.89258 0.101161
-15.8987 6.1409 -1.01177
-1.32103 -6.74631 1.90388
7.05086 -5.05697 -0.335782
-22.3588 15.7498 1.86915
-10.333 1.66385 1.87515
-19.5094 4.31924 1.73934
-10.4744 6.39701 1.72423
-8.72829 0.510614 2.5338
-15.156 7.39808 -1.01884
9.55253 -6.32337 -0.285838
-7.89437 3.12321 1.96391
-14.6762 10.3733 -1.07282
-1.27728 -6.04134 2.23572
44.7119 -40.3439 0.987788
3.26424 -0.676256 1.26106
-27.5568 18.6717 0.429988
-2.98733 -4.71525 2.7924
-0.161437 -7.417 -0.399134
-8.29734 -1.21748 1.90722
-9.67859 0.692794 1.48619
4.25128 1.08465 -0.425495
-1.57246 -6.57278 0.5127
21.2632 4.13185 2.78173
1.89609 -6.22935 -0.406747
-9.1516 6.85682 1.80251
-7.57845 0.957538 2.57461
-5.21482 2.16468 1.90064
-28.1703 17.8458 -1.39637
-7.21603 2.18923 1.90679
-8.9144 -0.714434 -0.508798
3.66052 -0.240212 -0.112343
-19.1257 14.9244 1.96331
-26.3542 7.47136 0.282245
-4.5678 2.31568 1.85166
-3.92474 -4.33816 2.2633
-6.53788 1.25702 2.55564
-23.6076 15.2414 1.34687
-0.912181 -6.76959 -0.430325
-3.67026 -4.16133 2.76422
-4.96272 2.61402 1.79022
-7.44121 1.49841 2.53958
-3.72248 1.10038 -0.664329
-11.8238 5.04035 2.38141
2.77407 -0.0984554 -0.39242
1.40992 -5.54628 -0.426499
0.0793842 -7.48246 2.72646
10.9069 0.3743 2.2358
2.0946 -1.91762 -0.48502
-11.7946 2.01063 1.9227
-9.02701 4.10233 1.95633
-10.0718 0.984548 -0.308493
-0.429968 -5.83876 2.19617
-7.27094 1.09915 2.56205
-4.88505 2.28282 1.91448
-8.50022 4.14195 -0.813817
-1.52371 -6.23499 2.36676
-2.18053 -6.09165 0.690058
-7.53377 0.483022 2.55977
-9.75833 5.29427 1.9187
-7.40304 6.53898 1.12597
-9.4987 2.50859 1.72831
-27.7216 18.4756 0.456499
-23.0633 4.88327 -1.13569
-2.7873 -5.17406 2.45721
-0.0285825 -7.85296 -0.671661
-17.0933 3.6203 2.27429
-7.70093 1.10134 2.53789
-22.3798 6.65053 1.65417
-9.49261 -0.248059 -0.0928159
-6.34962 5.68612 1.70941
-0.217324 -7.23564 2.49247
-12.0744 2.71184 1.64805
-26.8998 19.4324 -1.57652
8.88459 0.376589 2.3197
-2.69749 -1.89589 -0.572583
12.7692 2.29331 2.87724
-12.3007 4.91868 2.37335
-27.4455 18.8574 1.24106
-28.4197 15.6455 -1.16591
11.8912 3.21133 0.918406
-3.10038 -5.31377 -0.488809
-6.90788 0.296182 2.57039
-15.239 8.0265 -1.04048
-8.70323 -0.864232 1.29304
-10.0931 1.08904 2.003
-19.8819 16.2762 1.28059
0.754012 -3.83945 -0.475288
-24.6553 9.86254 1.65603
-3.08804 -5.35713 0.876528
-8.4697 1.29192 2.52238
-9.01548 5.63062 1.77018
-20.6825 8.83931 -1.10759
2.18073 -6.63176 2.91063
-3.71585 -2.80938 2.74405
-23.5773 16.5982 1.26317
-6.16308 5.51796 -0.676845
-18.9761 15.186 1.96692
7.25735 -4.73936 2.74023
-12.3519 5.88954 2.36559
-8.16412 0.881388 -0.747249
-24.3695 14.407 1.7655
1.05696 -8.15413 3.02871
7.05786 -6.37807 2.40173
-17.0332 10.4945 1.61888
1.41254 -3.67444 2.33984
0.310916 -0.52927 -0.12748
41.9837 -35.2021 3.59562
-28.7458 17.2013 0.637006
-24.6449 12.5997 0.70627
0.0170427 0.56219 0.207316
-23.2878 5.08375 -0.962202
-5.23644 4.81656 2.31178
4.61812 1.04667 0.268373
-11.3036 5.09416 -0.899999
10.6113 0.849231 2.81612
-15.8217 6.496 1.80487
-11.8162 1.86618 1.92275
2.0903 -1.71207 -0.481465
-7.37848 6.51826 0.337934
-0.342745 -5.9298 2.19628
-10.4508 7.311 -0.926498
-17.0673 6.58354 -0.0986476
-7.07133 0.54577 1.83586
-18.4815 14.674 1.20841
7.25859 -4.76063 2.87512
-5.1724 1.81234 2.10233
8.33891 0.275265 2.31882
-16.0777 5.77409 2.27005
-17.7618 11.634 1.58399
16.9112 -7.4845 0.172269
-18.5998 12.5959 1.53506
-4.18486 3.93636 0.0700894
-3.50319 -5.0137 1.70049
-3.20979 1.96031 2.63471
7.13633 -17.7471 2.79686
-1.87054 0.0841082 -0.597661
-2.89922 -5.48191 2.24788
-14.7519 4.54977 1.83648
3.35837 0.407439 -0.417879
-5.5087 2.07356 2.07564
46.1452 6.65982 1.93929
-14.7879 4.31303 1.80804
3.35507 0.701238 -0.430058
-5.49323 1.7157 2.07608
-8.88363 0.685489 2.53004
3.35311 0.50103 -0.408715
-2.44915 -5.87703 0.517197
-3.08574 3.04775 1.29196
-5.49065 1.89604 2.05255
3.18706 -0.790874 1.25702
-3.22646 -3.23088 2.75556
-0.541256 -5.87751 -0.442926
-28.307 17.6737 -1.1569
-5.20172 -2.22875 -0.619509
-23.7124 15.2265 1.58987
1.7256 -9.27354 -0.742591
-15.7151 5.91458 1.56227
13.8059 2.65769 2.25933
3.68118 -2.02059 -0.454059
12.5308 0.205016 2.12554
-4.86197 -3.49228 -0.104081
-1.57485 -0.0970376 2.00191
-5.33507 0.687819 2.00316
-21.0841 9.82048 1.31271
3.42084 -0.423401 -1.18144
0.418362 -8.14531 1.29686
0.513047 -7.14657 -0.391908
-6.90874 1.29844 2.55873
-4.5676 2.43232 1.90995
-2.10729 1.09842 -0.627342
11.7788 2.80021 -0.0698137
2.72657 0.657772 -0.377904
-6.07902 1.7167 2.02601
-12.9874 10.0505 1.72778
-11.3929 4.31734 2.40532
-8.92707 5.42231 1.71921
-8.0948 7.07115 0.273124
-1.57069 0.262356 -0.597976
-5.15862 -2.96346 -0.103547
-5.6367 1.3293 2.04341
5.3397 0.51927 0.0867235
-3.79834 -2.14537 2.73185
-19.6765 12.5247 1.33753
-22.1821 11.3353 2.01603
-26.521 19.9221 -1.80138
1.41269 -6.20189 -0.407882
-18.8306 12.5116 1.52836
-19.9089 10.735 -1.15251
6.97807 -3.94752 2.95013
-21.1986 12.7046 1.99999
1.27122 -6.99413 -0.390013
-7.09315 0.866001 2.56271
-5.3152 4.41907 1.82747
21.8817 -15.983 2.39851
-0.802827 -5.98617 2.84048
11.4456 -0.0454805 2.1663
0.933021 -8.14178 2.87464
-23.1303 12.2766 1.9551
-5.50223 4.11552 2.50875
-4.07533 2.11387 -0.698989
-6.9274 -0.702511 -0.676451
-12.4265 3.35916 2.38573
-8.00851 -1.43665 0.269253
-8.617 7.52784 1.55935
-21.7335 3.77354 -0.117909
-14.2004 3.53644 1.54922
1.85322 -8.77087 2.42751
-28.7049 17.2045 -0.58346
-11.5117 1.70828 1.93921
-0.115244 -6.10203 2.20026
3.50219 0.834598 -0.421825
-5.29364 1.50218 2.06874
-6.70868 -1.08704 2.60186
0.498587 -1.69451 -0.520956
-20.8653 3.09516 1.7072
-0.356439 -7.12369 2.49397
-2.52773 -5.73228 -0.505668
-14.0182 2.45372 -0.883463
-16.9716 10.3161 1.6079
11.5771 0.710359 2.48164
0.427051 -0.386119 -0.0859823
-8.56522 4.02928 -0.798042
-1.70741 -6.34198 2.32567
0.949331 -8.64906 -0.73994
-5.94148 -2.76294 -0.635751
-26.1381 20.4759 0.827825
-16.4171 5.28557 1.57844
2.92931 -4.5592 2.79132
4.26234 -2.55829 -0.437644
0.250933 -7.26275 -0.398025
-25.2156 13.2792 1.94649
-0.25959 -7.63036 -0.29105
14.7472 3.81055 1.45967
-6.13969 -2.92084 0.707249
-9.12622 4.88796 1.92952
0.682837 -8.34623 2.10342
-8.05529 1.12066 -0.740254
-6.99044 4.24128 1.7651
0.967894 -5.33444 -0.432958
-21.524 3.59963 -0.513892
3.01007 -7.54115 -0.357808
-14.3418 4.23809 1.91003
-2.4686 -5.83143 2.15245
-5.50801 1.2943 2.04354
-0.545062 -0.143625 0.0975319
-9.30625 4.95657 -0.836553
-10.7774 6.91822 2.37274
-3.66256 3.49341 0.937153
-3.0232 -5.41325 0.899466
-8.45422 1.10876 2.51614
-3.96162 -2.16359 2.73288
1.88225 -7.31029 2.92338
-10.1872 2.61866 -0.827766
-16.5415 6.14604 -0.119945
-6.8703 -0.675927 1.93584
1.052 -4.43721 2.2571
-16.6165 5.03993 0.686149
-4.30561 0.69661 -0.664085
13.8433 1.7847 2.13132
-3.53638 -5.0241 -0.105371
-15.1806 2.32254 -0.894198
20.1159 2.73472 2.26449
20.7897 4.66771 2.63679
-26.7633 14.3021 -1.09805
-11.1214 8.3183 2.314
-7.14797 3.72761 2.32145
-9.84923 6.41955 -0.891916
12.4503 1.76135 2.71489
0.655292 -8.33456 1.30605
-11.5918 4.8655 2.40393
-13.2995 10.7163 1.69709
-13.1234 5.59653 2.35148
-11.7538 3.72401 -0.894916
-6.4689 5.74358 -0.652473
-21.4899 3.59247 0.88805
-2.47879 1.0969 -0.635432
-27.0299 19.2974 -0.804074
-0.42965 -7.457 1.69357
-12.2558 2.61573 2.34018
-9.3654 0.0987974 2.48451
-3.89243 -2.01063 2.73231
-20.7591 9.50146 -1.10548
-22.0528 11.4404 2.01062
2.06175 -7.45731 2.93084
-6.47202 4.12459 2.48908
-5.21184 2.15838 -0.71923
-25.8123 20.8826 0.662708
-23.6183 6.08406 -0.164957
-16.1171 5.72228 1.4918
-8.07699 -0.290694 2.56081
-5.29075 -2.86282 -0.499728
-6.48615 -0.072295 2.62024
-15.3647 2.13774 -0.935959
-9.31562 0.934422 2.50016
3.58601 -1.438 0.987204
-4.01399 1.89889 -0.677857
-5.34076 3.80852 2.52776
-3.78498 0.0777684 2.17098
-10.5064 7.49488 -0.93748
-11.8692 9.44314 2.24861
10.4738 1.45629 2.79742
-26.1248 20.4838 0.275031
-16.4346 5.29076 0.931132
-21.0877 3.25528 0.0858411
-10.825 9.00001 -0.58886
-8.88434 0.332582 2.53578
-27.183 19.1235 -0.363277
-1.10448 1.45569 0.516279
10.7899 1.89373 -0.0995292
-4.57442 3.96596 2.51963
-3.23803 2.04286 -0.681489
-7.88354 6.87907 -0.673155
-5.14488 4.11065 2.52488
-3.85918 2.11758 -0.68529
11.2405 -11.3313 2.68361
-5.90204 2.91609 -0.734367
-0.257281 -7.62278 0.102926
-10.2892 4.61532 1.81702
-23.0003 12.7917 -1.27698
1.19573 -8.80496 -0.310776
-2.21027 -5.73263 -0.482771
-19.5467 2.52298 -0.102178
-2.81865 2.8242 0.689182
0.825177 -5.32085 -0.431751
-3.69824 -4.90018 -0.295582
-16.5807 2.04431 1.91209
5.20958 -6.90202 2.31425
-9.49954 -0.210462 1.91342
-1.86569 -1.72833 -0.562473
-7.58752 -0.34807 -0.691305
-3.52373 -5.04013 -0.702418
1.27752 -8.14975 2.36554
-14.7361 2.88996 1.49285
-4.77763 1.82549 1.91825
-7.09846 0.696335 2.57798
-5.75524 -0.5065 1.897
-22.6637 4.50845 -0.473275
-23.3084 13.5796 1.18209
-2.6943 2.72794 1.09914
-2.0273 -6.21473 0.675837
-7.47549 0.311586 2.5638
-26.3609 7.46648 0.0242471
-4.5568 2.27654 1.78502
-8.57531 7.02633 1.71761
7.24047 -8.4217 2.53846
-2.30174 -0.230648 -0.60828
0.0760936 -7.46934 2.38579
-0.131751 -5.0262 2.83503
4.14984 -10.2283 2.24222
22.4677 3.25203 2.65062
3.37724 -0.547597 0.945253
-13.1144 2.69137 1.90275
-19.8259 9.90552 -1.20228
-4.07696 1.26608 -0.667869
19.2489 -16.914 3.35898
-13.9315 3.06226 -0.896442
-16.8506 10.8881 1.62331
-5.90468 -0.37884 1.89462
-8.64611 4.6219 2.02775
-16.6595 13.8461 2.01635
-2.70465 -5.70914 -0.693085
-24.1239 14.0607 -1.34547
-4.17951 -4.47569 0.824947
-8.1297 0.277264 -0.739685
-15.9654 11.2477 1.45764
-1.48751 -1.51543 -0.564962
-6.4591 -0.00110463 1.8301
-2.45958 2.53743 1.10152
-7.26003 0.103214 2.57683
-27.688 18.5042 0.441913
-0.501802 -2.10897 -0.535293
-9.36438 0.0882755 2.17476
-5.60377 -0.639623 1.91089
-9.52999 6.81674 2.38441
-5.53584 2.11954 2.27924
-26.3676 7.68049 0.872493
-3.28421 0.696677 -0.643802
-12.1042 4.74645 -0.893064
-4.02357 -4.60586 0.958979
-13.4053 6.6985 2.31988
-0.52147 -6.99589 2.50836
-14.7272 1.81702 2.38457
0.967701 -4.55201 -0.455965
-9.95935 8.33709 1.56904
-21.9646 3.95118 0.0917688
-5.2938 0.308716 -0.67592
1.25189 -4.59355 2.26467
-23.9371 5.53407 -1.02871
-27.794 18.3505 -0.370659
2.89825 0.669283 -0.414552
-5.91784 1.70939 2.06125
-15.8597 5.67544 2.29604
-5.22637 1.0951 -0.680982
-6.47641 3.1121 2.5154
-25.7922 20.9225 1.07597
-29.1938 16.5556 -0.572572
-4.05193 -4.2852 2.24567
-8.90711 -0.0994719 2.5427
-6.25046 -2.84698 -0.738989
13.2191 2.80689 2.80448
-16.3528 9.93945 1.66595
-11.1818 9.49038 1.04638
24.8041 4.6043 2.12216
-21.6985 17.6216 1.72667
-11.9448 2.45408 2.40717
-2.32264 -5.90383 -0.497496
-17.9045 3.73239 -0.993165
8.17478 2.0745 2.13301
6.31395 -6.41791 2.2798
-3.27081 -2.30236 -0.574936
-1.85993 -4.43812 2.79881
-8.38592 -1.03174 2.08026
-13.6388 4.04801 1.76029
-1.73306 -6.0807 2.34869
1.53501 -8.67042 2.50914
-3.91616 -4.73208 -0.707894
-0.874139 -5.52269 -0.451803
-13.5999 3.66989 2.30702
23.1736 3.43262 2.32835
-1.77141 -6.39643 1.72284
-2.49659 1.18176 1.81365
-6.49324 5.75497 1.90138
-1.56421 -6.17407 2.44432
2.5924 -9.14988 2.40522
0.383167 -0.235084 0.725948
-11.2431 5.31792 -0.902845
-5.53415 1.2988 -0.69099
-6.86296 3.22248 2.47935
12.6434 -0.0997803 2.20425
11.6452 3.0605 0.315783
2.13883 -8.16037 2.95092
6.13514 -4.75027 2.27999
-6.18328 -1.29234 2.6646
1.98967 -9.40641 2.30933
12.2324 -11.3135 2.67448
-4.91539 2.87114 -0.724678
-6.24714 4.85989 2.4442
-1.68173 -6.45814 2.26917
-5.49221 0.292377 -0.668598
-5.96203 5.20904 2.31408
-7.66199 0.255765 2.57829
-23.4751 5.89064 -0.100752
-5.47785 -2.468 -0.620168
-15.957 5.626 1.5739
4.14872 -10.687 2.27844
-2.47136 -5.83073 1.89485
-9.97829 8.32165 1.45745
-7.71139 -1.25593 2.25973
13.7394 2.90813 2.25684
-9.07676 6.70611 1.8122
-7.48562 0.884203 2.55486
-5.08727 2.0714 1.90637
-6.83382 4.60963 1.59017
16.6744 2.29759 2.63927
-25.6595 21.0941 0.914598
-4.13791 -4.1407 2.33169
-20.6062 3.98865 1.56645
18.6435 4.06841 2.08742
1.70773 -7.46076 -0.378217
8.51969 -0.0876556 2.83189
1.39412 -6.39574 -0.402592
-4.28024 -0.0794599 -0.644743
23.5892 4.83784 2.39338
-18.7782 12.7033 1.58031
0.187367 -8.02649 -0.706595
-13.3822 8.94616 1.59934
-11.7218 3.09219 2.39341
1.50062 -7.91233 2.93187
1.7003 -7.40433 2.92215
-22.2672 11.4651 2.02678
1.91452 -7.48083 2.9242
-9.44431 0.852121 2.49082
-2.1621 -0.491552 2.52356
-12.3582 3.68089 2.38933
11.7159 -12.2623 2.5455
-5.33312 3.84801 -0.769903
1.01747 -6.13213 2.87888
-2.19054 -6.0937 -0.311382
-27.5073 18.6748 -1.83073
16.9731 -7.56953 0.806827
-27.4629 18.7705 -0.233943
-12.9736 6.08587 -0.955063
-27.5376 18.6598 -0.787876
-26.7666 14.2152 -1.08145
0.0793228 -7.47899 2.86734
-19.7917 13.1213 1.31006
2.0477 -7.91489 2.94812
23.7282 1.29725 1.25807
-4.16331 3.45984 1.87869
14.5307 -14.0926 -0.044526
1.06692 -5.92767 2.14733
-23.3478 11.3734 -0.260937
-1.30344 -1.69424 -0.557047
-4.47004 -4.27636 -0.112189
-1.11303 1.45986 0.293108
-8.90253 0.514266 2.53289
-10.529 5.05951 1.55558
-11.5651 1.8962 -0.851191
0.00103604 -7.79459 2.06076
45.267 -39.6381 1.551
-1.46239 1.73455 -0.502226
-2.62406 2.6652 0.295943
-15.5024 9.48585 1.69079
-10.1738 1.06528 -0.116332
-13.1149 8.93881 2.2568
-2.90104 2.90559 1.78038
-2.26101 -6.03495 0.0839251
-19.6513 3.72233 1.74096
4.61541 1.06119 -0.106084
-12.4492 10.6054 1.72578
-23.1498 4.90123 -0.127649
-18.0801 3.30986 2.27434
-8.72259 0.886557 2.53392
-26.2928 7.81194 1.00752
-6.6974 3.32543 2.51169
1.44051 -4.74568 2.27455
-16.3417 5.39774 0.701323
0.56895 -7.4397 -0.383984
7.33179 -0.0638085 2.83009
-7.99146 3.96283 -0.811835
-21.8953 3.94022 1.52078
-1.08979 -6.3148 2.29794
-15.927 5.47829 2.13492
-14.6967 3.51632 -0.914661
-29.2245 16.3204 -0.180607
-3.11342 -1.49246 -0.590215
-4.08327 -4.54736 1.89151
-4.29695 0.228271 2.08933
-5.2673 -2.85554 0.49678
-13.1441 5.11564 2.34984
-11.7911 3.23894 -0.879498
-2.51653 0.699411 -0.627451
20.7688 -14.967 3.06674
12.8769 -0.177892 2.23213
11.8078 2.87155 0.383585
-19.4488 13.5234 1.3358
2.31054 -8.3176 2.95344
-8.5343 1.92249 2.49012
-10.1292 7.68367 1.73274
9.12128 1.86546 2.3033
-9.67021 8.39149 1.67199
-6.68815 0.493599 -0.692687
-9.02111 -0.614394 0.0791852
-5.58288 3.66336 1.67041
-7.96687 2.41809 2.51485
2.7104 -0.903597 -0.439701
-28.4651 17.5445 1.06189
-0.9703 -6.19327 2.83657
0.885265 -7.86178 2.92379
-23.3662 11.9461 1.95932
-4.29476 1.88867 -0.684579
-7.44501 0.084226 2.57437
0.708057 -7.77682 -0.37566
-7.06959 1.30485 2.54254
-4.77671 2.44919 1.78951
-6.22557 1.40534 1.97341
-16.2923 2.46697 2.34262
2.1297 -8.96521 2.43658
-15.653 6.72805 2.26876
-0.446145 0.923897 0.0491222
-2.71008 -0.281869 -0.608155
-4.46266 2.20723 -0.685187
-5.70312 4.10746 2.51982
-12.4848 3.33207 2.39404
3.07832 0.511482 -0.402583
-5.73265 1.88612 2.05705
-8.16605 -1.31834 0.914901
-9.56346 0.693174 2.29683
-13.5643 5.28081 2.33907
-4.26099 2.4703 -0.705273
-5.66276 4.45919 2.49496
-12.0392 8.61181 2.29174
-5.03618 -3.83127 0.292583
-3.05261 -5.43621 -0.855026
-24.4268 14.6417 -1.37227
-26.3628 16.2599 -1.49033
-5.03439 -3.80912 -0.841349
-7.77699 -1.19989 2.37734
-25.7185 6.9424 -0.795214
13.7797 2.74043 2.25774
-6.70385 3.09837 2.48968
-2.71674 -5.25938 2.64724
-6.8275 -0.679106 2.58761
12.7495 -9.8069 -0.157629
9.50141 2.50993 2.76239
-9.79696 6.9464 2.37045
-5.74546 2.29043 2.33167
-8.48793 5.0676 -0.834061
-0.695601 -6.52058 2.8479
1.09428 -7.51645 2.91608
-4.90905 2.65401 1.86298
-12.1231 2.96072 2.38712
7.77445 -4.25304 2.15522
1.30606 -7.65996 2.91755
-5.49857 0.817797 1.99342
-0.996499 -7.00542 1.89329
-12.8672 3.08026 2.12623
-15.5387 5.77663 -1.00131
-3.49311 0.500012 2.34101
-11.6461 9.82087 2.25799
-6.21662 3.22636 -0.767384
-13.1749 3.59641 2.38305
-10.7748 4.77649 1.59091
-11.7537 1.59693 -0.860795
-14.7248 12.2854 1.00766
-3.68838 -4.87327 1.54201
5.16938 0.348839 1.97822
-7.68278 6.63751 -0.344613
-5.79074 4.11198 -0.776733
-6.51782 2.88015 2.03855
12.7592 0.961258 2.29236
14.2185 -8.94636 1.25534
-17.4674 13.3235 -1.23115
-10.6905 5.88591 1.8888
14.5252 -10.6747 0.550839
0.0189049 0.556636 -0.205878
-3.45338 -1.48029 2.26288
-11.3431 3.98208 1.70723
-15.4378 4.37502 -0.969144
3.2764 0.0744462 -0.388999
-16.5405 6.51743 -1.0328
-13.8949 3.89024 2.14873
-2.00893 -6.20763 1.8664
-0.925217 -3.09448 -0.511046
-19.1143 12.111 -1.24493
-19.5073 2.71566 0.626525
1.89357 -0.30156 -0.453018
-3.67185 2.50221 -0.700957
-5.06439 4.48261 2.49607
9.22731 1.68802 2.31508
0.667983 -8.35103 0.694371
-4.00353 2.19487 -0.695228
-5.2888 4.09516 2.50442
-8.70649 5.29946 -0.84876
-10.0608 7.2265 2.36872
-6.0912 2.56595 2.32857
-8.57242 3.26171 1.88884
-16.2402 5.53044 0.699116
14.8809 3.67801 2.27202
-10.9266 7.20384 1.70219
-10.408 5.60263 -0.879189
-11.7777 7.55947 2.33198
-3.43467 1.97898 2.63318
-2.05974 0.097418 -0.598529
-3.52501 -4.99398 2.0341
-4.37549 4.09842 1.20422
-6.82692 2.8973 2.00964
-3.80356 -4.81155 0.466225
14.409 -8.67552 1.25672
-10.3715 5.62633 1.89572
16.7871 -7.5919 0.412109
-14.5835 8.0664 1.74176
-10.5974 3.40749 1.72211
-4.45903 0.309617 -0.652118
-2.11375 2.2631 0.87665
-12.7231 10.3899 1.82927
-2.12549 2.26913 1.09707
-18.2476 3.40543 2.18042
-8.03351 -0.817089 2.60619
-2.10111 -0.100291 -0.59812
-28.3232 17.6939 -0.180206
-6.95684 6.06935 -0.856616
-17.0201 5.05327 1.76421
-11.825 7.18726 1.88583
-7.6628 2.53227 1.91513
-20.5438 9.10753 0.500096
-3.09555 0.261592 -0.625085
-2.93778 -5.47842 0.244259
-8.62953 5.02304 -0.836916
-3.59809 3.46811 1.6289
-5.86405 2.38574 2.31419
-7.2559 1.24332 2.58034
-4.87539 2.53316 1.84429
-8.93918 3.1064 -0.804915
9.64769 1.4907 -0.469821
-18.7741 12.7303 -1.2734
-3.19122 3.11731 0.381353
-5.19695 1.707 -0.697619
-6.49509 3.70502 2.50582
-6.34822 3.98756 2.50766
-21.5759 17.7719 1.59742
-11.8149 2.69394 2.39248
8.03657 -3.93566 2.20712
1.56921 -7.39605 2.92149
4.86433 -5.40398 2.94127
-3.38262 -5.11367 2.01923
-1.02442 -3.90057 2.79801
-28.4047 15.6373 -0.367274
-20.9698 15.3546 1.30205
-15.2024 4.91834 2.07848
-1.916 2.10351 0.100246
-1.26185 -6.79607 1.72271
-13.1376 3.28647 2.2905
-20.2657 12.6972 1.24207
1.46165 -7.46068 2.91772
10.1791 -9.59215 -0.200752
5.68038 0.889222 -0.314356
-13.0278 3.73192 -0.903961
-20.802 8.76754 0.346245
11.2202 0.689604 2.84448
0.442751 -6.55692 -0.406206
-2.05981 -5.77661 2.43489
2.15716 -9.52939 2.44396
-16.2038 3.01608 2.34305
-20.1513 13.1114 1.49876
1.407 -3.18556 2.18313
14.7425 -11.3987 -0.10531
11.6945 0.931792 2.60143
-22.4514 4.57772 0.720021
-4.89416 4.07593 1.84934
-14.0007 10.6549 -1.09051
-4.25694 -4.44398 0.495755
-7.26912 3.30573 1.96642
5.30522 0.620845 1.29909
-23.4999 11.1194 -1.08861
-24.3944 6.90329 -1.21247
-8.57269 -0.974866 -0.414534
12.8563 2.68675 -0.335828
-14.1563 8.54334 1.74476
-1.29613 1.61024 0.269253
-7.88733 1.69153 2.52425
-9.09552 0.523375 2.52894
-16.5929 2.07163 2.12372
-3.68984 -4.88627 -0.488261
-0.850523 1.25204 -0.0859353
-15.5687 9.78364 -1.10383
-8.84698 2.47931 1.98177
-11.6629 3.22776 1.57406
-26.4899 19.9105 -1.59586
-5.73197 5.0448 -0.80968
-15.1497 7.51045 -1.02149
-2.15843 -3.46007 2.77733
0.962291 -8.60699 -0.218725
-26.118 20.5157 1.25239
-8.59442 -0.0366177 1.98741
-1.19431 1.53364 0.675155
-0.52122 -7.39409 1.0977
-12.6487 6.5309 -0.916681
-1.11188 1.45736 0.084907
-27.1619 19.1318 -0.782186
-13.4136 4.01851 -0.904497
-1.89072 -0.904399 -0.586115
0.567291 -6.65584 2.22866
-25.9968 20.5513 -1.3883
-16.2431 5.463 -0.683255
-11.2427 3.90534 1.69149
2.14102 -8.77314 2.38819
-1.21317 -1.06264 2.08993
-9.08988 4.29136 1.96208
-10.1744 1.06517 -0.304171
-15.8296 11.6653 -1.13694
-4.73217 4.36665 0.651693
-4.08281 -4.55359 1.08753
17.7882 1.41982 2.74348
1.68475 -6.44407 2.14286
-0.707567 -1.31496 -0.552624
3.11094 0.730334 -0.462265
-23.6549 11.0105 0.927728
29.0673 4.80179 2.58055
-14.4062 9.5164 -1.06038
1.0983 0.297046 -0.426068
24.8316 4.52001 1.57336
-7.09848 4.87624 1.5964
-8.17902 1.70679 -0.760347
-10.1718 1.06455 -0.680478
-11.4303 3.063 2.41295
-3.71179 2.31012 -0.6937
-5.06779 4.29856 2.50547
-2.85017 2.85044 -0.50201
-10.3143 1.21246 1.71601
-8.89642 -0.698959 1.54323
14.7495 0.444017 2.42191
3.45591 -0.676604 -0.0947124
-20.9685 8.46627 -1.41634
16.1132 2.50755 2.22283
-11.7753 2.91386 2.3949
-21.1688 9.81132 -1.19824
-20.1876 12.9598 1.20211
1.52651 -7.69179 2.92242
-1.52502 -6.60378 1.18759
-2.14109 2.28289 0.693808
-9.21172 5.00607 -0.845658
-10.5862 7.01257 2.353
-26.6155 19.7584 -1.58086
-11.8054 3.08244 1.5869
-7.99896 6.98474 -0.57609
-7.11088 5.99287 -0.859666
-26.4584 19.9753 -1.40545
-3.88557 -2.01515 2.37453
-20.7304 9.49109 -0.679888
-11.5707 3.35517 1.67682
12.2451 2.65262 -0.411755
-6.53442 2.50954 2.01957
9.49217 -0.089344 2.34232
-6.8432 -1.22364 2.62569
-8.49318 -1.04147 1.50749
5.59985 0.328375 -0.255509
-22.7792 16.3061 1.55928
14.9463 3.6453 0.794662
-9.07296 1.10995 2.51732
-8.10687 1.10037 2.54268
-18.7953 4.28743 -1.03172
0.588788 -7.93566 3.07468
-7.28352 1.42072 2.53502
-4.91733 2.55139 1.78689
-8.88382 7.29204 1.7029
8.69236 -9.14113 -0.229079
-2.26783 2.38091 1.23906
-2.8021 2.80395 0.0752165
-3.74876 -1.74287 -0.602552
-10.1959 3.71941 -0.854213
11.7818 2.19322 2.81136
-11.163 3.94298 2.41403
-25.9938 20.6007 -0.655328
-8.76686 4.87295 -0.837448
-21.0515 3.44584 -1.0357
0.0548075 -7.1312 2.31898
6.82198 1.27478 2.26472
-7.44034 3.06818 1.99236
-4.01856 -4.60107 1.66551
-15.8342 5.4955 2.28395
-5.19366 0.941184 -0.673151
-6.49497 2.91393 2.474
-26.7439 14.2988 1.14386
-21.5033 3.5965 -0.31344
-19.1234 13.8939 1.30523
12.0849 2.61591 0.314149
6.71181 -3.90936 2.94468
-26.36 20.0638 -1.60636
-4.96388 -0.09139 -0.665199
-16.6336 4.93531 -0.888461
3.1689 -1.11032 0.984285
-5.62112 3.50833 2.52587
-4.3278 1.52677 -0.675702
0.112616 -2.71929 -0.515092
-4.00454 -4.61939 1.11532
-18.1913 12.2871 1.76067
-22.3168 16.8749 1.74483
-10.0696 2.98621 1.7491
-26.3854 20.1362 0.171777
2.5336 -2.51052 -0.464469
-16.6185 5.04827 0.950604
-5.51116 3.50088 -0.755458
-24.4607 5.97055 0.69438
-7.84576 0.0681525 2.57846
-9.66728 8.33135 1.81821
12.1091 2.51226 0.0989586
-1.55942 -6.56253 1.70282
-13.4301 3.53497 2.28153
-15.4536 1.95768 1.54766
-12.9231 3.90069 -0.898766
-8.90086 -0.698506 0.938147
-14.3452 5.91727 2.29997
-3.33177 3.24489 1.45415
20.1736 -17.9774 3.36635
-14.3068 6.08195 2.30408
-12.3619 4.70282 2.36956
2.23063 -9.66876 0.252569
-5.12431 2.85387 1.88006
-13.5594 4.37339 -0.914214
-9.46664 -0.256908 1.09612
-10.1068 8.71455 0.714868
10.8889 0.851318 2.83049
0.666132 -8.34077 1.50565
-24.8832 12.7036 1.80075
0.700937 -6.65839 -0.403822
9.47623 1.28739 2.35513
-0.664597 -5.90911 2.84117
1.11218 -8.13014 2.93714
7.21894 -4.82141 2.93306
-2.28567 1.49914 -0.648669
10.3475 1.89467 2.78289
-2.83196 -5.53356 2.07539
-6.7679 -0.764806 1.95478
-16.557 5.13282 0.706396
7.45287 -19.5759 1.84601
-3.97915 0.709503 -0.656264
-1.45167 1.73255 0.291814
-16.0684 5.47187 1.579
1.89002 -8.4958 -0.333373
-3.66674 -4.87481 2.18658
-15.4752 5.11229 1.81846
-12.9736 9.96069 -1.05018
-3.24606 -5.24418 0.48929
-6.2267 2.65505 2.05473
-10.3356 1.40499 1.8688
-27.1075 19.2311 -0.0545609
-0.418606 -7.47602 0.98397
-7.40202 5.08024 1.55123
-19.6481 3.90926 1.74379
5.92223 0.714622 0.180863
-18.2334 3.39396 -1.00679
-8.97944 0.884662 -0.767363
-22.3002 18.1061 1.23228
2.37658 -6.69424 2.91292
-23.5289 16.6436 1.24781
-0.773054 -5.54275 -0.445584
-24.7174 9.68727 0.511826
-9.48741 6.03737 1.72812
6.87594 1.32407 2.24821
9.94855 -6.51544 -0.273928
-7.46065 3.24064 1.98172
-5.24561 1.50362 -0.695676
-6.51127 3.4812 2.50851
9.78924 2.38489 2.67992
-24.4554 5.96729 1.26094
-7.56589 1.10824 2.56606
-19.1827 11.9843 1.41005
-3.15399 -4.71788 2.79321
-0.520037 -7.38514 -0.364613
-2.25458 2.36827 -0.502002
6.56763 0.0942797 2.15588
-13.9833 3.98732 2.31048
-2.17026 -6.07503 1.70912
9.67993 1.31428 2.32796
1.10797 -8.70739 0.695596
-3.4702 2.49676 -0.698612
-4.87835 4.44469 2.5063
-2.01952 -6.19407 2.06331
2.17578 -9.09169 2.94908
4.34108 -5.74374 2.73715
1.56596 -8.4674 -0.344072
-23.885 14.5154 1.90919
-4.49984 -2.77 2.7027
-19.6679 2.91672 -0.347201
-27.0627 19.2825 -1.82827
-2.34127 -5.96409 0.689947
-7.69222 0.709997 2.55041
-24.7643 13.4335 -1.35738
-22.8579 4.694 1.52457
3.24923 -8.96037 2.9861
7.21539 -4.26555 2.94138
-15.051 8.30563 -1.04203
-3.53249 3.39947 0.693344
0.060882 -5.95973 -0.432567
-4.47916 -4.27326 -0.299573
-17.3822 2.68685 1.90915
-15.7031 5.51321 2.26949
-4.99987 0.922392 -0.681415
-6.3106 2.90169 2.53192
-0.0764945 -7.46823 2.38255
-2.26817 -6.07545 -0.707695
-4.33964 4.05189 0.713923
-3.68866 -4.87192 1.11709
-9.66557 2.64826 1.74139
-21.0854 3.26392 0.677736
-6.24427 -2.85918 -0.498321
0.697581 -8.42673 -0.821217
-6.69576 2.49847 2.02043
-1.71327 0.117754 -0.603456
-18.2449 3.51828 2.16492
-8.05069 -0.688458 2.59645
-10.9893 6.20516 1.87035
-22.262 4.17742 -0.286484
3.71916 -10.275 1.52318
-17.2132 2.55673 2.15422
-4.32137 -4.33179 -0.517556
-6.72775 2.67615 2.00892
3.83214 -2.33113 -0.456014
-27.4375 18.8424 1.01967
-28.4048 15.6399 -1.35795
-4.75385 -3.29505 -0.100693
-5.19717 0.931849 2.032
-8.1556 -0.681679 2.60177
29.3813 1.67716 2.32517
-6.11748 3.37569 -0.759914
0.340215 -7.39054 -0.392278
-25.1053 13.4715 1.90583
-24.158 18.9065 1.14009
-14.4137 3.80001 1.84379
-21.4637 11.9014 1.9873
-1.88603 -6.31499 1.27946
-2.49687 2.5649 0.524332
-18.5383 8.6662 -1.14989
-29.0796 16.7355 -0.371516
-19.8497 10.5309 2.09071
1.64588 -9.15305 -0.247763
-2.48004 1.88039 -0.665427
12.8409 3.21639 2.34985
-15.9423 5.5411 1.8722
1.48056 -8.76884 -0.34068
-29.2203 16.3166 -0.583471
-4.11723 -4.5177 2.16371
-8.30018 2.296 2.31823
-16.159 5.51889 -1.13575
-25.896 20.6982 -1.83079
2.58518 -7.98962 2.94983
-21.5784 12.0483 2.00012
27.1186 -31.3448 1.54561
10.061 1.33348 2.81756
-2.48379 2.09676 -0.666536
-23.3461 11.4836 0.65908
-21.7423 6.1626 1.68636
1.48571 -3.52203 -0.46906
-7.67598 1.90132 2.51937
-6.6866 4.31209 2.13976
-9.39144 6.96395 -0.920894
-26.0903 20.4896 -0.19222
-5.77263 -2.81615 0.32082
-9.41392 5.72037 -0.867637
-6.73545 3.0854 2.30204
-28.3626 17.6826 0.565754
-5.91941 3.70772 2.52396
-4.58338 1.70922 -0.687111
-2.67438 2.70759 0.504534
-2.02637 -6.20035 1.28246
-19.5471 14.314 1.96162
-25.5017 15.5032 -1.43673
-6.86821 6.08936 1.57767
-13.2786 9.55814 2.25726
-6.24193 -2.85535 0.29777
0.4864 -7.55261 2.90962
-5.08748 2.73296 1.82615
-12.0226 4.68054 2.39026
-0.812319 -7.15241 1.71589
-12.6807 2.93132 2.30037
-1.15675 -6.41797 2.81346
0.673649 -7.71123 2.92166
-5.19259 4.77325 2.29397
-4.56767 3.07391 -0.735357
-5.92372 5.04852 2.47388
11.4996 2.15804 2.8115
-3.82145 3.6284 -0.434731
-3.31177 2.77942 1.93956
-21.0974 3.26298 0.265863
8.42201 -9.16143 -0.241066
31.9244 5.74314 2.62555
-2.42856 2.51437 1.29213
22.6567 2.95333 2.34843
-14.0366 4.13356 2.33696
6.69085 0.23609 2.15931
12.6306 2.61649 0.683035
-0.923583 -6.70447 2.36518
-7.9435 3.69917 -0.797565
5.15607 0.614801 2.0045
-7.76724 1.56994 2.56023
3.53645 -0.375668 0.311849
23.632 4.25241 2.41812
-0.260537 -4.12573 -0.483798
-10.1794 5.84894 2.39368
2.08772 -6.73097 2.20829
-5.4677 2.76458 1.88639
-26.7594 14.3088 0.222694
-2.09068 1.49731 -0.641973
-26.7814 14.311 0.0268579
-4.38264 3.99128 2.52031
-3.06857 2.07765 -0.679804
-27.6559 18.5257 -0.376999
-12.6426 9.56602 -1.03923
-3.55543 3.4246 1.48265
-2.43537 -2.89725 2.75451
-20.8084 10.639 2.03602
-19.4103 8.63732 -1.15824
0.327181 -8.07237 1.10639
-5.51218 4.99623 0.207472
-24.481 14.2709 1.7672
-21.3596 14.8519 1.46722
-2.73669 -2.48173 -0.561868
9.95259 -6.10556 2.51329
-7.70289 6.73202 0.77289
-12.5221 4.3074 2.37244
-11.1767 7.37099 1.65622
-0.703065 -2.699 -0.525657
-14.7526 2.32804 -0.902315
-8.32919 -1.15513 1.89237
-7.41014 0.831627 1.83479
-5.6587 0.14195 -0.68761
-6.07724 5.06696 2.33422
-19.6109 12.4176 -1.26026
-3.87245 3.63526 -0.734085
-1.11279 1.4599 -0.300841
-25.0586 13.1963 1.93455
0.386816 -7.16333 -0.391915
-0.139655 -7.71851 -0.280937
-1.70568 1.29803 -0.627227
7.11114 1.116 2.30549
10.2943 -6.50208 -0.269432
-4.11712 -4.55258 0.493087
-7.11228 3.28278 1.98411
-3.08354 -3.58923 2.77217
-9.51486 -0.116477 2.03301
-0.358778 -6.22582 -0.424602
16.3248 2.83194 2.2585
-7.28367 4.09906 1.94433
-8.23643 -0.811453 2.48551
-24.623 9.84964 0.351918
-13.5319 9.76361 -1.05942
-6.88284 2.50443 2.01533
-14.3446 10.915 -1.08882
-5.14191 4.71431 1.30305
-7.59168 3.47652 1.9711
-5.5269 2.94644 2.5807
3.4002 -0.517134 1.11284
-1.90823 0.119738 -0.604634
-9.28895 6.5432 1.47797
-8.93074 7.42094 2.36748
-7.56341 5.48122 -0.849975
-12.0444 2.9285 1.75069
20.691 3.46056 2.21426
-13.67 4.69504 1.73203
-19.0243 14.8485 1.95389
28.292 0.229992 2.70262
-4.42383 2.12127 1.87913
-3.71298 -4.53585 2.25296
-24.5652 12.3658 -1.32502
-8.34921 -0.536423 2.59726
-4.46797 0.110864 -0.648289
-3.33548 3.25505 1.7024
-11.8279 4.29493 2.40629
-8.12643 0.523126 2.55278
13.9609 2.68745 2.28475
27.1751 -24.2071 0.299197
-15.5326 5.66612 -0.998656
-0.909011 -7.07403 1.8961
-17.1099 8.59445 -1.12129
-9.02092 -0.608674 1.31353
-5.29343 4.29949 -0.784474
-9.88023 1.71561 1.79655
18.1672 -16.9263 2.85652
1.09902 -8.26524 -0.352819
-24.3447 14.3888 1.93152
17.5203 -7.81339 -0.15349
-1.01672 1.38231 -0.306787
7.95729 -9.48827 2.36013
-27.6689 18.5157 -0.17864
19.1598 -8.25856 1.10306
-23.543 5.76807 0.0548927
-8.12256 1.2762 2.54229
-3.66238 -4.21524 2.77605
-0.988031 -7.0021 -0.355877
-2.57375 2.60978 -0.352573
-4.33485 3.60219 1.87261
-14.8109 4.61697 2.1808
-1.89581 -2.28654 -0.553199
-2.91488 -5.49078 1.89907
10.5123 -9.28229 3.10918
-8.22605 6.74343 -0.902768
-5.04296 4.62915 1.52642
-11.4476 8.0029 2.32443
-4.77802 1.72206 -0.680941
2.01129 -2.50062 1.94064
3.39165 -0.473795 -1.27626
14.3836 2.31231 2.2553
-7.10361 0.0884315 -0.690171
-8.48279 2.05598 2.45892
-14.9173 8.87994 -1.04873
-20.1508 12.9357 1.49278
12.6769 3.34222 2.18403
-5.95844 5.33644 -0.665646
-1.88425 0.701963 -0.613241
-15.5348 2.40508 2.33104
-1.2904 -6.39393 2.4785
-3.49239 -5.02383 -0.497968
-22.4929 6.52529 1.60088
-18.3954 13.9976 2.01269
14.7598 3.79261 2.25874
-16.4486 5.26987 0.712499
5.47888 0.431698 0.806043
-7.12613 3.69176 2.4711
-1.25349 -6.41363 2.75809
0.487122 -7.71179 2.89049
3.46518 -0.464628 0.313565
-5.31157 2.94505 1.84011
-5.70205 2.94375 1.87912
-5.55529 2.32421 -0.731744
5.3205 0.631242 1.68393
-21.7336 6.15864 1.8515
-14.6713 3.1125 -0.90248
-3.08656 -1.85879 -0.578488
42.6681 -0.458664 1.88803
-11.4573 2.90631 -0.858712
-12.7658 4.88043 2.36257
-3.36589 3.0157 -0.72108
-19.0825 11.7576 -1.21702
6.0818 1.55034 1.98549
-3.9761 3.7552 0.299719
-3.33626 -5.14808 1.50754
-15.4683 5.10871 2.08803
4.51506 -5.73226 2.95165
-1.32737 -3.61983 2.78849
-3.66979 -4.87973 2.04739
9.8289 -6.9834 -0.266542
-14.2501 11.0517 -1.08933
-7.52562 3.6985 1.97235
-5.45468 3.03121 2.56503
3.37924 -0.648776 1.14877
-1.89829 0.295273 -0.605735
-2.26534 2.37982 1.09072
24.389 5.01844 2.17096
-22.0667 17.2007 1.75592
14.0889 2.78755 2.21821
1.10414 -4.11421 -0.459473
-1.32647 -5.28962 2.82162
-24.7065 9.674 -0.329178
-13.0266 3.51626 -0.900035
-16.0034 11.2718 1.46026
-1.42888 -1.37373 -0.569076
-2.23379 0.0975738 -0.59755
-10.5812 5.58122 -0.880617
-11.8941 7.53077 2.34537
-8.23512 -1.24562 1.5165
-11.8884 2.29062 1.9455
-0.0878543 -7.7312 2.13896
7.22401 -4.82693 2.75024
20.2857 -23.2873 0.4103
-17.3291 3.22566 1.6395
3.38438 -1.89654 -0.436189
-18.0621 3.24889 1.93738
-27.8165 18.3469 1.05868
-1.44095 -6.42196 -0.459881
-1.74456 -5.33194 2.81295
-9.48981 0.0638052 1.30971
-5.7909 3.97311 -0.769795
0.623537 -8.38716 -0.673955
-26.4278 20.1125 0.855393
-18.5663 13.4233 1.29195
-0.921653 -7.06673 2.09647
2.5877 -7.47177 -0.356159
-14.8108 4.1243 1.80498
3.31079 0.835962 -0.434702
-5.51819 1.50717 2.07095
5.53926 0.272239 0.094788
-1.09705 -1.6948 -0.552182
-6.17206 -0.169912 1.88237
-12.5334 9.71832 2.25477
-5.43057 -2.72666 0.266524
1.4302 -8.96155 1.27783
12.2556 2.52396 0.497837
-1.84125 -6.34686 0.983362
-9.98064 2.9099 -0.818794
-2.49719 2.56543 0.891833
-6.45788 1.57549 1.96018
-10.6003 6.18018 1.97201
-18.6838 15.5247 1.96592
-16.1158 10.2757 1.66391
-2.68679 -5.66973 1.53391
-10.08 8.1938 1.5387
-11.1101 5.08757 -0.887571
10.692 0.833657 2.83712
-20.9603 12.565 1.97876
12.2558 2.01995 2.83355
0.319449 -8.06355 1.30405
0.967953 -8.32909 -0.359843
-24.471 14.2534 1.87179
-8.30771 0.699889 2.53542
-3.4162 3.30176 0.401007
-2.74183 -5.6215 1.43081
-23.684 5.32269 -1.0164
-4.88581 -3.52019 -0.740667
-12.6585 3.86166 2.37137
-11.348 1.86075 -0.835426
-8.12158 1.52185 2.52125
-20.6565 8.96924 1.08974
7.57031 1.40669 2.18618
-3.71231 -4.87378 0.320464
-6.61596 2.98142 2.23554
-4.54731 1.47241 -0.677898
-7.82203 3.96411 -0.788146
12.6005 2.36655 0.632744
-0.975303 -6.38948 2.3002
0.677872 -7.39853 -0.385969
7.41775 -0.0658085 2.82983
-12.9535 5.0851 -0.928066
5.6917 0.174713 0.774715
-5.59615 1.89913 -0.71822
-7.01048 3.89695 2.45537
-2.70296 -2.28823 -0.563583
-8.0703 7.03542 -0.201354
-17.8955 14.5051 2.00579
-11.6391 8.41338 2.30791
-13.6828 10.2397 -1.05339
-6.94672 2.90667 2.00007
-2.85175 2.86936 2.43132
15.4998 -9.38749 2.60219
7.30359 1.49204 2.27262
-4.71681 1.09067 -0.678033
-6.05169 3.09653 2.52727
14.6356 -10.2611 0.0352856
-3.23835 -5.21834 1.88805
-2.16162 -2.0069 -0.556579
-11.9536 4.73901 2.38264
-25.9985 7.19053 0.521193
-2.01766 -6.17796 2.29278
2.10936 -9.10451 2.67128
2.81478 -8.57327 2.96326
23.4894 3.64898 2.55323
-13.3015 3.41914 2.00364
-1.42752 -6.66447 2.04543
6.98159 -17.9939 2.84535
-2.09355 0.238312 -0.59941
-11.7185 7.7253 2.33841
-7.07155 0.515058 1.78731
1.89465 -0.293485 -0.449863
-12.3052 2.60546 2.02086
-19.1548 9.93747 -1.17171
-0.522825 -7.38363 2.04834
-8.09534 0.927226 2.54554
-14.2408 11.8074 0.0806583
-17.3364 3.50304 2.30088
12.4316 2.39317 -0.454763
-9.04028 -0.610294 -0.491249
0.843106 -5.75326 2.14045
-16.8426 6.38984 0.558131
5.97827 -6.3202 2.76415
3.26462 -9.02363 -0.304408
-2.33978 -4.30327 2.13564
-10.1063 1.09778 1.9147
-8.7275 -0.832401 1.45231
-19.2667 10.1459 -1.18219
-12.5539 2.82093 1.99999
-0.673012 -7.26363 2.03879
-20.6348 10.8717 2.03193
19.2621 -8.34781 2.24798
11.0588 2.48031 2.79227
12.2124 2.50866 -0.409643
-15.3479 4.70489 1.79013
-2.81948 -5.60357 -0.800817
-12.1884 4.70032 -0.887828
-4.74999 4.38703 0.871435
-4.12089 -4.52853 0.954052
-19.3937 4.80138 -1.04182
-16.7301 2.17854 2.16508
-3.84613 -4.72712 -0.512866
8.96154 0.268701 2.33472
-2.49716 -1.69829 -0.573785
-12.2523 5.07459 2.37582
12.9277 0.687187 2.13616
-3.69738 -4.87558 0.709475
-26.3484 7.4597 0.518253
-8.73523 1.74386 2.29754
-4.38231 2.96053 1.9575
-24.4399 14.3438 1.45133
-23.7499 5.37753 -0.175342
-8.46011 -0.370326 2.57631
9.91778 1.26928 2.32926
-2.03655 -6.2014 0.859296
-13.1497 10.8684 1.68945
-2.68209 2.71638 0.903864
-4.31184 3.06197 1.96182
-23.3035 11.4462 -0.191935
-15.7531 11.1934 1.42734
-6.30874 -0.0611708 1.87769
-3.71398 1.2977 -0.667949
2.89175 -3.07482 2.00421
1.31452 -8.86684 1.30203
4.39798 0.967607 -0.400673
-23.4502 6.02493 -1.1117
4.59709 1.07541 1.47215
-6.51614 5.47404 1.90941
13.2733 3.36674 0.720096
-0.429608 -7.45879 2.30312
-27.0156 19.2688 -1.41441
-0.485486 -0.344832 0.103355
-3.84991 -4.7361 1.38412
-21.3172 15.7685 1.93034
-14.8851 12.3804 1.11432
-0.391452 -0.411131 -0.200295
0.345502 -7.62579 2.9066
8.74088 0.502368 2.32053
3.68723 -1.52144 0.192051
-6.27744 0.891902 -0.694967
7.50277 -19.623 2.10326
3.63618 -0.224629 1.29905
-3.2709 0.891272 -0.648426
-26.3016 7.80811 0.871818
-13.8591 3.59734 -0.920238
-2.32701 -1.45938 -0.576607
-3.18282 3.1139 0.783362
-13.7555 11.1697 1.62869
-12.0988 5.30405 2.36698
0.0657482 -6.238 2.20369
-10.1249 8.32789 -0.958225
-3.80481 -4.81381 -0.107274
13.6304 1.59439 2.12435
8.60834 -0.079576 2.34369
-16.5104 6.13792 1.25856
-24.6745 15.3032 1.27238
-24.299 14.4998 1.53638
45.4884 -39.3578 1.46496
-1.14284 1.45082 -0.617186
6.72319 -5.38158 2.70545
-20.1226 12.0632 -1.27286
-29.2334 16.3265 0.0557591
-4.39776 3.37689 -0.743494
-6.36103 4.72498 2.31322
21.3968 -16.5182 2.90477
-19.8473 12.0613 -1.26097
-4.10035 3.31083 -0.738322
-8.97745 7.67665 -0.879588
-23.9047 5.52536 0.7023
-6.16257 4.96367 2.31373
19.5004 -8.52015 1.90132
-3.9806 3.50847 -0.743371
-3.55617 -0.0477381 2.16945
-7.28495 0.716104 1.83924
-0.285728 -7.64631 -0.673691
7.08265 1.57297 2.19807
-18.6897 12.6534 1.82644
-5.19275 3.09415 -0.738654
6.44702 -5.74665 2.77222
-8.29219 -1.37178 1.46558
-9.68791 0.476957 1.91377
7.48253 0.269592 2.81846
-5.15274 4.66473 -0.7731
-20.1114 2.48331 0.703803
-4.41459 1.89097 1.94696
-6.84393 0.719867 2.55944
22.5669 3.15048 2.33635
-12.7627 1.85071 -0.860261
-7.34378 2.29189 1.90692
-2.65014 -3.78276 2.78409
0.533052 -8.25841 -0.296677
9.06255 2.31008 2.76008
7.8646 -19.9191 1.85045
-3.5041 0.910357 -0.652558
1.43619 -8.52874 2.50093
-25.6701 21.0737 1.05516
-6.22237 5.57245 0.238786
14.4751 0.76114 2.49702
0.239301 -7.99263 2.30251
-4.10048 1.49603 -0.661188
-6.07785 3.25617 1.85647
-7.42928 5.04735 -0.826489
1.43533 -7.33727 2.25837
13.1661 2.70203 2.53037
-0.651759 -0.25138 0.0544363
-9.19177 7.54223 -0.936542
-12.5127 8.92893 2.27836
-0.891403 -3.88448 -0.497664
11.7489 2.92188 0.278215
-0.845055 -5.29229 -0.456241
29.8923 -22.4538 2.55801
4.88372 0.884425 1.72647
-24.6409 9.83975 0.671079
-3.90869 -4.73265 -0.107319
0.104527 -1.89681 -0.526839
15.7576 1.94441 2.25728
4.88032 0.856887 1.86497
-24.6418 9.83041 0.504167
-5.98249 1.13953 1.78337
-1.68996 1.92515 0.682561
-21.3405 5.07178 1.63771
12.9166 3.1518 2.38206
-8.33955 1.71206 2.51218
4.30041 0.950472 -0.42711
-16.3414 5.39947 0.861736
-26.0982 20.4898 0.0289041
-8.28683 2.30823 2.47392
-7.40119 6.54255 0.934408
-13.8858 9.96255 1.70192
6.87496 0.488979 2.16191
-15.3821 9.73965 1.69371
3.65683 -0.231683 0.282405
-15.6868 5.16627 -0.98581
-0.10688 -4.3518 -0.476777
-8.78223 2.84189 -0.785176
-0.503006 -7.1089 2.36941
-19.6268 2.91317 0.505553
-6.0742 3.82957 2.50661
-4.77875 1.92295 -0.690613
-11.4518 3.89927 -0.878684
-12.8209 5.77728 2.34309
4.16055 -2.16809 -0.0746001
-4.45636 -3.43409 -0.580238
-7.14113 -0.721759 2.60496
1.6924 -0.892591 -0.497557
-16.451 5.2109 -0.460248
-26.1586 20.3511 -1.26106
-1.26674 -6.86236 -0.532295
-29.0793 16.7048 -0.999548
-1.56966 -6.55126 2.13168
-25.8718 13.6308 0.929044
-9.6064 -0.116691 1.51848
8.28659 2.27689 2.11625
-18.7549 14.2734 1.32905
-11.7357 4.19696 -0.863391
-13.1176 6.09086 2.32443
-5.14825 2.07626 -0.707967
-12.5779 3.94364 2.36237
-2.84005 -2.76981 -0.555468
-27.8518 18.2919 0.275985
-6.36788 4.33375 2.51052
-5.07131 2.31788 -0.703846
0.613911 -2.68518 2.28583
-0.40059 -0.407205 0.18907
-2.1586 -4.15308 2.78921
-19.0631 7.48731 -1.11188
-4.24749 3.99257 0.823394
-13.0938 6.29221 2.3345
2.18468 -6.14487 -0.401319
0.784608 -8.03523 2.71092
11.8444 -10.8944 2.40656
-10.674 9.05781 2.29537
-6.60522 4.4135 2.30578
-9.47181 -0.255845 0.277233
-6.10326 4.06507 1.62555
8.10547 0.248844 2.72279
-5.79467 4.98096 2.49291
-4.4887 3.099 -0.731421
-14.6032 4.4511 2.13476
-1.69739 -2.49732 -0.545601
-2.77543 -5.59108 1.88231
-22.8981 4.70184 0.0960914
-6.29412 1.0923 -0.700196
-8.08284 2.10555 2.51343
-6.65661 0.286415 -0.688184
5.29767 0.61651 1.47648
-11.3001 5.39065 1.78401
-7.20732 0.668631 1.78229
-4.65833 2.69465 -0.721582
-6.09006 4.5234 2.49898
8.11647 0.271667 2.34967
1.50693 -0.0862098 -0.49094
2.886 0.506253 -0.422955
-5.9088 1.89693 2.04873
-14.4456 4.32413 2.22894
-1.50709 -2.69448 -0.538598
-2.56865 -5.75476 1.89069
6.90583 -6.31558 -0.302076
-27.66 18.5111 -0.575275
-1.89409 -6.1212 2.32344
2.29897 -9.25407 2.66269
-11.2051 5.81645 1.87138
-8.26933 0.689137 -0.754604
-8.69513 -0.319632 2.5424
-24.5051 14.2857 1.51074
-20.3516 11.2874 2.02744
7.58659 1.17326 2.28362
-1.29645 1.29635 -0.617376
1.85764 -7.69906 2.28638
8.57924 0.0536855 0.162918
1.65563 -3.55237 2.49038
-28.0904 18.0225 0.838968
11.8807 0.710452 2.27585
-5.66587 5.10938 -0.229152
-20.6764 2.9465 1.29776
-6.2629 -2.84935 -0.495631
-8.86631 -0.108289 2.56263
-5.33122 2.26285 1.90686
-8.36823 -0.53961 -0.713331
-14.7453 2.88205 1.56493
1.22015 -8.23098 2.40423
13.8642 -10.756 -0.144371
-4.54184 4.21507 -0.253555
3.34545 -0.962337 0.662355
-22.8765 4.70588 1.42769
-7.92464 6.91706 -0.0591929
4.97374 0.0757664 1.69362
-7.08145 4.26519 1.95381
-13.622 9.23807 2.08276
8.8605 -9.4268 2.70695
-7.13425 4.10928 1.88125
-10.2374 2.90132 -0.83741
1.48917 -9.01934 -0.284598
-29.188 16.5784 -0.381909
-25.7982 20.9153 1.25312
-19.9887 10.3701 2.0952
11.6114 2.91755 2.8086
-24.6752 9.68447 -0.948554
11.2941 1.54292 2.19429
-28.7406 17.2432 1.02984
-24.6063 12.5772 1.04165
-12.1553 2.47095 1.94397
-0.329282 -7.53665 2.14543
-3.67849 -4.88192 0.923081
1.55893 0.410379 -0.453675
-3.49475 -1.92707 2.73132
2.27603 -7.57474 2.93079
-21.8589 11.6825 2.00585
-2.74511 1.51565 -0.658652
-1.88073 -3.25893 2.77333
-29.2516 16.4591 -0.400692
6.387 -7.41659 2.19453
-4.30761 -4.37122 2.07998
-16.1308 5.64881 2.08194
-25.9301 20.7569 1.25248
1.30957 -8.87804 -0.258142
-14.5313 3.20938 -0.907768
-2.89946 -1.68902 -0.583975
-12.6652 5.08847 2.35959
3.64199 -10.2503 0.530574
1.89637 -0.0944731 -0.438366
-5.93518 5.19356 2.46769
-4.61231 3.20843 -0.73879
5.67733 1.26906 1.95221
8.03269 0.119226 2.81828
-2.38784 2.01698 1.98201
-20.0863 2.48618 0.330922
-1.29167 -1.39742 2.24208
-9.0055 3.99439 1.9443
-15.0289 5.27727 -0.971402
-0.530007 -7.37831 1.89684
-8.56933 -0.972582 1.32694
14.4743 2.9695 2.28746
3.02469 -8.68977 2.9735
-19.6781 10.7648 -1.15367
-21.0704 12.6277 1.98802
-4.80999 -0.266706 -0.64587
-2.74183 -0.658772 2.20778
-6.5212 0.109617 1.86335
-27.5112 18.6978 -0.605518
-10.312 3.1825 1.73089
40.9228 -0.368808 2.54897
-14.9185 8.57351 -1.03944
3.78719 -10.3278 1.31967
-22.1865 4.13327 -0.530987
0.386426 -5.90389 -0.431226
-23.5628 5.74664 -0.843428
-25.9498 20.6861 0.148317
-4.46186 1.56055 1.97093
4.45332 0.771576 -0.438349
-6.79126 0.522496 -0.703159
-8.15623 2.47214 2.45898
1.6172 -3.54318 2.40491
-9.68104 0.672401 0.0739456
11.7161 0.747615 2.28866
-2.04678 -0.570776 2.51468
-13.8619 9.51046 1.56417
3.53397 -0.354594 1.12591
-4.88732 -3.51132 0.245167
-11.866 8.87074 2.28294
-11.0646 9.37731 -0.378455
-25.9906 7.19178 1.09929
3.22903 -8.26405 2.96703
-0.983214 -7.01986 1.97109
-12.8661 3.07218 1.98632
-8.30926 0.8919 2.53546
-9.94135 6.73085 1.70651
0.535775 -7.8301 2.69549
-6.82728 4.13158 2.28161
-3.574 -2.24155 2.73712
2.29896 -7.25495 2.92735
-12.0053 4.63143 2.38411
13.0587 2.59612 2.8726
-28.4225 15.5555 -0.265582
-2.2604 -2.13354 -0.557132
-6.76681 0.270053 1.79041
-20.899 8.6355 0.0814572
-13.1609 9.98583 -1.04863
-3.35676 -5.15862 0.353403
-3.94596 3.75725 1.49163
-11.9194 8.7442 2.2887
1.88194 -9.32926 1.09548
-6.59914 3.84708 2.49305
-5.17122 1.90326 -0.70274
5.79499 1.10182 1.66734
7.9795 1.10492 2.29044
7.91296 0.994295 2.29915
-4.12924 1.69573 -0.675262
-5.49546 3.68185 2.51928
-5.48339 1.19866 2.11218
-12.2805 8.47713 -0.995254
16.1294 3.46544 2.44544
-14.378 3.65608 -0.913171
-2.71555 -1.29995 -0.587051
-11.1895 3.47387 -0.847823
-10.0669 6.65504 1.63616
-12.5146 5.49722 2.36199
-22.2099 4.13515 -0.325077
0.984338 -7.14957 2.90122
-25.8812 13.8394 -1.05378
-27.4599 14.8983 1.17807
-0.835438 -4.01752 2.80822
-3.23495 -5.21923 2.08893
15.096 -16.3316 0.00621498
-13.3341 8.88183 -1.0248
-10.636 6.20082 2.12838
-20.6007 9.33799 -0.0315821
-10.1919 1.25749 -0.808048
30.0974 4.06552 2.6782
-6.67253 2.92578 2.02517
-3.70859 -4.8747 0.51463
-23.8432 12.6989 -1.2705
8.63908 -20.5166 2.73983
-21.8862 3.94009 1.6605
-25.3872 13.7761 0.917635
-1.70105 -4.38327 2.80386
-8.15718 -1.0317 2.07904
9.94696 -8.13433 -0.231718
-0.328342 -7.55916 0.499836
5.31533 0.525104 1.11767
-7.25415 3.55453 2.12316
-14.1254 3.6522 1.53592
1.86111 -8.89076 2.49402
8.90764 -3.99217 2.35518
-0.685441 -4.67886 -0.478188
42.7304 -0.965418 1.94062
-11.4441 3.33042 -0.856978
12.6826 0.622988 0.0902736
-19.2383 13.7303 1.33282
2.50046 -8.52258 2.96479
6.58896 -3.86241 2.94946
7.95986 -4.79132 1.06836
0.517575 -4.95358 -0.452952
10.3106 2.05192 2.78103
-2.30584 1.29433 -0.639103
-23.4468 11.6093 -1.30403
0.674171 -7.63441 -0.385438
-24.8903 13.5005 1.93421
-22.0436 17.2074 1.57717
-9.93411 0.88276 0.344748
23.193 1.63663 0.754609
-7.39817 5.89485 -0.860139
1.42757 -8.21092 2.35463
-24.8604 13.2889 -1.35815
22.7731 2.80233 2.99799
-2.12823 -5.7806 2.32978
0.850641 -8.47212 2.42515
-1.30098 -1.90068 -0.552653
0.65864 -3.42032 2.31318
-25.1339 13.2375 0.723388
-6.49358 5.77802 -0.0916681
-21.4809 3.59199 1.48774
-12.6523 10.4639 2.05224
-2.17396 2.30877 1.24446
-29.09 16.7168 -0.181047
1.64347 -9.15314 -0.11626
-1.88995 -6.31443 1.08609
-2.50065 2.56976 0.724958
13.1602 2.96369 2.48599
-6.39233 3.51432 1.86462
-10.3358 1.21099 0.105322
-26.5419 19.9392 0.0287177
-8.75059 1.71249 2.47275
-1.88349 2.09269 2.18256
-19.535 2.533 0.501898
28.4765 1.79413 2.91058
-8.3659 5.35645 1.72837
-10.7698 4.1174 2.4201
2.90764 0.239121 -0.400059
-3.53599 3.40975 1.27684
-5.90594 2.10519 2.03507
12.4808 -13.2802 2.69383
-25.2468 13.0953 0.0251575
8.32432 2.20072 2.32711
-5.41335 -2.71469 1.05373
1.43732 -8.97728 0.348193
-5.51278 1.50111 2.10123
-12.2318 8.89448 -1.00871
16.1794 3.06285 2.44089
20.5603 -18.9626 2.87215
-21.9213 16.4666 1.87277
3.53988 -0.0695544 -0.405425
-16.7903 6.35442 1.50903
-0.849057 -2.72784 -0.520261
6.18229 -5.98193 2.33374
-6.084 -0.0714306 2.63554
-8.52173 -1.26147 1.90893
0.26026 -6.88002 2.88596
-20.9716 3.12998 -0.37917
-10.4646 5.15467 1.68809
2.34471 -9.11382 2.9722
6.38175 -4.49857 2.93412
-1.91227 -6.27947 2.05143
1.42086 -8.96385 0.513815
-29.2086 16.4792 0.30614
-10.3364 7.76533 1.76179
-8.64842 1.86087 2.48071
3.77272 -10.3432 -0.0823962
3.63462 -5.02164 2.25504
-20.5495 9.10922 1.46805
-4.76875 4.39161 0.233484
-0.638009 -0.218667 -0.0994381
-4.10977 -4.52791 1.51204
-1.69563 1.91805 -0.48585
-12.6628 5.47206 1.53807
7.6508 -5.6454 2.38375
46.1244 7.18932 1.64775
3.74296 -10.2868 2.30542
-1.89037 -3.11735 -0.538868
2.75647 -10.0476 0.396867
-4.55057 3.20362 1.97996
9.63297 1.18744 2.33154
-7.69951 0.497864 2.54209
-2.90282 2.89662 0.946739
11.6353 2.01071 2.21422
-12.1418 7.89569 -0.966018
14.6511 3.89145 1.47406
18.0897 -14.4036 -0.0159916
-3.56945 -4.2058 2.76916
-0.809236 -6.9719 -0.42404
5.87856 1.17148 1.68306
5.33208 0.11518 -0.278335
13.2193 -9.10055 3.13628
7.52868 -19.6266 2.30275
3.6318 -0.22088 1.40217
-10.2456 1.135 0.710362
-24.8787 13.8973 1.42904
-2.47516 -4.14914 2.78265
-8.8871 -0.685575 2.02462
-10.325 1.20963 1.28556
-22.6104 4.49681 1.57429
12.7853 0.629054 -0.0691693
-21.1076 14.6731 1.75616
-23.4772 6.04157 -1.01266
-8.54579 -1.02312 -0.28591
-21.4339 5.93275 1.9361
-20.0422 11.7281 -1.2694
2.79971 -9.67603 2.76817
-9.89246 2.47702 -0.803244
-16.2757 5.93579 -0.133756
1.95838 -3.80195 2.47907
-27.8293 18.3511 0.849573
12.2788 0.324306 2.27578
-1.50834 -2.09084 -0.5512
-23.6113 10.9931 -0.294975
4.74566 0.977014 1.72136
-14.0347 3.78114 1.54022
2.06782 -9.0964 2.52912
-10.2056 5.94756 2.40835
-6.98987 4.54872 -0.810243
-10.07 6.64068 2.38073
-8.75752 4.68979 -0.836927
-1.91447 -5.66095 2.29394
-2.03229 -6.19213 1.59499
-15.455 9.65352 1.69519
-4.5697 0.0925973 -0.653177
0.381 -5.31019 -0.443307
-1.89469 -6.32116 0.674573
-7.267 0.274784 2.56571
-2.52709 2.59365 1.11489
-19.4256 2.60804 -0.387817
-4.13762 -3.08342 2.74129
-21.0087 8.40251 -1.09024
13.2794 -10.5968 -0.156466
10.1776 1.72322 2.79208
6.24686 1.67067 1.97579
-9.13342 -0.516202 0.191308
-9.7247 8.41827 1.52324
-8.03791 2.62765 2.29448
2.89516 -0.0833914 -0.401184
-14.8682 2.72184 -0.913192
-4.17256 3.94433 1.03621
-8.92153 1.52572 2.45721
14.1301 -9.04291 1.30388
-10.6772 6.07369 1.88407
-8.34875 7.26022 1.15675
-7.70204 -1.66533 0.705798
4.4396 0.0751721 -0.392971
-23.3398 11.3919 -0.140114
-14.1469 5.11306 2.32863
0.539552 -4.00857 2.2338
-0.51526 0.983487 -0.299286
-9.49843 0.532826 1.09399
-10.8999 4.51636 2.40627
-1.4471 -6.66552 0.847502
18.8914 -7.84725 1.86187
-4.79729 2.95716 -0.728787
-6.08556 4.90942 2.47775
-2.47045 0.708868 1.9899
-24.1615 5.73433 0.353251
9.6426 1.65352 1.89512
-27.9117 18.2365 0.488677
-0.831939 -5.7621 2.83088
21.71 3.90517 2.58931
-23.2301 12.4175 1.96545
-5.49627 4.26435 2.51489
-4.12866 2.30958 -0.694765
10.918 -11.4362 2.64386
-6.22135 3.0116 -0.736749
-0.508336 -7.42412 0.0941441
6.67797 -3.53236 2.47313
12.0609 3.00083 0.87348
-6.98237 -0.513819 -0.680178
-13.1343 5.44007 1.66826
-4.98576 4.14256 1.84572
11.377 2.48048 2.798
7.3068 -7.06943 -0.2832
-1.28546 1.5983 0.499309
-8.92434 6.97915 2.38228
-7.56157 4.9942 -0.826959
1.29003 -7.21779 2.25886
-24.668 9.81108 1.53839
13.715 3.07929 2.25885
-11.4657 2.72203 -0.856117
-12.805 4.69378 2.35768
3.7105 -1.54595 1.01463
-3.81993 2.08779 -0.689786
-5.17287 3.97551 2.52977
14.619 3.92442 2.20943
-6.48136 1.70922 -0.73428
4.41196 1.22967 1.70961
-9.60654 6.47944 -0.893695
-11.0431 8.45461 2.3171
-7.04767 3.84758 2.27407
-12.5644 3.29811 1.79084
-0.746929 -6.79282 2.3728
-20.9537 8.57867 0.777463
-24.9773 13.3362 0.879194
-24.9061 12.5385 -0.316388
-10.4204 8.44655 2.31887
-6.24113 5.56563 -0.388712
11.7648 2.94653 -0.43564
-21.2757 3.42622 1.1042
-24.5524 14.1078 1.9341
-8.59345 -0.539682 2.14141
-1.60508 -5.81038 2.29708
2.61857 -9.52726 2.61415
-9.52931 6.10773 -0.884254
-10.8729 8.02431 2.33553
-25.1661 12.8695 0.286071
-16.1047 2.79486 2.32446
2.28866 -9.23071 2.50621
-7.74668 6.3025 -0.881634
15.3618 0.215031 2.49489
1.09408 -8.67676 2.29653
-2.91251 -0.367131 -0.605979
-2.50177 -5.296 2.26194
10.7051 1.56885 2.80389
-4.54326 4.21103 -0.402853
-20.6948 9.39532 -0.642011
-15.4922 7.86213 1.72621
-6.26038 5.29891 1.93216
1.90614 -8.11504 2.94594
-19.8421 13.439 1.2015
12.3794 -0.0256829 2.14603
-2.09105 -2.91609 -0.546983
-0.237045 -5.51281 2.84417
1.54387 -8.64787 2.89341
-20.023 11.5049 -1.2538
-1.46522 -5.89412 2.22869
5.67271 0.847273 0.727633
1.52099 -3.89666 -0.458023
-6.83455 4.53529 -0.806755
-10.8835 9.21378 -0.773881
8.34215 -19.8402 2.52417
8.14212 0.224825 2.4856
-9.23433 6.6753 2.39158
-7.88285 4.69496 -0.834728
0.954227 -6.9613 2.29723
-28.3527 17.7061 0.773945
-6.22302 2.98519 1.86821
-6.52526 4.49695 2.07383
-2.42718 2.51552 0.848955
-10.035 2.74293 -0.819261
-12.962 10.6365 1.55979
-13.4403 5.4861 2.33314
-9.44202 0.867013 2.26748
9.66861 1.43397 2.29223
19.4129 0.0271816 2.845
-24.1165 14.3986 -1.31247
-5.34586 4.90235 1.7722
-6.33563 1.70121 -0.719
-4.7657 -4.06449 0.0565903
-11.03 3.52601 -0.843045
-12.4245 5.46479 2.34719
-10.0471 6.62653 1.64043
41.2489 -44.4198 2.33521
-20.4437 4.327 1.69096
1.04678 -2.90385 -0.484379
0.517938 -7.86365 2.47055
4.71087 0.991128 1.83784
-9.78849 0.824455 1.99766
-8.43797 -1.0664 1.28227
-16.5116 6.13667 0.717828
-0.33901 -7.52901 1.88421
17.5301 -21.2428 3.11895
14.25 -8.90137 0.624033
-8.13444 7.10413 0.473239
1.11374 -3.69954 -0.469252
-9.1368 -0.532687 -0.104024
0.492036 -8.19762 1.88895
-22.0233 6.38849 1.71118
-3.16017 -5.28765 2.11457
-21.7534 12.0689 -1.31203
-14.2757 11.8171 0.31533
2.35367 -8.03836 -0.352667
-15.0215 4.76004 1.84999
-5.35874 -2.79031 1.07247
-14.6571 7.07211 2.27625
-12.1857 8.36252 1.56002
8.44928 2.1138 2.35858
2.96541 -8.32129 -0.337148
-12.3703 2.93016 -0.859475
-13.6874 4.89801 2.33617
1.89456 -0.294888 -0.453217
6.05056 -6.21011 2.61271
-9.98518 0.946816 1.73163
-9.28094 7.99688 0.278789
-8.5708 -0.960768 1.52761
-22.0848 4.0302 -0.136721
1.45958 -8.94214 2.43158
-16.9617 2.44542 2.30016
-2.60406 -5.75817 0.700494
-3.27396 3.19641 1.11133
12.7394 2.21094 2.31646
-13.6084 4.28665 1.51136
2.46396 -9.53463 2.51726
-19.662 2.91937 0.113909
-1.72692 -5.94866 2.34207
2.47015 -9.40432 2.60151
-15.4637 2.73497 -0.930982
-9.01139 -0.607787 1.92138
5.23343 -6.93113 2.42712
-10.1775 8.71544 0.133312
-9.50076 -0.204694 1.69879
-1.42472 -6.65393 2.29207
12.425 2.97765 2.11249
-23.5571 11.146 0.905423
18.5136 0.793245 2.86941
1.6821 -9.13973 2.44058
2.92705 -10.1126 2.02481
-24.6095 9.84136 -0.461998
-13.4674 4.31076 -0.942301
-9.33087 -0.364629 1.10401
-9.36621 0.404023 0.286954
-16.4195 2.0671 2.33641
-21.4876 3.59312 -0.117484
-7.61112 -0.255614 -0.693113
-2.19936 -0.407854 -0.597898
-9.61527 -0.117668 1.10069
3.04652 -8.93364 -0.313897
-5.01885 1.43683 2.11392
-2.57113 2.63278 1.40515
-5.69824 5.13394 -0.429051
-20.6713 2.93846 1.10707
1.55584 -7.71469 -0.370772
-7.98021 -1.01745 2.18827
-0.241118 -5.3828 -0.440054
-27.9127 18.1608 -1.18225
-4.14955 -4.49921 2.06352
1.44315 -8.91529 -0.258097
-20.0742 10.2586 2.09752
-29.2074 16.405 -0.303266
-9.37319 0.947327 2.08121
-21.4708 14.9261 1.95106
-6.96879 2.39629 1.94803
-28.3945 15.6301 0.429734
11.5854 3.09123 2.8129
12.2798 0.150311 2.27522
33.5344 -34.4907 3.00672
-8.32224 -1.17192 0.680527
-11.3201 6.64306 1.86556
1.68278 -3.54066 -0.460578
1.30522 -8.47723 2.49512
0.883818 -1.90743 -0.509777
-25.8798 13.605 -0.165492
2.64992 -9.55155 2.77219
-1.55223 -5.77954 2.20274
8.74579 1.88702 2.30684
-20.8007 8.75414 0.0954844
-15.0786 3.2985 -0.906786
-3.51422 -1.68359 -0.592995
-28.8108 17.0327 -1.20286
1.37171 -0.0747971 -0.498493
0.264154 -2.49592 -0.510275
-2.22723 -5.21527 2.19648
-24.5863 14.1437 1.74264
-8.61809 -0.518983 2.2893
12.8037 2.18091 2.31283
2.67562 -9.52003 2.52145
-3.92527 3.73788 1.49198
46.4276 -38.2052 1.47949
-20.9685 8.53596 0.0930852
-6.55522 3.72716 -0.778901
-9.38852 0.106344 -0.508924
-18.6277 2.61789 -0.657619
-8.51093 0.698416 2.52984
22.8271 2.93429 2.75056
-20.5659 11.4866 -1.27796
7.7332 0.51068 2.77192
-21.6503 3.70969 -0.00858414
-7.66991 -0.116238 -0.698166
0.220891 -8.04445 -0.831506
-13.1556 2.51119 1.90363
-23.9492 14.4963 -1.32455
1.09324 -3.1071 -0.484909
-8.92013 -0.708964 -0.671104
0.706126 -8.00828 2.48434
-9.65907 0.877741 1.99556
-8.32361 -1.17194 1.29243
-24.5549 12.5479 1.29508
-12.1351 2.49136 2.1745
-0.242614 -7.60565 1.893
-10.3073 4.0185 -0.832324
3.73445 -0.134454 0.0830622
-26.7145 19.7686 0.70837
-25.0747 13.9023 1.43633
-7.84826 0.601022 2.58706
-3.06454 3.02804 1.09952
-2.45008 -5.87754 0.703178
10.9408 -8.61553 2.39988
1.29783 0.278173 -0.4762
22.2861 3.2099 3.12189
-16.847 2.63201 2.3242
1.55809 -9.0507 2.4197
2.29764 -1.72219 -0.485988
-20.7136 8.90248 0.977188
-6.70332 0.49743 2.57525
-12.7319 1.72662 -0.857065
13.8905 -9.37037 -0.0715283
-23.6292 5.30918 1.28985
13.2328 2.79868 2.53113
-7.10617 2.90687 2.00347
11.1554 0.215162 2.69339
2.73342 -8.02588 -0.349618
4.58251 -10.9943 2.49823
-13.8576 4.53144 2.34284
12.693 3.33399 2.5107
24.4082 5.32465 2.32478
-18.1315 12.2806 1.63465
-3.51112 -0.454838 -0.613728
-20.9914 8.54757 1.27801
-29.1708 16.5544 -1.41461
-25.7739 20.8955 0.243455
6.20848 1.6074 1.67057
-4.24828 2.2802 -0.699121
-5.6732 4.30726 2.50808
1.99341 -9.43163 0.335888
-20.671 8.91819 0.0703245
8.93475 1.71925 2.33999
-4.04342 3.81416 0.0779912
-3.33655 -5.14732 1.711
-16.8677 10.6803 1.61549
-1.84895 0.181846 2.00378
11.4616 -8.21382 -0.204325
-23.6446 5.30398 0.321404
-23.1255 4.89798 0.891234
-4.13555 2.49668 -0.703612
-5.4909 4.46899 2.50573
1.86114 -2.36958 1.93915
43.3539 -41.9863 1.51882
12.0513 1.90076 2.86213
-11.7904 3.34128 -0.889443
-13.1007 5.28479 2.35343
-2.50133 2.56491 0.0939105
-1.88313 -6.31269 1.69081
6.92595 -5.17459 2.69665
2.94703 -9.77634 2.58747
-7.8359 1.22535 2.56548
-5.54709 2.44487 1.88832
0.347014 -2.33759 -0.510569
-1.52343 -3.29406 -0.523376
22.2524 3.40515 2.51748
-2.04415 -5.35533 2.18943
14.8058 0.619679 2.41165
0.498617 -8.20133 2.30631
-9.14192 -0.532579 -0.496505
3.55085 -0.370638 -0.104753
-11.2972 3.75599 1.60017
-3.54689 -1.55292 2.49848
-26.1494 20.408 -1.59837
12.5722 2.02332 2.28133
2.35408 -9.67755 2.44875
2.77766 -10.0382 1.28733
46.1709 6.35818 1.69536
5.36291 -5.14934 2.94257
-14.803 4.6024 2.08946
-0.543425 -4.30938 2.81586
-2.91114 -5.47907 2.085
11.2587 3.04037 2.80226
0.0574912 -5.46644 -0.438908
1.09883 -8.68688 2.08117
1.06505 -7.38814 -0.387148
-24.4453 13.4576 1.90733
7.88521 -0.06782 2.83137
-8.47605 -1.22944 2.13725
-5.97709 2.82088 -0.726773
-8.75 -0.82352 0.535682
5.05981 0.167916 1.69497
-12.4307 9.04425 2.27851
-6.91899 2.50089 -0.759493
-15.9955 6.89112 1.73106
-0.00162062 -7.8043 2.32249
-1.38869 -4.13636 2.79567
-7.83997 -0.626782 1.98856
-5.14545 4.28007 1.8394
-16.098 5.70498 0.27571
0.500049 -2.09833 -0.514368
-20.4895 8.80466 -1.20894
-24.4573 13.4621 -1.34524
-20.4816 11.8284 -1.28312
-1.89453 -5.56668 2.22116
-7.26664 3.08982 -0.767147
-12.6204 9.60111 2.25441
0.677617 -5.46813 -0.435745
-16.7365 2.17222 1.92853
-14.516 7.89522 -1.02419
-2.85361 2.85386 0.708293
-16.0603 10.8058 -1.15392
7.95809 -6.79049 -0.279574
-11.0668 9.31654 1.2848
-7.16439 6.22058 -0.86365
-19.3812 5.62236 -1.09445
-27.5392 14.9189 -1.12285
-14.3353 6.65788 2.29018
-8.9832 0.0842609 -0.763422
-17.0754 6.58756 -0.263078
1.11338 -7.08432 2.2465
-1.71278 -0.906627 2.31604
-10.5504 1.30011 -0.723908
-22.0576 13.5026 1.9308
22.7721 2.75746 2.84171
-13.9932 4.29278 1.81055
-5.96955 -2.91263 0.10088
13.9216 -9.30977 -0.463928
-5.88791 4.89296 2.48354
-4.58767 2.90327 -0.727942
7.95263 0.379196 2.74
0.948216 -5.1799 -0.439563
13.8535 1.7941 2.07028
-3.54186 -5.02223 -0.289046
-12.1937 2.34962 1.92179
-0.81651 -5.53894 2.16316
-5.98466 4.97476 1.94192
12.0929 2.53525 -0.0695066
-1.89967 1.49555 -0.636272
-3.09407 -5.34715 0.90564
-11.2287 4.01662 -0.866325
-22.7276 6.59014 1.61624
2.14959 -9.54434 0.957313
-1.23919 -6.82221 1.29019
-1.91252 2.10271 0.502951
-6.36042 2.4596 2.02774
-3.91688 3.73002 1.30458
2.31409 -9.67389 1.57626
-21.4905 3.59424 0.0896027
14.0273 1.94231 2.08118
-3.36138 -5.16515 -0.29615
1.11357 -5.02414 -0.44242
13.5135 -10.2353 -0.150836
10.3791 1.98295 2.79537
1.88842 -9.32915 0.936654
-8.4447 -1.06704 0.494216
5.28815 0.536217 1.68342
-12.595 6.30652 -0.924928
-1.01272 1.38028 0.658199
-0.319787 -7.55213 1.10576
1.1211 -8.31488 2.48796
-8.41153 -0.438855 -0.716513
-17.5915 2.88524 -0.96803
-16.51 6.13777 1.47946
-4.03321 2.80505 -0.716896
-5.29048 4.71193 2.50578
-22.396 18.0241 1.18914
-25.8949 13.6789 -0.522902
-0.834697 -7.13561 2.16342
-12.661 2.92643 1.92588
1.09691 -2.71571 -0.490433
-23.9581 14.1617 -1.34103
-11.5642 3.50679 -0.877729
-12.9669 5.47969 2.34556
-16.5497 5.14903 0.942513
-26.2797 20.2688 0.233539
-6.12193 -2.94064 -0.097833
-3.02185 2.98581 -0.493936
16.4805 -20.6939 3.16656
-1.09691 -2.70246 -0.530743
-12.9833 5.61178 2.3564
0.280469 -7.56781 2.89017
-4.57815 4.25043 0.359774
-0.521458 -0.39771 -0.227333
-5.69421 2.56049 1.87745
0.0946623 -2.49253 -0.516122
-2.30935 -5.16777 2.19671
-5.09118 3.63119 1.95925
-7.43661 5.14822 1.5816
-11.4862 9.7851 1.59213
20.7585 3.6751 2.32679
2.51179 -9.81322 2.45641
-25.34 6.68144 1.63426
9.09776 1.58723 2.34868
-20.5255 9.11439 0.0703543
12.6714 2.06165 2.33496
-13.5413 4.38514 1.54766
2.43778 -9.7413 2.44232
14.6705 3.86747 1.69055
-18.4054 2.50157 -1.00716
17.0648 2.69297 2.45637
-10.5095 4.72554 -0.847399
3.36597 -0.830832 0.107804
-8.06873 7.047 -0.12178
4.9395 0.0412444 1.69415
-8.90991 -0.698255 0.522897
-0.813491 -7.16258 1.10888
24.4428 5.11797 1.27078
-7.51427 4.34143 1.88985
3.41302 -0.556765 -0.276937
-11.9223 3.87795 -0.870894
-13.2613 5.75004 2.33135
-9.21697 1.14086 2.32246
10.956 -7.97913 -0.220338
-6.35443 4.71105 1.99581
-12.4516 9.83976 2.25626
-8.47602 5.28107 -0.844535
-9.89638 7.2958 2.35162
12.5333 3.46744 2.56686
-8.39457 2.15961 2.17454
14.3342 -8.81094 0.981516
-11.6183 2.68287 -0.866074
6.7323 -17.7424 2.59245
-2.30173 0.102195 -0.609722
-5.1685 -2.77442 -0.6326
-7.14803 3.70984 2.04183
10.2776 -7.27245 -0.250346
-7.05287 3.91185 1.96125
-15.5228 6.15269 1.55375
4.51942 1.00128 -0.45156
-11.0914 8.7809 -0.95263
-7.25647 0.525197 -0.70672
-6.26216 3.65191 1.76977
-0.159265 0.72789 1.19229
-6.67612 4.11043 1.89211
-19.3363 9.19945 -1.17879
24.2675 5.1387 2.61854
-20.6462 11.1184 2.04188
-0.29328 -2.91336 2.17726
-20.1325 16.4882 1.91132
-12.0793 7.08982 1.82207
-9.02754 -0.609508 0.702651
-9.68856 8.35675 1.19001
-0.920992 -7.07199 1.30439
-1.59943 1.85258 0.503235
-11.8433 2.50773 -0.878627
4.32314 -5.77591 2.43885
-5.28576 -2.85962 -0.72827
-12.2782 4.36385 -0.888764
-13.5537 6.3365 2.31623
13.35 -13.3553 2.71492
11.5686 0.886016 2.85862
3.76932 -10.349 0.0897609
-29.2193 16.548 0.657619
-18.0594 3.34472 -0.979006
-17.0503 6.53679 1.44519
6.06644 0.726652 0.217211
2.48043 -9.8239 0.344356
-27.4128 18.8307 -0.386117
-5.18263 4.76606 1.89695
-24.1727 5.74251 1.24506
-6.13461 -2.94051 -0.899685
0.784466 -8.48389 -0.567482
-16.5505 5.15988 1.72169
-26.289 20.2946 1.02564
3.87931 -10.4022 0.634576
-29.1313 16.7432 1.26706
-14.0098 10.8505 1.64879
-20.7348 15.6767 1.9395
15.1768 0.186256 2.7662
0.975425 -8.57942 2.04536
-21.1172 15.2644 1.94415
10.8824 2.28766 -0.498938
-10.9985 3.49435 2.42224
2.42787 -7.87796 -0.350989
-14.8534 4.50482 1.8212
-3.01604 -5.40637 2.23979
-20.9953 8.54672 1.44684
-11.304 3.50511 2.41324
-4.5179 3.36014 2.54072
-3.29123 1.48724 -0.666177
-25.0218 6.40836 1.12898
9.42281 1.90376 2.77903
1.40642 -4.48965 -0.443184
-25.7527 16.3206 1.11498
14.3236 2.47853 2.05625
-2.37039 -5.97724 -0.686742
29.5297 4.38862 2.76945
-7.23226 2.58765 1.94222
-1.10087 -1.29733 -0.561836
-8.59181 -0.946599 1.12424
-0.541895 -7.36904 1.70687
-1.57143 0.127928 -0.601848
0.862726 -8.49502 2.09036
-11.9415 2.89114 1.69764
-26.7573 19.5977 -1.38902
-0.0737266 -7.08711 2.32713
-7.34418 6.49381 -0.29147
10.7444 2.0671 -0.45788
-25.6879 6.93999 -0.143538
5.53277 1.48264 1.93759
-0.423014 -7.46379 2.03782
-27.0263 19.2686 -1.16836
-12.2544 2.58194 2.05542
-20.2706 11.8989 2.04655
-2.25457 -6.03446 0.290868
-8.01351 4.39695 -0.823532
-2.90528 2.9071 1.56379
-11.1189 8.80335 -0.931122
24.4554 4.86126 0.765295
-11.4667 9.2184 2.2777
-13.7155 2.15486 -0.869519
-12.7464 5.36955 1.54207
-2.18715 -0.273313 2.05289
-18.0262 14.4286 2.01045
12.09 3.05503 -0.217375
7.03361 1.54079 2.13338
5.33262 0.521231 -0.0963347
46.0237 5.81301 2.22197
-0.373702 -7.57676 -0.713778
-20.3545 9.02173 2.07157
-8.54462 -0.957724 2.06246
-11.2121 8.86105 -0.77532
-7.11556 4.31134 -0.802739
-15.8179 7.48566 1.73872
-6.5072 4.87534 1.94067
-12.7415 5.03293 -0.910603
-6.70965 3.88502 2.49521
-13.0897 9.91179 2.06737
-9.07392 1.32568 2.10908
18.847 0.428693 2.86882
-13.9174 1.98023 1.73981
1.1952 -8.40601 2.9318
21.8448 3.78205 2.6374
-21.5154 3.59157 -0.652513
-2.48929 -5.78143 2.2642
-0.898043 -7.16598 -0.553071
-1.12658 -6.0284 2.84031
-23.478 12.0907 1.97051
-8.92788 -0.715584 -1.0733
9.60093 -6.48222 -0.277662
-7.71298 3.27415 1.97581
4.55772 -0.0364364 -0.383248
-1.50179 -0.942631 2.11659
-26.6152 19.8219 -0.547925
-9.43506 4.4288 1.93103
-10.3503 1.21268 -0.501005
1.24813 -7.19991 2.25135
-7.63523 4.9127 -0.822337
-24.1656 14.6755 1.74178
-6.94713 4.16494 1.74636
-8.04572 0.918794 -0.737081
-9.60163 5.05563 -0.854682
-3.29637 -0.437457 -0.607969
-2.75564 -5.30177 2.29175
-15.751 7.57266 1.73645
-6.49448 5.0749 1.93701
-12.0247 1.55848 1.94801
-16.0629 6.19539 1.81686
16.7269 3.22134 2.21624
-11.0106 8.78269 -0.849712
-15.6157 7.62589 1.7268
-2.25522 0.435114 1.93922
-6.30769 5.09651 1.93301
-9.57624 0.541746 -1.09872
-28.1722 17.8742 -0.37998
-10.7797 8.95924 -0.846323
-4.46603 -4.29172 -0.726805
-17.3636 2.68392 2.28578
-3.54567 3.41628 1.12533
-4.44723 2.05505 -0.685211
-5.75106 3.9385 2.52436
-2.27425 2.38952 0.699991
-8.07543 1.08309 2.5299
-5.17325 4.74834 2.19158
46.023 6.08931 2.20545
-14.182 11.8789 0.0862638
-17.2879 3.65919 2.29881
-0.819958 -7.16886 0.515659
-8.08853 1.57498 2.52245
-27.4076 18.8316 -0.552509
-5.17223 4.7443 1.72545
-19.5487 4.07684 1.73824
-7.89488 2.89704 1.99672
-5.64894 4.8991 2.49023
-4.28111 2.89382 -0.723864
9.085 -20.8304 2.8281
0.0756008 -2.88101 -0.510527
-13.9907 10.9174 1.65093
1.56676 -9.09352 -0.225767
-3.83149 3.66783 2.47311
-2.51723 1.70517 -0.662326
10.1782 1.53888 2.78841
-2.45316 2.53203 0.510296
7.46042 -8.30465 2.66085
-0.838281 -2.27938 2.26258
0.20329 -0.621315 0.224639
-9.61184 -0.116575 0.894871
-9.70498 0.699821 0.493455
-3.19051 -0.710022 2.16342
-1.57824 -6.55594 1.47298
25.2397 -27.8127 3.15037
-26.382 7.48029 -1.14827
-22.1517 4.12577 1.277
10.8559 2.15773 -0.463198
-10.9719 3.69986 2.43008
3.05831 -2.526 -0.458359
-18.3401 3.76689 1.74297
0.842189 -8.48256 1.27912
-16.5285 6.1447 0.0724877
-16.4977 6.9546 -1.04588
23.03 2.79711 2.52378
-0.895687 -2.68097 -0.52863
-18.9125 14.1124 1.31683
2.70768 -8.9256 2.97989
-11.4662 6.87261 1.94039
-8.53433 -1.01252 0.724767
-18.1576 14.1695 -1.25055
-26.0379 20.6118 0.98131
1.13391 -8.75374 -0.533201
-16.2955 5.49916 1.70915
3.10336 -4.66906 2.89279
-2.77252 -4.72846 2.79688
-0.0581927 -7.42548 -0.400937
14.8895 3.68099 1.28791
-6.71713 4.91736 1.90516
-20.7864 8.74068 -0.672189
-15.7311 7.27039 1.72279
-9.28018 1.08226 2.13533
14.4631 -12.7047 -0.101845
-16.5474 5.13316 0.495806
-13.5758 8.6165 2.26916
-1.02683 -7.01616 0.0879028
25.2595 -28.2573 2.04765
-5.89676 4.71251 2.4956
-4.54169 2.76162 -0.715733
-14.8726 10.1013 -1.10483
-9.24336 -0.442446 0.474152
-8.10266 2.71362 1.98543
18.9052 -7.8939 0.998316
-9.42294 0.482558 -0.0653576
-12.3149 8.34077 2.30256
1.42732 -8.96092 1.11267
8.08422 0.522832 2.29685
-26.3545 7.72949 1.57111
-23.4732 11.2951 1.3071
-19.8809 16.522 1.92877
-7.7632 2.60303 1.92884
-20.1456 10.1397 2.09842
-18.78 8.1864 -1.1124
-20.4742 9.22814 1.12531
-5.53033 0.495667 -0.674916
-22.1697 4.11662 0.0860749
-1.6464 -3.84695 2.78915
4.31356 -5.63538 2.94283
-8.06976 -0.408322 1.99212
-9.69728 0.693453 0.326425
-0.469381 -5.4834 2.83453
21.9385 3.69827 2.63518
-22.9243 12.7099 1.95585
6.99899 -3.75961 2.47991
-6.6949 -0.286527 -0.691508
-5.14927 4.64749 2.52623
-3.82491 2.63462 -0.707284
-3.70989 -4.47149 2.59826
-0.97009 -7.09796 -0.5465
-3.04988 -3.34513 2.76705
-0.317954 -6.08102 -0.429244
16.2958 2.67271 2.251
-7.30538 4.25328 1.90952
-5.46146 4.71789 2.49812
-4.09031 2.70782 -0.715762
36.7058 -30.3345 3.48729
-9.23152 -0.451881 0.292235
-10.883 5.32344 -0.870316
-9.84096 8.42645 1.52731
-5.77687 3.80366 1.62895
-6.8856 4.69319 1.95362
3.5145 -0.720558 0.331479
-5.36605 3.06703 1.88396
-27.4152 18.8359 -0.189159
-11.7311 9.2703 1.39074
-14.661 5.55166 1.65406
-25.5976 13.4232 0.540275
-6.50821 5.30572 1.92693
-2.67805 0.10466 -0.615635
4.19205 -5.87446 2.43474
-24.1397 14.6761 1.54941
-8.11726 -0.12432 2.54574
-5.44039 -2.72972 -0.736958
-19.5338 2.53199 0.0809719
9.89786 1.23099 2.31314
-10.1055 8.1507 2.32636
38.7002 -34.651 3.2366
6.77324 0.0871465 -0.437595
-1.88171 -6.31815 1.46224
-2.49764 2.56239 0.324479
14.635 -11.2178 0.240049
-15.0261 5.84832 2.29225
11.0392 0.0587526 2.52306
-13.629 5.11431 2.33922
-9.49365 0.560801 2.29807
-1.69591 0.526019 1.84319
-5.7614 5.2212 1.86579
1.12445 -8.73449 -0.235808
-4.28808 3.38527 2.54226
-2.90648 1.46632 -0.656723
-10.0495 3.31892 -0.83348
0.0827961 -3.10162 -0.50643
-16.2622 5.31706 1.5919
-8.41825 -0.0490471 2.54363
-5.79009 -2.80232 -0.624397
3.54804 -1.40591 0.845367
-8.06912 6.52553 -0.881436
-8.31787 0.478672 1.87687
-3.85145 3.10237 -0.725495
-0.506747 -4.96442 2.81767
7.78128 -5.67451 2.20367
3.71787 -10.2742 2.13196
-22.8036 13.1044 1.96231
1.24645 -7.18177 2.24579
-11.7686 3.23844 2.40897
-10.405 1.2398 -0.708114
-28.6348 17.4072 1.26389
-16.4494 5.30152 1.71294
-26.1643 20.4539 1.00351
0.929203 -8.62322 -0.523507
-16.481 5.24871 1.39949
-23.9284 5.53012 -0.278123
-24.4829 14.4719 1.42478
-8.68117 -0.293525 2.56284
-20.7768 4.13367 1.58003
2.10805 -0.862046 -0.451495
11.0922 1.36709 2.20557
45.0889 -39.8505 1.99713
-1.57117 1.82316 -0.0991908
1.22319 -5.32461 -0.432126
-1.6946 1.91979 -0.10251
1.13182 -5.35163 -0.427213
-24.7737 12.6619 0.708681
-0.90585 -2.48053 -0.53141
-22.0997 14.8568 1.38194
6.01678 -6.19858 2.35054
-9.98894 0.947769 1.48629
-3.48813 -2.52202 -0.576346
-15.0483 2.46939 -0.921014
-8.5615 -0.964793 1.88799
4.08248 -1.83475 -0.0811054
-7.15517 -0.973063 2.60836
-2.25957 -6.03581 -0.108948
1.70146 -0.499843 -0.482847
-26.1326 20.4152 -0.807355
-16.3686 5.33337 -0.111959
-9.96907 1.91852 -0.799654
-2.32865 -5.74414 2.30933
11.1906 -0.0963177 2.25669
21.3919 4.12938 2.48066
0.702347 -8.11488 3.13088
6.72445 -4.97488 -0.339152
2.66479 -9.64557 -0.305977
-10.703 1.69397 1.88519
-20.4719 16.8322 1.13486
-0.642883 -5.72059 -0.45287
15.9945 2.29844 2.21491
7.64494 -5.08324 2.45571
1.15917 -8.53486 3.17256
-7.7364 0.494401 2.57042
-2.89007 2.88745 1.13319
-7.83805 1.17098 1.81515
-10.5633 6.19196 -0.881609
-11.9759 8.10943 2.32424
-30.0228 16.0526 0.86878
-7.87909 1.21811 1.81906
-0.481592 -7.07366 2.66706
19.2304 -8.31142 0.983151
-5.05388 -3.73776 0.288898
-3.13979 -5.35529 -0.844519
-24.3314 14.7882 -1.37197
20.0392 -15.6736 0.778044
1.55336 -9.0682 0.690765
-8.44299 2.29301 1.99665
-0.0810768 -6.28361 2.88057
-20.0475 13.1506 1.06678
4.09887 -1.76668 0.524442
-22.4202 4.59865 0.316268
-8.27738 2.64311 1.99749
12.7187 -8.93409 -0.175581
0.0839783 -7.88698 0.525767
8.14048 1.48617 -0.368619
-13.7335 4.47641 2.33059
13.1989 1.05462 2.12765
-4.24835 -4.4551 -0.107663
1.31485 -8.85952 1.90277
-28.0542 17.9858 -1.32125
-7.51822 4.10813 1.95538
-23.0996 5.93833 1.48658
0.906152 -2.3976 2.1376
-4.15432 3.90733 -0.291342
2.31123 -4.05929 2.44025
-27.5783 18.6693 0.841817
-25.8236 13.5994 0.554776
-27.261 18.9612 -1.43159
-6.69463 5.15806 1.92221
-12.6602 5.62846 -0.920005
-22.4481 13.0874 1.93994
-5.34583 2.53126 -0.713335
-6.61242 4.39866 2.4564
-17.1345 3.08208 1.5851
-19.6775 10.2883 2.06714
15.1407 -9.20353 -0.156964
11.9354 3.10709 2.81634
5.70655 -4.21545 -0.37861
-3.87868 -4.48419 2.24692
-23.7821 14.8555 1.91539
-9.2463 2.28895 1.74079
-16.7195 3.06061 2.31684
0.548542 -8.25964 0.501726
-6.4096 -2.69987 -0.16386
24.7273 4.62056 1.05005
-0.242049 -7.62637 0.529993
-19.7209 10.6964 2.08742
-3.37095 3.24857 -0.410094
11.9829 2.69126 2.80449
-3.63439 3.49513 1.89447
-6.03663 4.38895 2.51816
-4.71292 2.50998 -0.713238
-25.2009 6.4775 -0.453176
-8.34771 2.50453 1.98922
-9.08357 1.31678 2.46612
-2.17554 0.185151 2.11378
-8.87525 7.61192 -0.929085
-6.24394 4.86069 2.16375
1.99221 -9.42003 0.682414
1.26231 -8.15777 2.94805
46.0457 -38.6812 1.99078
10.5063 0.451815 2.4008
-11.7256 3.91864 -0.881068
-9.0911 1.30549 2.2963
-2.18012 0.266456 1.97523
-6.24105 4.89756 1.98728
20.0769 0.373045 2.46158
-15.3932 4.71849 -0.961766
-27.5154 18.6718 -0.99497
-20.0809 2.47776 -0.290854
17.824 1.42563 2.54246
-2.0573 -5.95193 -0.485572
-13.7268 4.70788 2.3323
-15.3881 10.5565 1.50984
1.25834 -2.36435 2.07367
1.99392 -9.42335 0.511584
7.72747 0.61723 2.31397
-13.4129 4.72553 2.34349
-9.35516 0.0903418 2.32039
-0.828027 -5.63968 2.83705
-23.1035 12.5327 1.96121
12.0809 2.92679 0.836004
-15.7775 1.94688 2.35617
-7.02831 -0.311628 -0.683479
-9.68875 0.686069 0.904212
46.7863 -37.7173 2.46029
-28.6745 17.3129 1.06422
2.51979 -0.872936 -0.435436
-12.6241 7.77835 2.10814
-9.60946 -0.116953 0.362016
-1.56868 -6.57262 0.960552
1.75915 -6.11381 2.88641
-25.1501 12.8324 -1.08661
7.92457 0.410912 2.38157
-10.8436 2.50585 1.78807
-28.1678 17.8888 -0.699531
16.7986 0.269514 2.39131
-7.08056 -0.107389 -0.687947
-1.45592 -3.48561 2.78409
-18.3303 8.03447 -1.10988
-14.8695 12.3504 0.491537
-15.6703 5.28141 2.0915
-3.83772 -4.74061 2.07591
0.976611 -3.95547 2.2942
11.166 0.222921 2.4925
-25.8833 20.7349 -0.554147
-8.57455 5.2832 1.80365
43.5419 -41.7767 1.09042
0.322953 -8.07363 0.695776
-9.6726 1.29916 1.98406
-6.67501 3.36292 1.84014
0.908319 -4.83421 -0.446959
-25.6368 21.0397 -0.578082
-1.2958 -6.7901 0.693356
-1.92454 2.10865 1.05416
47.0588 -37.3736 2.71353
2.15084 -9.53824 1.52361
-3.80399 -4.81416 -0.445854
-1.76238 -6.40654 1.27942
14.3292 -8.779 0.824463
-15.711 7.25534 -1.04531
-0.0970098 -2.26814 -0.523616
3.07022 -9.79465 3.02922
-9.83769 0.805581 0.691356
-27.6885 18.5018 0.247455
1.13673 -0.873003 -0.514041
-14.6155 9.63758 -1.05758
-7.66335 -0.655285 2.58252
14.5768 -10.7016 0.677997
-15.3578 9.25183 -1.08943
-8.63301 1.87222 2.09698
-8.92478 -0.686311 0.674975
-20.0336 16.442 1.93376
-11.9684 7.17489 1.81569
-23.9455 12.0581 0.851705
0.253449 -8.00323 1.71919
-17.545 2.82234 1.92897
2.39221 -4.18921 2.37036
-27.5726 18.6652 0.63572
-1.52972 -6.11407 2.33817
-23.4971 5.87987 0.350132
38.5213 2.58939 2.1999
-23.4051 5.10803 -0.860637
-18.1491 12.2906 2.04038
-3.08887 -5.34834 1.27778
-1.99638 2.17187 0.977456
-8.51059 5.61305 1.76187
-23.1506 4.90329 -0.267992
-7.87809 -0.873776 2.58653
0.749324 -8.41534 1.65341
28.6731 -23.8869 3.4564
12.5343 1.54283 2.26179
-6.66618 4.48554 1.58482
-3.30142 -1.50301 -0.585557
-20.3052 9.90963 2.10222
-8.52998 -0.0511932 1.9473
-14.939 3.35149 -0.918473
-20.5484 4.67965 1.70501
20.2079 -21.352 0.130179
12.8544 2.31149 2.64742
-23.4251 13.996 -1.39618
-2.16546 -6.13244 -0.829724
-27.5141 18.6464 -1.39811
-6.9572 4.871 1.93272
-25.9979 20.573 -0.806124
-16.2586 5.46908 -0.10505
3.06417 -0.986573 1.13773
-1.60598 1.86576 1.12858
-0.915421 -7.08759 0.706182
-14.6725 11.3529 -1.11985
9.56748 -7.22343 -0.254616
-7.87853 3.95136 1.96368
6.36506 -4.52421 -0.359835
2.34316 -9.17789 -0.319422
21.7103 1.16071 2.73519
-20.7404 16.4904 1.16125
28.7561 1.5188 2.77233
-0.990541 -7.02943 0.703943
-7.8823 4.0619 1.96533
0.512301 0.163677 -0.126925
-8.6164 0.283003 2.53874
10.383 -9.18163 -0.204507
5.8954 1.13208 -0.358999
-13.3131 9.6297 1.85342
-9.19721 4.99721 1.93624
-6.21509 -2.84783 0.63469
-6.82833 4.0956 1.76439
33.5736 -34.4292 2.08473
-8.32921 -1.1555 1.68641
-0.23206 -7.5971 2.32047
6.70231 -6.26085 -0.312697
-5.90519 5.31233 0.384043
-15.2462 7.09763 -1.01594
-9.22176 5.88277 2.42527
0.102927 -2.29875 -0.5188
-16.5187 6.14095 0.284487
0.499609 0.176372 0.106861
-1.1072 -4.1564 -0.491952
-1.8857 1.68457 -0.638629
-12.5994 6.15028 2.33653
-11.1238 4.28995 -0.866088
-21.9778 3.95569 -0.868638
-8.33471 0.0825493 2.57468
-20.6028 6.02125 -1.10982
-27.6949 18.5219 1.25994
-9.03453 -0.610316 -0.102905
-3.18551 -5.27796 0.653618
-3.8857 3.69676 1.1195
13.04 2.56075 2.49314
-1.58067 -6.57105 -0.0522788
43.8632 -41.3576 1.71075
12.5476 2.51267 2.83797
-13.5575 4.67967 1.69835
-9.48204 0.0880567 1.6954
-12.1435 6.14187 1.54377
-23.628 10.9988 -0.140605
-13.1123 2.94117 -0.887056
-3.87144 0.310415 -0.638863
-2.42623 -3.86472 2.78392
0.668244 -8.36482 -0.206901
-26.4319 20.1293 1.25206
-6.33652 -2.77679 -0.538051
-9.07313 -0.0836063 2.59475
-21.7429 3.77881 0.702073
0.584179 -8.27685 1.47782
12.369 1.72763 2.68277
5.9252 -6.1208 2.2507
-23.3724 11.5887 -0.937275
-15.2894 2.31875 -0.933038
-9.24393 1.10262 2.47865
-2.27373 0.107733 2.11267
-9.059 7.39485 -0.922025
-6.34409 4.72952 2.15839
1.88817 -9.34051 0.670822
8.80156 -3.69041 2.34398
-0.871127 -5.08168 -0.456465
-9.26885 -0.455899 -1.24571
10.9325 -0.0950489 2.34314
-26.5276 19.927 -0.578469
-10.3482 1.21323 -0.50071
19.7311 -0.0900413 2.48368
-9.45763 5.68823 -0.868171
-10.9122 7.59243 2.34056
-4.43673 4.15865 1.56063
-3.80217 -4.81071 0.287143
-19.228 14.8152 1.96444
-4.69286 2.12946 1.91973
-17.4651 12.0589 -1.17744
-23.1527 4.89744 -0.502126
5.53906 -4.30487 -0.378635
1.38585 -8.93538 -0.30337
-29.2073 16.3832 -0.512329
-4.09759 -4.49509 2.2295
-2.44366 -5.86555 1.47765
-3.06122 3.01787 0.337321
-6.31436 3.62851 2.50481
-16.5645 5.13721 1.45679
-6.1329 -2.95187 -0.512704
-26.297 20.2601 0.627962
-8.79768 -0.173274 2.59382
-1.67073 -5.51611 2.8219
-9.54795 -0.116134 -1.13446
2.45065 -9.7774 2.15469
-5.89246 4.27636 2.50382
-4.51244 2.30799 -0.709795
-11.0496 9.2953 0.0892733
-10.9897 4.12423 -0.846356
-9.98254 7.22401 1.53112
-20.4516 4.92236 1.70187
0.904642 -3.46692 -0.479035
-11.3501 9.67471 1.48607
-12.3758 6.52299 -0.921165
-14.7039 7.89851 2.10052
12.5123 1.72574 2.27564
0.673452 -8.34491 1.70115
-2.49171 2.58194 1.54206
-1.88262 -6.3276 0.259558
-7.59868 4.08242 -0.790947
-2.33596 -5.95386 1.29763
8.23235 1.84699 2.18547
19.7244 -9.01264 2.75393
11.4322 1.75364 2.21382
2.09707 -9.49477 1.10018
-14.06 1.84425 -0.859252
-13.0183 5.03154 1.54626
-2.03974 2.19554 0.677839
-11.7485 8.94139 2.28563
-7.54744 2.92013 1.98867
-14.263 10.3243 -1.0749
-7.45121 -0.0916644 2.56287
-5.67416 1.69207 2.0511
3.28648 0.680729 -0.408687
-26.3313 7.46031 1.11561
-20.8988 8.65137 0.528252
-3.99282 3.80123 1.89157
-5.87283 3.37183 1.83079
-13.8121 6.84963 2.28585
-20.5556 9.06851 0.172921
11.2895 0.370454 2.85605
-15.6148 7.38835 1.50458
-15.9444 6.3445 2.20843
-8.28371 1.49054 1.78974
1.87503 -8.91125 2.64258
-2.86302 -0.513228 2.20387
-6.67685 0.229274 1.86398
10.4931 1.71985 -0.444961
4.23989 -10.057 2.22515
1.87801 -8.90621 2.90369
12.8935 3.14477 2.49854
-2.24275 -6.03885 0.918445
-15.8958 9.331 -1.10337
-9.04095 2.08918 2.00088
-16.4195 6.10747 1.74075
46.0561 5.03792 2.53384
0.187115 -7.97739 -0.290578
-2.90432 -4.14152 2.78342
-0.236755 -6.85998 -0.413982
24.7003 4.63999 1.49989
-0.239224 -7.61697 0.866702
-25.709 6.93915 -0.467349
0.0186587 -0.519565 0.530852
-8.74172 2.90434 1.98741
-12.6221 9.5161 2.25402
-7.30439 2.89643 -0.763398
-8.4781 -1.04513 1.70577
-1.09648 -6.94305 0.775021
-1.77145 1.98763 0.98919
-10.5007 4.23781 2.44246
-8.28108 3.43071 1.93266
-13.7235 3.17694 -0.897992
-16.7443 11.0336 1.61636
-26.8489 14.2848 -0.10397
-2.37386 2.46505 0.105672
-1.69213 -6.46173 1.68208
-1.08247 -2.68441 2.17623
-19.6585 14.77 -1.33418
-16.125 5.7388 0.691963
-8.46238 3.55539 1.93764
8.86244 -6.94929 -0.27722
-9.52288 0.533757 -0.346134
-8.41802 3.60913 1.97489
-23.5276 11.1297 -0.13432
-12.9644 3.0761 -0.888784
-3.71038 0.499912 -0.644624
0.795358 -8.4726 -0.256544
-26.3041 20.2877 1.24634
14.4317 -10.6874 0.364948
-8.73187 1.89326 1.7724
0.0316437 0.543083 -0.120931
-1.56497 -5.17913 2.81782
-9.3517 0.2299 1.28005
9.29167 -7.39516 -0.248593
-5.83571 5.25522 1.22404
-14.9412 11.4222 -1.11334
-8.11629 4.08602 1.95936
10.0891 -6.11149 2.51132
-12.4459 4.28301 2.35887
-2.60908 -2.46225 -0.556681
-3.02741 2.99159 0.308939
6.78505 -7.88325 2.50894
-15.6985 6.09882 2.28403
-6.50659 4.13509 -0.796175
5.49482 0.388938 -0.11595
-9.78361 5.54347 2.42552
-21.5262 3.60313 -1.05004
-19.0626 12.2349 1.54693
1.09321 -8.62969 2.42934
21.7792 3.70922 3.01229
-0.913114 -7.07183 2.30576
-9.0143 -0.608232 1.70012
-13.6894 3.86886 1.89922
-1.90321 -6.28668 2.14565
-11.41 2.03308 -0.841988
-10.4435 5.16754 1.55821
-24.2691 14.6307 1.37784
-17.2021 2.12098 -0.941208
-8.2995 -0.0820151 2.57609
0.499619 -1.49625 -0.523276
1.54234 -4.8711 -0.432119
-20.9722 3.11744 -0.500209
-17.0633 6.5692 0.272781
5.75594 -6.58896 2.53792
-10.3491 1.24889 1.54955
-8.89542 -0.704133 1.69531
-16.7829 6.35666 0.289716
-1.28125 -6.7956 0.838148
-10.7285 4.4443 2.43718
-0.5332 -7.31834 2.3198
-6.09449 4.71546 -0.797522
-21.3814 14.1881 -1.3787
-10.5282 2.22833 1.79242
-9.3923 6.07086 2.41239
-9.2284 -0.451998 0.689269
2.82881 -10.0787 1.55912
-9.29781 0.285876 0.693496
7.87575 0.0939428 2.82884
-11.4391 5.72648 -0.894821
0.126006 -0.683336 0.854585
-6.36009 4.24008 1.6055
-15.6861 6.98326 -1.02731
-0.0440514 -2.61416 -0.514646
3.02269 -9.54814 3.02582
-19.2673 9.40308 -1.16414
24.17 4.9633 2.60467
-22.6576 15.0769 -1.39122
-0.0920684 -6.97881 2.29687
14.0108 -9.1435 2.51389
-7.09049 5.28632 -0.81985
-8.43123 7.2291 2.39559
2.82545 -10.0785 1.75344
-9.29563 0.285609 0.894085
-1.78222 1.99683 0.694159
-1.09659 -6.9386 1.11922
0.386414 -0.280004 0.123145
-14.9504 6.07272 2.28713
-6.26153 0.694579 -0.690443
-1.40714 -6.3022 2.65306
-18.3583 5.20106 -1.03582
-9.06511 2.69085 -0.803754
-2.50846 2.57093 -0.304263
12.8006 3.20641 2.79676
1.66608 -6.66308 2.89646
-4.0719 -2.8486 2.73046
18.3906 0.906141 2.56015
-0.0297001 -7.39639 2.75494
-22.4369 10.7828 2.01578
-13.1146 8.21109 2.21553
8.12979 -8.13948 -0.264292
-1.39354 -0.534251 2.06681
-6.88857 6.10849 1.34989
-6.19783 -2.8859 0.502199
-12.1939 4.25829 2.39293
14.3243 -9.80719 0.0755789
-2.47566 -2.50034 -0.554103
44.3061 -40.8197 1.53052
12.9352 2.86159 2.85829
2.41538 -1.74681 -0.489551
-20.6783 8.93729 0.917792
6.23079 1.64224 1.98453
0.177459 0.448759 0.746585
11.4436 1.37735 2.86655
-28.5923 17.371 0.219773
-13.8254 6.65869 -0.972628
-16.2612 5.46058 -0.292748
0.298344 -8.11107 -0.838126
-16.834 6.37744 -0.688292
-12.7174 5.4946 -0.923902
-6.66546 4.3091 2.45349
-10.7585 4.77092 1.49355
-9.11793 3.71305 -0.836911
-21.2839 3.4257 0.479743
12.7654 2.22139 2.71278
-19.5958 3.83629 1.73848
5.79794 -6.5269 2.76804
3.1384 -9.28997 -0.305588
-8.91519 -0.670877 1.42785
-2.49951 -4.17982 2.13015
-10.2908 1.23957 1.91479
44.0142 -41.1405 2.77538
-23.3483 11.4835 1.43916
-10.2906 2.11298 -0.826718
-7.3706 6.51366 0.092169
7.69186 -5.48403 2.39539
3.60804 -10.1806 2.3088
-1.90417 -3.28068 -0.531128
-11.9796 2.84444 -0.856906
-13.2863 4.69233 2.34779
1.75705 -9.22203 1.89154
-12.2903 6.71226 -0.934022
-7.56644 -0.107476 1.91853
-9.27749 0.284326 -0.674282
23.2506 1.50063 0.764857
-7.27892 5.92178 -0.858293
14.7415 -14.2202 2.75883
1.68629 -0.902434 -0.497185
-20.8663 8.71724 0.921737
-24.9919 13.3662 0.901287
-7.13302 -0.517098 2.5974
-9.42076 -0.276914 1.90412
-3.81481 -4.81645 -0.722091
-7.82233 -0.285619 -0.711696
7.60027 0.617446 2.72356
-6.36656 4.57929 2.46129
-5.03649 2.69103 -0.728432
-9.4731 0.105535 1.89222
-21.9475 3.94481 0.289646
-4.28307 3.5545 1.87962
21.1011 -16.8307 3.24328
-0.494469 -1.89972 -0.536828
-2.32899 2.43325 0.374947
-1.70059 -6.45972 1.49631
22.8002 2.84751 2.78143
-20.6027 11.6737 -1.28468
7.7203 0.315841 2.8187
-19.5364 2.56563 0.00880766
-1.29446 -6.79821 0.09596
-1.51001 -4.96742 2.15697
-20.2364 12.4046 -1.22033
-9.33652 0.387761 1.86257
-12.6818 2.28165 1.90937
24.0919 4.79532 2.74046
20.9068 -17.0927 3.24797
-8.79321 7.61371 0.742531
-0.66838 -1.72434 -0.54136
16.1349 2.42047 2.25295
-19.3173 2.67986 -0.884641
-9.92192 0.878822 0.485586
0.823241 -8.48939 0.278202
-5.01871 3.0934 -0.746336
7.58032 0.23289 2.7932
-1.45409 -6.66638 0.0762025
-1.72203 -4.80652 2.16205
20.9834 -17.0468 2.89187
-9.50665 0.559277 1.88046
-1.12279 -6.1822 2.83622
0.664256 -7.9084 2.89539
-5.94077 1.10647 -0.699329
-9.50104 1.14251 2.00776
12.5738 0.822631 2.28666
20.1226 -15.8226 0.472948
-4.1211 3.87618 -0.497034
1.7173 -9.20856 0.308688
-13.2686 9.69557 1.74367
-11.5535 3.81779 2.40143
-28.2884 15.5718 1.21718
-0.838203 -4.82085 -0.474617
10.8542 -0.196797 2.30709
-29.2178 16.3193 0.444129
-1.78063 0.745341 2.17173
-5.79827 5.25773 2.14549
-1.575 1.82364 -0.299223
-20.9925 12.7568 1.98802
7.21587 -4.14584 2.97257
-8.33567 1.56647 1.7916
1.99663 -9.02397 2.6377
-8.46014 1.683 1.80936
-4.87121 4.46977 -0.500932
-25.3927 13.368 -0.855852
13.2482 3.33957 0.85136
-19.653 2.91595 -0.107013
-27.0634 19.3105 -1.60206
-4.59289 4.26499 0.539165
-3.91293 -4.68933 1.28781
-9.31746 1.94293 1.99684
-9.51067 6.21007 1.66994
-7.91386 0.302249 2.54121
-10.9047 3.90216 2.43071
4.29778 0.554177 -0.406559
5.88872 1.56177 1.94028
-0.484261 -7.39789 2.31533
-12.7643 9.46556 2.2592
-7.43607 2.89648 -0.775039
6.03274 -6.28311 2.4864
-15.0212 2.42627 -0.895168
-8.56981 -0.959689 1.71635
3.10287 -7.83239 2.95238
23.791 4.43431 2.56812
-19.7117 14.5242 1.98148
-2.17863 -6.07915 1.29575
6.7289 -5.29106 2.31885
-5.59404 -0.67645 2.66014
-21.4781 14.0239 1.4466
2.61661 -9.91262 2.35036
25.2694 -21.7224 0.22379
-1.82941 -6.45558 -0.56971
14.785 3.03626 2.14575
-0.894985 -1.49379 -0.552959
-8.3167 -1.17793 1.09695
-16.3507 5.34528 -0.300211
8.62212 -7.12746 -0.267638
-8.72435 3.88869 1.96558
-1.89602 -2.47374 -0.550174
-13.4475 2.50291 -0.911375
0.328986 -7.82841 -0.379174
-26.7437 19.6833 1.07412
-1.57123 -6.35311 -0.47471
8.97123 -7.25312 -0.268838
-8.46913 3.94901 1.96305
2.47496 -9.3765 2.93603
11.2719 -10.418 -0.164214
-19.6749 2.92549 0.352374
9.06932 -7.56136 -0.2582
-8.3143 4.25314 1.96564
-4.29782 4.01477 2.55802
5.94682 0.369874 2.21203
-9.49983 0.0537383 1.49084
-10.9744 8.78161 -0.726329
8.00204 0.639863 2.30504
4.99998 0.812463 1.72865
-6.32031 5.65733 0.336859
-9.60912 6.25183 2.40598
-28.4606 17.5432 0.245355
-7.49227 2.92023 1.98041
-3.27447 -4.78275 2.6658
-7.29071 -0.100527 2.56912
-0.54814 -7.44021 -0.544465
-0.670064 -2.74655 -0.520848
2.54562 -9.42775 3.01001
-25.7664 13.7745 -0.687788
-0.743958 -7.13919 2.32527
-0.293495 -3.67575 -0.49373
-1.24271 -6.81041 1.88986
-15.7982 5.87532 -1.01724
-3.79248 0.735844 2.3082
-0.819335 -7.17523 0.287622
-6.59702 3.32107 -0.762895
-1.3327 -6.74397 1.3069
-2.48885 -2.31574 -0.559085
24.5359 4.87925 1.55971
-8.77107 7.17115 2.37688
12.6826 3.34189 2.76971
15.0356 -12.8565 -0.0783437
-23.5124 5.62148 -1.10454
-14.6098 8.04092 1.95727
-8.12289 1.90338 2.52966
-20.5939 9.02467 0.571101
11.2877 0.382324 2.57627
8.71826 -20.5986 1.84388
-2.64842 1.701 -0.661074
-3.93799 3.61887 2.53135
-20.9939 8.54729 1.13583
7.66257 -0.0663938 2.81663
12.8869 3.14378 2.70263
-1.69294 1.92481 0.302907
-6.59168 0.12149 -0.680926
3.41183 -0.890657 0.296841
-7.87994 2.09149 2.52382
-25.9852 7.18223 0.366947
4.58394 0.341266 -0.372311
42.8918 -42.5361 1.69686
-28.5241 17.4698 0.373779
13.447 3.34951 2.25667
4.60199 1.07712 0.864729
10.8369 1.33438 2.82962
-11.0407 4.57213 -0.8681
15.3121 -10.4649 2.65189
-1.79253 2.00424 -0.646425
-7.11795 2.65341 2.00853
20.4079 -9.23776 2.53966
12.2577 1.55035 2.53808
-8.97382 5.36243 1.72091
-13.0109 10.0259 1.73351
-2.57236 -5.75614 1.69683
-13.0837 2.30888 -0.885994
-3.25304 3.16875 0.0705729
-9.36968 0.215867 2.46511
-8.79266 1.61132 2.47198
-1.84573 0.50987 2.20516
-5.98741 5.16613 2.11865
10.7511 0.263537 2.26729
-17.6392 11.2817 1.56578
-4.75463 4.38547 0.0379478
-4.09955 -4.53693 1.73966
10.915 0.122059 2.2295
22.4472 3.19401 2.54519
-17.0619 6.56658 -0.942587
-1.47917 -3.0962 -0.529323
2.184 -8.49692 2.96139
-20.9904 8.54313 0.92371
45.7899 7.99742 2.09729
0.9505 -8.17103 2.61264
-19.0884 7.56474 1.6615
-15.0718 2.92306 1.70683
11.3253 0.414914 2.71857
-7.56578 6.60069 -0.71903
-4.82401 3.90848 2.54475
-22.5899 4.4957 0.868423
2.96899 -10.2431 1.3182
28.3625 1.95952 2.8946
-10.695 3.8278 2.45015
-8.25656 5.01817 1.78935
-5.34851 -2.79431 0.889875
-15.3959 4.29264 -0.957894
-22.4825 16.6787 1.49117
-21.2581 8.50218 1.70795
-25.2838 13.1218 1.72001
-2.64543 -1.07812 2.17505
-0.987144 -7.00621 1.41594
3.03977 -10.0815 1.71678
-24.5833 9.82557 -0.790153
21.3604 3.30336 3.0738
10.4343 0.544509 2.19263
-27.5152 14.9308 -1.31099
0.687261 -6.19511 -0.41503
-21.9565 3.96214 -1.07249
-9.49742 0.528229 0.711581
-10.0951 8.70815 1.07848
-12.562 7.53046 1.81175
-9.47754 -0.248309 0.707761
-1.45576 -6.64659 1.29825
-0.668394 -7.25949 2.31
-0.71347 -2.90377 -0.521179
6.57033 -4.56579 3.00286
2.47453 -9.27236 3.00937
5.90126 -6.39552 2.45271
-10.1641 1.07659 1.52095
-8.72705 -0.82798 1.69839
-5.02192 3.28597 -0.741541
7.56271 0.0935341 2.81229
-1.72302 -4.79536 2.16016
-8.17813 -1.31349 1.4314
-9.50527 0.671651 1.94209
-4.21989 3.6388 -0.747179
1.53739 -9.06195 0.277614
-3.18308 -5.27667 1.69525
-3.80655 3.62481 0.09532
-13.5193 10.4889 1.70018
18.6891 -19.8562 3.31558
-13.3555 9.16743 1.60946
7.2787 1.29901 2.28114
3.45561 0.190839 -0.399721
7.96772 -4.0356 1.67426
-26.0106 7.19937 -0.145413
-15.0298 4.30943 -0.944585
-27.304 18.9809 -1.6024
-16.427 8.99164 -1.12329
-9.69126 1.55411 1.9853
-1.68886 1.91337 -0.297926
3.10423 -8.81682 2.97363
-21.1152 12.8314 1.99951
7.08692 -4.09763 2.96426
-8.33084 0.234905 2.56751
-9.69455 1.72255 1.94522
-9.96937 4.79284 1.91228
13.594 2.18823 2.29394
-10.1093 8.71325 0.500036
-9.45456 -0.264572 1.30359
11.8973 0.82051 2.26911
-9.49692 0.517304 0.0770756
-8.29927 1.31185 -0.764122
-11.571 2.61674 2.41875
12.3842 -10.0428 -0.150125
29.3936 1.64519 1.89477
9.27099 2.35182 2.76492
-26.6864 19.7624 -0.111773
-8.07939 2.31764 -0.76504
-26.2405 20.2825 -0.649882
-11.2735 3.72388 2.42059
10.7308 1.9283 -0.456261
0.291801 -4.8622 -0.459099
-26.2909 7.71951 -0.64225
-23.4165 11.2541 -0.933583
16.5545 2.33596 2.66709
-6.90302 4.64366 1.58984
3.88753 -2.43174 -0.11786
22.4279 -25.1184 0.245297
-7.47707 -0.305997 2.55876
-20.0649 2.47482 1.69776
-27.4309 18.8261 0.244139
1.4982 -1.09475 -0.496461
-21.6843 3.76355 1.71181
3.96097 0.271879 -0.394547
10.691 2.78109 -0.462298
5.60446 1.27051 1.9393
-3.24867 -5.24376 0.104668
-4.91502 0.705413 -0.665668
1.68344 -4.94726 2.28992
-23.4735 5.73029 -1.01242
-19.7621 15.3393 -1.30644
-8.95282 3.3283 1.93651
21.8722 -19.9392 2.92889
-8.66479 3.32702 1.89165
-0.698918 -6.92734 2.36248
-10.9145 4.67829 2.42118
-1.70852 -6.26687 -0.485359
-0.884503 -1.32185 2.08891
15.505 -0.0806722 2.87041
-8.65579 4.09381 1.96114
-16.5352 4.86839 1.60378
-6.34616 1.50724 -0.714901
-4.75325 -4.20297 0.00606079
-0.929274 -7.05644 2.17367
-12.8593 2.88839 1.87415
0.99216 -2.77757 -0.488113
43.7985 -41.427 2.86432
0.467846 -7.77054 2.51611
-3.6227 -3.4175 2.75658
-0.956869 -6.08586 -0.445434
-7.85524 4.32329 1.82727
24.4053 4.87352 1.34277
-7.63557 4.51598 1.82088
-23.958 19.227 1.01991
-2.31695 -5.91948 2.28093
-21.3203 3.42977 -0.709886
-2.55214 2.61073 0.8597
-11.5128 4.91642 2.39427
-1.69169 -1.90554 -0.557917
-15.7575 3.07424 -0.929902
-9.31125 -0.370405 1.89781
0.994703 -3.45802 2.32591
-20.8475 8.72016 0.71944
-0.0144705 0.586227 -0.100308
-6.46872 5.75242 0.352503
-9.87227 6.42219 2.40123
-0.895892 -6.92321 2.35849
4.67411 1.05483 1.71132
2.14487 -5.8723 -0.415158
-8.76101 -0.851159 -1.01349
-3.42074 -4.57314 2.75506
-17.6759 4.26065 2.08712
-0.699931 -7.27993 -0.325511
2.43038 -7.31621 2.93279
-19.7426 13.1087 1.47838
-1.09627 -4.31773 -0.488
-2.2116 1.99809 -0.669419
-19.5407 10.7542 2.07543
1.86945 -9.33741 -0.227606
-4.92237 4.51597 -0.360774
10.4837 1.32672 2.7955
8.85764 -6.21851 -0.282898
-8.46211 2.85591 1.97949
-9.47279 -0.255914 0.49486
-1.44537 -6.66404 1.13129
-7.36236 5.62887 -0.841699
-8.79198 7.5841 2.36745
-10.2929 8.85598 1.21367
-8.64486 3.0345 1.97573
-15.34 10.4111 -1.10007
-9.60975 -0.112382 0.525926
-13.6668 7.40541 -0.997364
-1.59232 -6.55349 1.09339
-3.87693 -0.0989798 -0.634984
12.9673 0.771454 2.13906
-22.4209 4.30795 -0.671263
-3.30429 2.77591 2.60639
11.9826 3.08015 -0.215664
0.290987 -6.71306 -0.407718
1.06928 -2.1132 -0.502815
10.0227 0.0553497 2.22391
22.7084 2.98057 3.03242
2.03458 -9.40306 2.43878
23.982 4.30798 2.42178
-15.4787 5.4856 -0.991897
-1.09392 1.4633 1.50944
-6.22436 2.89748 -0.752536
5.06904 -13.0198 0.85833
-8.04269 -0.106899 2.5779
-5.38011 -2.79092 -0.495551
-5.32305 3.42667 1.65469
-7.73352 2.15688 2.52496
-20.5702 11.4881 2.0514
-27.3767 18.8274 -1.19413
-5.14727 4.71523 1.11319
-13.6856 9.75609 -1.0518
-6.92694 2.49093 2.0068
-9.04672 4.72191 1.94395
-26.2976 20.2157 -0.581025
1.47318 -9.0167 -0.112269
-29.1992 16.5422 -0.181075
-2.78116 -5.18661 2.66607
-6.82103 -0.513002 2.60916
-0.0558889 -7.8306 -0.536881
-2.69842 1.49201 -0.654692
-21.7113 3.76657 0.898123
-6.31537 -2.75793 -0.689855
-9.09639 -0.11961 2.46914
12.39 1.71928 2.50844
-22.1743 4.11743 0.269676
-4.42774 3.6798 1.86402
-22.6762 11.5448 -1.30172
-19.9617 8.70344 1.89588
1.38945 -7.40174 -0.384936
-5.44598 -2.74072 -0.498508
-9.60172 0.590296 0.0393878
-28.2205 17.8643 0.830431
11.7271 0.893325 2.30741
-4.8748 4.49913 1.77337
3.91466 -1.96349 0.264808
-5.92677 1.31853 -0.702674
-8.79899 3.20966 -0.796705
13.118 2.67246 2.76016
3.4935 -10.1397 -0.0934544
-5.03314 4.61995 0.663838
-9.49485 1.28978 2.01042
12.0755 2.66028 2.82362
-7.69762 4.86075 1.74069
-24.6962 9.71669 0.35446
-17.2807 8.564 -1.11264
-10.5068 1.29726 2.02411
2.07742 -9.47961 1.69908
-12.0395 6.4358 1.86039
-9.93976 0.881898 0.0913015
11.4586 0.524598 2.30148
-3.09144 3.03968 0.196583
-9.18038 0.0403434 2.55983
0.225164 -5.58233 -0.439957
-17.1831 2.27943 1.82886
1.25421 -8.80982 1.99951
3.03222 -7.46921 -0.361114
-27.5246 14.9304 -0.545705
-5.63757 5.13803 2.46598
-29.0323 16.113 0.120822
-4.21801 3.2416 -0.7395
-17.2872 2.29344 -0.946984
1.16887 -8.81057 -0.756368
-16.3069 5.46747 1.45157
-8.18108 -0.907036 -0.700192
-16.458 5.22684 0.0648099
-10.2483 1.13617 -0.686036
-6.96548 4.74472 1.59104
-9.24593 7.97249 -0.0307695
-24.1697 5.74404 1.48098
-27.9899 18.1172 0.0948697
7.33322 0.182507 2.7977
3.45209 -0.455838 1.27719
5.53856 -5.93391 2.97168
-17.2553 8.03761 -1.09109
-20.2728 15.822 1.28836
-27.8597 18.2743 0.0737248
0.621612 -7.78859 2.424
3.70628 0.0275993 0.0652737
-10.0305 6.44801 -0.9037
-7.22457 3.6462 2.14117
-20.1773 15.9487 1.28882
0.699698 -4.88431 -0.450845
-21.5231 12.3664 2.00877
6.7436 -3.7096 2.94118
7.59909 1.03748 2.30794
-1.29757 1.49409 -0.622753
-10.3343 1.21048 -0.118313
-0.0971059 -7.72192 1.9046
-11.9132 2.31615 2.13181
-15.562 12.1295 1.47281
-2.26485 -6.05349 -0.508764
-17.9279 3.5654 -0.9926
-0.0881683 -7.73383 1.52936
-11.9546 2.37951 2.40597
-0.239373 -7.61248 1.53716
-12.0145 2.52522 2.42305
-3.43628 3.31775 0.650284
-2.74551 -5.63235 1.12591
-25.3777 6.6897 0.1079
12.9839 1.70156 2.26373
6.8183 -5.27436 2.52323
-13.289 4.70833 1.55032
2.77324 -10.025 2.4687
-9.84053 8.44895 1.43975
-1.10422 -6.93493 0.924674
-1.78405 2.00085 0.821352
14.4418 -10.9413 0.387464
-12.89 6.68876 1.70465
-8.82428 1.9833 1.78821
-2.59764 -5.75644 0.879073
-3.27409 3.19296 1.00379
-8.08566 0.897246 2.52913
-3.48544 3.35479 -0.0843693
2.90651 -10.1214 1.29487
14.2095 -9.73283 1.05532
-9.03628 0.882545 2.52024
-15.4903 6.9231 1.99143
-9.35888 2.90328 1.88834
-26.3299 7.71276 0.504893
-6.40611 -0.979062 2.64469
-2.27607 -5.58735 2.63903
5.91215 -5.01825 2.2902
1.72322 -9.19311 1.70789
-16.7291 2.74372 1.57673
-26.0039 20.5424 -0.98453
8.29948 0.105433 2.51084
5.91537 1.26348 1.68593
3.79327 1.01653 -0.429641
-2.56058 2.62135 1.32146
-9.8753 0.851038 0.496258
14.3113 -8.81977 0.727108
3.07729 -9.84935 2.93355
7.71457 -7.70881 -0.266461
-9.60485 4.48835 1.95331
-13.735 9.10797 2.03049
-16.475 11.8205 -1.15037
-1.42694 -0.222701 1.99588
-5.18409 0.565161 2.00769
-14.0063 5.47195 2.32594
-11.6633 6.71551 1.51029
-11.5633 1.75053 1.94801
-24.8459 12.5049 -0.485339
-19.514 2.45885 -0.875852
-0.901508 -1.89088 -0.543334
-17.9092 4.10468 -1.00111
-26.8171 19.5646 -0.694085
-11.8774 2.89877 2.4129
-3.06013 3.01672 0.517852
-2.44749 -5.8644 1.28262
1.43273 -8.97553 0.0628265
-4.35019 3.52509 -0.750642
-24.7346 9.71508 1.08327
-5.3706 2.90249 -0.740786
0.532508 -8.25457 0.287881
-11.6186 3.66872 2.40477
-9.14762 3.14808 1.9086
-12.7932 10.2977 2.0724
-17.3478 3.06419 2.29204
-3.36299 -4.99428 2.88119
-27.3021 18.986 1.05672
-8.17848 2.90072 -0.789303
-11.4314 4.2702 2.40846
-6.31101 -2.77666 0.29261
-7.01138 6.1897 1.53516
-8.00086 3.10193 -0.780993
-8.90858 5.64132 1.72533
-11.3896 4.37444 2.40803
14.14 2.57605 2.18659
5.38723 0.432147 0.664775
1.25956 -4.27794 -0.455122
3.25407 0.235998 -0.39733
-2.69703 -5.6806 0.526605
-24.9704 13.6824 1.63471
-16.9183 4.45831 1.6275
-24.6991 13.6923 1.92906
-10.0721 0.987597 1.10171
0.838431 -7.69183 -0.376202
-24.0549 14.8259 1.50499
-29.2193 16.3186 -0.787899
-23.5446 5.74473 -0.130726
14.5444 2.70888 2.1032
20.4836 -17.6136 3.24902
-1.0954 -1.09042 -0.564742
-8.69602 -0.869993 1.10104
-16.7855 6.34964 0.870081
23.1217 -21.4888 0.165309
4.61364 1.07116 0.294153
-19.523 2.89959 -0.949472
-10.2482 1.13488 0.347747
-2.15758 -6.09127 1.53413
-9.33474 8.04927 -0.823631
-5.28423 3.31537 -0.758301
6.15032 -6.09406 2.56589
-8.42538 -1.07509 1.51402
-9.82017 0.80052 1.67729
-4.15012 -4.49614 1.63197
-0.61737 -0.141741 -0.119305
0.514307 -2.48181 -0.505712
0.0747726 -7.47384 2.52063
-26.4182 20.1387 1.04787
-16.6551 5.05635 1.7294
-1.68734 -6.46302 1.88166
-26.7635 14.3062 -0.163732
0.166392 -7.79311 2.40162
-29.2263 16.3226 0.853184
-23.9163 5.50404 -0.712478
-18.0932 7.1081 1.69243
-8.75058 4.54125 1.94517
12.6465 3.38234 2.63652
-2.50983 2.5819 0.956223
-1.89469 -6.31554 0.885037
-23.1541 11.6309 -1.3125
0.996976 -7.5786 -0.381724
-9.92939 0.880595 1.10414
-8.70706 4.65563 1.94827
45.1407 -39.7826 2.33402
0.882318 -2.88382 -0.491507
0.304408 -7.93228 2.41031
-25.2657 13.114 0.904358
1.89025 -1.29714 -0.484894
-19.5364 2.6571 1.71778
5.22761 0.36812 1.69578
-0.0185989 -7.8184 0.106442
-5.82118 2.65555 -0.736139
21.6775 3.89751 3.00303
-8.58746 -0.157848 -0.730631
-9.2737 8.00937 1.25281
29.1517 4.87011 2.57102
-8.5595 -1.00305 0.495406
1.54821 -5.00695 -0.430602
-1.28317 1.59256 -0.106908
18.6716 -21.9702 0.544414
11.3682 1.68528 2.19743
13.8596 -9.36074 2.01886
-8.62373 7.53213 1.83948
-23.7022 6.09006 -0.728748
-28.9946 16.9011 0.861664
3.07479 -0.978478 -0.113184
-9.47873 0.0506489 0.689122
12.346 2.51509 -0.357419
2.93018 -8.11872 -0.338068
-23.612 10.9928 -0.461127
-10.5443 6.1464 2.33439
-10.4728 6.19124 2.40114
-7.54531 5.87775 -0.85491
0.981066 -5.88246 2.14686
-15.1863 2.15969 2.37442
12.6285 2.64341 0.782775
-0.944822 -6.66446 2.47443
-0.33665 0.839835 -0.0994835
-21.1004 16.0476 1.16133
-10.9519 4.55931 1.56125
-1.51152 -6.6004 1.79338
-2.17767 2.30776 0.091938
12.0201 2.62153 0.0629541
16.7756 2.14293 2.62867
-6.7967 4.66472 1.62606
-11.5446 6.69 1.84742
-8.45303 -1.05963 0.711456
5.27524 0.507877 1.88311
-1.01475 1.38279 0.498933
-17.903 12.9394 2.05533
-0.321968 -7.54942 1.30679
-9.32166 7.55863 2.35361
11.132 1.40681 2.21126
2.30398 -0.895464 -0.457963
-13.9042 7.43263 -1.00776
-2.37216 2.46695 0.67677
-1.70069 -6.46582 1.1072
-6.85643 2.35527 2.02056
2.05331 0.0639866 -0.403076
0.106032 -1.44031 -0.533264
-16.5374 5.13495 0.251563
-10.7223 6.10054 -0.889894
-12.0968 7.97653 2.32852
-27.4167 18.7969 -1.01838
-2.66237 0.698002 -0.627345
-13.1077 4.90453 -0.913967
-1.55974 -0.0909978 -0.594885
2.89076 -10.1526 -0.0788991
2.02825 -8.38974 -0.341316
-15.4151 5.09231 1.90536
-3.49274 -5.01874 2.17834
28.9469 -23.5422 3.35048
12.6708 2.04728 2.49771
-2.25413 2.36788 -0.306777
-21.7447 3.77578 0.293001
-4.03122 3.34755 1.89086
10.5619 1.83048 2.77786
-2.03011 2.1931 0.510914
-14.1886 4.91683 2.32738
1.55443 -3.31606 2.19243
28.0442 -24.6337 3.24057
9.30164 2.02784 1.87829
0.495787 -1.89837 -0.517142
-16.19 5.57045 0.2764
1.41622 -5.3782 -0.428212
-15.1975 1.92391 2.37145
2.65143 -9.93965 1.51518
-25.8468 20.8474 0.947917
-2.81601 1.444 1.83382
-6.82678 6.05738 1.82812
6.01785 0.904524 -0.242323
-28.7428 17.2322 1.26396
-14.8531 12.3689 0.840468
-3.81496 -4.76303 1.69868
1.41943 -6.49874 -0.401782
2.33304 -2.04517 -0.474411
11.1179 0.267221 2.19744
-2.01286 -6.20967 1.46936
-2.66693 2.70011 0.305866
43.5695 -41.4625 3.67598
-15.6582 2.47111 2.3495
11.7962 2.34603 -0.43201
-26.9377 14.4005 0.40476
1.87762 -1.49615 -0.480911
10.6528 0.851841 2.17862
2.46407 -9.81864 0.0799566
-8.90869 7.74071 1.71703
-7.31221 1.87079 2.52936
-4.89992 3.08144 1.6832
-12.5412 5.26443 2.35172
-2.7009 -1.49448 -0.584533
2.49248 -9.81624 1.86996
12.2887 2.28827 2.8545
1.9903 -9.40674 1.85813
0.687347 -4.67688 -0.459118
1.8928 -9.33327 1.47845
-21.4902 12.1726 1.99883
-16.1719 5.55975 -1.14095
2.69104 -8.17803 2.96383
6.71302 -3.58483 2.94124
24.5846 4.75698 1.35105
-0.927054 1.32756 1.00881
-7.44063 4.6803 1.76362
-13.8288 10.9304 1.31481
-24.7314 9.72191 1.50005
-18.2532 3.5131 1.99608
-15.352 7.08875 1.78467
-16.8891 2.89513 1.59433
14.6468 3.83547 -0.356419
-3.67634 3.50646 0.465317
-3.0201 -5.40638 1.30692
-7.84142 5.03524 1.78161
-10.781 1.3984 2.0545
12.2191 1.52864 2.64276
-9.49344 5.51016 2.43379
-2.57789 2.64671 1.73717
-9.02355 6.11325 2.4166
-2.27148 -6.00602 0.530813
3.52624 0.661458 -0.413926
-5.26895 1.71424 2.06794
-2.90443 2.89945 1.28188
-10.0626 0.970012 -0.684949
-11.4794 2.88804 2.41367
43.5869 -41.7138 1.43032
0.328141 -8.07745 0.906518
-11.9 4.09521 2.40657
0.102262 -7.72361 -0.386369
-4.82126 2.94085 1.65618
-7.30418 1.69265 2.53711
-24.1634 5.7389 -0.133967
-26.5099 19.9101 -1.38446
-11.6677 3.24901 1.68634
-8.14938 3.8575 -0.80683
12.43 2.41353 0.63489
-1.30611 -6.49872 2.34283
-11.5121 5.10442 2.40807
5.31875 0.622342 1.12664
-4.03034 -4.64307 -0.82426
-25.236 15.5546 -1.42711
-5.92526 -2.89121 0.228073
-5.37331 4.74869 -0.779744
14.5671 2.13593 2.27927
-18.1932 7.27749 1.70623
-8.94912 4.72611 1.93485
0.617083 -0.12521 -0.170794
14.679 3.72845 -0.451647
-8.19985 4.58007 1.79539
-7.53128 4.64124 1.69073
-10.8829 8.91118 -0.366987
-20.4629 2.77928 1.67132
14.3316 0.198875 2.2723
-20.0542 8.02365 1.61257
2.48904 -9.81131 1.72185
-9.51598 -0.0969728 -0.68844
2.14585 -8.32098 2.95651
-9.27001 0.286327 -1.11074
2.81656 -10.0987 -0.229221
17.4058 -18.672 3.3631
16.7985 -7.61748 0.206544
-18.7078 12.666 1.54301
-4.15155 -0.128308 -0.632443
-20.6133 8.99285 0.381875
11.3173 0.468049 2.78505
-15.6706 6.68826 1.79796
-8.28008 5.67919 -0.853647
-9.71089 7.56203 2.34942
3.31737 -0.627424 0.787871
-8.2135 5.79024 -0.855737
-9.54443 7.70524 2.34579
-8.19012 5.95857 -0.861573
-9.45392 7.85772 2.35074
-7.97565 6.10936 -0.855832
-9.34916 7.96667 2.3488
-6.89184 4.90566 1.91831
-13.7286 4.34253 -0.920834
-11.0875 1.64569 2.21195
-11.6866 4.51112 2.39622
0.529463 -5.5185 2.13715
-3.95666 3.76043 0.848849
-3.33715 -5.15981 0.9126
-11.4402 4.09221 -0.882517
10.4853 1.6859 2.76636
-2.1354 2.27661 0.505244
12.7796 2.21628 2.46754
33.537 -34.4918 0.591934
11.7779 0.524098 2.26277
7.73902 0.547219 2.61838
4.49393 -0.0355868 -0.408754
-9.34877 0.246251 2.07278
-6.50076 3.83765 1.7722
-8.63611 0.105626 2.54824
-5.77531 4.29754 -0.789004
18.0122 -20.6773 3.24983
-15.1313 6.87549 -1.00403
-23.8985 5.52601 1.52511
-10.9988 9.14072 2.29822
-1.28699 1.59564 -0.499193
-24.7884 6.19814 0.531304
-9.89691 8.40973 -0.968432
-13.9559 3.49628 -0.908927
-2.50948 -1.4525 -0.577844
11.1326 1.3734 2.83826
-9.43996 0.0696085 0.0954684
2.65452 -9.96171 0.955268
-11.314 4.52329 -0.885032
-8.63649 1.85845 2.30927
-26.0828 20.4171 -1.54353
-16.3319 5.34058 -0.879895
-1.69488 -6.4821 -0.0867484
-15.675 8.47312 -1.0745
-8.34016 5.32767 -0.836227
-9.60026 7.21298 2.36996
8.50773 -0.0766379 2.66535
18.6552 4.19172 2.13268
9.44096 1.6375 2.30171
-8.17312 3.68587 -0.815592
12.4269 2.5696 0.62699
-1.31022 -6.73644 2.29248
-9.42436 -0.273058 1.70587
-15.3782 7.45715 -1.03748
-7.34259 -1.94451 1.10302
-7.68176 3.09287 1.97766
-3.5392 -4.61195 2.58559
-0.811561 -7.2488 -0.544154
-10.1196 6.06504 2.40545
12.6798 2.13019 2.85145
-9.91985 1.75899 1.83613
-23.6973 15.2148 1.5883
-6.18934 5.5416 -0.136346
-9.27102 0.524951 2.47882
-12.7949 10.287 1.7417
-11.5811 2.03216 2.04833
-15.6986 6.66329 2.03787
-29.2297 16.478 -1.21342
-23.4562 5.87638 -0.49528
3.0143 -3.05124 -0.44285
-3.84363 2.19023 1.72183
-7.9125 6.85255 1.73915
7.32244 -5.29967 -0.327852
-10.1739 2.02402 1.92115
7.38697 -5.48501 -0.326955
-22.1072 16.1858 1.87155
-9.95692 2.10818 1.88485
0.891998 -8.29366 -0.348929
-8.78866 -0.380867 2.18336
-2.34268 -5.95697 0.934292
-11.726 5.2846 2.38299
-3.50799 -4.72331 2.26094
-23.7056 11.9352 -0.142324
2.90309 -0.27344 -0.387628
-0.215274 -5.61466 -0.445223
-27.6373 18.4989 -1.38673
24.7932 4.72083 1.29874
-0.114991 -7.72398 0.705825
-7.09431 4.71949 1.94479
-8.98698 7.81039 1.02313
-8.32879 -1.16071 0.848264
-29.2025 16.3115 1.26159
0.425276 -8.15676 0.695524
-20.0831 2.47724 -0.109128
-27.4148 18.7884 -1.61108
-9.7375 1.35272 2.00366
-8.97467 3.30496 -0.813447
12.9719 2.48256 2.75108
1.0963 -8.69026 1.10895
-8.77063 0.835664 1.87695
5.71568 0.123711 0.857295
-3.48081 3.35438 0.30437
-9.25449 6.9066 -0.909566
-29.2963 16.374 1.0453
1.32193 -8.87537 1.09823
-9.82296 0.782264 -0.261318
-11.5173 6.71319 -0.918826
0.644488 -8.34754 0.0670323
-8.43647 4.77992 1.79591
-3.34342 -5.16811 0.51884
14.6339 -8.97379 1.60592
-10.2599 5.89641 2.1802
2.29103 -0.0672662 -0.398241
-1.69101 -6.48596 -0.274274
-9.70071 4.72227 -0.846473
-11.0393 6.61723 2.38459
3.37906 -1.01311 0.757418
-8.16254 6.12069 -0.863234
0.665003 -8.33488 2.29981
-8.75848 5.84062 -0.858859
-10.0698 7.6621 2.34431
1.77194 -9.22724 2.30001
-6.24493 -2.86019 -0.0993459
-19.6271 13.6411 1.1221
-23.6676 5.31118 -0.502268
-13.1814 10.1788 -1.04514
21.5819 0.989474 2.69641
-11.2136 1.38408 1.95267
-11.0837 9.34434 -0.471145
-15.5665 6.77925 2.00775
-10.6816 6.58291 1.70993
-9.06447 0.698438 2.52362
-15.5611 6.05824 2.27628
-11.0495 9.35997 0.946854
-4.8991 1.50538 -0.687035
-6.28392 3.52092 2.51075
-11.0064 5.20674 1.80408
7.77156 -4.63779 1.37234
-26.3022 7.71416 -0.317379
-14.2778 5.22764 1.65613
-23.4247 11.2541 -0.693343
-3.51066 0.108703 -0.630002
-8.89263 6.72411 2.40481
-2.28525 -0.966056 -0.591056
-22.5935 4.49641 1.43651
2.3072 -9.38388 2.46613
-16.1272 2.90072 2.33004
-13.7323 4.13379 1.51431
-1.84729 -5.95246 2.41187
38.99 -39.0227 2.06453
-6.65764 4.34324 2.31166
-7.57338 3.07866 1.98728
4.89687 -6.04487 2.31737
-16.2222 2.30793 -0.91809
-0.69785 -7.30249 -0.525972
-13.6539 10.2945 1.69909
-2.89116 0.698716 -0.636713
-11.3726 6.38102 1.85891
-27.8893 18.2742 0.892964
12.2065 0.505354 2.2634
3.58985 -5.12903 2.70629
-24.7315 13.9095 1.93805
-10.165 1.06469 1.10779
4.52591 -2.34343 -0.434461
0.556916 -6.96102 -0.399096
-23.5836 10.9789 -1.26504
1.87641 -6.62862 -0.395563
-18.6571 3.5692 1.75695
11.5618 0.0705978 2.14188
-13.3934 4.56641 1.55654
2.63371 -9.85825 2.47978
14.4221 2.50432 2.13067
-2.12468 -5.91335 -0.49429
0.511413 -8.21521 1.29895
3.47703 -0.345159 -1.18074
46.0436 7.85938 1.59248
1.08092 -8.34814 3.10122
-0.832898 -7.14647 0.956063
-8.92831 2.10607 -0.780263
12.3886 2.70124 0.945471
-18.1926 4.73466 -1.0208
0.511019 -8.22725 0.690836
-4.39476 -4.28831 1.08031
-5.07836 4.65984 0.704592
-9.45482 1.49175 2.00818
-17.2216 4.88401 1.77848
0.293761 -8.10995 -0.567057
-26.5376 19.9361 -0.179128
14.8474 3.66969 -0.360035
-13.0613 4.09469 2.3662
-0.544403 1.00615 0.407052
-16.4668 6.07198 0.232229
0.297437 -2.30551 -0.513731
-2.18925 -5.32944 2.23044
-7.39899 6.53513 0.672084
-21.1641 5.71942 1.90916
-9.35073 -0.365377 -0.106286
2.88125 -1.30289 -0.434236
-28.3379 17.7174 1.09955
-25.4841 6.80017 -0.777911
13.9621 2.91052 2.29197
-1.71607 -1.42121 2.22842
-9.51715 4.01453 1.8632
5.02523 0.193666 -0.404411
0.220155 -8.03916 -0.558739
-17.2316 4.68876 1.77487
14.526 2.06064 2.28761
-20.8911 3.08799 -0.861221
-2.30052 -1.28711 -0.581486
-2.56413 -5.77121 0.97262
-13.6598 11.3524 1.62686
-3.27281 3.19066 0.865958
-12.0432 5.47111 2.36985
-9.52645 4.90953 1.92581
-25.0211 6.4294 1.45148
-9.52662 5.07885 1.9285
-4.25264 4.00636 1.41625
-13.3742 10.1993 -1.04785
-8.67283 4.98337 1.79131
-5.46177 4.95917 1.54838
-4.89071 -3.97759 0.278861
4.36661 -10.9111 2.15049
22.7431 2.66426 2.68801
-20.838 4.28875 -1.0418
0.328193 -8.06377 2.31237
-1.27422 -4.28347 2.79653
4.60315 -5.17786 2.93135
-7.66065 -0.753044 1.99327
-2.76024 -4.07368 2.7834
8.41763 1.24605 0.42413
0.309973 -8.08078 -0.294554
-0.0681655 -6.79913 -0.411103
-6.90941 3.51847 1.87563
-4.41265 -3.93548 2.33236
-16.3025 6.06518 1.72872
7.3632 -8.24169 2.54418
-10.2504 8.7345 0.873777
0.225017 -0.551978 0.1291
-1.11351 1.46036 -0.0998533
1.6865 -4.86027 -0.437271
-4.03601 -4.21072 2.41146
-15.8591 5.78363 1.57029
13.2186 2.89368 2.78895
-7.56288 6.20405 1.75515
-6.84305 3.1877 2.09495
-1.49282 1.29785 -0.621908
7.43812 1.16905 2.29634
4.7002 -6.04906 2.50634
-0.820319 -7.22799 -0.657322
-17.7276 4.21093 2.25439
-10.1064 7.59487 1.7881
-8.51912 1.72644 2.52065
-4.5795 4.24268 0.201501
-0.497993 -0.384459 -0.0969056
-3.90329 -4.69591 1.50406
38.4939 2.55632 1.78742
17.5302 -13.6219 -0.0335305
-23.4227 5.11461 -0.38553
2.39714 -8.12999 2.9474
-19.4671 13.4276 1.30236
-9.12661 2.28712 1.9952
-15.8226 9.6195 -1.11782
-8.49851 6.50756 -0.884883
-9.86425 8.40339 2.32156
-3.25651 3.176 0.676306
-2.58182 -5.76565 1.09085
-0.263764 -2.96497 2.28365
-9.0197 -0.608516 0.897118
-5.9981 2.78822 2.55508
-2.07126 -6.11256 2.2965
2.24413 -9.19023 2.683
0.815499 -3.81638 2.32565
-0.239686 0.767398 -0.101911
12.9766 2.46402 2.3214
-6.44718 -2.68214 -0.304131
-25.0481 14.7986 1.2745
2.73459 -10.0082 1.75021
18.0993 1.11484 2.78261
-7.77221 6.59958 -0.301149
5.19779 0.504196 1.99661
-10.5418 6.85871 1.71373
-8.87445 0.920951 2.5126
-24.7483 9.72078 1.81588
-18.1601 3.49749 2.28799
-15.3381 7.10407 2.04143
9.12428 -6.14313 -0.281623
-15.0591 10.1027 -1.09935
-9.3388 -0.367331 0.508859
-25.6404 21.0441 -0.924691
-1.9496 2.13547 0.602423
-1.26119 -6.80813 1.12837
-17.9377 3.51439 2.26285
-23.9201 5.52673 0.100922
-1.33564 -6.74758 1.09945
-4.0411 -1.9427 -0.600538
-3.76682 3.5795 -0.30949
11.4626 2.27895 2.80826
18.8824 -7.93127 0.756983
-11.1866 6.37238 -0.903336
-9.53554 0.527584 -0.283525
-11.1198 9.43064 1.40751
-0.0963881 -7.73425 1.10918
-4.17808 -2.45744 2.74149
-26.829 19.5276 -1.94118
-9.06239 2.15258 1.77178
-2.02491 2.18661 0.842049
0.984511 -2.29661 -0.4985
-24.1182 13.6637 -1.3357
3.48852 -0.343404 -1.29537
0.509073 -8.22066 1.10927
12.3862 1.915 2.85169
7.11116 -5.2664 -0.332532
-10.291 2.06001 1.84395
-27.0297 19.2751 -0.983903
-0.439102 -7.44685 1.90273
-12.2494 2.59339 2.1848
2.46425 -8.48552 -0.334331
-1.58436 1.83903 0.332
14.9112 -11.6715 -0.0982448
9.40237 1.88889 1.89218
-3.99588 3.78101 0.449101
-20.9829 15.3643 1.94043
-0.987354 1.37621 1.54914
-11.4897 9.54245 2.25914
-0.338544 -7.56737 0.21799
-5.87698 1.5107 -0.70238
-7.24399 3.53691 2.45964
-21.1515 3.27306 -0.89636
-2.66191 -1.1388 -0.587937
-3.54444 3.41241 0.848516
-12.386 5.64479 2.35355
15.9102 3.31632 2.40904
-8.11906 5.57112 -0.848505
3.42711 -0.489775 0.865698
14.8648 -9.0402 1.38872
-5.85279 1.48526 1.98787
-2.8746 -5.52081 1.02216
-12.3608 5.7701 2.35825
-21.1053 3.26401 -1.02897
-16.2744 5.9309 -0.692648
2.29363 -0.713503 -0.443315
-3.41778 3.30397 1.03939
-2.71176 -5.66399 0.861687
-9.67466 5.40362 1.91516
-2.30405 -5.66049 2.33849
-14.1436 4.47971 1.74088
-19.4589 14.4336 1.96161
-7.28898 0.666001 2.5733
-4.92339 1.9259 1.91741
-8.32801 1.15706 2.59113
-2.90419 -5.51302 0.665678
-4.10552 3.86102 -0.053417
1.72083 -9.20017 0.877357
-9.00765 5.32311 1.80671
-13.6747 8.10575 1.75938
24.6853 4.73176 2.13572
-21.8214 17.475 1.73671
-0.839468 1.24393 0.289798
-11.6645 6.70815 -0.921998
-9.94891 0.884695 -0.290611
-8.70602 5.47551 1.7451
-19.0187 7.60488 -1.11199
-11.5815 4.3864 -0.898915
-12.9851 6.40052 2.32665
-9.12281 -0.53262 0.35194
-8.03413 2.62774 2.1643
21.7223 -20.5679 2.9032
15.4138 -0.0332439 2.77328
-23.4309 14.6398 1.88834
2.0012 -8.66432 -0.3339
-14.6229 5.10791 2.29617
1.99412 -9.42117 0.866838
-2.91601 -1.57223 -0.584249
43.1028 -42.2429 3.13157
2.3121 -9.66856 1.86121
-10.1062 5.34806 -0.85504
-11.549 7.21553 2.35413
-5.61591 1.54586 2.10071
3.28046 0.755091 -0.474465
-12.4216 8.86081 -1.01711
3.30879 -0.0762747 -0.389292
-22.195 16.4602 1.88742
-0.685612 -7.26412 0.933562
15.9701 3.12484 2.41212
-0.797555 -7.16527 1.51378
-12.6855 2.93096 2.41218
-5.64556 4.25432 -0.779804
5.9595 0.790741 -0.695771
-27.1797 19.0655 -1.13251
-19.1301 9.77612 -1.1665
1.87313 -8.67641 -0.32592
-14.7655 12.3099 0.359944
-3.69605 -4.69151 2.24636
-16.2417 5.92492 1.34441
-12.4359 9.10351 -1.02739
15.9631 2.91961 2.47666
0.048156 -7.91297 -0.842544
-28.0414 17.9996 -1.60556
16.1025 2.7388 2.50624
-17.5662 12.8505 -1.23747
-10.8342 5.54071 1.88397
-14.1656 4.10928 2.17137
-2.3265 -5.94837 1.89416
-8.05034 1.27868 2.53147
-5.2459 4.81398 2.12519
-8.81282 6.63293 -0.895117
-10.1711 8.64075 2.30738
2.873 -2.46935 -0.457187
-18.5512 3.86717 1.7627
-23.6704 5.30037 -0.718399
20.692 -17.3726 3.172
-9.10582 7.86283 0.657807
-8.44067 -1.06541 1.10837
-27.1416 19.1485 -0.866079
-1.01202 1.37948 0.0812379
-0.325108 -7.54048 1.69763
13.0199 3.47343 2.32955
-0.757474 -7.20747 1.09787
-12.9513 6.69032 -0.958421
-1.45069 1.73444 0.698656
13.1389 3.24759 2.33979
-20.6686 12.6131 -1.3297
-8.45066 -1.20039 1.37027
-3.8327 -4.75746 0.551491
-6.89873 3.1082 2.02523
-1.49733 1.09982 -0.617408
7.47542 1.30854 2.27645
-29.2546 16.4084 -0.59269
-4.24234 -4.41042 2.18711
-25.9265 20.7569 1.05515
-16.1178 5.65505 1.80234
14.716 -10.1616 0.234263
-3.09218 -5.34214 1.71
7.61459 -3.5962 2.41728
-25.7824 13.7759 -0.871832
-9.02938 -0.608759 0.50889
-9.70752 8.37778 1.28697
-0.912266 -7.08264 1.10472
-1.58359 1.84121 0.699244
10.2997 -9.43676 2.40293
-10.8318 5.63108 -0.888263
-12.2608 7.55752 2.31519
-5.34225 -2.80132 -0.852049
8.52 -0.0509227 2.34746
-14.2092 6.22148 2.29907
14.0645 1.08457 2.44359
7.77811 -4.63223 0.995771
-26.2893 7.70758 -0.853423
-2.44731 -4.83254 2.8001
-23.4163 11.2562 -1.08792
-9.08006 6.50081 2.40883
6.37303 -0.0759807 2.14916
-0.136549 -7.72703 -0.0974368
5.2056 0.610236 1.85702
-15.1205 4.88232 -0.957292
3.53663 -0.36751 0.514939
6.07661 -6.17819 2.73567
3.38656 -8.92384 -0.30965
-8.59954 -0.925395 1.35748
-2.18783 -4.42066 2.14468
-9.9998 0.991344 1.89708
-9.12083 -0.129962 2.14907
-6.42979 -2.70957 -0.935645
-18.7698 11.42 -1.22656
-0.26954 -5.98697 2.20305
2.17192 -1.72558 -0.483022
-8.86899 3.93523 1.97829
-9.94571 0.880493 -0.309753
-2.92599 -3.84736 2.12839
-20.547 16.7266 1.14536
-9.33584 -0.348818 1.48829
-20.3046 4.30036 1.68066
1.11201 -2.8868 -0.484157
0.675959 -7.94045 2.48887
-11.5031 1.89871 1.94212
-1.89934 -6.32744 -0.114449
-22.5583 6.39295 -1.1299
-25.6277 14.1008 1.28214
-19.1407 8.06531 1.68064
-9.41381 0.465882 -1.14672
11.2328 0.342355 2.24495
2.28111 -1.88455 -0.479712
-15.1998 5.91772 -0.985381
24.1731 3.88446 2.43346
-3.60238 -3.31409 2.10301
-11.5174 2.03386 1.94786
14.336 0.808556 2.49819
-16.8235 2.81371 2.32481
-18.4582 8.59285 1.51876
26.2637 -21.4473 0.214283
-0.807455 -6.77762 -0.454551
-4.9358 -3.61339 -0.743596
-22.9009 4.7019 -0.126115
-10.5896 2.30366 1.81049
-6.02839 4.39607 -0.789055
-9.32426 5.74885 2.42873
-9.04951 -0.611059 -1.25821
-17.223 8.67152 1.43892
6.63513 -5.83534 -0.32879
-10.725 2.41576 1.82078
6.90518 -6.47103 2.41904
-17.1477 10.5651 1.62967
1.23574 -3.79137 2.33787
-20.5429 9.11023 0.71384
0.195097 -0.626361 -0.0310296
7.70663 -6.97548 -0.282293
-17.7634 13.0052 2.04846
-0.234422 -7.62041 1.29359
-0.293171 -2.28253 -0.527387
2.95928 -9.75466 3.00824
-5.39381 -0.799176 1.91154
-0.245339 -5.3261 -0.452792
-27.9154 18.1628 -0.979221
-9.83573 8.48654 1.92532
8.2968 1.71059 -0.38124
-13.5189 4.13616 2.35608
-14.9472 5.95007 2.2872
-13.4226 4.29668 2.34803
0.49437 0.19048 0.189772
-19.7297 10.4671 2.07821
11.9301 2.94988 2.80633
-11.1135 9.27214 1.2975
-0.0013045 -7.808 1.29864
-0.684842 1.11844 0.455453
13.7323 3.39584 2.34289
-11.5149 3.99285 -0.861526
-12.7874 5.92744 2.34817
-0.443122 -4.72255 2.11199
-19.0395 12.721 -1.24332
-19.5408 2.53304 -0.57503
-24.7792 12.4722 -0.150118
4.22236 -2.22119 -0.106223
-6.96351 -0.648224 2.60059
1.89077 -0.89608 -0.492279
-21.5339 3.60267 -0.784423
-11.3317 4.07249 -0.864074
-3.23309 -5.24219 0.901251
-12.681 6.09278 2.34415
-16.009 6.28035 1.86808
-11.9389 1.51186 1.93428
-0.100634 -4.12582 -0.484134
23.7134 4.26589 2.54338
-6.91799 -0.0853824 2.58644
-19.2181 8.10079 1.68869
-16.6558 12.9675 -1.2068
-9.9587 5.63102 1.91456
-25.2577 13.2638 0.714514
-1.74253 -6.43004 1.02573
-8.71821 6.13886 1.51511
-11.1143 4.84803 2.39386
-23.5244 11.1288 -0.294738
-1.49187 -1.88137 -0.554588
-7.92034 1.13718 2.56684
-5.44009 2.35853 1.90287
-3.53034 -5.0107 0.706598
-6.34612 1.49426 1.95296
-18.5468 15.4143 1.95249
-10.4912 6.11336 2.02255
-13.1044 9.90709 1.73376
-11.5121 4.15996 2.41592
-9.0306 5.32125 1.70845
-10.7274 8.74508 2.30341
-2.11628 -0.21663 -0.598691
-8.13921 -1.31163 0.835546
-9.53371 0.685539 2.47536
-15.3292 12.3671 1.46949
-8.91186 4.28255 -0.841024
-21.1017 3.25916 -0.699201
-13.4961 1.66417 1.76846
-0.842336 1.24733 -0.492347
-10.6155 8.79597 2.29844
-9.66473 5.75384 2.42619
24.1696 3.07033 0.762858
-6.39876 4.40004 -0.802161
23.8315 1.00178 1.16195
-4.06501 3.86005 2.06453
-10.5376 8.92145 2.30044
-10.8695 1.47597 1.96449
0.867597 -8.5182 0.42235
2.29423 0.609345 -0.42531
-6.55743 1.66304 1.96936
-2.92741 1.69965 -0.667785
3.99012 -0.0366297 -0.39009
28.3602 -24.2603 3.35113
2.70615 -10.0201 0.805916
-11.4747 6.96221 1.52806
-13.8965 5.70848 2.32567
-4.11971 3.64808 2.53453
-2.74374 1.67005 -0.659323
2.29968 -7.75938 2.93804
-16.4463 5.13294 -1.15771
-21.7561 11.7997 2.00303
9.82964 1.58192 2.79375
45.9954 7.75321 2.11512
1.19319 -8.44144 2.4245
21.8503 3.79034 3.02371
-8.48475 -0.28601 -0.722192
8.04519 -4.86053 0.971078
13.4814 1.70573 2.26391
47.3426 -37.0394 2.9678
0.0793116 -7.80893 2.40631
14.3402 0.926136 2.39422
-18.257 4.10144 1.74194
-5.35079 -2.80716 -0.106408
2.32685 -7.28515 -0.368572
-15.0551 3.96721 1.82673
-5.73521 1.44474 2.03109
0.351855 -7.57274 2.37762
14.0433 -9.1835 0.0829033
-9.27839 0.342727 1.37641
21.0778 3.28181 2.46291
-2.78348 -3.01494 -0.549678
-7.84508 -1.56023 1.84309
-21.3529 14.2715 1.44835
-11.2158 4.74557 -0.884578
-8.46812 2.07943 2.29204
-20.5311 13.3594 -1.329
-26.5059 19.9556 -0.769116
-20.7113 9.48671 -0.122887
-11.6371 3.37739 2.39234
-10.2218 1.35685 -0.811389
12.8333 0.560561 2.09194
-4.63188 4.30311 1.09176
-3.90531 -4.71434 0.701627
-22.6699 4.50566 -0.689207
12.7078 0.469011 2.11838
-9.25585 2.10851 1.99174
-6.39355 5.72472 1.69528
3.65529 -0.227509 0.482103
1.09849 -8.69096 1.29891
-2.06408 -5.90046 2.31692
22.8462 2.9595 2.85102
-13.8384 4.1063 1.78545
2.29873 -0.494993 -0.428582
-28.8641 17.0734 1.06419
-1.5992 -0.818486 2.11028
-9.39691 4.57528 1.936
4.90735 0.527455 -0.38561
-3.94361 1.91619 1.95825
-25.6682 6.93671 0.35283
-6.92473 3.91999 2.47676
-5.60409 2.00822 -0.72333
3.72464 -0.127593 0.692693
-26.322 7.72578 0.260536
-0.683697 -4.17457 2.81269
-17.6158 7.45375 -1.09044
-3.08187 -5.33475 2.09204
10.1269 1.87033 2.78002
-2.47252 1.49086 -0.650776
1.92186 -1.85458 -0.484853
-0.516685 -5.77732 2.18832
-25.1543 12.8564 -0.517547
-11.8508 2.09419 1.9333
-20.447 9.20963 -0.338402
-16.5588 5.13498 1.13244
-6.13932 -2.94931 -0.285698
-26.2838 20.2575 0.44033
24.1231 2.96566 0.00304055
-25.6391 6.92234 1.48685
-13.3944 7.03768 -0.984764
-1.88729 2.08025 0.705546
-5.15898 2.71142 -0.722896
-18.9473 2.79091 1.78211
-6.18614 -0.493545 -0.679569
-4.69483 4.30476 2.52736
-3.31662 2.2982 -0.692968
-9.42508 1.31108 1.99724
24.3063 -21.7222 0.181415
17.0137 2.01813 2.53974
-8.19288 2.7092 -0.784861
-9.26374 8.00072 0.953582
-8.57988 -0.965581 0.870103
-0.523277 -7.38661 1.4503
-1.28965 1.60058 0.322625
-12.5339 2.83922 -0.859843
-13.8107 4.65723 2.34205
2.00552 -6.95958 -0.3874
-7.59915 -0.541602 2.6092
-4.83818 -3.22577 -0.490125
0.329649 -8.06535 1.89842
-22.5596 10.8385 2.02544
-0.227135 -7.2395 2.76121
-26.9192 19.4581 -1.80341
-6.32856 5.65987 1.48653
-9.3606 0.978239 2.30405
-13.37 5.68338 2.33455
5.41295 -6.6124 2.55807
-9.20773 -0.451207 1.50877
-19.704 10.4435 -1.20612
-1.09476 -6.93063 2.14005
1.28958 -0.696397 -0.510833
-10.281 7.43324 1.42089
-24.3087 15.0826 -1.37847
-6.34774 -2.74863 -0.0958659
-22.182 4.13432 0.300473
-19.3634 9.30324 1.46706
-7.51048 -0.703659 2.56891
1.29069 -0.891253 -0.50167
-18.9293 4.21555 -1.01321
2.23049 -7.9687 2.29196
3.362 -10.0181 1.3138
15.2421 0.103311 2.7623
1.73386 -9.22351 -0.238217
-2.32582 1.90818 -0.662583
10.2049 1.44698 2.79194
-20.13 8.26667 1.62355
-16.0712 3.71761 1.63947
-4.23326 3.05487 -0.731296
-5.59192 5.03498 2.49095
-10.504 5.49117 1.90426
-3.17249 -5.28495 1.90745
-15.015 4.77269 2.13531
-28.3086 15.5826 -0.174152
-8.80501 3.49046 1.89967
0.0552133 -5.35165 2.84092
16.7237 2.27065 2.71268
-5.16619 3.49086 -0.759193
-11.0117 5.74687 -0.882634
-12.3083 7.68935 2.33222
-12.2594 7.86962 2.34107
-9.28492 6.42059 -0.888151
-10.5293 8.32281 2.32023
-8.52366 -0.528697 2.5224
7.51756 -5.60307 2.42942
-13.5119 1.84025 -0.857472
-12.5922 5.03567 1.59153
-11.2741 8.85487 2.30378
1.02032 -1.95352 -0.505886
-3.09469 -5.34561 1.09222
-24.0124 13.4098 -1.32525
-12.7593 2.13439 1.91679
6.90992 0.521317 2.16238
-27.813 18.3404 0.0473797
-18.6619 7.72929 -1.0968
-8.11599 -0.347217 1.95132
-3.25094 -2.1647 2.72891
9.03485 -3.85744 2.22968
2.58868 -7.29464 2.92872
-23.1127 17.1346 1.2604
-7.12806 2.12194 1.94111
-1.35092 1.64817 -0.510016
0.0862968 -7.89855 0.0986176
-11.1555 9.04155 2.29497
-1.94419 -6.29671 -0.825553
-11.9121 2.31421 2.3212
-0.0957928 -7.72642 1.71904
0.313321 -8.07931 0.0909521
-10.8676 9.24593 2.28969
-3.48624 3.35135 -0.249
2.15558 0.412427 -0.413784
-6.62184 2.09656 1.96847
2.75125 -9.42409 2.44988
10.9217 -0.0941425 2.50915
-5.73218 5.1962 2.32606
-7.66781 3.99206 1.98072
-14.528 11.3628 -1.10662
1.23299 -2.49586 -0.490547
-25.6994 13.3717 -0.488736
-12.5425 2.64277 1.91335
-3.92168 2.68226 -0.701624
-5.31629 4.5681 2.5105
-2.49225 2.57733 1.74866
-1.8826 -6.33583 0.0605233
3.39444 -8.72479 -0.307212
-9.91613 0.88576 1.88567
16.4145 2.4819 2.65399
-20.4573 9.2066 0.106173
-3.76914 2.73183 -0.708983
-5.13488 4.68056 2.48115
-16.2532 5.91966 0.276193
0.301346 -2.10946 -0.517569
-1.97773 -5.43643 2.21628
-11.0443 9.2853 1.46418
3.68164 -10.2584 1.10018
-22.2032 4.12916 -0.673722
13.1002 0.949557 2.1243
-27.2723 18.9603 -1.1942
-20.5098 11.62 2.05245
-1.36311 1.64028 -0.620759
2.02087 -9.45116 1.03278
18.8074 -21.9327 0.332661
-22.8099 6.46253 1.61925
-8.73912 2.30635 2.00685
-7.38781 6.52765 0.509941
-21.1941 5.72541 1.77686
0.821477 -8.45996 1.89346
2.13832 -9.55031 0.353929
-13.0354 10.0056 1.89539
-8.93977 5.31171 1.84723
23.4466 2.76703 2.35725
-13.3355 4.31593 2.33604
-0.00111857 -7.80703 1.4683
-0.685186 1.12045 0.30119
-8.76928 7.30624 -0.921133
19.4572 -8.76094 2.70176
1.72774 -9.20627 1.09709
46.5447 0.658487 2.63935
-0.783902 -5.57716 2.1771
-12.2145 2.21788 1.92133
-17.8251 4.00696 1.81516
-4.69609 4.35772 1.49449
-4.11173 -4.55577 0.338436
-9.60311 4.51853 -0.837744
-10.9911 6.53167 2.36897
-12.0712 9.24548 2.26168
-8.15825 -1.2957 0.263298
-9.82083 4.53352 -0.851941
-8.77901 7.66777 1.58818
3.85404 -2.228 0.296454
-5.00373 4.60357 1.73155
-4.3634 -4.36273 0.0998386
-0.675277 -7.26394 2.13322
-12.503 2.70159 1.92325
21.1312 3.93533 2.26878
10.8402 -0.201398 2.49443
-8.18608 -1.29447 1.06679
-9.54629 0.721179 2.12656
2.10648 -7.83145 -0.358608
-6.64804 3.52751 2.50258
-15.469 4.56096 1.79845
-15.5724 2.2643 2.33346
-21.5055 3.59663 -1.05056
1.10598 -5.7835 -0.421254
-19.1196 12.1065 1.54549
-2.49878 -5.49983 2.32703
-13.8281 5.87974 2.32613
18.8411 -7.96916 1.82444
-6.06634 5.0523 2.45398
0.0639538 -7.02364 2.88023
-21.1036 3.26397 -0.30698
38.0034 -28.868 3.02313
-10.8533 5.7106 1.89704
8.02714 0.380382 2.34285
-26.3087 7.80955 1.54816
-4.10149 -4.55556 0.696544
1.92017 0.459592 -0.438031
-10.9799 6.49256 1.97456
3.74767 -1.87744 -0.581399
-22.9085 4.6993 -0.697367
-7.34965 6.49844 -0.11167
1.09483 -4.77651 -0.445378
6.939 1.45783 2.24464
12.1321 2.96037 -0.217689
-1.62891 -1.84832 2.19788
-11.0602 9.31251 1.13304
-25.9223 13.5955 -0.0214692
-0.752075 -7.20618 1.78032
-1.45624 1.73418 0.0968162
2.20363 -9.19578 2.50304
-16.2201 2.81362 2.34022
-13.8442 3.98632 1.53175
-25.636 21.0478 0.0438072
-28.4638 17.5425 0.443704
2.22355 -9.61932 1.12917
-13.9048 1.98396 -0.863398
-12.8458 5.214 1.57989
-11.6185 9.09097 2.28051
-0.601288 -0.316115 0.200515
-8.89914 1.97876 2.02403
-15.6865 9.37442 -1.0847
18.5372 -13.2311 0.868978
-4.74623 4.41634 2.16806
-4.57644 -4.2416 -0.464068
-9.44624 0.495924 0.168558
12.0898 0.891301 2.24591
14.658 2.87004 2.12339
16.8545 -7.55054 0.643917
-17.2215 10.6756 -1.12275
13.0343 -8.27069 2.60545
-2.44821 -5.87965 0.0960771
-3.09419 3.06233 1.66923
-13.5493 2.78219 1.88496
12.5079 2.49035 -0.344917
-7.24272 2.20951 1.95437
-11.3713 6.81768 1.9651
1.61896 0.279197 -0.436099
10.8434 2.71459 -0.467805
-14.2416 11.7359 0.303193
-3.1038 -5.30478 2.20746
-2.92977 -1.84706 -0.583933
-9.78265 8.44099 1.99996
-2.90675 2.84828 -0.677434
-23.6403 10.9948 0.0522103
-4.71734 4.38692 1.88075
-10.5619 5.0382 1.6597
-1.15067 -5.88625 2.83996
-23.4948 12.2824 1.97803
11.1412 -0.0773472 2.22564
-16.739 3.1835 -0.947396
-24.7624 12.4633 -0.911493
0.67845 -8.34667 1.89881
2.75854 -10.0285 1.47792
0.338443 -8.07305 1.7014
-0.115561 0.693404 0.917005
-7.52536 0.907026 -0.735785
-8.84145 4.44266 1.95778
-6.31879 5.65418 1.28022
17.47 2.35836 2.52646
-17.8651 2.70524 -0.98083
-22.4035 15.2551 1.35022
5.75424 -6.55162 2.37123
-8.88496 -0.701272 1.87198
-10.3276 1.21537 1.44925
-13.433 4.43673 2.35676
24.6899 4.73452 2.05647
-0.86121 1.2613 0.309591
-2.93533 -5.16448 2.47076
-17.2006 3.64064 2.28752
9.8993 1.40566 1.91138
-23.1047 4.89518 -1.13644
-7.86449 1.09289 2.53247
2.00405 -5.94288 -0.407239
-8.87386 -0.762621 -0.976117
-3.51373 -4.61344 2.72176
-0.800843 -7.20761 -0.326082
-10.1112 6.5504 2.37799
-9.57904 -0.0801198 1.90754
-27.5249 18.6405 -1.19475
24.1401 4.95813 2.67537
-20.7008 11.3123 2.05396
0.833126 -5.44108 -0.432875
-15.7725 2.09385 2.35805
-7.86962 1.28435 2.53302
-7.92802 1.54835 2.52768
28.979 -29.9981 1.22498
-3.28659 3.20532 -0.699128
-19.0312 11.8877 -1.21838
-9.34914 0.391475 0.701135
-9.3306 -0.368599 0.702006
-1.73625 1.96947 1.59866
-1.12545 -6.9339 0.18476
-12.1912 10.1297 2.25344
-6.89867 3.58712 -0.762925
-9.68859 0.68737 0.671543
-1.58505 -6.54924 1.27584
-3.03715 -0.956017 2.21814
-2.00838 2.17931 0.338791
-13.3154 3.32083 -0.885124
-14.6146 5.2808 2.30319
-2.07242 2.12104 -0.653165
24.4919 3.46857 0.0995347
-10.0688 8.6857 -0.111124
-0.741008 -2.46184 2.26087
-9.46 -0.264083 0.897673
-10.1253 8.72235 0.94298
-14.5867 5.47403 2.30912
-14.1617 6.35665 2.30076
25.5095 -20.5828 0.197871
-8.30222 -0.202415 2.55982
0.507189 -1.32551 -0.525727
-2.27398 0.0010712 2.45483
-6.33729 4.7193 2.45351
-5.01412 2.7734 -0.729897
7.59115 0.466633 2.80116
-20.8502 8.71271 0.2993
11.0007 0.684846 2.85645
-14.1819 6.49247 2.30634
-8.89777 2.49126 1.99867
22.4521 3.9697 2.54353
5.70396 0.899619 0.737593
1.7141 -3.86613 -0.456091
1.29736 -8.78527 2.43283
-22.6718 4.51342 -0.898828
1.83483 -3.97289 -0.451431
-13.8248 7.06652 2.30119
-7.16932 3.38581 -0.762809
-23.8922 14.1249 1.89703
1.5622 -8.14464 -0.353822
-5.33757 -2.80216 0.70319
4.86119 -11.2875 2.7256
-11.1216 6.12228 1.8812
12.5231 0.517464 2.29182
-8.6753 7.53932 1.08205
-10.9565 6.34179 1.87588
-4.68967 4.35492 0.926588
-4.07096 -4.57397 0.888971
-20.3594 9.02715 1.66204
-6.91084 1.94468 1.92815
-11.0654 6.54212 1.90507
13.0102 -0.256532 2.25174
-0.698922 -3.87092 -0.492325
5.31952 0.504631 -0.315425
-7.62913 6.58269 1.978
-6.46197 -2.65448 -1.06556
-0.00145314 -6.05801 -0.439271
-16.2136 6.83707 1.74829
-6.9309 4.33365 1.90899
-10.1314 6.15851 1.75671
-16.8539 2.30676 2.27463
-4.04188 -4.63338 -0.715137
1.64789 -8.73326 2.52888
-4.56424 3.82315 2.53581
-7.3313 6.48145 -0.711031
-5.90181 2.72798 1.88405
-6.83646 6.10062 1.48111
-6.15792 -2.92884 0.302601
-13.0526 8.1548 2.28112
-21.6012 5.83629 1.66905
1.4496 -3.13965 -0.473237
0.603441 -5.26103 -0.43738
-3.80621 -4.81454 -0.294916
-20.4441 11.4176 2.03897
-19.1922 9.5127 -1.16311
-13.0684 8.27654 2.29272
1.12796 -8.73905 0.214289
-4.7678 3.31318 -0.740646
0.783939 -8.4341 1.47516
-14.1915 3.99977 1.82428
1.88052 -9.2058 2.46106
14.9683 3.55712 1.78599
17.3522 2.35757 2.48991
-3.9069 -4.70042 1.09269
-4.60987 4.28367 0.682268
-19.208 11.3525 -1.21151
-4.89798 4.50502 2.50339
-28.3121 15.5792 0.0287808
-3.50823 2.65036 -0.701915
-3.50081 3.37223 0.513326
-9.03906 1.40021 2.4772
-8.68065 -0.870087 1.88533
-15.0798 2.66496 -0.924877
25.0348 -28.5066 1.67411
-8.95042 7.67169 -0.928541
-23.912 5.52437 0.474919
-6.15971 4.96406 2.1307
-2.32606 0.359709 2.14045
-9.12012 7.73245 -0.937026
28.0873 -22.3104 0.270068
-29.2451 16.4009 -0.162211
-4.16125 -4.49045 1.85748
-3.0773 -1.33068 -0.58977
1.42299 -8.9786 -0.0779758
5.52136 -5.7632 2.96214
-20.379 15.7046 1.28896
3.53163 -0.35197 1.30566
7.90307 0.518599 2.32975
-26.4157 7.66209 1.57375
-7.85628 2.63671 1.93833
-14.1818 4.13526 -0.912677
1.88452 -9.34954 -0.113774
-11.9196 9.5109 2.26019
-3.54921 3.41933 1.68506
1.28412 -3.6629 -0.471437
-25.2366 6.50913 -0.684359
-3.75459 3.57555 -0.535303
26.4186 -23.2567 0.275062
-0.71744 -4.8647 -0.471123
11.0438 -0.216814 2.26235
-13.9463 9.82299 1.4849
-1.17462 1.52472 1.04231
-0.509935 -7.40588 0.894855
-8.57618 -0.983847 0.27011
-12.9824 10.2595 1.33868
-28.6818 17.313 1.26297
6.02204 0.874177 -0.227279
-9.1058 -0.132208 2.30534
-6.37211 -2.75575 -0.852154
-7.29199 4.62986 -0.810263
-9.00648 4.05972 1.94925
-10.0561 0.96264 -0.481354
-8.19821 -1.27214 1.70817
-28.3456 17.709 0.851826
-10.1421 7.61766 1.80283
-6.09187 2.88584 1.88454
15.1965 3.31377 -0.366149
-6.98991 6.22013 1.89794
5.92446 0.813666 -0.232309
-15.055 7.4634 2.0257
9.76625 -7.70074 2.60656
-10.3258 7.08479 1.7064
-3.84887 3.66839 0.918438
-8.68857 1.3084 2.51825
-10.231 3.10459 1.71779
-15.0739 8.11761 -1.03426
-4.09031 3.87074 0.761939
-11.6645 4.09342 -0.897289
10.3003 1.67941 2.75132
-3.67552 3.57088 2.46654
-2.28543 1.50404 -0.648655
-2.26891 2.3835 0.499936
-17.1377 2.49219 1.88405
-4.25569 -4.45152 -0.297103
0.229738 -5.76919 -0.435301
-5.84167 0.7026 -0.681089
-22.4144 4.31669 0.0938776
-14.9289 7.63538 2.01131
-8.45386 1.48278 2.52919
24.2578 3.15742 0.35584
-25.3591 6.67848 1.14881
-14.9493 8.71365 -1.04529
-25.1758 12.8571 0.0410436
-9.55298 4.65008 -0.822576
-10.8895 6.711 2.3701
2.48876 -0.108401 -0.392063
-1.59211 -6.5605 -0.246561
-19.4187 10.6871 -1.2034
-5.78594 2.79116 -0.7415
-0.12617 -7.72783 0.111465
-3.71712 2.09122 -0.685093
-16.8291 6.4654 -1.03266
-1.31024 -3.1063 -0.524673
22.5596 3.20615 2.40524
0.702199 -2.49191 -0.502025
7.55399 -4.34361 2.76408
-19.2307 11.0498 -1.2043
-13.2349 9.75372 2.24101
5.81792 0.3476 0.687916
-4.90147 4.3215 2.51413
-3.48478 2.31252 -0.691459
47.5648 -36.7618 2.8847
0.338681 -7.69993 2.50747
-1.79345 1.99962 -0.550211
-3.6956 0.692922 -0.651357
-14.3924 5.24775 2.31537
-23.436 11.2613 -0.140274
-11.9412 6.37492 1.51451
-13.0316 3.17662 -0.894712
1.90366 -9.335 2.30733
-0.533171 0.996638 -0.390732
-22.3398 16.2819 -1.38938
12.4944 1.8651 2.52288
-7.21445 5.35619 -0.819867
-8.66083 7.27336 2.3738
-26.3659 7.67337 0.707977
17.8216 -15.1247 -0.00352025
-1.09406 -6.37538 -0.448547
-3.83682 -3.62074 2.75555
-24.8496 12.5139 -1.16479
-6.64214 0.166284 1.79864
-10.6932 4.87723 1.65303
-11.0124 9.34111 -0.226536
-25.9737 7.18871 1.34982
11.9147 0.510914 2.2804
-11.5567 6.31357 1.87175
-25.8017 13.4592 -0.336974
-19.4947 9.96233 -1.18859
-13.4698 8.70332 2.27996
31.6243 -36.7141 3.4839
-10.2558 1.14329 -0.113493
-13.2761 8.92883 2.27461
-9.38882 0.462695 0.978677
-19.907 8.67867 1.73478
-8.94048 0.22976 2.56887
-7.57115 -1.77309 0.699968
-10.5975 6.11274 1.92365
5.57963 -5.43287 2.30829
-6.72721 -0.498614 2.58923
-23.5976 10.9867 -0.935355
-25.3435 6.67753 -0.699646
1.2832 -3.83431 -0.466625
-13.1038 9.07807 2.26637
-12.76 8.63897 1.62591
-24.0213 15.0064 1.41896
-29.1923 16.5353 -0.987339
-25.7865 20.8999 0.631568
0.501074 -5.52966 -0.435555
-3.90938 -4.73249 -0.294958
-13.7344 10.1482 1.69702
-6.84252 4.10912 2.04608
-13.6214 11.4624 -1.07536
0.599075 -8.29368 2.12778
3.47331 -0.495057 -0.299101
14.7642 0.483206 2.59805
-8.84559 6.31011 1.54402
-28.2019 17.8658 0.245193
-10.171 1.06524 0.512016
1.51665 -6.2978 2.15075
-13.3334 7.69011 1.77814
-0.338569 0.840918 0.263127
-1.32132 -6.7478 1.6946
10.9539 0.839554 2.84708
-20.9166 8.62659 0.351971
-6.66774 3.67142 -0.776992
-12.0831 10.2292 2.25077
1.34302 -6.66683 -0.400802
17.1784 2.30719 2.46444
-6.54727 1.66173 1.94216
-29.1925 16.3078 -1.40038
-23.5186 5.73405 -0.721883
22.1625 0.592606 2.44285
-13.2286 4.50251 -0.93193
14.1655 2.95405 2.30359
5.34629 0.626713 0.813411
-6.8872 3.20555 2.2409
6.30206 -7.54196 2.18697
-25.8024 20.9141 1.25206
-16.1072 5.70808 2.04201
7.40901 1.107 2.1554
10.5232 1.49602 2.81185
-4.77198 4.39362 -0.371725
1.77038 -8.33064 2.9446
12.1989 -0.213311 2.11338
-6.35309 5.50537 1.92172
-27.1939 19.1532 0.829128
-21.5943 8.63495 1.58842
17.8833 1.31999 2.54972
-1.77851 -6.40328 0.217755
-7.40978 4.15457 -0.789315
-24.8453 13.953 1.38932
-10.3278 1.21166 0.684995
42.869 -42.5136 3.22134
0.949375 -6.79566 -0.407123
13.1206 2.64769 2.33133
-21.2596 5.67704 1.64292
-3.25558 -5.24687 -0.107975
-2.22058 -4.56258 2.79008
-9.93852 0.88756 1.29687
-18.1373 7.25246 1.81718
8.62158 -8.02277 -0.243607
-8.84108 4.79535 2.05015
-4.59822 1.67656 1.96643
4.30387 0.682986 -0.41236
7.9171 0.632539 2.29512
2.51545 -9.45945 2.8999
-1.08594 -2.08189 -0.543182
-3.43421 3.3148 0.853749
-2.74617 -5.62335 0.961316
23.7737 3.68588 2.4358
-0.10017 -3.52127 -0.497788
-15.6351 6.14233 -1.01465
-28.2955 17.6689 -1.41989
-18.5299 2.51843 -0.671787
-3.18928 2.63241 2.6058
-5.88609 5.28536 -0.545023
-20.8656 3.09168 0.924194
3.79367 -0.0812467 0.543692
-15.694 6.67085 1.90067
-12.1374 3.03778 -0.855153
-8.56728 7.436 0.814073
-9.31173 0.389934 2.30333
-21.0666 3.25623 1.72476
-6.84062 -0.981726 2.62298
2.09071 -0.500847 -0.451026
2.30407 -1.10648 -0.466243
-19.0973 2.53326 1.79215
10.4249 0.517566 2.32794
12.9291 0.649636 2.0843
0.0641392 -6.15137 -0.431237
-2.82316 2.82349 -0.0808695
-4.15801 -4.39148 -0.556064
-16.9999 2.41583 2.19788
1.43004 -8.94804 2.30207
-10.1116 8.66662 1.36242
-11.1744 5.49666 -0.903986
-1.6229 0.0612639 2.06596
11.8159 -8.01462 -0.214308
-23.3862 5.10333 0.317598
13.3507 -9.9616 2.65607
-3.70987 1.51571 -0.669871
5.60992 0.386394 -0.58038
-17.0061 6.55916 1.69554
-0.821706 -7.15755 0.857464
19.1562 -22.1253 0.84907
2.33895 -9.69886 1.4606
-7.87098 3.9056 1.94797
-1.60417 1.86515 0.952159
-0.914012 -7.08821 0.899787
3.11947 -1.38257 -0.420244
-9.49529 0.520142 0.30062
-7.90138 -0.554022 2.01008
-1.13757 -4.4109 -0.474593
-11.1188 3.22478 2.42978
-6.30692 5.64619 0.92571
-21.4014 3.52133 0.785447
-2.29589 1.09051 -0.629474
-23.209 6.27606 1.63431
1.75479 -9.22575 0.936166
-4.12962 3.91568 2.40672
-27.5189 14.9228 0.0276889
-2.75459 2.07753 -0.675252
-11.2008 7.57568 -0.936716
-12.5714 9.56489 2.24607
2.30913 -8.02762 2.94954
-21.8344 12.0162 2.01683
-16.6975 3.26888 2.31901
-26.6353 19.7505 -1.37919
-11.7832 3.08385 1.67449
-19.4669 2.70506 -0.10599
-15.6856 12.1761 -1.16983
-26.2351 20.3019 -0.415518
-8.95125 4.84976 1.97351
-2.00047 -5.48442 -0.496415
5.99463 -6.19131 2.1922
-2.28252 -4.4012 2.79243
-10.0699 0.994342 1.30999
-1.51661 1.79273 0.900854
-8.0632 5.21162 1.75606
6.84239 -3.66837 2.48347
-15.6523 1.93372 2.33868
-17.3504 7.68424 1.54074
-10.9192 1.51162 2.0848
-15.8929 5.62931 1.85326
1.61457 -8.88881 -0.340359
-22.5931 12.9122 -1.34356
-23.8675 14.9089 1.92214
7.84195 -7.17516 -0.281289
-17.6191 13.0756 2.05209
1.00189 -7.89122 2.34602
-4.13574 -4.54621 0.100131
-4.72267 4.38759 1.71879
14.6817 3.86965 1.2749
14.7321 -8.9655 1.78186
-8.84348 3.9205 -0.822889
-10.176 5.86899 2.37615
-6.17654 2.63375 2.23868
-3.25625 -5.24716 0.308512
2.05924 -6.75429 2.18987
8.80003 -6.06135 -0.287987
0.245523 -0.421355 0.522354
-15.302 10.0925 -1.10659
-22.4051 4.31799 1.70379
0.686966 -1.50018 -0.520136
-8.28309 3.1029 2.00075
-15.0433 10.4552 -1.09381
-14.3718 9.97077 1.5518
-12.6338 4.08735 2.37885
-10.3143 5.32127 1.56178
-26.9204 19.4589 -0.17926
33.4407 -34.5914 2.45032
20.6216 -17.4724 3.02564
-9.81029 0.957681 2.01848
-8.49882 -1.04785 1.30202
-9.13585 -0.533408 -0.664767
0.505844 -8.17323 2.41522
3.4014 -0.611131 0.74181
-5.87976 2.64723 -0.739939
22.6058 1.50372 2.51694
-1.30058 -1.49444 -0.561867
-23.3287 11.5665 -0.294905
-23.3907 5.10518 0.175157
-17.8712 3.10444 2.04584
-5.05216 -3.795 -0.303093
-0.107339 -3.4847 2.22082
28.8488 5.15833 2.72744
-11.9544 6.51795 1.8533
-3.13768 3.09774 2.42684
7.10984 1.28622 2.28394
-1.68863 1.09264 -0.621014
-5.21292 0.206999 -0.665401
-21.7526 3.77748 0.0918586
-4.86643 -3.50465 -0.303168
-11.79 6.77542 1.85309
-8.69742 -0.876647 0.697288
-11.6282 6.90627 1.85653
0.961186 -5.76202 -0.423365
-15.6952 2.27989 2.35067
0.498828 -8.19979 1.70067
-11.5743 7.2593 1.85036
-13.0129 10.0284 2.08516
-2.62952 -5.71678 1.46886
-3.25368 3.17265 0.335603
-3.8894 0.236136 2.16341
-10.5996 7.58358 -0.933331
-13.898 8.92159 2.25112
0.711381 -3.88386 -0.474779
-12.2587 7.2932 -0.951397
-13.5909 9.24434 2.24073
1.00041 -4.84505 -0.450535
-9.35209 2.40388 1.72932
-19.4506 10.5496 -1.20134
-4.97012 3.86912 2.53026
-3.6741 1.92284 -0.680759
-13.473 9.37913 2.23211
-21.7481 3.77383 -0.318016
12.4866 2.37242 0.442176
7.10278 -4.24353 2.9715
-1.79167 1.99727 -0.241815
12.9197 -7.9956 2.58534
-9.59025 6.23954 2.4013
-6.22858 4.90282 -0.811536
-6.24181 5.58987 0.419349
-12.4879 8.73471 -1.01079
-5.27518 4.7995 0.358
-22.24 16.2831 1.88271
-3.27164 -1.25441 2.38061
-25.8156 20.7684 -1.4258
-16.1254 5.62215 -0.657853
-19.1721 11.1731 -1.2049
-11.8047 8.00741 -0.975524
-13.1043 9.93057 2.15746
-7.10973 1.68266 2.53606
-4.6952 2.91124 1.6818
-12.8264 9.37078 2.25856
-28.0604 18.0149 -0.377728
-3.08407 2.93705 -0.686945
-4.73724 1.1258 2.12548
-11.5152 8.54824 -0.977577
-12.7662 10.3623 2.20849
42.1907 -34.9535 3.51812
2.16902 -9.56592 0.793705
20.0966 -17.2389 3.35729
-13.1133 3.42794 -0.886798
-14.4623 5.32844 2.28528
-1.26687 -6.79667 1.45914
-1.91306 2.10463 0.301431
-8.07736 0.0787837 2.57346
-17.6734 5.00871 1.59906
-17.4794 11.6831 1.56932
-23.8919 17.7215 1.12124
-0.521415 -5.73705 -0.452629
-24.9433 13.3193 -1.3773
16.0591 2.38148 2.21294
2.62438 -8.31998 2.302
12.0909 2.94891 0.927973
-18.4616 4.50336 -1.03158
7.21593 -4.6949 2.29323
0.805229 -8.15143 3.12477
-27.1119 19.1269 -1.57091
-15.0509 12.1733 1.25823
-9.40961 1.68302 2.00579
-23.6856 5.32114 -0.872278
5.75655 0.274813 0.729391
-4.9304 3.51816 1.96076
-6.67948 3.2692 -0.768008
1.27571 -7.94139 -0.36785
-8.27976 -0.819556 2.17353
-5.88488 5.28352 -0.358783
-20.8664 3.09545 1.11155
-12.2244 8.482 2.29825
19.2478 -8.64609 2.80972
1.55983 -9.07281 1.12045
11.0539 -8.49438 2.36222
-8.47488 -1.06168 0.305152
-0.969201 1.3582 0.866571
-0.31933 -7.55295 0.914881
-16.6326 6.18769 -0.0594136
-11.5343 4.73934 2.38527
-1.69202 -2.09207 -0.551301
0.66476 -5.60947 2.1428
3.12993 -7.6054 2.94216
-22.7768 17.5443 1.25952
-12.8944 3.10529 2.30344
-1.00925 -6.99181 1.75236
-25.2628 13.1092 1.42638
-13.1619 4.10556 -0.901887
22.3398 1.01283 2.50629
-1.5124 -0.853217 -0.579891
-9.11744 -0.53164 1.10137
2.09079 -0.69907 -0.46285
-6.88481 -0.846557 2.60336
-7.88742 0.0977625 2.54735
46.1158 7.07327 2.15011
-17.2167 2.55399 2.26477
14.1271 2.51391 2.28908
-2.47469 -5.87001 -0.306202
-10.7522 6.85649 2.36298
8.15951 -3.50548 2.48123
-26.7614 19.5978 -1.56583
-11.9303 2.92872 1.60642
-3.49743 -0.311555 -0.615534
-22.1515 17.074 1.57736
24.3364 5.15276 2.31487
18.7167 -21.9551 0.720823
2.50192 -0.491383 -0.420113
6.96167 1.14927 2.30219
-1.89379 1.2988 -0.628256
12.0836 2.61912 -0.114157
-2.75853 -0.421837 -0.604658
-0.336697 0.839422 0.0884763
-27.5731 18.6859 1.25421
-2.57757 -5.75935 1.29646
-3.25803 3.1768 0.513081
-3.27947 2.50178 -0.698115
-8.95865 5.35245 2.1017
-13.0209 10.0345 2.24074
-11.9119 4.46868 1.66779
21.2525 -15.4495 3.31532
12.1758 2.45302 0.0507404
-10.8688 4.67292 1.56794
-5.02199 4.54807 -0.775252
-29.1889 16.1478 -0.540786
1.41592 -8.58032 -0.346386
-24.0845 14.6367 1.925
-5.19954 4.77061 2.01417
3.88131 -2.39799 0.0609169
-11.523 8.12423 2.36108
-4.44017 -4.29293 0.298596
0.810162 -7.71006 2.33346
12.4997 1.89888 2.75702
-23.4404 11.2638 0.106925
8.36952 -9.99883 2.34912
-11.8205 9.32765 1.38038
-27.3199 18.9494 -0.229198
0.495156 -4.55106 -0.46048
1.688 -9.16855 1.47358
0.00031752 -7.79514 1.77905
-12.0822 6.79348 1.81141
0.642156 0.125913 -0.229158
-12.2506 6.989 1.83453
-14.4536 9.28192 1.70681
-9.12134 -0.527617 0.676866
-12.0439 7.29205 1.85584
-4.05145 3.85418 2.10291
0.34633 -6.24293 -0.417451
-11.1043 6.93614 1.70283
29.1356 3.57508 2.48843
-4.50067 -4.25057 0.428623
-5.17437 4.75159 1.45515
-3.71522 -0.103117 -0.629377
-27.4124 18.8185 -0.800728
46.4758 -38.1368 1.81648
14.1728 -11.2684 -0.133084
-20.9785 8.54023 0.504045
10.2519 0.670913 2.40906
0.648561 -3.24329 -0.489576
-10.3322 6.90332 1.61606
-2.02264 -1.56302 2.16482
-27.0348 19.3073 -0.554655
-0.43735 -7.4543 1.49835
-24.6878 12.6201 1.72913
-3.70508 3.53269 0.246286
-3.0176 -5.40248 1.55893
-14.4865 8.24453 -1.00223
-9.33257 6.65891 1.49102
-1.43188 -3.95596 2.05722
-14.9226 11.885 1.29827
-9.22074 1.47392 2.01561
5.97127 -4.30685 -0.363015
1.87553 -8.92628 -0.330596
-3.2924 -0.869599 2.20319
-1.51599 -6.60525 1.39829
-2.13288 2.27524 0.330777
-9.27826 7.70015 -0.945051
-16.131 5.66325 2.18198
-4.26939 -4.39462 1.87577
1.30886 -8.88337 -0.101832
14.0751 -9.08616 1.94277
-4.35731 2.64713 1.6977
-3.04788 3.00949 -0.552752
-11.8087 6.66614 1.84804
29.0233 5.03662 2.74147
9.36354 1.42055 2.34559
7.7753 -4.29297 1.46612
22.189 -15.5959 1.61306
-26.3702 7.46918 -0.341047
-10.4069 1.28335 1.10565
0.539297 -7.9871 -0.377567
1.0089 -8.61621 -0.349076
-23.235 12.7386 -1.27183
-26.112 20.5139 1.05498
-7.91028 2.77075 2.07429
-14.5751 10.0666 -1.07006
-21.9099 3.94118 1.66067
2.58659 -9.88904 1.6143
3.21423 -0.820374 -0.099524
-0.887506 -5.74679 -0.457775
-14.1398 10.6889 1.64897
9.27687 1.936 1.9381
27.8725 -24.7761 3.29228
0.393305 -0.373887 -0.190336
-28.7112 17.2236 0.235087
-24.7442 12.4592 0.285438
1.99393 -9.41975 1.10187
-3.1208 -3.85553 2.77264
-0.389119 -6.53938 -0.425752
-7.28359 3.88803 1.93922
3.74844 -0.142518 -0.292628
-16.5303 6.3225 1.75842
-15.1999 7.27472 1.77851
1.71062 0.369324 -0.441385
-3.15899 -5.29871 1.45848
-3.81571 3.63304 0.318647
-20.8084 15.2364 1.92435
42.9459 -42.4603 2.06586
-28.4714 17.5445 0.636376
-29.0529 16.7302 -1.22799
-1.29412 -6.80185 -0.281844
-25.6459 21.0509 0.440257
-8.75408 -0.848211 -0.0735144
9.03699 -0.0852851 2.33952
-1.07001 1.44529 1.69794
-6.16529 2.93923 -0.748669
-21.8329 6.20798 1.68485
-8.91391 -0.711921 -0.101623
3.90538 -5.24559 2.92709
-1.90884 -4.23029 2.79323
6.30798 -6.43048 2.22684
-8.32437 -0.870422 2.0981
-5.9105 5.307 -0.182489
-20.8758 3.10433 1.30409
-3.43819 3.31955 1.19875
-2.72483 -5.66019 0.672317
-26.2402 7.36031 0.21838
-4.48255 2.28424 1.89101
-6.8939 1.10777 2.55441
-19.6661 13.4934 1.77945
-14.1347 4.21339 2.34297
-12.8598 2.32581 -0.867701
-2.03 -4.05692 2.7754
3.87371 -5.3458 2.92647
-18.9262 7.3858 -1.11079
-8.49445 -0.676774 2.09356
12.4261 -11.8506 -0.135499
-21.0835 3.26867 1.27794
13.5965 1.8901 2.28699
0.884563 -8.13622 2.65568
21.5293 4.05349 2.94155
-19.2498 7.56057 1.6733
-9.98709 5.01158 1.92694
-0.978328 1.37544 1.79359
-0.347479 -7.55486 0.0839342
-24.1482 5.73622 -0.508036
0.613195 -8.35397 -0.81368
-26.4232 20.1049 0.631754
-13.8369 9.00435 2.09584
-1.85736 -0.82574 -0.586943
-13.4584 4.08127 -0.937169
5.22165 0.376532 -0.401776
15.0785 0.508512 2.42469
-20.6821 5.3177 1.85961
-29.1338 16.7414 0.930891
-25.6496 6.93056 1.65617
-8.19578 1.46126 1.82379
-14.0208 2.08221 1.75276
-3.51992 3.39262 0.945635
-5.14956 3.67407 1.95937
-4.47948 -4.26528 -0.473026
-17.3217 2.65252 2.13604
8.53062 0.285405 2.31135
-13.4315 5.49986 -0.93114
-27.9349 18.1746 -0.179836
-21.0198 3.17584 -0.253268
-18.6306 4.36631 -1.02163
11.9257 3.11607 0.919076
2.47952 -8.18489 2.2953
-8.74487 0.699951 2.53577
-4.25431 4.00052 1.12669
-7.93659 -1.04704 2.44648
-18.0294 3.24471 2.26709
1.54948 -1.43835 -0.486808
-27.1879 19.1318 0.225161
-5.90465 5.30146 0.00955284
-4.32222 -0.477888 -0.634474
-18.835 12.2526 1.53462
1.48279 -5.96734 -0.409772
-22.8762 4.69547 1.09672
1.99019 -9.40826 1.67633
46.0898 -38.6095 2.33859
1.88737 -1.69266 -0.478103
-26.9175 19.4737 0.223907
-5.83912 0.161419 -0.676165
10.8908 0.289834 2.24284
-26.7407 19.6937 0.25563
-20.741 9.50328 -0.887505
-5.16565 -0.0374705 -0.658527
-11.579 3.36864 1.60697
-26.4598 20.0704 -1.59986
-8.80303 2.67132 1.98386
9.0185 -6.66344 -0.269975
-15.0112 10.7139 -1.11337
2.52027 -9.46011 2.79632
-1.71638 -5.72244 2.2275
0.700636 -1.88848 -0.513015
-6.56145 5.81984 -0.180877
-21.4905 3.59629 1.29383
-0.812566 -6.78292 2.6221
-4.17945 3.92658 -0.107676
-4.99377 -2.95043 -0.635009
-17.8846 3.97947 2.26732
-6.96445 3.95674 2.07005
-1.45775 -6.66524 0.537873
-29.2249 16.3259 0.245682
-5.5392 0.376518 -0.674747
-8.68288 -0.825577 2.07498
-20.4862 9.23097 2.09062
-8.10938 0.323725 2.54497
23.4837 1.19952 0.300661
-22.1479 4.11874 1.12262
-8.10993 -0.926158 2.27898
13.2672 2.68232 2.25503
-20.9659 8.52765 -0.106747
-11.0198 9.33722 0.829422
14.1519 2.12915 2.08106
1.27103 -4.73848 -0.446082
-14.5092 9.31765 1.71332
-20.8768 15.4842 1.30216
-10.2987 7.91872 1.47724
-13.0905 4.28136 1.70348
-20.5234 11.2972 2.03993
-7.38767 3.38599 -0.7891
-0.531712 -6.93305 2.36404
-16.1696 6.97928 -1.04122
23.2579 2.81732 2.40497
-0.505497 -2.69495 -0.524554
2.68951 -9.49562 3.01145
3.62769 -10.0895 2.50414
-12.3686 4.86012 1.64395
1.09505 -8.68212 1.89521
20.361 3.02296 2.29611
-8.53678 1.72915 1.78279
-12.5243 6.40189 1.73983
-11.4551 6.25983 1.85607
33.7581 -34.3084 0.520192
12.0912 0.687745 2.2844
-17.5473 2.83827 1.99878
45.8723 6.98654 2.41554
-4.5645 -4.18969 -0.336151
-17.0736 6.58858 -0.711754
-12.8252 7.11136 1.81411
-9.29228 6.71549 -0.903055
-11.172 6.017 -0.879412
-12.5262 8.04368 2.30488
-0.927639 -2.80725 2.17989
-12.8052 7.25512 1.82059
11.0143 2.26469 -0.537694
-21.9306 3.9475 1.30357
-9.51438 0.558009 1.53591
-12.2281 8.33816 2.29166
-4.30189 0.437332 2.154
-5.35628 -2.79474 0.308155
2.69803 -9.61974 2.54025
-13.4621 4.49181 1.5398
-21.788 10.1426 1.79316
-20.2868 8.33113 1.63597
-17.1017 2.48317 2.2155
-4.25993 -4.42578 -0.486466
1.32847 -8.86385 2.29778
15.0412 1.1086 2.2354
-11.377 7.10869 1.65954
-1.13615 1.13233 -0.61155
43.065 0.240897 1.34654
-11.2715 7.26918 1.65917
4.01486 -2.44941 -0.457537
-23.5784 11.1482 1.43348
-9.69629 6.91951 1.47318
1.70237 -2.71615 2.09561
2.49182 -9.82774 0.516107
-0.0057312 -6.07963 2.86095
-19.9874 13.2301 1.17389
-18.4097 7.49275 1.84907
-23.9057 5.51952 0.335596
-9.21784 -0.452071 1.29784
13.8791 2.49546 2.26616
-9.28332 0.285538 0.0940192
0.855783 -4.63664 -0.455425
-11.151 5.24103 -0.878324
-10.18 8.35635 1.6292
5.77866 -4.38586 -0.369557
1.75599 -9.08224 -0.326122
-4.71605 3.52688 2.53203
-3.3491 1.581 -0.661019
5.89455 1.13594 0.715278
-18.2015 3.50876 1.84165
-24.7355 9.71994 1.49874
-15.8557 11.3133 1.33052
-3.06401 3.02372 0.840923
-2.46032 -5.86552 0.931881
18.3173 3.526 2.30814
-20.6409 8.92112 -0.659938
-4.93181 3.6931 2.52492
-3.51181 1.70696 -0.673684
-6.75609 2.51162 -0.744518
11.0268 2.741 2.79939
5.98631 -0.0434962 0.969587
-20.664 2.928 0.793619
-1.52791 0.508597 -0.606252
-8.7702 7.59497 0.459309
20.9968 -17.0041 3.05719
-9.51211 0.568259 2.08351
-25.1574 12.8352 -0.83509
-15.967 6.61291 1.60757
-2.6241 0.133015 2.17481
-9.33806 7.46169 -0.935631
-12.6919 8.73681 2.27282
2.77599 -10.0338 1.92722
21.3113 1.36045 2.53081
-2.49188 -1.29362 -0.582027
-16.7743 11.2106 1.90516
-8.65218 1.83153 1.80216
-23.9333 12.0513 0.683737
0.249178 -8.00279 1.52246
-8.59795 -0.96787 0.108477
-6.16352 0.246016 -0.676063
-15.108 5.09482 -0.963202
-27.2818 18.9633 -1.00353
12.5148 3.01897 2.73091
-2.8366 2.83666 -0.303095
18.4956 -8.05032 2.68895
0.840984 -8.48574 0.927124
-12.4671 3.49181 2.39859
-3.02722 2.99048 -0.286914
-8.77341 6.84804 2.40065
-3.30726 0.296645 -0.636594
18.4284 -7.89269 2.65645
0.666621 -8.34444 0.90689
-6.23903 -2.85726 0.0899758
6.03421 0.913238 -0.0977502
-6.33625 -2.74641 0.0835853
5.96206 0.847164 -0.0798679
-2.7877 -3.63136 2.77288
-21.0349 9.79256 2.02025
-0.0533353 -6.41135 -0.418545
-16.291 6.51915 1.74348
-6.92652 3.92295 1.89688
-16.9827 3.74967 -0.961853
18.4059 1.408 2.54717
-1.38422 -5.87139 -0.453181
9.13627 -7.7578 -0.252451
-8.39877 4.42524 2.04762
4.09751 -4.53602 2.90682
-1.72364 -4.86614 2.80491
-9.49662 0.535875 1.29474
-9.47787 -0.255915 0.0834187
-1.48125 -6.64403 0.715989
-17.8676 4.01229 2.09026
-24.1893 5.748 0.50323
-8.25234 -1.21167 2.0711
-1.82228 -4.73606 2.8057
-9.67914 0.687779 1.28817
-1.51164 -5.73876 -0.467249
13.9206 3.669 2.34179
-6.67577 3.97464 1.76249
0.824182 -3.58879 2.32211
-24.9869 13.3566 0.721506
-20.862 8.72054 0.718256
3.15303 -9.84179 -0.289734
-11.4351 7.04156 2.35603
-10.1982 4.97228 -0.835532
-22.2115 17.0147 1.61765
-18.1875 12.3155 1.63869
-3.67473 -0.43885 -0.619678
-14.5976 2.52813 1.73598
5.9393 1.27066 1.63122
8.32121 0.103936 2.36493
-10.7404 7.39292 1.68409
-4.25591 4.00006 0.950442
10.5088 0.708816 2.27963
-27.0612 19.2889 0.0520947
-5.49642 4.97297 -0.268195
-20.4858 2.79258 1.29149
3.09126 -0.854069 -0.398678
2.48873 -9.81019 1.31486
-9.54646 -0.101792 -0.294776
38.1489 -28.7108 2.6736
-15.779 7.11129 -1.04543
-0.297922 -2.49883 -0.523861
-9.46024 0.0641457 0.510656
-19.3214 14.5163 1.95668
-2.16086 -5.61601 2.30332
22.7565 2.56698 2.91024
-14.0574 4.45247 1.73006
-4.70222 3.32189 1.9757
-3.99243 -4.58745 -0.512159
-16.8728 2.31126 2.17792
-7.09239 4.46958 1.92594
-9.3547 6.11279 -0.87728
-10.7115 8.07936 2.31936
24.5343 4.77338 1.75841
-12.5706 6.27595 -0.937027
-0.961209 1.34345 0.626732
-13.3934 4.51564 1.65862
3.31459 -0.645353 0.535523
-0.761775 1.19825 1.59817
-11.3112 9.28748 2.26628
-5.93497 2.6974 -0.754395
7.08182 -5.90224 2.4773
-12.9101 5.254 1.63525
-9.54877 -0.116854 -0.501955
2.50116 -9.83115 1.56008
-3.08902 1.68724 -0.671774
2.06631 -7.71174 2.94071
-22.072 11.7095 2.02195
-16.1075 5.77062 -0.063253
-10.9712 4.23333 2.39827
4.33313 -10.8296 2.2575
-1.30713 -2.513 -0.540442
6.77027 -5.31763 2.83536
-8.96343 2.07126 1.75831
-17.0437 11.381 1.66416
-12.9306 6.70783 1.70921
-23.6832 6.08684 0.099962
-7.53565 0.90598 2.544
15.7121 -11.9534 -0.0822606
-22.9031 4.70383 -1.12608
-6.35458 -2.76693 -0.285127
0.512423 -8.23417 0.487089
-20.0186 14.914 -1.35208
-13.2514 7.52197 1.79062
-26.4511 20.0842 0.627582
-20.7017 9.48627 1.4207
3.96435 -10.0473 2.48236
-12.124 4.67954 1.60809
-10.8356 8.64374 2.30927
-12.201 4.13738 -0.88796
-13.6089 6.08671 2.30869
-11.217 7.29966 1.54424
-6.66755 1.7478 1.93743
33.7898 -34.4449 2.67073
-16.0797 8.15074 -1.02406
-9.44298 0.843577 2.13257
-0.503674 -1.42486 -0.546277
-11.0823 7.46567 1.52877
-21.2587 10.2965 2.05681
-2.10962 0.297066 -0.607817
-12.6778 7.53232 1.79868
-10.2214 8.75282 0.973927
0.19612 -0.557669 0.20656
0.113314 -3.85635 -0.485536
-11.9149 4.46259 -0.883391
-4.37575 4.09143 0.841289
-10.902 7.62889 1.51194
-5.06317 -3.03543 0.504771
42.694 -0.71176 1.914
-11.4243 3.1199 -0.858181
-2.10455 0.498841 -0.612381
-9.10359 0.701191 -0.77596
-5.60325 5.07712 0.779691
-7.19133 0.442963 -0.699938
-6.07931 3.48984 1.78281
6.34364 -5.46808 -0.331576
-28.3195 17.6901 -0.582149
-5.59495 0.920458 -0.689002
-26.6459 19.7597 -0.968643
-18.1809 3.49973 -1.00505
14.0303 -0.199836 2.21501
-22.2051 18.216 1.25824
-8.89164 0.903644 -0.7603
6.58331 -5.5804 -0.334472
-28.1898 17.849 -0.582184
-17.9082 3.10791 1.91878
6.65944 -6.00173 -0.322488
19.6981 -19.3373 2.88708
-27.9293 18.1694 -0.580908
-3.40198 -5.10309 0.278024
-4.00832 3.81372 1.54982
-10.4221 7.26911 2.35422
-14.9023 6.82556 1.52498
6.78068 -6.17428 -0.310815
-27.7854 18.352 -0.562448
2.94539 -10.1735 0.0535709
-24.4424 5.96739 1.49428
-2.25742 2.371 0.293537
-8.75746 -0.795444 1.1691
22.5308 1.29498 2.51482
-1.25344 -1.15109 -0.569493
0.234674 -7.59439 2.60542
6.28013 -7.43722 2.44489
-17.8707 11.4717 1.58421
-5.04833 4.62911 0.0835071
-0.367564 -5.3875 2.84159
22.1413 3.56332 2.63251
-28.6259 17.3183 -0.0646313
-11.3061 1.82072 2.26022
-2.51407 -0.411431 -0.604679
22.2404 3.4394 2.64175
-19.5613 3.64294 1.73237
-5.12845 1.79823 2.46676
-9.19364 6.34227 2.40927
-2.17309 -6.10247 0.0759306
24.5638 4.88123 2.10762
-21.9289 17.3342 1.74319
-2.47525 -4.25306 2.14953
3.06035 -9.12737 -0.317677
-10.234 1.14252 1.87941
3.55843 -0.347969 0.298789
-1.91057 2.09337 -0.499297
-11.6494 8.89268 2.27876
18.9427 -22.0204 0.495871
47.0089 -37.4399 2.37638
2.16856 -9.55507 1.1174
0.507687 -8.21912 0.887114
13.4728 -11.0171 -0.13775
-5.02687 4.60725 -0.23942
1.30957 -8.86608 0.909047
1.08698 -8.68622 0.871267
-25.4652 14.3176 1.28026
-20.8825 8.62506 -0.529774
-11.7065 2.48008 1.85181
-1.11095 -6.28509 -0.458747
-1.72866 1.96108 1.13784
-1.10906 -6.93535 0.702729
-15.6983 6.67314 -1.03034
-0.102449 -2.86589 -0.514525
-9.34795 -0.367692 -0.310335
-8.18838 4.24972 1.98951
-1.56273 -5.01398 2.8095
-9.35733 0.404071 1.30619
15.0733 -10.9173 -0.118624
2.47624 -9.82167 0.663034
-0.297272 0.825314 0.779623
-11.7404 5.83068 -0.875942
-16.1249 8.44721 -1.07836
-9.43973 1.1072 1.99483
17.09 2.10871 2.44834
-20.8801 16.002 -1.39148
-0.674428 -7.26155 1.52251
-9.42229 8.11382 0.874404
-8.73692 -0.826076 0.93797
3.33535 -2.00658 -0.460178
-23.1544 4.89799 -0.705758
6.04949 -6.66093 2.42505
-13.9579 6.08434 1.60651
19.7034 -20.5764 0.117583
-23.6257 11.0129 0.503821
-23.345 5.07944 -0.697541
-2.58682 -5.75865 0.360667
-3.28558 3.20678 1.36851
-12.3306 9.32004 -1.03038
-9.25447 -0.442976 -0.29788
3.35724 -0.533403 -0.401803
-28.0615 18.0127 -1.60687
2.86796 -7.79116 -0.350224
-14.515 4.39458 1.89186
-2.67534 -5.66113 2.10305
-10.3268 1.21318 1.09882
-26.286 7.79955 1.70919
-23.4647 11.2795 1.46863
-9.19093 5.37097 -0.843937
-5.73911 4.15125 1.92913
-17.4907 10.1752 -1.16841
-27.9318 18.1753 -0.377491
-9.67899 6.08804 -0.900147
-20.6578 8.93059 -0.121383
-7.66759 -0.118419 2.56517
-12.6705 7.41163 1.81583
25.2696 -28.2706 1.1023
-9.33374 0.390682 -0.0861595
-12.4067 8.18371 2.30119
-2.62109 2.66996 0.923736
-13.1414 10.7248 1.686
-9.03582 6.0384 1.74595
-25.7094 20.9401 -1.11336
-18.9402 13.5153 2.02596
13.3923 3.00782 2.3083
7.19086 -5.82042 2.46809
-21.0236 14.534 1.64457
-12.9411 5.12807 1.53841
-8.42524 6.6971 -0.89906
-18.216 14.2174 2.01201
-25.2706 13.1142 1.07355
-4.60669 -0.21269 -0.645949
-6.20931 5.55433 0.0675155
23.2598 5.06846 2.36606
14.6839 2.89018 2.09813
-11.5819 9.15608 2.28559
-12.7976 5.31146 1.53491
-21.1064 3.26783 -0.510836
-1.9152 -0.10381 2.05669
-17.7954 14.6058 2.00457
-1.68419 -2.88752 -0.537017
24.4308 5.32888 2.10054
-9.97075 2.89063 1.71505
41.2686 -0.61553 2.58573
-10.4212 4.27735 -0.837883
3.5454 -0.369839 0.099478
4.48169 -10.17 2.14518
2.04288 -8.92745 2.98956
-12.0652 6.22614 1.51331
2.31931 -9.26954 2.92138
0.624418 -2.99214 2.30833
-25.0834 12.8203 0.717344
-1.28864 -2.29822 -0.541161
-21.2805 3.41699 0.0793796
-18.7616 11.2462 1.63185
-24.8347 15.088 1.27343
-23.3198 11.3721 -0.678199
-16.8044 6.364 0.0451136
-1.09878 -2.28563 -0.539868
10.9486 -6.98761 2.6844
-2.14179 -6.12203 0.879909
0.671338 -7.84347 -0.3807
-10.244 1.13432 1.09637
-18.4457 7.50923 1.73371
-26.3832 20.0686 -1.38973
-3.83144 -2.37258 2.73655
18.7404 0.526237 2.61717
-22.0931 11.1227 2.00292
-3.10536 1.08772 -0.647142
6.26163 1.5882 0.715889
-11.3949 3.58084 1.71046
-15.3499 8.14868 1.72673
-26.2494 20.2326 -1.38845
-2.90124 -5.50636 1.11008
-15.0594 8.47101 -1.04379
5.20917 -13.1332 0.0587094
18.5812 4.05481 2.16567
-4.14496 3.88594 2.55728
6.02827 0.463253 2.22556
5.62284 0.39011 0.0499077
-2.15386 -3.36259 2.0613
-16.7629 9.41654 -1.08497
3.34071 -9.98188 -0.249644
-25.6548 13.9204 -1.40503
-22.1087 17.1508 1.5991
24.3911 5.04338 2.31422
-3.52932 -0.29307 -0.624498
13.2035 0.972494 2.11756
3.76354 -10.32 1.15138
-22.1844 4.12295 -0.649132
3.21545 -4.66913 2.24765
-20.8704 8.72094 1.28988
-6.11322 -2.93829 0.0721938
3.51192 -10.0951 -0.250847
-9.80163 5.33657 -0.878496
-23.6411 5.31772 1.53192
24.5241 4.87739 2.32543
-21.9422 17.3196 1.57745
-3.30777 -0.100976 -0.615065
-21.771 5.83192 -1.1302
-20.7285 8.90226 1.27438
2.67556 0.663936 -0.421448
-6.17784 1.74234 1.99083
2.47007 -7.73479 2.95181
-21.6031 11.7201 1.99014
9.95217 1.56857 2.79704
-9.97161 5.49807 1.90856
-25.6565 14.1148 1.28271
20.1765 2.86915 2.27326
-15.3001 2.25217 -0.895456
20.0818 2.73841 2.2969
8.28895 -20.2731 1.84247
-3.11281 1.45082 -0.658491
-10.3742 8.14578 -0.958154
5.34612 0.626213 0.522468
13.4173 2.30775 2.26816
1.58983 -8.68335 2.60032
-4.04235 -4.65874 -0.82777
-11.7064 3.47382 2.40995
13.9536 -10.9596 -0.133351
-25.1862 12.8726 0.538199
-23.4325 11.2618 -0.294447
1.54712 -9.06037 0.892382
-23.1869 4.91027 0.348376
-11.701 2.106 1.92839
-11.0583 9.29087 0.382181
-19.2899 11.3212 2.08109
-28.4486 17.5331 -0.378541
-10.2686 7.97208 1.81173
-6.24165 3.37924 1.86236
-0.693805 -7.26565 0.701593
-8.65073 3.56291 1.91798
-0.00314168 -7.80646 1.88748
-9.3583 0.403271 0.516956
-9.50957 0.538829 0.524011
-6.23575 5.58581 0.831
-6.23073 0.042658 2.63376
-7.87346 5.87166 1.83252
2.60653 -0.274653 -0.386928
-9.45893 0.0917077 0.974252
14.0613 2.48378 2.29467
-9.08326 -0.543872 1.28369
2.96308 -4.4661 2.24093
-25.2512 13.0963 1.24655
-9.47488 4.48158 1.94136
3.19793 -0.791574 0.195832
-5.65187 3.15737 1.79559
-6.67472 0.0774167 -0.689162
-8.05696 2.09852 2.51504
4.55446 1.20063 -0.327376
-23.3142 5.84202 -1.08245
-14.5336 8.11485 1.95334
-23.7215 6.09582 -0.427624
2.19156 -0.308556 -0.400014
-28.9936 16.913 1.0777
1.33173 -8.8839 0.841559
-29.2905 16.4203 0.677442
-20.7259 9.495 1.14234
-26.4394 20.0756 0.434482
-1.68971 -0.843906 -0.583446
-9.21519 -0.451757 1.08419
-13.235 4.10061 -0.924046
-7.60976 6.63147 1.9779
5.26525 0.342739 -0.336364
-19.431 4.272 1.7327
-5.59166 5.06887 0.50451
-9.10882 1.73754 2.00273
-3.68459 -4.87175 1.29829
-21.7759 3.80917 0.690376
5.46933 0.105243 -0.275316
-1.93857 2.1266 0.803998
-1.25843 -6.81363 0.961134
2.16005 -9.54512 1.30902
2.77791 -0.496184 -0.394798
-9.35456 0.41074 0.908349
2.80529 -10.0703 1.36343
-9.2911 0.290073 0.490439
-0.376116 -2.7906 2.28781
-9.21815 -0.451711 0.88768
-16.8105 6.36547 -0.47944
-1.45884 -0.451906 2.10167
-9.20845 4.886 1.93084
-0.848676 -4.49725 2.81354
7.37165 -6.22017 2.1737
-7.28859 -1.03195 1.99329
-17.0856 6.58337 0.994948
-7.76635 1.10384 1.79016
-15.8476 10.4488 1.76627
16.9075 -16.0818 0.0168852
-4.68739 1.39824 2.1868
-1.74805 -6.42336 0.397696
4.05963 0.907792 -0.460269
-11.6166 1.74038 1.95631
-24.8327 12.5031 -0.314613
-7.36365 3.51267 -0.792226
-19.5724 2.53709 -0.698301
13.8877 -9.35279 1.18861
-8.09826 -1.40623 0.764075
-9.36721 0.514023 2.44629
-22.3452 4.26349 0.155647
-4.55094 3.7913 1.86374
-14.6201 3.03653 1.55999
-12.1403 3.24097 2.40269
-13.7345 9.11656 1.73991
8.04674 -4.8797 1.74414
-14.5307 3.12219 1.56806
-20.8823 8.65001 -0.121911
1.61502 -8.54834 2.42248
-14.4458 3.24607 1.56196
-20.7914 8.76219 -0.121692
-2.01453 -6.20333 1.6934
-8.8724 7.66629 0.105181
-8.3202 -1.20177 1.71151
-14.7346 2.14023 -0.899553
-9.70876 0.709924 1.51145
-14.0057 6.73069 2.30308
-1.64087 -1.56566 -0.565009
12.5418 2.51932 0.810949
-1.10431 -6.53807 2.50287
-20.5246 9.10704 -0.121329
-14.0693 3.70821 1.53539
-9.32166 -0.371139 1.29781
-9.35249 0.402673 0.0947636
-15.8993 5.55712 -0.987464
23.6014 4.09724 2.5015
-0.268302 -3.9567 -0.487227
-7.14813 6.32188 2.04867
13.7904 -10.567 -0.156348
10.6064 1.77122 2.78666
-2.08829 1.50308 -0.639728
3.81025 -10.3817 -0.25994
20.0746 -14.1614 2.77987
-25.3126 14.344 -1.40053
-20.486 9.22418 1.27
3.74882 -10.1419 -0.287134
-4.94175 4.53623 0.489659
-4.27245 -4.40205 1.30052
-26.0028 20.5343 -1.18089
-19.2318 13.1959 2.03081
-1.50055 1.49915 -0.627214
7.26738 0.954332 2.31215
-7.03371 3.31882 2.04343
-16.235 5.9445 1.82921
-0.761527 -7.20458 0.676712
-1.41614 1.71804 1.11255
-7.91756 5.14865 1.80821
0.951728 -3.74664 2.33044
-20.7178 8.88365 0.699171
-0.102732 0.660457 -0.100974
0.471447 -0.450855 -0.234533
-4.1072 -3.63974 2.16831
-11.9406 1.72235 1.93851
-15.9539 6.3226 1.81093
-15.439 6.95658 1.78687
1.09646 -8.68866 1.47472
-3.45231 -4.68234 2.74284
-17.779 4.119 2.08307
1.30762 -8.85769 1.50272
-14.7699 7.84585 1.76039
-14.5647 8.11872 1.77673
0.963102 -7.55816 2.9153
-12.4225 2.70854 2.29121
-3.11169 -4.09959 2.77665
-0.374209 -6.82967 -0.419466
-17.3206 4.72268 2.00245
-14.4714 8.25595 1.75808
-5.18875 3.3557 -0.75125
-24.2028 5.75861 0.717303
21.257 -22.9933 0.160932
2.00383 -9.41456 1.57683
-2.44187 -1.58365 2.31031
-14.2639 8.43022 1.74837
-3.09607 -5.03684 2.27341
-3.50264 -0.0967357 -0.622205
0.826254 -8.46579 2.31437
15.0994 0.323675 2.42723
-14.0331 8.70569 1.74261
0.996198 -2.2346 2.04885
1.72053 -9.20582 0.49091
-4.13713 3.87784 -0.401348
-15.0599 7.46505 1.77399
-12.1923 3.09506 2.40535
-13.9001 8.90202 1.74207
-17.7978 5.16295 -1.01397
-8.6786 -0.906294 -1.23669
-0.535012 -7.44627 -0.690004
-3.62701 -0.55964 2.15159
-2.65768 2.69029 0.324081
-5.91031 3.26447 2.5176
-15.9663 6.31626 2.05039
-11.6124 2.90771 -0.869484
-28.1723 17.8429 -1.17336
-0.358797 -5.84284 -0.439142
-21.3346 10.4953 2.07015
-2.3127 0.302124 -0.611601
-10.3364 1.21097 0.521047
-3.81421 -4.81424 -0.860527
-26.8392 19.4755 -1.45782
-0.133989 -7.2872 2.37863
-20.7872 3.04861 1.51139
-28.7073 17.2074 -0.180601
20.5267 -23.1347 0.740413
0.156464 -6.33297 -0.422277
-6.53944 3.94112 -0.788529
2.08497 -3.90444 2.35021
-23.1535 4.90486 -0.920679
-11.1064 9.36367 -0.616657
-3.11371 0.0991859 -0.620823
-8.53665 6.70797 2.40717
-25.6604 21.0516 -0.109915
-2.03772 2.21064 1.55644
-7.15433 3.68545 -0.781876
-9.93518 0.88078 0.685906
24.0863 4.79229 2.59243
24.2746 -23.4431 2.60093
-2.15231 2.30906 1.5722
-7.28264 3.82234 -0.791958
-19.585 9.76841 -1.18715
23.8882 4.60068 2.56801
-8.18827 4.97784 1.8319
14.7822 -14.8104 2.76846
10.5224 0.648445 2.24372
-27.0439 19.3162 0.235343
1.75498 -1.64762 -0.47477
5.93596 0.270979 2.21503
11.6548 2.54177 2.79832
0.935636 -6.9351 2.47062
-20.0925 2.4779 -0.665201
-1.75432 -6.42068 0.830063
-11.1814 4.86193 2.40643
22.3477 3.31605 2.38475
43.1801 -42.1888 1.97665
2.3224 -9.69217 0.825506
-22.7618 4.5981 0.889998
-5.02868 4.09953 2.51551
-3.6456 2.11647 -0.686365
-17.0102 7.39355 1.56721
-6.52825 -0.602422 -0.677146
-3.9927 3.78608 2.50494
-2.5741 1.87292 -0.663784
-16.2924 5.3494 -1.14975
2.45331 -7.87017 2.94755
-21.6694 11.9253 2.00174
10.0056 1.43569 2.80622
-6.20327 5.55254 -0.0448311
-21.2583 3.4208 1.47082
-3.15729 3.09058 0.199117
-16.1711 9.96533 1.65372
-5.17607 4.72319 -0.254186
-20.1009 2.4822 1.32412
-4.48276 4.1906 1.10763
29.8631 4.06875 2.80388
-3.80151 -4.80592 0.64503
-6.05434 3.62929 1.84683
14.4892 4.00877 2.22821
-1.87506 0.648527 1.83407
-5.89803 5.28856 1.92469
-8.73046 1.74394 2.11774
38.0394 -28.955 1.54965
2.72434 -10.0067 1.99661
1.75013 -6.88704 -0.39028
0.0962099 -7.87899 1.90548
-21.7354 3.77231 -1.06291
0.907842 -6.11726 -0.414844
3.37337 -10.0161 1.70675
21.7299 3.49533 3.00087
-2.69577 2.11082 -0.673977
2.52186 -8.19303 2.95491
-21.6098 12.2405 2.00981
-2.49943 0.897951 -0.630585
9.03217 -8.32213 -0.237636
-5.34398 -2.79622 0.496322
-7.84879 -0.490911 2.57601
-18.1098 3.65916 2.11488
-9.55895 -0.109549 0.890831
18.7964 -19.6881 3.08675
-26.5188 19.9075 -1.17872
0.29717 -2.10633 -0.516956
22.1603 3.56073 2.50479
-2.16918 -5.42976 2.22875
-24.1369 5.72815 -0.73978
-1.92164 -6.28459 0.0231607
23.8639 -23.8796 2.75098
-4.93701 1.64984 2.47585
-8.9534 6.21715 2.41684
-21.9777 3.96689 0.695167
-24.7095 14.0088 1.70905
-20.6091 9.4405 1.69116
-10.8805 4.94723 -0.863062
3.08183 -0.940924 0.0526603
-9.78736 8.03354 1.64728
18.1756 -12.798 2.74837
14.0947 2.62756 2.23567
1.06824 -4.33912 -0.461101
-23.5068 11.1267 -0.70414
3.6553 -0.250317 -0.348404
-8.91275 -0.711465 -0.292807
29.0148 1.23036 1.32099
11.2598 0.86563 2.85754
-15.0517 2.48812 1.53413
14.2115 3.51143 2.26625
-19.8512 13.4426 1.4946
-1.2867 -3.96916 -0.497616
-3.96274 3.09671 -0.728718
-8.42767 0.573905 1.88694
7.32608 -6.01393 2.3991
-2.292 -2.68483 -0.549603
15.0288 0.27725 2.69344
4.71218 -2.45339 -0.429998
-23.467 11.1633 -1.25689
0.6822 -7.13294 -0.391666
-20.7723 8.77233 -0.335831
-6.4577 1.49284 -0.726045
-25.1466 6.46455 -0.933526
-26.1363 20.3909 -0.973154
-7.31326 2.90746 1.99027
-13.9774 10.2497 -1.06873
-27.15 19.1942 0.254898
1.72425 -1.47488 -0.485842
5.1916 -5.89988 2.30847
-7.14995 -0.0686859 2.58682
-2.34995 -5.94653 1.11436
19.0912 -19.3596 3.14393
-9.98138 0.921148 -1.16165
-20.5267 9.09994 -0.322787
-6.08577 1.28471 1.97755
10.1523 1.95853 2.78083
-2.50192 1.29629 -0.644604
-25.1867 12.6917 -0.555217
-11.8944 1.91418 1.93553
1.9 -1.10461 -0.49121
-19.6 2.78548 -0.466366
-8.29862 2.10729 2.50071
-5.91635 3.3714 1.78142
-7.68452 5.31893 1.57022
12.841 2.30833 2.46916
-20.7177 9.44794 1.59054
-16.6686 4.69464 1.61087
-6.50279 4.70115 1.9424
-15.8356 7.31639 1.7333
24.9932 -28.5464 2.39594
13.5397 -9.47846 -0.15263
-23.9093 5.51937 1.07523
-25.8499 13.6181 0.301041
14.2782 2.35201 2.13168
-2.35958 -5.77594 -0.504757
-6.07847 4.69366 2.48838
-4.71713 2.72919 -0.72257
7.85282 0.463452 2.7176
-1.73913 1.97367 1.79987
-1.13215 -6.92679 0.0995621
-15.5494 6.5741 2.27757
-0.239104 0.76771 0.0999492
-11.439 1.92231 2.25771
4.58864 -6.23355 2.45228
18.8734 2.56249 2.35681
-5.02467 -2.45183 -0.612385
-0.923528 -7.13857 -0.669427
-14.3109 9.40947 1.70198
0.489066 -8.20731 0.951646
-6.78314 1.45762 2.55472
6.79106 0.34156 2.19317
-13.8364 10.105 1.70019
3.08839 0.820253 -0.432147
-5.70216 1.50686 2.05415
-12.1436 9.56296 -0.886255
-8.03481 4.86338 -0.825711
-9.44296 6.84787 2.37847
1.11314 -7.60037 -0.371858
-9.81535 0.784183 1.09696
-2.57965 -5.78307 -0.295043
-4.5089 -0.0818178 -0.644587
23.3615 4.94068 2.37329
-24.7638 6.20491 0.650577
-5.7896 3.86996 -0.766792
23.6665 4.69863 2.33207
-9.26282 -0.422696 0.114879
-6.75569 0.896752 -0.703903
46.3108 -38.3302 2.25354
2.0431 -1.49247 -0.476749
-6.81338 -0.0896243 2.57544
-0.202956 -6.02269 2.18606
-12.7354 2.97936 2.22554
-15.3932 5.62406 -0.975688
-25.8916 13.7287 -0.228017
-0.804578 -7.16012 1.90329
24.095 4.09968 2.42931
-11.204 1.73395 2.20344
-6.56863 5.8226 0.268255
-15.4036 7.9963 1.72446
-2.0104 0.775205 1.82706
-6.12436 5.46817 1.92481
-7.51296 1.10262 2.5469
3.6029 0.0209555 -0.0845155
-2.42325 2.50757 0.252429
-15.3976 9.35936 1.6771
2.47482 -9.81135 1.43284
-9.54413 -0.101565 -0.302513
-5.4766 4.9646 -0.0986634
-20.4707 2.78129 1.4763
-5.29951 1.89366 2.08756
3.47589 0.49254 -0.422711
-2.34374 -5.9704 0.512406
1.32279 -8.89094 0.317131
-1.90197 1.90756 -0.650699
10.7392 1.40042 2.80663
7.43323 -6.62866 -0.29195
-18.0791 12.7319 2.05746
-16.7908 10.6918 -1.12211
-7.39239 6.4925 -0.78369
-22.3993 4.3169 0.724636
-6.99031 6.17271 1.41609
-17.1825 5.04424 1.77919
-23.5719 11.1506 1.30676
-19.1119 2.76227 1.78187
0.201533 -0.630435 0.0821421
2.87541 -10.1242 0.969974
21.8975 -15.9707 1.72466
45.7818 8.02493 2.35679
15.2364 0.701157 2.4513
-20.4303 5.11891 1.87603
-23.4845 11.1395 -0.947502
-26.9076 19.4509 -0.781678
3.25736 -4.86009 2.47027
-16.8411 4.32841 1.61787
-28.2705 15.5608 0.614062
-21.7185 5.48979 1.66342
-23.569 11.1427 1.1424
20.3353 -17.807 2.96582
-10.1107 1.24768 1.94809
-8.34652 -1.1447 0.525346
24.7325 4.60702 1.72521
-12.3977 6.3396 -0.927405
-0.23667 -7.6211 1.13048
38.7617 -39.2568 2.14626
-5.50036 2.50253 -0.733033
-16.2588 5.48279 0.276997
0.301593 -1.69974 -0.524541
-15.8968 9.86432 -1.11795
-9.10877 2.46121 1.97984
4.45127 -10.202 2.39139
-1.08346 -3.08632 -0.522479
-28.8123 17.0267 -1.40328
-1.29362 -2.10441 -0.544987
-17.0699 6.58549 0.0752386
-1.87519 -6.2589 2.28592
14.4857 2.09381 2.24209
-20.9633 3.10652 -0.701458
-23.3225 11.5601 0.494728
-15.6378 9.37202 1.69602
-7.52775 3.32692 1.98101
3.69017 -4.30566 2.15424
-21.5283 5.11358 -1.06629
12.3931 2.77971 2.81669
0.247936 -7.26407 2.30839
17.0256 -7.43154 0.662181
-17.0179 10.5927 -1.17247
-27.5302 18.6845 -0.389999
-18.3495 12.5058 2.06616
-11.1658 8.16185 -0.960464
-12.576 10.1621 2.23768
-25.7709 20.8872 -0.179042
-7.32573 4.48358 1.72208
-21.8182 17.0264 1.89037
-26.5289 19.6199 -1.54341
-6.64447 4.55647 -0.800021
-25.6794 6.94055 0.674392
-8.74171 2.11693 1.99376
-15.0725 10.3442 -1.10358
-3.36077 -5.16541 -0.107768
0.688605 -1.49534 -0.521359
13.8503 -9.94449 -0.14567
1.31887 -8.88019 0.709911
-23.8526 11.9237 1.48058
0.178115 -7.90834 2.3271
14.4186 0.97558 2.4078
-13.1944 10.6414 1.69917
-9.07797 5.93922 1.69852
7.5584 -7.11268 -0.279388
-27.0423 19.3005 -0.380061
-0.411286 -7.481 1.2911
-3.84358 -1.96682 2.23611
-20.7404 9.50165 -0.536953
-5.71315 3.64748 -0.761383
-10.2449 1.13674 1.71801
-7.84395 4.44116 -0.814215
-2.16829 -6.10597 0.266753
12.1132 2.62552 0.47691
-20.274 2.62766 1.6964
20.3111 -17.8367 3.14214
-10.1037 1.28364 2.01384
-9.47677 -0.259166 -0.682922
-1.46753 -6.66117 -0.0748778
-22.8432 16.2786 1.74563
22.0272 -15.7638 2.0894
-14.8747 2.76812 1.68744
-3.98358 -0.11162 -0.633304
11.4184 0.556627 2.75711
-9.27869 4.79696 -0.832825
-10.5403 6.7215 2.39051
-11.0791 7.95737 2.32636
-7.02044 3.32104 2.31072
-3.08623 0.0598706 2.168
-9.88602 7.48379 -0.929743
-0.121787 -7.72819 0.333645
11.2365 0.309002 2.70231
-6.84412 2.09935 -0.739452
-5.74927 5.21116 1.73836
-3.56946 3.40407 -0.695
27.6846 4.97745 2.44957
-3.25014 -4.46477 2.78435
-0.526211 -7.09009 -0.424798
-17.4963 4.49576 2.05903
-8.91958 0.699417 -0.761009
-28.2765 15.5692 1.02556
11.0794 0.104266 2.67827
-19.453 3.62565 1.72402
-20.9182 5.51545 1.88386
6.47285 -0.0296148 2.15917
-21.741 3.77353 0.491062
2.13879 -2.54972 1.97896
0.564032 -8.26324 1.30983
12.3611 1.71123 2.78182
-28.2052 17.8644 0.443056
23.4425 1.17475 0.547221
-4.45229 3.69951 2.5506
-22.156 4.12444 0.918551
-3.26936 -5.2546 -0.713451
2.80104 -7.38303 2.92982
9.15627 -4.02204 2.15197
-22.9951 17.2903 1.27339
-27.6684 18.5162 0.0353549
-5.50386 0.905223 -0.678048
-3.80448 -4.81189 0.0979751
-1.36217 -0.935024 2.09148
-26.5307 19.9338 -0.375929
-9.19501 4.43032 1.95418
-10.3375 1.21067 -0.309494
-25.6535 6.87449 -0.641234
-20.6842 5.31671 1.72863
0.86358 -3.94737 -0.471859
-22.3081 6.61975 1.73646
0.133229 -6.06321 -0.424177
13.0155 0.799182 2.09532
-22.4259 4.31845 -0.526848
3.36323 -1.25526 0.243872
-8.9067 -0.707935 0.0799439
-5.53768 3.62922 1.65189
-7.93844 2.40947 2.50599
-4.05192 1.6076 1.97061
4.73383 0.827286 -0.416098
3.13771 -0.85164 0.691036
-6.21032 2.77603 -0.745675
-11.8779 2.74494 2.40605
7.22992 -3.13694 2.39961
-17.8885 3.90117 -0.994219
-26.291 7.72377 -0.480204
-1.03527 -4.37928 2.80684
-7.4306 -0.916628 2.00103
-16.0119 10.4179 1.663
-1.1408 -4.23998 2.8047
-7.54744 -0.841045 2.01568
-7.99928 1.29 1.79569
-16.0836 10.6056 1.67724
-1.74838 -6.41834 1.6034
-9.81578 0.78208 0.381865
-16.7724 11.2081 1.75624
-17.7307 14.7357 2.00742
16.844 -20.9584 2.98805
-1.77231 -5.5978 2.20332
-20.2788 11.7378 -1.2712
8.08288 0.252105 2.77347
0.162937 -0.50385 0.841244
-6.23646 4.14016 1.61357
-3.76574 3.582 -0.100401
-9.52337 1.44378 1.84136
-4.43747 -4.25177 1.28406
-5.07623 4.65822 0.513352
-9.2261 7.26165 -0.926533
-19.3413 2.62269 -0.582417
-20.9153 8.5137 -1.22573
-25.8004 20.8067 -1.24585
-16.1188 5.63359 -0.47508
-9.35386 6.93744 2.37456
29.0358 5.03665 2.56642
1.54096 -8.65261 2.75375
-7.87606 5.14448 -0.824173
3.72684 -0.123799 0.87243
-9.21849 7.11439 2.37419
-5.76523 5.25426 2.07759
-23.5382 5.74395 0.321181
-28.6917 15.7982 0.108802
-3.9929 2.91006 -0.72114
-5.31229 4.82572 2.48249
-7.36111 2.31777 1.95904
29.3157 4.71539 2.58586
-1.7194 -3.50317 -0.522664
-23.3807 5.10285 0.684993
5.8857 0.73345 0.0562471
-3.93285 3.74485 1.68605
-4.97296 0.489638 -0.66953
-23.5626 5.59909 -1.01477
12.2781 -10.7376 -0.13876
-25.3168 6.65514 1.2899
-12.2028 2.9785 2.40183
17.3684 -12.1912 2.8049
0.29817 -3.69871 -0.485033
1.48216 -4.49037 -0.458908
-25.7431 16.3075 0.968148
14.3563 2.49012 2.15952
-24.1529 5.73585 -0.509227
-10.9766 4.90489 -0.873354
-8.39781 2.15871 2.26943
-2.69928 -2.915 -0.55579
-21.2724 14.4073 1.44886
-3.43487 0.57013 2.11098
-11.5143 9.81203 2.24248
-29.1568 16.6804 0.533457
-25.6442 6.93015 1.33141
-2.89815 2.49635 -0.688334
-5.71956 -0.386522 -0.663562
-0.846649 -4.12195 -0.48543
29.1078 1.33395 2.50553
-10.2414 8.50895 -0.967246
5.45244 0.425003 0.488602
-7.89492 -1.49432 1.51181
-1.35063 -6.76229 -0.0972955
-22.9168 16.1441 1.7546
-24.6642 9.82931 1.09779
-13.7114 10.8376 1.30368
3.79669 0.286687 -0.3866
13.6987 -9.46273 3.07454
10.5519 2.71038 -0.455912
5.5432 1.26928 1.94269
-26.1418 20.4705 0.535586
-16.4555 5.28839 1.3259
-13.7854 5.13616 2.33831
-9.71685 0.480075 2.39629
-9.41147 6.49997 2.40054
-2.34549 -5.96473 0.08287
-8.49636 -0.968435 -0.686699
-9.7775 5.15117 1.91026
-9.36689 0.152997 -1.10342
21.7436 3.9115 2.87499
-19.1519 7.79472 1.67298
9.44778 -9.88664 2.86082
-6.70291 4.51207 1.95795
0.197415 -7.17197 2.29113
-4.02204 3.79432 0.533442
-15.4876 8.82384 -1.08334
-3.34073 -5.1461 1.30395
-7.44842 1.69783 -0.742202
-2.45641 -5.86378 1.08711
-3.04754 3.01006 0.701694
-4.04055 -4.62702 -0.293809
-16.8898 2.29648 1.90387
12.5964 2.027 2.62074
-1.8315 -5.63354 2.82142
2.32626 -9.66902 2.15861
8.07635 -20.0938 1.85252
-3.30416 1.11419 -0.654645
1.69907 -7.16101 2.90931
-4.16576 -2.34665 2.74214
-26.7257 19.6952 -1.80253
-22.3963 11.1004 2.02276
-20.5915 9.0692 1.12757
-10.0741 0.983424 0.320256
-22.0695 16.6842 1.88974
-28.196 17.8557 -1.60827
-25.2375 13.0982 0.292976
8.29888 2.23925 2.11673
-8.86642 0.899301 2.5271
-20.1781 14.0252 1.98865
12.8351 3.21408 2.49098
-2.50807 2.57147 -0.105653
-2.35971 2.45398 0.242453
-2.63707 0.602705 2.15815
-9.36997 8.05855 -0.9126
-12.6759 9.39509 2.25866
13.8707 -9.42411 1.82067
-8.65803 7.55509 1.71146
-4.56535 2.85132 1.70156
-0.919932 -7.06779 1.70102
-1.5702 1.82634 0.094911
-5.29884 -2.85774 -0.289632
18.2359 -15.8419 0.0305485
-10.141 8.40845 -0.969458
14.4602 2.64102 2.07884
5.63937 0.402108 0.49634
2.64052 -9.95782 0.718216
-27.9366 18.2045 0.439525
0.817364 -0.491248 -0.367042
-8.09706 -0.915336 2.48739
-24.6667 9.83983 1.32283
-2.07711 -2.99831 2.77685
6.16994 -7.71059 2.16413
-18.9894 8.61354 -1.14303
-16.2176 5.93026 2.08629
7.27448 0.965552 2.1423
-13.4119 9.51986 1.73584
10.2587 -8.00486 -0.236767
-0.114236 -7.7315 0.521982
1.17377 -1.02245 -0.501881
-7.68094 -0.502712 2.57369
-19.4392 2.83261 -0.86164
-22.4823 10.6348 1.5504
-20.2941 2.63137 1.52695
-9.8293 5.56915 2.30141
26.7523 0.125959 2.49256
-2.89534 -5.51845 0.353304
-0.355369 -7.09724 2.36853
-7.22734 3.25812 -0.770198
-21.0522 3.25601 1.52232
-2.10274 0.302206 -0.610514
-9.19697 2.31393 1.98972
-11.9704 3.79353 2.40112
-2.64646 -4.00229 2.77771
0.504963 -8.24149 -0.228496
-26.5658 19.9601 1.25302
-9.11837 -0.504707 2.00983
-25.2201 13.0857 0.540628
-5.16433 1.81031 2.0995
3.69282 0.48035 -0.409667
-26.3447 20.2233 0.569699
-16.6347 5.04928 1.28427
-18.6819 2.65498 -1.13988
-20.973 3.11221 -0.24082
-2.93227 -5.34337 -0.527856
7.34133 0.060178 2.82621
-2.37675 2.48495 1.70859
-1.69429 -6.48292 0.0888824
-3.37496 -5.16188 -0.855868
11.628 3.06379 0.602006
-24.6668 14.9314 -1.40382
-22.652 6.27114 1.60662
-18.6567 13.7042 2.02145
3.57 -2.02746 1.98887
-23.0786 4.88474 1.90863
-20.1956 8.51175 1.63486
-9.74101 0.743432 0.843255
-20.1369 8.70621 1.63655
-7.2992 -0.327002 1.92733
-25.1019 13.531 1.68807
-0.977215 -6.50646 2.85681
-23.3253 11.5641 1.94291
-4.34698 4.01188 -0.754601
-5.89433 3.91922 2.5204
-4.59248 2.00924 -0.676588
-7.44237 -0.847137 -0.681749
-0.683067 -7.28729 0.0791452
-23.2778 12.535 1.97257
-12.8086 5.74933 1.73667
5.48484 -4.59658 2.93023
-0.375344 -4.90005 2.82726
-22.7254 13.2456 1.96253
-3.32332 -5.12618 -0.510608
15.0182 -10.768 0.802081
-14.9847 9.27048 -1.04285
0.808831 -0.421019 -0.306778
-18.0431 11.2722 1.58711
-20.4641 5.12598 1.7074
0.941879 -3.81563 -0.474665
-4.75971 -3.2866 0.0943869
-1.92101 -6.28204 0.453822
8.5229 -9.55231 -0.230117
3.98057 0.863707 -0.40637
4.13273 0.24977 -0.399097
-28.9569 16.8785 -0.816539
-9.20576 -0.451115 1.90467
0.394925 -8.14905 -0.103106
-8.10747 5.13448 1.68826
-10.5968 3.94001 2.43855
-12.7166 9.16773 2.27613
-7.32308 2.69778 -0.758196
-9.06411 1.07827 1.86578
-21.1967 15.1247 1.94288
-4.66651 4.33974 1.44564
-13.9539 7.37965 -0.972031
-2.46063 2.53824 0.694421
1.54108 -9.07174 -0.107427
-3.17908 -4.96351 2.29221
-8.31065 1.88426 2.5171
-25.347 6.67717 1.14879
-7.37891 6.50651 -0.181915
-22.3786 4.31291 1.28553
-4.26687 -4.41842 0.652948
14.1869 3.69067 2.26939
-5.02147 4.61722 1.10003
-4.35379 -4.35341 0.705781
-6.95294 3.95663 2.2868
-10.9579 8.55048 2.31563
1.42309 -8.76059 3.18747
-12.1748 4.70061 1.6122
-13.5237 3.87587 -0.937462
-2.09711 -1.10264 -0.585171
0.334979 -6.46779 2.22402
-15.5254 6.29246 2.28346
-0.0798155 -2.72483 -0.518185
-15.6455 6.82137 -1.03094
24.244 3.1884 0.858243
-25.371 6.68769 0.654317
-6.40041 4.27425 -0.79215
-9.69737 5.64057 2.42024
14.1446 -11.2784 2.69628
-2.92301 2.86034 -0.676349
-2.2062 2.33811 1.43815
-11.3578 8.53172 -0.977661
-12.6602 10.4594 2.19373
-25.979 7.19186 1.35129
-11.0096 9.33907 -0.0726224
-4.67855 3.88856 1.85467
0.794313 -6.81872 2.23142
-4.3592 -4.38018 -0.866163
7.13696 -3.88616 2.43885
-6.56578 -0.261859 -0.678705
12.5673 2.71727 0.850163
-1.25442 -6.1904 2.84003
0.535986 -7.83973 2.86902
-23.673 11.9168 1.97737
24.4068 5.03595 1.85945
-24.7349 12.6034 0.867298
-28.6701 17.3061 0.853507
-10.8786 8.88968 -0.530209
-10.7589 9.05406 -0.677098
-28.0647 18.0149 -0.179956
-2.50777 2.50123 -0.670126
-24.0601 13.2059 -1.37325
-28.0974 17.9124 -1.38598
-7.63391 4.1122 1.8702
-7.31447 0.507361 2.55723
-4.3943 4.13045 2.284
-3.23366 -3.38763 2.76224
-0.540207 -6.07359 -0.43514
-28.018 18.0227 -1.40323
-7.42758 4.32901 1.84294
-5.5633 2.84447 1.88615
5.32819 0.905691 0.417211
-23.5389 5.72547 -0.391613
-29.2389 16.3347 -1.11721
-25.9355 20.617 -1.37849
-15.002 8.62506 1.71937
-26.0812 20.4959 -0.367664
-12.4996 8.5176 -1.00827
15.8272 3.50222 2.4028
-8.08781 1.25726 2.56197
-5.63226 2.50449 1.9
-4.11338 3.84705 -0.706713
1.70294 -9.19341 0.273741
-15.3141 7.89265 1.71267
-6.09998 5.29769 1.93683
-2.82216 -5.61817 -0.672062
2.24372 -9.62097 2.41059
20.532 3.82549 2.32973
5.91644 1.28699 1.98505
-1.10097 -6.72304 -0.455681
-28.9466 16.8718 -0.991917
-11.348 3.29131 2.40947
10.5475 2.57169 -0.454321
45.998 5.56626 2.49678
-0.317606 -7.37527 -0.399982
-27.0763 19.3227 1.25436
-4.82026 4.47471 2.36384
-25.1107 14.4337 -1.39427
-5.31502 1.94144 2.25326
-8.0957 4.5616 -0.809553
-9.36449 6.5211 2.39513
-2.34136 -5.96099 0.27132
-5.95826 3.81959 -0.772832
-15.2897 6.33406 -0.999799
-8.83851 3.31662 -0.803029
-11.0493 9.28117 -0.103049
-5.79889 -0.0532756 -0.67127
-28.6255 17.4167 1.0149
-4.13138 -4.12819 2.64563
-25.6645 21.0556 0.66226
0.814306 -8.47656 0.503204
-17.8088 3.38225 -0.97965
9.31074 -4.10637 2.30164
-0.236092 -4.58762 -0.472558
-15.8815 5.08446 -0.993037
-9.35365 -0.369348 -0.50754
-11.6011 3.2861 -0.875783
-13.0158 5.20611 2.33627
-20.2315 10.0278 2.10092
-3.29076 -1.55476 -0.586386
-0.244614 0.765729 0.254873
-13.0515 7.6593 1.77576
0.65011 -8.34028 0.48601
-5.01215 4.59702 -0.520308
-9.27029 1.25132 1.86155
-4.47705 -4.23782 1.91665
-14.9633 3.84659 -0.933368
-7.74711 0.0359657 1.91644
7.59265 -3.85284 2.41415
-0.713576 -6.84507 2.50258
-6.12206 -0.225423 -0.671453
-3.27375 2.68756 -0.697017
-18.8536 10.8385 -1.15471
-3.02387 2.98829 0.678507
3.50109 -0.80798 0.697581
45.8613 7.56775 2.14241
0.963558 -8.56762 2.41861
-8.65278 -0.0793457 -0.736107
5.14653 0.277078 1.69217
29.2392 4.65345 2.59748
-8.66592 -0.89266 0.516173
12.8695 2.281 2.27397
-10.7034 7.25124 -0.933537
-20.0989 2.47909 1.32247
-2.50162 -4.22571 2.78474
-10.2517 1.13884 1.28882
-3.34933 3.24201 0.185967
-16.2492 10.0824 1.66478
13.1334 -11.3134 -0.134799
-5.30403 4.822 -0.292323
-20.3026 2.63982 1.31748
-5.87395 2.2984 2.04524
2.92864 0.0687101 -0.403234
-2.8974 -5.5284 0.504465
-11.3866 6.91826 2.36354
-9.98585 5.05452 -0.83855
-14.4393 2.41128 1.7291
46.3565 -38.26 2.63373
-20.9968 8.55282 1.27965
44.2654 -40.7973 3.0299
-25.7107 13.7472 -1.40344
3.2278 -1.14799 -0.11841
-9.37611 0.179157 0.6667
0.484308 -4.7123 -0.459786
-14.9452 3.69571 -0.930081
22.2719 3.44351 2.71724
-14.4469 3.64332 1.84305
-22.5785 12.9767 1.94369
-27.4212 18.8394 0.417397
-0.901949 -6.48918 2.30272
-7.91401 3.89428 -0.802828
-21.6921 3.76428 1.50395
-16.2052 2.20243 2.3262
-11.2895 3.70443 -0.852514
-10.3207 6.89643 1.61461
0.679469 -3.08412 -0.492469
-4.5049 1.29554 2.31003
-1.57668 -6.57032 0.244795
6.31049 -5.89192 2.67904
-8.34185 -1.20857 1.52777
-9.686 0.698949 1.69153
-6.82013 5.18998 -0.829283
-8.20372 7.16613 2.29356
0.313804 -3.2791 -0.494909
7.93947 -10.1345 2.28035
-5.1367 -2.94712 1.08575
-9.93311 0.891087 1.70608
-7.18766 3.50983 2.08267
24.729 4.6273 1.27983
-0.230984 -7.62924 0.701321
1.55244 -9.06931 1.01084
-23.2819 6.1358 1.64408
-9.19242 6.56889 -0.896699
-22.9654 6.50672 1.62991
-27.6663 18.4748 -0.983265
-20.5455 9.10527 0.915583
-9.20754 1.16716 2.08462
-15.9294 8.42663 -1.08321
-8.6082 5.28729 -0.84936
-9.96663 7.2988 2.36231
-25.3848 6.69124 -0.141611
-4.74952 1.78076 1.95683
4.10235 0.69241 -0.423376
-2.81393 2.81778 0.323676
-6.12243 3.39578 2.52146
8.74766 -7.50116 -0.258243
-6.19804 5.54726 1.3144
-8.59178 4.25856 1.95449
-1.76076 -6.12627 -0.485475
14.5887 3.97273 1.9026
24.1372 -23.5881 2.65071
-2.36486 2.47863 1.53294
-1.69078 -6.4833 0.270123
-24.8133 13.883 1.57994
-27.5605 16.563 -1.50543
-10.2543 1.14057 0.89766
-16.7594 4.52662 1.61471
-26.714 19.6879 -0.781291
14.7615 3.79368 1.90219
-16.4443 5.29313 1.15184
-5.82229 3.54857 2.52068
-26.0956 20.4981 0.440323
-16.3444 5.39944 1.124
-3.54376 -4.89446 2.26542
-4.04084 -4.62638 -0.107388
46.0764 7.57685 1.60426
-1.84835 -3.45787 -0.52487
22.0261 3.68571 2.49127
-23.6257 6.02428 -0.517184
-16.1155 5.72853 1.11028
1.81243 -5.51704 -0.427423
-7.5476 6.5939 -0.496018
-4.71512 -4.10422 -0.112275
-20.8712 8.72147 1.47787
-4.23581 3.9836 0.69498
8.32648 0.0879093 2.66252
-10.8854 5.60727 1.89517
-8.08893 2.87675 1.95801
-14.763 10.3306 -1.08843
-22.1299 4.12108 1.67924
-7.88457 -0.108534 2.55982
1.47925 -0.494448 -0.50307
-9.01995 -0.608945 1.50646
3.52254 -4.92223 2.25775
-20.6869 8.94315 1.47192
-16.1481 6.08876 2.072
21.3807 -16.38 3.35349
-11.8357 2.69642 -0.881022
-5.31784 -2.72532 -0.657903
24.0184 2.71335 0.737147
-2.49673 0.0912182 -0.613856
4.39943 0.359802 -0.396862
-23.3266 11.5639 1.727
-3.2273 3.12425 2.51226
-1.89801 1.10184 -0.625089
-5.06759 -3.04255 -0.112352
-5.45553 1.15615 2.02442
-15.6424 5.86999 2.27737
8.04996 -20.0845 1.65121
-7.45118 5.72149 -0.847678
21.0901 4.35363 2.82963
-23.817 11.9879 1.82107
19.1091 -8.2157 1.85989
-4.44932 3.25411 -0.740293
-5.75054 5.17067 2.45897
-22.4153 4.32293 0.534621
-2.47232 2.54723 0.900252
-11.2678 4.66832 2.40716
-1.10678 -6.91446 2.29504
5.40093 -6.62818 2.48181
-9.21772 -0.451811 1.72269
-8.02853 3.37079 -0.792509
8.58413 0.0944394 2.34169
-27.7948 18.3545 -0.173394
-9.35311 0.241003 1.46145
6.02342 0.225055 2.18068
2.08231 -9.47984 2.07139
43.6308 -41.6298 1.79896
12.2186 2.19497 2.80646
-11.3142 1.82182 2.03444
-28.5898 17.3503 -0.383229
-19.3739 11.132 2.079
24.5403 4.77556 1.92136
-16.6344 10.9183 -1.16364
-0.90088 1.28952 0.496234
-2.72479 2.75114 0.779283
-10.2426 3.10753 -0.842393
-17.0456 2.431 1.90788
1.42569 -8.95092 2.05884
5.00011 0.171732 1.9311
-15.215 5.2874 -0.973098
7.31763 -7.20948 -0.274026
-0.702337 -7.24664 1.29905
-7.88191 -1.08552 2.49759
-14.7527 9.23374 -1.04452
17.3052 -21.591 2.8818
-19.9276 12.3167 -1.28076
-7.78456 -1.59779 1.49514
6.89788 -5.32591 -0.32787
-22.6895 15.9523 1.90466
-21.2639 4.91401 -1.05103
-3.6448 3.07259 -0.720763
3.7066 -0.102098 1.08897
-7.29752 3.1036 1.97881
-14.0184 9.85612 1.70273
7.19888 -5.64404 -0.321204
-22.4228 16.2065 1.88973
-0.83299 -7.17293 -0.0803679
-20.8799 3.09929 1.83817
1.24794 -2.7075 -0.486892
-20.2466 4.15844 1.67371
-2.72327 -5.66383 0.0670393
0.358485 -6.36426 -0.41781
-27.4703 14.9026 0.414137
3.4687 -0.485952 -0.38987
-21.9191 16.8897 1.89009
-4.29656 -4.431 -0.827865
-12.9904 4.16481 -0.907511
-1.37965 -0.820623 -0.580586
3.38419 -0.562913 0.333834
7.30498 -3.83186 2.41498
-15.2061 2.0674 2.37549
12.6269 2.73881 0.828225
24.5277 4.87955 1.70814
0.0853985 -6.24412 2.86984
5.44003 0.423003 0.340105
11.5326 0.670852 2.31137
15.9615 3.5319 2.4232
-22.1008 15.9774 1.86382
5.28874 0.0984801 0.3604
-22.3832 4.31299 1.46546
-7.37272 6.5036 -0.0795074
-11.9676 3.91423 2.4077
-18.3575 2.31804 -0.952589
14.5506 3.93167 1.76864
16.9373 -13.8653 -0.0266788
-16.5556 5.14711 1.27478
1.53677 -9.05869 0.496722
1.66403 -4.53744 -0.445266
8.23974 2.1719 2.15512
-29.2645 16.4342 0.416813
1.31573 -8.8786 0.504522
3.81809 -0.0673308 -0.373574
-8.70633 -0.880574 -0.287425
-14.5449 6.91135 2.2833
-9.03071 0.306475 -0.76789
-5.61305 2.16999 2.18488
-12.363 9.46465 -1.02242
-2.69567 -5.69402 0.310508
-2.88654 -1.29518 -0.586459
0.992081 -8.62406 0.532742
-4.3745 1.19384 2.35633
-7.138 3.88605 -0.784528
-1.46804 -6.66076 0.24937
6.46347 -5.70498 2.65057
-8.71276 7.5464 0.184429
-9.50619 0.543836 1.70471
-25.0489 6.44217 0.898596
13.3132 -9.96353 3.10792
4.97547 0.782074 1.88725
-20.6678 2.93637 1.68952
0.811909 -1.57469 -0.51707
-28.3268 17.6359 -1.28591
-24.2569 12.9665 -1.32536
-22.3294 4.30021 1.69615
-15.5552 6.84083 2.10303
-0.459962 -7.45313 0.208002
-6.21096 3.08694 -0.760131
-8.92726 1.30717 2.51339
-6.47528 5.34862 1.78855
-24.1694 5.74075 0.102133
5.80585 1.63538 1.92546
4.13606 0.512244 -0.402833
7.74272 0.550813 2.34887
-6.58441 4.45914 2.12221
-9.19071 7.11458 -0.916018
-3.66583 3.53001 1.4067
-3.0284 -5.42567 0.31468
-22.7996 16.2721 1.40446
-15.7481 3.8962 -0.978964
14.9363 3.64272 0.912374
5.61827 0.379294 -0.0977353
-0.81818 -7.1556 1.30101
-7.08637 2.5049 1.98778
-16.5069 6.1383 0.937727
-0.750541 -6.76524 2.3681
-22.8258 16.287 1.40493
-0.261268 -2.76363 -0.5176
-9.48221 -0.26104 -0.310666
-23.0554 6.21924 -1.15042
-3.99644 1.57762 1.98421
4.87639 0.826868 -0.365585
2.37461 -0.197052 -0.379969
1.71777 -9.19614 1.28773
-14.2715 4.71686 2.32677
-14.8434 4.80376 2.31225
3.06442 -0.0732718 -0.389453
0.119946 -7.89848 2.06585
-16.0253 6.23862 2.23775
-0.880084 1.29356 1.62042
19.995 -8.92482 1.02759
-0.180635 -7.67736 0.198724
-11.2887 9.41286 2.27543
-1.57928 1.82642 -0.500859
24.8502 -19.8106 0.180909
-24.9495 13.7347 1.42758
-1.36423 -0.331909 2.00506
8.2088 -8.36135 -0.261804
-13.2778 9.68961 2.00738
-9.24054 5.0824 2.04815
-13.0915 6.9728 -0.961737
-0.984995 -7.02682 1.12397
-22.4827 16.6792 1.72551
-15.0425 4.114 -0.942145
25.1794 -18.489 3.01084
3.51073 0.331078 -0.407555
5.33608 0.411943 -0.243925
-7.59237 6.63543 1.88181
-4.87743 4.08179 -0.773218
-6.22275 -2.86744 -0.303741
-8.36598 -0.443409 2.5929
-23.6744 5.3186 -0.274784
-17.2309 3.70178 -0.973482
-25.2134 12.9965 -0.941901
-1.57547 -5.87043 -0.477726
-19.5166 2.5298 -0.282889
-26.3988 20.0835 -0.578786
-9.0754 4.56885 1.9424
-24.1587 5.73865 -0.281729
-5.49671 4.54591 -0.78663
-21.9822 17.2764 1.41386
24.4764 4.86352 2.48038
8.91077 -6.37779 -0.277258
-9.54651 -0.0908449 0.486699
-26.177 20.3629 -0.533236
-15.4406 11.6028 1.44153
-8.92585 5.42633 1.80531
1.88501 -7.11079 -0.385074
-19.607 8.4089 1.8586
-4.04568 3.84508 1.16945
-3.36446 -5.14151 0.704302
3.80177 -10.3643 0.280554
-29.1222 16.7219 0.834858
10.0778 -6.82027 -0.264549
-14.0434 10.8915 -1.07357
-7.28338 3.50283 1.98391
5.30678 0.533615 1.29172
-0.323803 -7.55732 0.706478
-11.0422 1.59832 2.06938
1.42641 -8.95613 1.45538
-5.43768 -2.72385 0.101228
14.0758 2.15075 2.12194
1.08802 -4.77137 -0.454183
-18.2046 12.3274 1.91427
-25.8608 13.8213 -0.511737
-26.2866 7.44993 1.70333
11.9849 2.46089 2.19181
-8.51727 1.11494 2.55829
-3.70145 3.54036 1.07925
-3.0268 -5.41843 0.690771
-3.25141 -5.23411 0.694841
11.9247 2.35237 2.14854
-0.557058 -6.97158 2.6815
-6.22478 5.55539 -0.169203
-21.2773 3.42653 1.27971
-9.2695 -0.432841 -0.106047
-3.09772 -5.35575 0.67452
-7.57597 6.57888 -0.398288
5.2652 0.537877 2.04323
6.5045 1.13666 0.542807
-16.513 6.13966 1.09832
-4.74004 2.31541 -0.705851
-6.09335 4.30767 2.50373
0.0800418 0.541592 0.802558
-28.7196 17.2092 0.0296008
-23.1966 5.66034 -1.15068
3.38475 -0.652858 0.165788
-5.51136 3.04769 1.79594
-9.47468 7.77676 1.67039
-7.89044 1.8938 2.51984
-23.4085 5.10783 -0.52721
3.70985 -0.108352 0.49065
-24.0081 12.0863 1.67568
7.95715 -4.81457 2.39799
-1.57554 -3.88514 -0.509424
-13.9997 4.21134 -0.914085
2.0666 -9.50718 -0.115078
-2.0315 2.18505 -0.491957
-3.07369 2.21931 2.62967
-1.69102 0.274065 -0.598618
-23.7016 16.6934 -1.39687
-8.10419 7.07865 0.273179
-5.05925 -3.80107 -0.110133
-13.0331 3.3044 -0.896875
-11.8613 6.47952 1.50717
0.314249 -8.12311 -0.733638
-22.6923 10.905 1.56959
1.4472 -0.950063 -0.499302
-2.69856 -5.69032 -0.110517
-9.39324 -0.344834 -0.91369
1.54059 -6.34699 -0.40073
-3.66146 -4.8881 1.72239
-17.2026 4.76314 -0.999057
8.07281 -3.8491 2.30225
-1.50975 -4.83461 -0.47014
-9.20943 5.07032 2.26808
-8.72484 0.0807409 -0.742259
-24.9317 13.7203 1.73696
-2.37847 -4.84319 2.79892
-23.2916 11.3777 -1.09422
-28.7234 17.1838 -0.0807685
-0.224008 0.747184 0.0767024
-15.5333 6.43488 2.29171
-7.58114 1.46195 -0.749503
-3.81035 -4.33733 2.25628
-23.8234 15.0878 1.75814
1.44986 -7.54122 -0.3709
-5.01842 4.60685 1.30746
10.0452 -6.70971 -0.271037
-4.35973 -4.35989 0.496706
-14.1907 10.7008 -1.08214
-12.2649 2.0912 1.92562
12.864 -8.45904 2.60698
-3.23194 3.17533 1.72081
-2.57591 -5.78739 0.0804091
-4.2699 0.0966923 -0.64709
12.1157 2.29463 2.81586
0.805263 -6.24541 -0.413503
1.90251 -9.33919 2.09241
-2.04514 -6.22696 -0.538341
8.44571 -7.4487 -0.261049
-8.97867 4.1464 1.96257
0.511457 -3.30271 -0.495489
-7.16331 -2.10918 1.0464
13.0482 -8.67865 2.92748
3.44751 0.18942 -1.17776
-9.08867 3.50753 -0.828139
12.8501 2.36792 2.77954
-5.59013 5.05913 0.224822
-22.5837 16.5385 1.74566
-10.4284 7.73484 1.46777
1.07713 -6.37633 -0.411682
2.20074 -9.56851 2.07407
2.05772 -9.45009 -0.404581
24.5084 3.48641 0.254959
-10.0857 8.69235 -0.260402
-5.92816 1.89177 -0.720196
3.51694 -10.136 1.11791
-4.36586 -4.36631 -0.108359
-25.9424 7.11345 -0.690664
0.688085 -4.26765 -0.467189
5.27666 0.715658 -0.484023
-3.96834 1.30541 -0.668094
-13.7823 8.72809 2.15629
24.3986 5.01415 2.04757
-8.46239 4.43566 1.97978
-20.9426 8.51896 -0.884398
-10.987 9.36157 0.103368
0.916642 -3.67542 -0.476338
-12.4972 7.74757 -0.979822
-23.4737 11.2783 1.12813
-22.6265 4.50312 1.72197
-0.161397 -7.66837 2.38024
-25.2431 13.099 -0.669466
-16.1138 6.91172 1.74206
-1.42572 -1.72541 2.23917
-9.20614 3.74755 1.8409
14.3584 3.22222 2.27812
-6.3984 -0.216027 2.62296
-23.3069 11.378 -0.931978
-1.90155 2.09037 0.894444
1.11906 -8.72581 0.355279
-16.2573 5.92887 0.705156
-27.6388 18.4854 -1.58873
-2.68749 -5.67096 1.30665
12.4176 2.6654 2.81658
5.60312 0.19604 0.379166
12.0336 3.01327 0.92497
-9.02343 -0.60963 1.09062
-13.1538 4.70335 -0.931641
-1.57324 -0.280083 -0.590854
-0.68881 -7.27795 0.244401
-11.7383 9.75568 2.26223
5.94932 0.825507 0.0417365
1.54775 -2.60275 2.09528
2.29725 -9.68099 0.501044
4.26288 -10.7131 2.26654
-1.28952 -2.68091 -0.533796
-10.5635 8.14308 2.30622
1.55745 -9.05636 2.14134
-23.6422 5.31137 0.913616
-9.55605 -0.0950948 -0.092091
2.49075 -9.82321 1.1373
5.63287 0.29239 -0.257415
12.1548 -11.4139 2.80475
-23.909 5.52564 0.925229
14.9001 3.67401 1.91812
-26.0222 20.6169 0.403238
-16.2737 5.50252 1.12212
-10.8052 8.4319 1.446
-23.0055 6.06824 -0.992353
-4.40641 0.904847 -0.670425
7.40601 -4.13022 2.6488
-0.895283 -6.58643 2.35214
-25.1545 12.8587 -0.319965
-5.61195 3.51814 -0.766671
5.99436 -6.29428 2.55386
-10.0571 0.991118 1.68427
-2.69148 2.74379 1.54242
-7.76513 4.31174 -0.808273
-2.02561 -6.22367 0.276557
-27.7851 18.3207 -1.80701
-7.78309 -1.59784 1.10508
-28.6872 17.1961 -1.23121
-9.28308 0.289898 -0.303067
-8.17949 3.34019 1.96307
-17.0079 11.3648 1.90364
23.8837 4.60172 2.7135
-0.893845 -1.50043 -0.551127
-20.5992 9.0551 1.26686
-10.0709 0.985026 0.50821
-0.513137 0.982406 0.287285
-11.0132 9.34057 0.497312
-20.9555 8.53086 -0.325265
-20.4796 9.20629 0.938978
-22.4111 4.31307 0.334934
-3.7068 0.19204 2.1667
-11.7548 9.57242 2.24391
-10.4102 7.51913 -0.932144
1.70803 -9.20016 0.0955516
-3.79377 -0.150491 2.1399
-2.22168 -6.04315 1.44899
4.61197 1.05997 0.0938686
-19.5426 2.92113 -0.89089
1.3757 -6.21963 2.13506
-19.8035 14.1847 -1.32718
-17.1551 11.4618 1.91957
-10.2589 1.14556 0.520708
-0.182305 -7.66533 1.76818
-0.848348 1.25117 0.0988355
24.6866 4.7351 2.33829
-21.8313 17.4705 1.56086
-7.93192 1.23004 1.77924
-16.0445 10.5824 1.67407
-9.10976 -0.529969 0.945418
-0.999763 -7.00331 1.57773
0.119934 -7.90772 1.30205
11.8987 2.10188 2.83457
-9.97097 3.69387 -0.83344
-5.53177 5.01438 2.48258
-4.16606 3.11206 -0.729567
1.50433 -6.53477 2.88854
-4.31577 -2.8839 2.73985
18.1557 1.08661 2.69631
-4.04903 -2.26311 2.74118
-22.2619 11.2043 2.01699
-3.27435 1.15004 -0.651772
-13.7334 10.5753 -1.08219
-6.9575 3.21424 2.01456
-4.02975 -4.61743 0.525703
-1.88919 -1.29369 -0.574643
-1.43929 -6.26685 2.4424
-22.1529 4.13198 1.47308
-7.45788 -1.85434 1.10583
0.601182 -7.52619 2.32572
-1.73641 -0.0877559 -0.602231
7.04656 -5.96907 -0.310325
-5.58887 5.06552 0.32303
-16.5162 5.12431 -0.771869
-11.4273 3.61978 1.55882
-17.0627 6.55347 -0.805084
-12.9642 1.92028 -0.873969
-23.8886 5.51078 1.28256
3.72373 -0.11634 1.28969
-1.8088 -0.761312 2.3189
-10.7346 1.38184 -0.712142
-13.6974 9.21241 1.74192
-18.2036 3.67826 -1.00815
-8.896 1.09754 -0.7625
-3.09216 0.493341 -0.630749
-25.9988 20.6325 0.228311
-16.2658 5.50216 0.920973
24.9945 4.17853 0.421264
9.67205 2.46328 2.77081
-2.89329 0.896261 -0.641138
15.0195 3.37564 2.0706
-16.1128 5.71194 0.910236
18.8895 -7.91627 0.39972
-9.5207 0.523362 -0.680651
-23.6703 11.0216 1.47246
-4.59198 4.27739 1.44001
-3.92773 -4.70466 0.342672
-10.8026 6.38652 2.39971
46.0874 7.46359 1.6325
-1.89392 -3.37068 -0.529304
11.8502 2.83436 0.2916
-0.698731 -3.67162 -0.497307
-7.07899 1.47534 2.55424
-4.79362 2.60116 1.87457
-11.145 8.81124 1.41147
-4.50365 -3.42637 2.74306
-20.5106 11.2924 1.32023
-6.52484 4.53546 2.29882
-14.8008 3.91431 -0.917079
20.6532 1.12533 2.45739
-16.1856 5.90361 2.24177
-9.51944 5.90772 2.41682
-0.245055 -7.59925 2.11281
-12.123 2.47179 1.94276
-5.88459 1.54637 2.03776
-26.8013 19.6182 -0.0886826
-8.14257 2.10748 -0.76549
-22.1522 4.12448 1.82379
1.09147 -4.90681 -0.438781
13.9913 2.07448 2.09626
24.2994 3.29248 0.117091
-25.3507 6.68505 1.4786
0.529571 -8.25732 0.083636
-5.93891 5.04506 -0.804679
-1.35063 1.64959 -0.29963
-15.8547 3.57367 -0.94144
-18.7931 11.2663 1.36625
-5.14638 -2.35613 -0.619612
-1.12341 -6.97135 -0.674471
-23.8121 15.0843 1.59014
-6.72673 5.9503 -0.817285
17.3877 -21.5278 1.97742
-19.5989 8.40036 1.72529
46.5499 0.308604 1.87735
-8.59972 0.112053 2.5768
-10.2698 5.88312 1.92882
-2.62868 -5.77253 -0.656085
-10.1799 1.06677 -0.491898
-7.17468 0.620536 1.77283
-15.247 9.91954 1.69263
-26.1325 20.4053 -1.04175
-16.3753 5.31561 -0.27285
-24.5619 12.558 1.55619
14.8498 3.09566 2.06753
2.02034 -6.52624 2.89484
-3.85903 -2.87388 2.73927
-1.05432 -5.67735 -0.445382
-20.8464 8.63572 -1.0871
-5.91508 5.30306 2.03327
-23.567 5.73755 0.323395
1.66359 -8.80096 2.483
-21.7917 3.80607 -0.0933943
-16.772 2.33347 2.30937
2.76908 -10.0845 0.525789
-9.06477 2.16845 1.99181
-18.9038 8.37877 -1.12276
-7.40635 2.49828 -0.759342
-4.23373 3.97026 -0.0581732
-28.996 16.8817 0.663247
2.90148 -9.72106 2.93874
6.98589 -5.00389 2.94385
-23.3403 5.0779 0.925006
-1.56362 1.83798 1.55504
-0.919628 -7.0925 0.259635
-13.3762 4.50914 2.35171
1.54824 -9.05107 1.87082
6.73672 -5.3921 2.63144
-23.6344 5.31033 0.69338
-3.11283 -5.32537 1.5306
-4.7743 3.02478 1.70571
42.5924 0.103286 2.55729
-26.4305 20.1162 1.05525
0.663844 -8.32629 -0.319289
-8.91282 -0.311305 2.10499
-6.54374 5.8049 -0.354917
-21.4926 3.59548 1.09192
0.0920142 -7.89714 0.312746
0.337477 -3.48259 -0.490047
-10.1612 1.12742 -0.804459
-9.39748 0.473169 1.20268
-1.55451 -4.89996 2.80901
-19.901 8.67503 2.01993
-17.4322 3.07919 2.30287
-6.53124 -1.2998 2.65491
-27.5066 14.9149 -0.93325
-8.31342 1.10568 -0.762689
-11.6017 2.53022 2.42086
0.870347 -8.58054 -0.520475
-22.5982 4.49048 1.14458
-8.83682 1.11598 2.5256
-15.2064 7.2786 2.03238
-18.0994 3.65879 2.28449
-8.92207 1.68975 -0.77247
-12.536 7.71342 1.87833
-9.56059 -0.111495 0.708204
-12.6543 3.00569 2.40961
-12.0987 3.11259 2.38969
22.0541 -15.7228 2.32241
1.29393 -7.85516 2.92452
0.507582 0.181852 -0.193069
1.10536 -6.08076 -0.410758
14.2708 -8.88415 -0.158744
-23.1163 4.89276 1.10966
-4.42647 2.08431 2.61452
-11.1391 9.32659 -0.575658
-9.25916 0.695578 2.51491
-24.743 6.19971 1.27828
-4.5778 4.25672 1.0112
-11.0153 7.65892 1.65966
-4.36637 2.9802 -0.724991
-11.1373 5.51932 -0.889052
-6.06773 3.9842 1.61258
23.7959 3.97621 2.29635
-1.78908 1.99859 0.105083
-1.11002 -6.914 1.69782
2.77927 -10.0602 1.13786
-9.28435 0.286431 0.293716
-12.1893 4.09712 2.38278
-7.39835 6.53994 0.834689
27.0648 -31.3702 1.29047
-20.1042 2.47629 0.887482
-19.4875 2.76972 -0.51492
5.46732 -5.55113 2.30162
-0.0436086 -7.78952 -0.577827
-6.81685 -0.320027 2.60716
3.51537 -5.06954 2.51686
-10.0725 0.987008 0.88503
2.08524 -1.09092 -0.485166
-2.68051 2.71402 0.689695
-2.0257 -6.20721 1.09197
-1.8648 2.06366 0.515077
-18.8319 13.6131 2.02327
1.12572 -8.73255 0.0809009
5.546 -7.10508 2.46682
-14.5872 6.57751 1.5898
23.8999 0.821615 0.682007
-2.60473 2.08487 -0.675981
10.0223 1.32841 2.80671
2.53284 -8.06446 2.95373
-16.2275 5.46774 -1.14249
-21.7315 12.1339 2.01417
-9.35482 0.167122 0.0860679
3.84311 -2.34816 0.247492
-4.45211 -4.28508 0.100864
-6.02206 1.54865 -0.71937
-23.4634 11.2777 0.904292
-26.3632 7.7081 1.26153
7.96594 0.363555 2.46141
-26.3119 7.80638 1.37489
-0.500289 -2.77763 -0.520677
9.21486 0.0880525 2.33685
-16.2592 5.93129 0.0711504
-12.95 4.72036 -0.919394
-5.59829 1.50871 -0.704685
-6.90781 3.50012 2.50721
46.1956 6.51135 2.16721
-17.2062 3.20537 2.27826
-3.11588 3.06151 1.00555
-2.42119 -5.89921 0.844345
-7.89709 0.697497 2.53803
-27.1737 19.1552 1.08777
-7.66764 6.62365 1.85898
-20.9257 10.5376 2.04115
-1.89541 0.496443 -0.608958
29.9525 -34.8831 3.08807
-28.1578 17.8843 -0.546454
42.6768 -0.476184 1.63429
-8.82195 0.165011 1.95538
0.990099 -4.74952 -0.444426
5.00287 -0.0056302 -0.302717
-15.2332 8.26732 1.72214
-25.6679 6.93869 0.844702
1.41146 -6.35777 2.8916
-4.49517 -3.10882 2.74238
18.0733 1.22255 2.57571
-1.33065 0.914124 -0.611559
7.5108 1.47968 2.26944
-25.988 20.6006 -0.539824
-28.8378 17.0427 -0.178645
-4.83651 -3.23025 -0.831716
43.5161 -41.7707 2.61591
0.349968 -8.07741 2.10614
-22.1677 13.6601 1.94289
-13.9724 4.42745 1.81298
22.7073 2.6586 2.82939
-0.865827 -3.07983 -0.515065
-1.8897 -6.29988 1.90335
13.1133 1.69813 2.28586
-19.8354 13.4126 1.17427
-7.0107 3.32122 2.44986
-13.4411 9.47698 2.05718
-13.0133 4.5616 -0.917568
-10.9483 6.06028 -0.884264
-9.28277 0.285214 -0.105524
0.98373 -5.49649 -0.428221
-21.5232 3.60565 -0.505144
-4.14365 -4.54334 -0.107491
-12.6862 4.27353 -0.899677
-14.0493 6.27842 2.29399
-15.196 2.30805 1.53515
0.92681 -4.12781 -0.463243
-7.26597 3.51995 -0.784336
-0.350339 -6.76267 2.27906
-0.910945 -3.49577 -0.506549
-16.5345 6.14728 -0.903226
-2.88293 1.09051 2.00095
5.94652 1.239 -0.333564
-23.6431 6.07713 -0.131676
25.8455 -27.9739 2.63033
-8.08831 7.05458 -0.0304236
-23.0954 4.89161 1.47211
-26.1554 20.3446 -1.41743
-16.4466 5.21265 -0.670948
-11.3127 3.69033 1.66444
-9.8443 7.80468 -0.949596
-19.0984 10.4132 -1.19023
-0.515123 -7.41377 0.319366
-10.2882 7.73596 -0.938534
-11.6289 9.7275 2.24765
-9.92864 0.88241 1.49594
1.9016 -0.694166 -0.47952
-21.2313 3.41615 1.67186
-29.0872 16.7412 0.407375
8.66629 -9.27172 2.84996
-7.4372 3.94515 1.88987
-3.20983 -3.70305 2.76682
-0.506784 -6.38287 -0.426248
-27.7378 18.4366 0.052445
-20.0264 16.1232 1.28724
-14.001 5.18314 2.31169
9.53333 1.73489 1.89914
-22.4232 4.60677 0.507443
-8.28583 0.476242 2.54082
12.5329 1.89849 2.30971
-6.24011 -2.85674 -0.887003
-8.91075 -0.289972 2.30275
2.48396 -1.02971 -0.453551
3.96109 0.111081 -0.390293
17.1796 -14.2344 -0.016772
-26.055 20.5697 0.572712
-16.2884 5.49278 1.33672
6.45541 1.26239 0.328924
-0.70709 1.15899 1.1408
-0.00142011 -7.81486 0.708751
-1.29223 1.60564 0.693873
-12.88 6.51745 -0.941873
-17.2668 3.98805 1.64835
-20.3508 11.6955 2.04368
-26.807 19.6259 0.650386
-9.07084 0.347351 1.9619
-7.78558 -1.598 1.30049
-28.6813 17.1825 -1.40959
0.28301 -8.03332 2.12881
-23.8969 12.0306 1.34076
-27.5259 14.9329 -0.737215
9.36995 2.07323 2.77417
-3.29782 1.30438 -0.661626
-2.29401 -3.52619 2.776
0.895647 -8.55066 -0.255789
15.898 2.90719 2.50227
-17.0594 6.58142 1.53587
10.6371 -8.98956 2.38398
-8.92736 -0.687439 0.33403
-3.69137 -1.721 -0.593844
-15.2301 3.27379 -0.94087
0.820822 -8.49312 -0.0976932
-15.6755 5.62672 -0.991622
-0.0753153 -3.93257 -0.486532
-9.92805 5.62587 2.18202
-12.689 8.27188 -0.974916
-0.916916 -7.10689 -0.276114
12.5507 3.4451 2.73116
-24.6416 9.8592 1.4972
8.01208 -4.0129 1.0352
-25.989 7.18785 -0.804157
13.3994 2.58088 2.27337
26.5864 -31.9486 1.48149
7.43048 -18.1829 2.73464
-1.58143 0.47331 -0.598496
7.25072 1.87162 2.21478
-20.6679 2.92959 0.930194
1.48689 -7.9119 2.93384
-0.421373 -3.22058 2.19602
0.615624 0.169012 -0.196515
10.1514 0.779855 2.38252
7.2968 1.52575 2.28757
-13.7417 10.1834 -1.07737
-6.979 2.75714 2.01307
-8.43906 -0.651383 2.49565
0.723971 -2.12867 -0.50296
-4.00271 3.78164 0.740545
-3.34391 -5.1471 1.10142
7.35718 -5.68549 2.45998
-12.6117 5.04566 1.5981
-27.4421 18.8283 0.633263
-21.698 3.76711 1.91783
4.32349 0.158428 -0.392975
-23.61 6.84759 -1.18449
-11.229 8.87468 -0.733078
-21.0052 8.51078 -1.2739
-19.368 2.63156 -0.520434
2.0882 -0.901152 -0.476652
1.56022 -9.05839 2.31874
-23.6238 5.29176 1.08815
-2.69634 -1.48001 -0.57961
-2.01467 -0.77722 -0.58923
-25.8715 13.6248 -0.50973
7.13348 -4.86846 2.89399
-1.18234 -6.87501 0.410849
-10.9058 8.34382 -0.964156
-20.5735 15.8545 1.93798
7.65619 -19.7449 1.8481
-3.72058 0.891568 -0.65781
-2.77535 -3.97935 2.78291
0.435139 -8.18105 -0.26341
8.91853 2.40988 2.72634
-21.4452 10.7406 -1.25837
1.48902 -8.60316 2.84107
-22.7148 12.6886 1.94253
3.64599 -0.248566 0.0844496
1.56477 -6.37964 2.89283
-4.28912 -3.08338 2.74119
-25.2499 13.0962 -1.1193
9.53123 2.08034 2.76689
-24.753 6.19517 1.11738
-2.69744 2.75314 1.77878
-2.02341 -6.22273 0.0781594
-25.6629 6.93185 1.08358
24.459 4.08452 2.46474
6.28286 -5.06051 -0.345894
-11.1348 1.68847 1.94684
-9.98437 1.73171 -0.798204
-16.46 5.21526 -0.144278
-26.1938 20.3331 -0.796857
-3.9302 -4.09468 2.23083
-25.6467 21.0995 1.11298
-29.0671 16.7368 -0.558985
-9.96877 2.30193 -0.805783
-23.6664 11.0181 1.30823
1.89339 -9.35295 0.0729793
1.55522 -8.04951 2.93633
-21.6192 5.69906 1.66771
-23.3512 11.4897 0.904005
3.90088 -2.53649 0.200188
-7.23955 3.63476 2.46877
-5.92401 1.69863 -0.713235
-3.7361 -1.82403 2.48108
-11.4786 3.50933 1.57647
-16.5447 5.07007 -0.867512
-26.293 20.229 -1.60923
-25.7663 20.9173 0.414019
-29.1771 16.5548 -1.24445
-16.1448 5.61188 -0.378516
-25.8794 20.7186 -1.08596
-9.00197 0.40704 2.56026
-7.7877 -1.59749 0.740374
-28.6957 17.212 -0.796191
-7.3042 4.5024 1.73667
-13.6523 10.7933 1.29876
-16.6347 7.1316 1.57554
6.0397 0.842842 0.124077
-27.7867 18.3216 -1.60381
3.22802 -2.90805 -0.448546
-3.69215 2.04974 1.72601
-7.69167 6.65021 1.74639
-1.01814 -7.02491 -0.0898449
-21.0597 3.25817 1.85574
-28.6564 17.2613 -0.406383
-11.4581 1.9366 2.06244
-6.25934 -2.84861 -0.892561
4.04024 -5.50571 2.72879
1.26714 -8.17715 -0.346216
-21.7046 3.76897 1.28171
-22.6584 17.6758 1.25893
3.89149 -5.37255 2.61747
-8.45127 -0.648894 2.3127
18.1368 3.49292 2.16778
-8.84581 -0.269885 -0.752028
-12.8056 3.57777 -0.888503
-23.3316 11.5657 -0.140489
-13.8716 8.7858 2.0579
5.1749 0.631815 -0.319832
-0.785253 -6.80054 2.85412
-23.1228 11.2875 1.92022
9.57193 1.1676 2.36037
2.65269 -9.98882 0.364197
5.48187 0.724125 1.68063
-6.7613 4.23226 2.43625
-5.50362 2.29202 -0.724771
-23.7081 6.09341 -0.284646
-29.0053 16.9084 1.26607
-6.65407 5.65344 -0.848213
5.14919 -13.2112 0.0751953
18.5306 3.92508 2.14032
9.25859 1.46393 2.354
43.1255 -42.2636 1.6077
2.30651 -9.68097 0.356876
-2.15551 -6.12758 -0.109051
1.90367 -0.500735 -0.467099
9.49374 -7.03391 -0.260072
-7.88242 3.70481 1.9635
-28.4394 17.5004 -1.27673
-7.5619 0.705582 2.56746
-1.2866 -3.31203 -0.522516
-19.8723 13.9995 1.37079
3.79347 -10.3443 0.705636
-29.2253 16.5596 1.26672
-5.94225 4.7674 -0.797232
-15.2243 7.25868 -1.0189
3.01912 -10.0905 1.48153
-24.5596 9.82639 -1.10764
-19.7419 4.5625 1.7644
14.2086 -8.91582 1.9115
-4.26851 2.54192 1.67607
-6.71212 1.33533 2.54472
-23.671 5.31593 -0.130864
-26.425 20.0184 -1.19251
-20.7657 9.50821 -0.341524
-18.3713 10.7841 -1.14372
-9.3515 0.204836 0.235993
-24.5498 15.1278 -1.38936
-22.5498 6.39205 1.60211
-10.3841 7.45507 1.4252
-18.4937 13.894 2.01408
13.8509 3.53986 2.33027
-10.0927 8.70666 0.296492
-9.45645 -0.250737 1.51147
-1.95283 1.02983 2.05773
-23.7181 6.08822 0.345175
7.82029 -5.43854 2.37946
-1.69182 -3.29082 -0.528597
-3.90477 -4.69107 1.70314
-4.57684 4.24746 0.111563
2.77866 0.313766 -0.378046
-6.09713 2.09046 2.03388
-22.4519 4.47109 0.512263
-12.3488 9.76047 1.37008
-9.57314 -0.111573 1.51558
14.2986 2.24359 2.2157
-3.03208 -5.42495 -0.113899
1.41756 -8.95145 0.956425
-4.44102 0.360749 2.08702
-5.46165 -2.70736 0.491104
-2.68693 0.897111 -0.634689
1.49176 0.293858 -0.4656
-22.6546 4.50617 0.0944424
-4.59821 -4.13006 1.86942
-15.0475 3.96683 -0.940127
43.0378 -33.8938 3.53299
-2.94991 2.92174 -0.0514323
-23.5543 11.1429 0.664176
-1.88575 2.09255 2.04181
-19.5306 2.53165 0.317984
0.846722 -7.97824 2.43002
-26.5429 19.9429 0.440555
-10.3358 1.21193 0.329062
-3.025 2.98925 0.490907
3.49715 -0.786454 0.550387
-16.6896 6.32227 1.33151
-4.63137 2.62442 2.59439
-26.3788 7.66767 1.00911
-23.4467 11.2904 0.66688
10.8514 -7.80386 -0.220641
-6.52522 4.55593 2.00957
3.83245 -10.3987 -0.128939
-20.4908 9.21188 1.45153
-4.89088 4.51178 0.745971
-4.27452 -4.4057 1.09292
-7.3623 6.48828 -0.604051
-3.34828 1.90824 -0.682189
-22.3996 4.3151 0.860065
14.1471 -9.04682 -0.1134
-8.30973 7.21434 -0.245749
-23.3615 5.08993 1.33511
2.70409 -8.49998 2.96449
-18.9476 13.7743 1.32693
-21.3244 12.5148 2.0009
-2.36606 2.45 -0.648962
-5.95544 2.44953 2.07308
-17.8489 2.87106 -0.981345
-4.73513 2.62087 2.58154
-26.4032 7.6584 1.03584
-6.8291 5.29708 1.92204
-3.98763 -4.63118 1.8223
-14.4841 3.59589 -0.910794
-2.90122 -1.48938 -0.581432
-15.8836 5.46491 2.14989
-18.2626 12.3646 2.05216
14.6434 -10.2712 0.653075
-3.2388 -5.22771 1.28811
-0.512792 -3.25951 -0.507757
-16.2575 5.47288 0.0898487
-8.89192 -0.70944 1.29592
-17.0741 6.58792 0.689866
-3.98619 -0.381492 2.07977
-19.8994 14.2891 1.98257
-3.77485 2.93859 -0.720866
-22.9406 12.9037 1.96379
2.80975 -9.32052 2.98617
6.86276 -4.70723 2.97072
10.5292 0.819165 2.3364
-16.887 2.3061 2.05894
-12.1508 6.34391 -0.921071
-11.2066 9.5532 1.46322
-7.63057 -0.867466 -0.6982
-4.74578 2.09416 -0.695471
3.84375 -1.91219 1.97134
-22.781 4.67591 1.88159
-20.4764 9.22911 1.67599
-8.30971 -0.715399 2.51874
1.73067 -7.83688 2.92642
-20.0702 13.1176 1.20147
-25.8394 13.7116 1.10247
-2.68487 -0.104709 -0.610798
-23.5242 6.42808 -1.46667
0.70019 -2.29297 -0.505385
-3.26593 -0.303539 2.18383
-6.95432 0.427676 1.82777
-20.7371 8.89776 1.47849
-23.6118 5.30319 1.65336
9.54082 1.41926 2.29403
0.68673 -3.4788 -0.483875
-23.9277 5.52802 -0.132469
2.62491 0.508663 -0.408634
-6.26347 1.86379 2.01815
-8.78471 0.296893 -0.747745
-24.4326 5.94907 1.28676
-0.0664912 -7.17598 -0.409781
-26.8176 19.6391 1.25344
2.30314 -9.67026 1.28603
2.92863 -0.719142 -0.410447
-7.98206 4.39489 1.79774
19.4023 -8.4318 2.13547
11.2295 2.37426 2.82784
7.39412 1.37643 2.28344
-1.49168 0.902812 -0.613939
-20.0892 16.2489 1.91765
-9.48438 8.17205 1.11115
8.13866 -10.4171 2.2369
-1.4571 1.73868 0.503037
-3.46769 0.703905 -0.643423
18.3933 3.6763 2.13596
-8.2111 -0.842431 2.28976
7.90947 -4.14364 0.93121
13.2957 2.51865 2.25445
-14.5397 9.46008 -1.04786
1.9404 -6.94194 2.90709
-3.98475 -2.42568 2.73518
18.5626 0.689631 2.58911
-22.2999 11.0525 2.01425
9.39405 2.36399 2.76489
0.680413 -8.35481 1.09977
14.6253 -10.1194 -0.0953209
-3.78786 3.6044 -0.240653
1.55579 -6.99988 -0.39021
-9.34657 0.229423 1.09843
-0.101687 -2.4826 -0.521297
-14.6024 10.262 1.44578
1.6909 -7.70598 2.927
-26.0198 20.55 -1.78391
-0.684991 -4.10026 -0.488557
-3.47924 3.35164 0.0738332
11.7051 3.05853 0.470499
-16.1545 5.62873 0.370134
-23.4917 5.89955 0.105479
-6.82789 2.31795 -0.744786
11.7825 2.91534 0.462121
-0.276281 0.811912 1.30274
38.9467 -39.0983 1.72752
10.7743 -7.60168 -0.230088
-6.68216 4.3178 2.06945
5.79624 0.678848 0.21948
-4.14206 -4.54606 -0.855444
-14.1785 7.33598 -0.971765
-16.5364 6.14679 -0.253913
5.34742 0.44742 1.29515
-22.5988 4.49524 1.86499
14.2282 -8.92215 1.06627
-9.14448 0.00279655 2.53888
46.1111 -38.6012 0.841117
-10.995 8.7821 -0.522468
-10.3411 5.29226 1.65557
-22.381 4.30932 1.84478
-12.0374 9.67687 2.25589
-6.67085 3.10545 -0.760028
-3.49775 -1.52307 -0.59144
0.970192 -8.6144 -0.0788093
-5.64658 4.49125 -0.790816
-13.149 9.55327 2.23856
-26.2807 20.2523 -0.179075
-11.8241 7.57405 -0.94538
-16.1963 9.3839 -1.11369
-9.33036 2.09835 2.01118
-4.02352 -4.60169 1.28336
19.2083 0.14149 2.53328
-0.520657 -4.60153 -0.476104
7.65742 -6.55808 -0.2937
-16.451 10.6156 -1.11032
23.5177 1.17641 0.858665
-22.166 4.13103 0.716247
14.9832 3.55735 -0.362521
-7.86965 -1.13508 2.26873
26.7445 -31.7534 1.41752
-5.51471 4.99382 -0.527686
-20.4911 2.77964 0.906013
0.332006 -4.29664 -0.470365
-5.35371 -2.79851 0.0935851
-5.49193 4.56558 1.82889
-2.64409 2.67863 0.0981762
3.10391 -1.62821 -0.437793
-9.59172 0.616476 0.396757
-28.1079 18.0466 1.06078
-5.1483 -2.94729 0.703569
1.74305 -7.9982 -0.342838
-12.0312 2.77479 1.74456
-0.236962 -7.27073 2.37373
-26.8832 19.4377 -1.38934
-0.516516 -7.4059 0.691962
-16.6101 5.04111 0.496748
2.33028 0.267411 -0.392325
-6.51432 2.11708 2.02509
-16.4252 5.28274 0.511121
18.8321 -8.23001 -0.138027
-16.3383 5.39921 0.491961
1.66617 -9.13532 2.30541
-13.3587 8.25578 -0.983721
-16.2734 5.47426 0.513743
14.889 3.68108 2.13548
-16.1022 5.72437 0.497439
-13.9206 9.20467 -1.02221
0.903678 -5.82084 2.14767
-16.7904 6.36097 0.49503
-25.9007 13.704 -0.383653
-12.6788 2.92689 2.06186
-0.793573 -7.16932 2.05761
-17.0743 6.5889 0.523754
-12.8732 9.22882 -1.02451
-24.2829 12.2464 1.14574
2.90106 -0.332888 -0.399353
0.505407 -4.08275 -0.474447
-20.9323 5.5171 1.75202
8.20827 -7.57279 -0.26387
-10.2649 1.15271 -0.316925
-9.26848 4.31509 1.95442
24.9318 3.88593 0.814676
-5.55462 3.71248 -0.773216
5.91747 -6.38207 2.66228
-8.72866 -0.816503 1.57888
-10.1553 1.06892 1.71737
29.9329 -22.4261 2.77703
36.2718 -42.9871 2.92861
-24.6382 9.85371 0.857147
-2.07276 -4.58823 2.79814
-9.81606 0.796789 1.29712
-8.45044 -1.06271 2.04613
14.8844 3.6784 1.47472
17.3366 -14.5392 -0.000431776
-16.131 5.72988 1.30795
-4.11004 -4.12033 2.75642
-25.6884 21.0297 0.511045
4.60132 1.06735 0.340092
-3.37395 -5.1211 0.895937
-8.71551 1.47835 2.51632
-12.6224 6.65013 -0.947237
-25.2111 13.3974 1.53561
-17.1327 4.07932 1.617
10.2965 0.676102 2.34238
-20.9813 8.54347 0.719194
-0.344193 -5.61745 2.84395
1.45491 -8.51038 2.92415
-2.11181 -3.08807 -0.542477
17.3834 -21.5186 2.6796
-7.77832 -1.59603 1.68123
-24.2091 14.3085 1.92092
-5.19559 4.28402 -0.779639
0.423422 -8.15956 0.492657
3.04122 -2.91816 2.02207
-29.2196 16.3229 1.0634
2.29261 -9.667 0.0520082
3.85229 -10.3718 0.497675
2.0636 -0.282597 -0.429524
-29.1193 16.7477 1.08867
5.92083 0.347845 0.846999
-6.70308 3.67806 2.50228
-13.1886 9.79533 2.05974
-7.23925 6.40839 1.8569
5.68002 0.735962 -0.280554
-2.80416 -5.03928 2.28295
-0.119718 -7.77503 -0.803275
-8.31016 0.0953792 2.54469
5.46429 0.135252 0.10368
-27.6789 18.5047 1.05904
-4.42302 -0.292325 -0.642702
-17.1636 2.3018 -0.93544
-24.2565 14.7427 1.42206
-20.0881 2.50499 0.508963
-11.1386 4.06233 2.41732
19.3719 -19.9935 0.0984247
10.7386 1.79391 -0.455619
-9.85519 6.5093 1.67648
-8.11154 0.699055 2.53112
-23.4024 5.1011 0.020664
-17.2708 2.94403 2.28059
11.2185 0.314585 2.53168
-1.29016 -6.37353 -0.467848
9.26237 -7.28091 -0.254808
-8.17898 3.96301 1.96115
-5.9242 4.54501 2.50367
-4.58053 2.63143 -0.713732
-1.57127 1.8424 1.77997
-6.68533 3.31927 -0.748493
-0.927839 -7.08837 0.0917164
-26.5645 19.9378 0.646602
-13.0176 2.77204 1.90878
-19.7532 10.0974 -1.20345
-24.7037 9.7063 0.114506
-3.9297 1.48822 -0.668494
5.30122 0.482783 -0.493922
-3.87562 0.908758 -0.654954
46.6025 -37.988 1.03509
8.82412 2.26651 2.75252
-7.30305 -0.354878 2.59188
-25.1563 12.8573 -0.152416
7.46613 0.0931105 2.82637
15.9141 -6.9095 2.57793
11.967 -11.6359 2.68046
-5.22778 3.26833 -0.749557
-8.90921 7.69541 0.38258
20.8231 -17.225 2.94847
-1.85632 -4.70221 2.16115
-9.70693 0.720423 1.88098
-1.57317 -6.57771 0.0871291
-8.03559 2.73836 -0.772666
-20.1044 2.48051 0.515641
-8.97038 3.49227 -0.818775
-21.085 3.26109 0.474775
-8.47889 -0.65455 2.17566
-24.347 14.0892 1.92149
-5.37609 3.97445 -0.774001
11.3997 2.33927 2.79629
29.9898 -22.3813 2.06065
-3.94164 1.52958 -0.661617
-24.6202 9.84072 0.0862279
-15.3473 6.52419 -1.00746
-16.2388 9.87006 1.65441
-21.703 3.7677 1.10378
-19.9188 13.3078 1.09548
-8.86571 7.08901 2.3853
-7.58009 5.17728 -0.832609
-12.5313 8.29653 -0.988007
-0.805037 -7.19134 -0.193145
-9.85449 4.24334 -0.843865
-21.9516 3.95005 0.484607
-4.93404 4.53838 0.898677
-4.28926 -4.39986 0.907108
3.60034 -5.14915 2.47685
-20.4939 9.22096 1.57295
-13.3695 3.75138 -0.906968
-1.91015 -1.08214 -0.582522
0.466056 -6.56741 2.22288
-4.9208 1.93284 1.95072
3.9588 0.497049 -0.411338
-23.6286 11.0225 0.665717
0.0927229 -7.94027 -0.538386
-17.3178 4.5415 1.77938
-17.0768 3.04684 -0.95422
-1.35914 -6.55572 -0.459634
-8.25433 3.87362 1.96609
-22.1685 17.0716 1.73957
-28.2893 15.5724 0.823011
-14.6815 7.90532 1.75984
6.19835 -6.03115 2.71489
-9.81692 0.813035 1.86748
-2.02543 -4.54961 2.14705
-8.44531 -1.06651 1.49757
-29.2201 16.5704 1.09957
2.08902 -0.110259 -0.411123
-16.5159 6.14164 0.504262
-14.3385 8.29788 1.74842
18.5781 -21.9297 0.380647
-28.8673 17.0592 0.85927
-1.71092 -1.16632 2.2302
-26.7225 19.6872 -0.560155
41.372 7.27562 2.745
-25.9577 7.18492 1.67911
8.05431 1.39649 -0.393275
-12.511 2.53328 -0.857819
-13.8401 4.41627 2.33461
-17.9332 11.3186 1.58206
-7.37939 6.05969 1.76236
-1.01367 1.37899 -0.11433
-15.0893 8.48027 1.70154
1.82285 -6.59467 2.89984
-3.99245 -2.99881 2.74007
-20.8569 8.63575 -1.10146
-6.24966 -2.85685 -0.293953
-0.654646 1.10923 1.26497
-0.00128725 -7.82053 0.505824
-26.0389 20.5152 -0.780861
-5.08885 4.2303 1.83552
-26.6828 19.7924 0.856378
-18.8124 8.6636 -1.15255
-16.1986 5.90836 2.07826
-26.558 19.953 0.850797
-24.0735 14.7507 1.49705
4.9236 -13.118 0.878695
-29.2168 16.3161 -0.971435
-23.5433 5.75087 -0.249518
12.1187 -11.4123 3.1228
0.833232 -8.48406 0.692074
-11.9471 7.26372 2.16459
7.86765 1.72569 2.12976
-1.37268 -6.77068 -0.685995
-25.6671 21.0667 0.846244
-8.51028 0.648019 1.88303
-12.1086 4.31289 2.38189
13.0787 2.90781 2.86447
7.23121 -6.26431 2.33686
-2.30161 -2.49802 -0.554686
13.4488 1.91159 2.26312
1.99699 -9.43565 0.0676401
-23.5376 5.74383 -0.870875
0.822349 -8.49083 0.0804367
-3.95909 -4.49692 2.49141
-5.34156 -2.5263 -0.609946
-23.9295 14.9374 1.555
-23.9518 5.53553 -0.883322
-29.2266 16.3216 0.637006
0.416971 -8.16122 0.0916827
3.80163 -1.61345 -0.236891
-17.6885 2.95517 2.00021
-5.50338 3.98903 1.92697
13.2038 -10.1104 3.10726
5.08636 0.678926 1.89608
-14.9115 8.51453 1.70694
-8.47884 4.55091 -0.819183
-9.81386 6.47025 2.39663
-1.18131 -6.13476 -0.453645
-24.779 6.21674 0.854248
13.9438 -9.29735 0.331636
-9.35131 0.425476 1.69417
-19.4697 2.6385 -0.236627
18.3758 1.23831 2.5487
-1.4467 -5.72233 -0.463807
-9.56369 -0.113176 0.0897094
5.36359 0.0342367 -0.033069
-9.98821 5.74042 2.41803
-9.85646 5.86766 2.40764
42.6418 -0.42902 2.15512
-10.4813 5.93678 1.94667
-17.2377 13.2646 -1.24702
-7.4606 -1.86384 0.698546
4.68945 0.171802 -0.426361
-22.4229 4.30806 -0.857679
-20.8736 8.6438 -0.345464
-18.4283 3.4916 1.74617
-9.08488 0.951063 1.94309
-5.8964 5.3101 1.61733
-6.98747 2.16772 -0.755202
-5.49394 4.63082 2.49662
-4.11568 2.67262 -0.709921
46.5737 0.384275 2.66616
-8.68203 0.110422 1.925
-8.1402 2.49092 2.29843
-5.74964 3.72766 1.62981
-20.5192 8.94449 -1.21528
-4.72652 0.287031 -0.6631
-25.0184 6.419 1.28799
-22.4459 4.46244 0.321066
25.4008 -28.0787 1.98945
-5.72222 4.56286 2.50924
-4.41194 2.64591 -0.720572
-6.47229 3.31027 -0.748323
-0.825243 -7.17176 0.092894
0.691889 -5.80798 -0.425488
-2.14211 2.27909 -0.0950356
11.8576 -11.5019 3.16894
-29.9809 16.0247 0.646364
14.5175 3.25793 2.30339
-9.06538 3.64471 1.87463
0.898376 -5.96025 2.87605
-27.656 18.4807 -1.80571
-24.5359 6.00471 0.704957
-5.49994 3.7075 -0.764841
-4.38629 -0.362344 -0.641676
-18.998 12.3669 1.55588
1.23598 -6.06676 -0.416135
-3.69308 3.33693 -0.732891
-1.89057 0.62485 2.17469
-5.89213 5.28575 2.12651
-23.6387 5.76186 0.461637
-23.538 5.89532 0.461158
-1.03549 -7.04464 -0.659693
1.8745 -9.33165 0.35012
-4.2576 4.00905 2.48194
-2.9104 2.06555 -0.677311
-18.0563 5.18413 -1.02065
-8.79047 2.62285 -0.780347
4.53293 -5.90042 2.64291
-3.70915 -4.69811 2.25346
2.90416 -9.58492 2.46648
-9.8107 5.11501 -0.852017
46.0728 6.09397 1.97008
-2.91728 -5.14351 2.28419
-5.74619 5.17175 -0.64824
7.2935 -18.2035 2.62698
-1.69012 0.499543 -0.607198
10.9179 2.76732 2.7749
-6.54278 3.2458 1.86129
-11.4962 9.09036 2.26943
2.33266 -9.69211 1.1322
5.49773 0.385154 -0.24555
-7.91744 2.60403 2.01555
-11.8641 7.2093 1.9734
-1.61381 -0.388001 2.13492
-9.41465 5.05126 1.91385
-0.0738084 -5.02628 2.12584
-17.0748 6.58565 -0.488133
-6.69367 -0.374715 2.61315
-1.29318 1.09342 -0.613031
1.95635 -3.80027 2.36582
-27.8325 18.3369 0.654546
14.1402 -8.99677 2.59021
-2.91123 0.502938 -0.630805
-5.53329 1.10266 -0.685866
18.7982 -19.7373 3.27362
-26.5205 19.9171 -0.982032
-10.3395 8.70413 -0.978131
-23.0752 4.92744 -1.03174
-27.7085 18.4974 0.647334
8.19735 1.01821 2.29237
15.2755 -13.2104 -0.0723499
-23.346 6.00108 -1.16126
-4.2789 1.41447 1.9767
-10.999 8.76235 -1.19962
4.57347 0.968004 -0.410981
-26.9342 19.4668 0.655999
-1.75848 -6.41653 0.63002
-25.3932 13.2936 -0.925719
-1.76064 -5.64566 -0.46803
-28.0543 18.0094 -0.784854
-24.9092 13.9104 1.42946
-26.6805 19.7854 0.644792
18.0078 1.2149 2.79472
-5.49508 2.66557 -0.734323
0.313779 -8.07795 0.24487
-16.2115 3.85464 1.65592
11.3243 0.0880478 2.18412
2.51162 -2.11273 -0.473516
-8.45536 5.92735 1.5293
-5.60248 5.07411 0.08806
-1.5799 -6.13009 -0.481388
-16.1263 5.77661 -0.356211
24.356 5.13752 2.08589
-21.1579 14.7121 1.92383
-28.8672 17.0423 0.650088
-8.89952 2.30209 -0.781888
-7.86695 5.45398 1.551
14.4287 -8.79897 0.805784
17.6087 -21.1443 3.2504
-8.02926 6.99922 0.695277
-15.529 7.34547 -1.03764
-6.22752 4.70429 -0.806385
-3.51811 2.94184 1.93729
-21.2843 3.42395 0.261256
-27.7448 15.077 -0.801819
1.69115 -0.692845 -0.496191
-2.34655 -5.96595 -0.114752
-7.07881 -0.885629 2.59968
2.34039 -9.68603 1.73229
-21.4779 3.5905 0.270797
12.9381 2.44041 2.48361
-3.70521 0.0955388 -0.63475
0.434897 -8.16368 0.901809
0.771098 -3.85172 2.2483
-0.243956 0.766203 -0.255203
2.9191 -9.50333 -0.311703
-10.4014 1.60945 1.88575
-7.53122 5.21422 1.5761
-24.4615 5.96288 1.10275
12.9858 1.56024 2.26099
-10.1732 1.06555 0.103499
-10.525 5.31856 1.89457
1.54391 -9.05209 1.50974
-6.90716 0.383592 1.79131
-21.2214 15.1054 1.95606
-14.7049 11.6207 1.27983
3.34095 -2.8107 -0.450148
-3.6515 1.58098 2.64024
-25.3567 6.68686 0.910921
-25.8663 13.6183 -1.22228
3.11276 -9.98129 1.29085
-24.5685 9.65161 -1.27201
-2.49586 -5.86327 -0.839123
-0.262923 -7.62475 -0.0884181
-25.2653 13.3101 1.69596
-2.64895 -5.73676 -0.830197
3.3524 -4.83381 2.90346
-2.43972 -4.62211 2.79529
-23.424 11.6148 -1.09523
-20.9729 8.53912 0.30046
-20.4885 9.11908 -0.672527
-22.7289 4.5571 -0.900512
-23.3586 11.4774 1.28014
-27.5198 18.6323 -1.60104
-2.16189 -6.149 -0.692328
-20.7704 8.75628 -0.8768
18.4357 -7.7939 -0.151356
-20.7173 9.49143 0.302346
12.3934 3.09095 2.83273
-23.6259 11.0045 0.349319
-23.3881 5.10441 0.099441
-17.342 3.28319 2.29626
-20.5547 2.844 1.46895
-5.60014 5.07555 -0.0860399
-15.759 8.92826 1.5768
-23.5338 11.1357 0.341469
-0.363661 -7.12628 2.74178
-28.6277 15.724 -0.0667135
-4.07621 3.83833 0.14464
-14.0663 2.96977 -0.892101
-17.0168 10.7017 1.62653
-9.27658 0.356906 0.944463
2.87273 -0.509338 -0.391601
-2.7048 1.10454 -0.642064
-25.8826 13.6259 1.28184
12.6412 2.49387 2.75439
-23.3261 11.5652 0.345466
-1.76198 -6.40557 1.88274
-0.69655 -3.28738 -0.511772
-13.596 3.64962 2.18122
-1.74187 -0.790817 2.2669
-13.6316 9.24834 1.7507
12.1795 1.40896 2.32784
-6.28078 4.54116 2.0207
19.5516 0.602542 2.51594
-0.258701 -5.23793 -0.451875
-10.6422 3.4563 -0.840208
-2.52998 -5.78725 1.01529
-11.9679 5.50431 2.36041
-13.6404 11.3341 1.64988
-0.168242 -6.03146 -0.423309
-21.1503 10.167 2.04446
-2.11162 0.10131 -0.607042
-16.3951 5.3347 0.823667
-26.1215 20.4682 0.0543817
-4.2811 3.99465 -0.449549
-28.9741 16.8902 0.445058
-9.45654 0.059492 0.299068
33.7024 -34.0576 3.50809
-9.79231 4.44304 -0.841314
-8.13177 -1.41204 0.156954
-0.679604 1.1339 1.00058
-0.00100501 -7.80904 0.893563
-1.92657 2.11735 1.2185
-1.2893 -6.79773 0.521186
-25.6352 21.0421 -0.375725
-23.3475 5.09544 1.49031
-27.9327 18.2573 1.25838
-9.84328 2.78105 1.72134
9.22896 -7.16954 -0.261454
-8.18392 3.85317 1.96106
-3.47641 -4.36859 2.21687
-21.0571 16.1017 1.17207
-16.9451 3.12293 -0.955462
-1.31099 -6.54126 -0.459506
9.49802 -9.62262 -0.208895
-25.6459 6.89308 0.430606
5.05443 0.674961 -0.377865
-5.2621 -2.85544 0.688725
1.5546 -8.03791 -0.355359
-26.3138 7.45808 1.37066
-3.25901 3.1064 -0.696932
-14.2706 11.8281 0.218967
-24.8249 13.8591 1.70539
-3.70021 1.70195 -0.678071
24.5312 3.46685 -0.0458069
-10.081 8.69695 0.0952375
3.09092 -9.93986 2.4281
-8.12381 7.09553 0.0771788
-7.8686 2.70684 1.89886
-11.8732 9.62398 2.26531
1.39359 -2.46047 2.08908
2.17671 -9.57086 0.558493
-0.633399 -5.74945 2.83972
21.7523 3.92992 2.64763
1.12024 -8.31243 2.87871
-1.2827 -3.51541 -0.512298
14.1556 2.00911 2.21333
-25.9264 16.6501 0.979786
0.84843 -4.30679 -0.463832
0.791531 -5.60808 -0.429248
-21.739 3.77396 -0.519273
-21.3482 8.38761 1.7116
-22.591 4.47394 1.00281
-20.0887 2.47866 0.0832129
-16.9515 10.5882 1.61726
-19.4647 2.71632 0.0953031
-13.0436 9.06679 1.47785
-24.4666 5.97062 0.949046
-12.3109 6.72629 1.82471
-10.2595 1.14589 0.104156
11.1159 0.2806 2.26629
-25.7611 13.9684 1.28422
-10.772 8.95219 -0.717136
18.8971 -7.93909 0.0606383
-9.46954 0.494846 -1.04027
-28.164 17.89 -0.206794
8.30852 0.489646 2.31408
4.66678 0.545617 -0.426906
-8.26361 1.30699 2.52346
-2.49641 -5.86928 -0.696818
-2.66535 0.84582 1.98042
6.26198 1.58397 -0.340168
0.902478 -7.7234 -0.374217
-22.1594 10.4815 1.90674
-26.1305 20.3917 -1.76807
-1.28489 -6.80915 -0.0860678
-25.6321 21.0699 0.254579
-29.0581 16.7132 -1.41337
-11.8001 4.10306 2.38971
0.454534 -7.77542 2.70842
-0.97759 -1.39122 2.14782
-9.83754 0.78731 -0.504596
-8.72507 3.90073 1.94852
1.25527 -5.72881 2.87411
-4.59083 -3.6641 2.72572
-16.4635 6.31251 1.24129
-1.86849 -6.35472 -0.316603
14.4544 -10.9198 0.196992
-15.1721 5.48037 2.29329
-23.6349 11.0063 0.191317
-20.3138 15.7533 -1.37035
-21.6049 17.7325 1.74271
-24.9538 13.7389 -1.37122
-28.9599 16.8778 -0.584396
-4.41017 4.13058 1.86304
0.89796 -2.09901 -0.50535
-4.1581 3.93795 1.78439
-3.53071 -5.02632 0.0962469
-5.23117 0.861169 -0.676152
-8.55234 4.48061 -0.81672
-9.91234 6.31915 2.39672
20.9204 -20.0494 2.8897
-21.6168 17.4669 1.87665
-0.0946283 -7.73114 1.45274
-16.2693 5.93959 1.12659
8.71957 -4.00154 2.35109
-0.755424 -4.6898 -0.469928
2.74156 -0.284712 -0.402838
-26.2492 7.4415 1.53835
4.1636 -4.69983 2.18177
-28.0899 18.048 1.27851
-19.6188 10.6438 -1.21084
-5.14366 3.85545 2.53877
-3.84143 1.89497 -0.679302
-12.2038 7.44592 -0.946847
-13.5389 9.3293 2.10408
-1.11879 1.4662 0.666254
-27.1954 19.1174 -0.194415
5.27935 -5.69685 2.96036
-20.5268 15.5194 1.28922
3.95767 0.36374 -0.395144
19.435 -18.8428 0.0918658
8.01402 0.291152 2.58736
5.64062 1.48466 1.93535
-28.3005 15.5832 0.2373
6.98381 -5.05559 2.63185
2.88395 -9.72386 2.65504
7.92931 -7.52233 -0.270959
-26.7188 19.7037 -0.357922
-10.3153 7.9279 1.58084
-8.57176 1.95244 2.29157
-29.2056 16.5586 0.229595
-0.991837 -4.29346 2.07236
-15.4948 8.49351 -1.07318
-8.15624 5.28077 -0.821854
-9.47128 7.28997 2.36153
15.6334 -7.1313 -0.210275
6.14216 1.65975 1.97352
-16.7727 2.88462 2.31978
1.39032 -5.18066 -0.434949
-1.43991 1.71971 -0.104649
20.8057 -16.1375 3.34011
-13.7171 4.31179 2.33591
12.6484 -8.77156 -0.184184
8.14268 1.55157 -0.365682
-28.331 17.7041 0.245168
1.26827 -8.58774 -0.351848
-4.70195 0.69388 -0.665604
-6.10592 2.61913 2.50277
-8.17888 3.50875 -0.809549
-1.24894 -6.8048 2.30337
0.0979322 -1.69256 -0.529103
-23.9529 19.2211 1.09992
-14.1569 4.09136 1.82318
-2.33343 -5.94072 2.12446
-2.57036 -5.79452 -0.304281
13.7871 -13.6262 2.72839
-28.068 18.0321 0.230906
23.5022 2.63114 2.43054
6.78195 -5.0923 3.02721
-0.301322 -2.49606 -0.52443
-20.6618 2.93648 1.49137
-21.9549 3.93633 -0.683262
-2.88396 -5.28177 2.27467
-1.70223 0.306158 -0.605093
10.9272 2.87702 2.78388
0.0906448 -4.77882 -0.463415
7.9034 -4.74341 1.12126
0.343177 -4.98158 -0.453896
4.24191 0.951073 -0.475496
-26.0895 20.5069 0.225247
-6.28954 3.29408 2.52003
-4.90407 1.29725 -0.679988
-23.5717 5.97914 -0.698685
-25.8966 20.7497 0.227961
-28.4885 17.5212 0.586998
-14.2792 11.7835 0.0843633
2.00199 0.246515 -0.39526
-16.5967 5.04774 0.260787
-24.78 12.4697 0.0245312
0.700608 -1.69404 -0.518092
46.5153 0.889053 2.11732
-12.6478 4.26008 2.3842
-10.2517 5.41542 1.59273
-18.7032 2.65398 -0.563211
-24.3112 13.1879 -1.33272
-4.28367 0.49638 -0.656556
3.76698 -4.39668 2.12265
-28.3665 17.7236 1.26133
-7.71595 4.02693 -0.790587
0.888637 -7.44422 -0.386736
7.50561 -0.0685786 2.81917
-4.07023 0.820597 2.13918
-10.8544 8.12426 -0.957472
-1.7764 2.00135 1.4146
-1.12627 -6.93131 0.322851
-2.50409 2.59235 2.4955
-25.8653 13.6182 0.0258567
-4.90767 1.09597 -0.676545
-20.8618 3.09462 1.50663
-28.4815 17.5534 1.26163
-15.6688 2.08117 2.3434
-1.90374 2.08801 -0.102439
-25.8681 13.6253 -1.05124
-21.004 8.54884 1.54856
-9.08581 4.11366 -0.822099
-10.4346 6.12722 2.38882
-4.15525 3.9424 1.44124
-3.53065 -5.01837 0.32178
2.86735 -9.74638 2.52459
14.7651 3.79335 1.56155
-6.86033 3.74823 2.49708
-5.50757 1.71014 -0.701061
-8.75966 4.47685 -0.827977
2.35055 -9.30782 2.59712
-1.89496 -5.90824 2.34882
12.9675 1.89545 2.26553
-4.47965 -4.27405 -0.843379
-16.8205 6.36634 -0.240332
-29.2052 16.54 0.0296859
3.15789 -0.802655 1.49769
4.56642 1.11353 1.81385
0.526523 -3.27959 2.30538
-25.2884 13.105 0.728826
-28.4578 17.5364 0.0514261
17.0181 -16.0113 2.92094
-0.501227 -7.43869 -0.264504
-6.34771 4.5586 -0.804823
-28.331 17.6931 0.0295284
13.567 2.07717 2.28665
2.49436 -9.82361 -0.229968
-9.56167 -0.106517 1.29435
0.093712 -6.69127 2.88289
-3.02714 -5.43062 -0.312727
-2.14535 -0.499305 2.23924
-9.97449 4.88858 1.91994
-14.1486 9.58685 1.69884
-28.2014 17.8521 0.0290321
-13.2551 10.6159 1.68798
27.1955 -31.6007 2.09659
-27.3194 18.9642 0.0564401
-4.94775 4.53998 -0.777398
-16.1406 5.68328 1.10807
-25.8911 20.7677 0.409413
-7.13408 3.85011 1.98541
0.790758 -7.88097 2.38031
-8.70818 -0.881269 -0.504349
3.86835 -0.0951001 -0.138062
3.74125 -0.13178 -0.102202
-6.08859 3.5197 -0.765753
0.687216 -5.88287 -0.429564
-28.505 17.4835 0.181228
4.60517 1.07162 0.951324
-1.13701 -6.82536 2.3427
-8.02076 3.52758 -0.797495
-20.1136 2.48323 -0.681092
-14.898 8.77947 1.71819
24.2706 4.97762 2.46256
-16.2624 5.9324 -0.886467
0.309927 -8.08095 -0.111219
-2.54516 -3.94885 2.78064
-26.5276 19.9923 1.27157
-8.96513 -0.518398 2.03435
7.27999 -8.6941 2.5402
-2.30584 -0.0973348 -0.607063
-28.394 17.6176 -0.0472086
-20.9629 8.50888 -0.279057
-11.035 9.3517 0.667858
-18.091 3.26428 2.03566
-27.8573 18.3365 1.28038
-19.3494 10.8822 -1.20527
-4.94947 4.08897 2.53978
-3.5022 2.11599 -0.689075
15.3342 -6.71685 -0.225182
-26.1897 7.33952 1.16768
-11.1108 9.46148 -0.4352
-17.5452 4.05731 1.78914
-0.530079 -7.41634 -0.094809
14.4138 3.65541 2.30209
-1.31851 -2.11332 2.16158
-9.09874 3.22556 1.90481
0.498903 -4.45813 -0.46269
-26.0592 7.21349 -0.636472
-0.995679 -6.62656 2.57716
-2.58563 -3.68815 2.78536
-9.06866 -0.254653 2.04679
-23.9101 12.0271 1.54201
-8.70675 -0.884172 -0.662018
3.99033 -2.7461 0.204327
-5.91955 2.09785 -0.726886
16.8739 -16.1072 2.81973
-17.5579 4.28789 1.79568
-0.703013 -7.28221 -0.0906555
-20.9875 5.21853 -1.08692
3.2534 -1.16753 -0.194688
-9.37818 0.168265 0.48887
-6.68983 1.0985 2.56234
-0.0566592 -6.21211 -0.426641
-9.21816 -0.0968758 2.07272
22.8032 2.88433 2.69816
-8.3313 5.51796 -0.843743
-2.00315 -6.23541 0.441708
-2.68848 2.72536 1.45504
-9.36048 -0.349314 -0.693201
-9.9334 0.882441 0.880551
-1.14955 1.50645 1.34758
-0.505353 -7.42008 0.501225
-27.9428 18.1837 0.0583619
-27.7926 15.0304 -0.956308
-6.87468 -1.09614 2.5915
-19.4835 2.70965 0.624313
-2.03407 -6.21473 -0.0950024
1.02598 -8.4229 -0.362502
6.23786 1.56363 0.753492
-9.97615 8.6061 1.87317
2.21312 -9.5824 1.69929
-28.2569 17.806 0.136979
-8.90849 -0.717028 -1.24679
-10.7093 8.15155 2.31879
-9.36177 6.29592 -0.888625
1.50206 -0.699006 -0.504567
3.98006 -1.97463 -0.0390475
-7.27824 -0.860931 2.59777
-2.45081 -5.88266 -0.0939422
1.49749 -0.897466 -0.500923
-2.58995 -5.76652 -0.0744322
-23.6849 11.923 0.504791
3.50882 -0.192712 -0.411582
-9.03857 -0.610242 -0.296679
3.45638 -0.473924 0.502097
-23.6972 11.929 0.675546
-2.90245 -5.52645 -0.109825
9.7031 -7.60034 -0.239335
-7.71149 4.24725 1.95124
7.71201 -3.99088 2.37513
-16.3781 7.994 1.475
-20.7632 13.9494 -1.34945
-10.0257 1.8664 1.8263
-9.70867 0.686491 -0.110684
-8.29842 1.10307 2.52904
-2.902 -5.50865 0.869153
-2.9013 0.302233 -0.623155
-8.32646 6.92303 2.40088
-17.3962 2.70822 2.00507
-22.4334 4.32052 -0.328434
-0.308003 -3.31513 2.22319
-12.2509 6.69437 1.81627
-27.5623 18.6605 0.234188
-23.2265 6.27537 -0.566983
-21.3023 3.42687 -0.116866
-16.2465 5.92431 1.51275
14.198 -8.98594 0.239845
2.98205 -10.0038 2.46188
-24.7083 9.69526 -0.133494
11.495 2.10341 -0.419734
-16.3412 6.54666 -1.03162
-0.691603 -3.09467 -0.517568
8.1001 -5.29803 2.15413
1.71298 -8.77365 2.90605
-1.49367 -2.28153 -0.546608
-0.896348 -3.66953 -0.499643
-16.5886 5.05772 0.0825804
-0.297888 -1.69108 -0.535502
-27.3122 18.9219 -1.08879
-19.3101 9.71918 -1.17385
12.5573 0.974153 2.28173
-6.35893 5.65912 -0.499626
-8.08197 6.62502 1.74298
0.0908375 -7.88445 1.11529
3.1069 -1.09595 -0.388172
-7.91063 4.94181 1.67033
-4.28174 -4.15059 -0.579287
-21.2705 3.42454 1.87616
19.5459 -8.56265 1.12724
10.7188 -10.9406 2.64351
-6.33478 2.48895 -0.745822
-9.26342 -0.434099 -0.666676
24.5091 3.93847 2.46731
-4.7095 0.494244 -0.66315
-3.103 -5.35664 0.0885837
-26.2535 20.2427 -1.68939
-0.94904 -4.56595 -0.479269
0.113383 -7.88912 2.31624
14.2606 0.919002 2.4706
-17.4506 4.83252 1.57736
18.2334 0.999498 2.7772
-2.39015 -0.147512 2.20764
-10.1447 5.33228 1.90954
-12.3913 5.93724 -0.91574
-17.7428 13.1581 2.05533
-4.57873 0.661334 2.15081
-12.603 9.99448 2.24421
-25.8913 20.7386 -0.203854
-8.23998 0.444213 1.92559
-19.0443 12.3062 -1.23118
-7.71712 1.07988 1.83526
1.90484 -9.33769 1.88589
-1.69916 -3.10248 -0.534901
-3.3028 2.66365 -0.702104
-7.88807 0.146488 1.91012
-7.25963 6.42129 1.19842
-26.6311 19.7961 -0.744528
-11.7897 3.08905 2.40543
-14.0892 4.03514 2.2269
-1.11396 -2.94493 -0.530237
-2.16493 -6.07718 1.89791
21.2599 3.68971 3.06859
2.3672 -8.99021 2.4081
-16.1257 2.5454 2.32211
1.58363 -9.08534 1.9945
0.537727 -5.92475 -0.425897
-2.36815 2.45772 -0.0947096
-21.9636 3.9495 -0.534865
0.501664 -5.82394 -0.423778
-26.8759 14.3306 -0.842917
-16.1739 2.34997 2.32472
-2.25421 2.36763 -0.106896
-23.7573 6.91063 -1.18702
4.10341 0.102743 -0.39798
21.8652 -15.8127 2.94398
-19.4137 11.3138 -1.21995
-11.0343 7.85403 -0.944024
-12.3755 9.80539 2.24351
-2.67256 2.30126 -0.681094
2.63969 0.0833569 -0.400367
-6.28558 2.29191 2.02355
0.518649 -2.90023 -0.50282
-4.59679 -4.24523 -0.233363
-21.9805 3.95961 -0.331161
-13.3369 8.33199 2.07049
-0.205443 -7.25746 2.85939
-22.5813 10.8521 1.86966
25.1169 -28.438 1.15978
-9.49981 0.524419 -0.116485
-6.99957 4.71908 -0.814917
-10.992 9.35439 -0.83083
-26.0036 7.19813 0.687609
-28.6047 17.3752 0.627474
-17.0142 2.42996 -0.941077
-23.4697 5.88363 -0.25445
2.6735 -0.692912 -0.413302
-19.41 13.316 1.60764
9.0655 -3.84358 2.32534
-0.532596 -4.84434 -0.469864
5.29721 0.519009 1.46501
15.7234 3.07515 2.48052
1.46488 -3.33507 2.27396
11.6523 0.815902 2.48452
-4.92363 -3.12899 -0.518921
-21.0976 9.8203 1.88355
0.110221 -7.88183 -0.316825
-6.68411 5.46969 -0.839163
-19.4277 11.0402 -1.23177
-0.849553 -6.35393 2.24729
1.52998 -1.26299 -0.494594
-3.18466 -4.87516 2.68805
-0.474239 -7.51312 -0.553903
-7.30307 -0.227242 2.59498
-25.4328 6.7119 -0.269958
-0.610437 -0.104892 0.0684807
2.16894 -6.77397 2.91084
-20.6263 8.92608 -1.08035
12.256 1.58139 2.78094
0.490862 -7.99901 2.40347
-9.04427 -0.611738 -0.658487
-0.913083 -7.10576 -0.0925121
10.9343 -0.0814656 2.60897
-0.820978 -7.1615 0.690081
-0.0805329 -4.70635 2.82818
-27.5145 14.9286 -0.354375
13.9149 -9.3351 0.130025
-5.64443 -0.211781 2.65699
-9.37276 0.456496 1.4101
-2.8734 -2.92771 -0.549824
-8.17177 7.13434 0.96489
-2.28742 -6.07141 -0.827842
-3.3785 -0.139981 2.17239
-7.15458 0.629002 1.82331
-15.7621 3.49346 1.67407
2.65096 -9.94455 1.84682
-23.3478 11.398 0.344745
-2.75271 -5.1686 2.78967
-0.0254468 -7.81988 -0.335658
3.21188 -1.32411 -0.410105
-9.34585 0.339981 0.404134
-0.228914 -4.56396 2.82478
-17.2156 6.91979 -1.05981
-14.4093 4.29272 2.09047
-2.56587 -5.75065 2.08305
-7.67112 0.0994009 2.56006
18.9662 -8.42499 -0.126307
-16.1693 5.61427 0.483865
-2.35152 2.43309 -0.275746
10.2711 0.806135 2.35882
-16.3829 11.3282 -1.16165
-26.915 19.4579 -0.376231
3.78408 -10.3146 -0.259535
-10.8539 7.45591 2.34669
-9.52811 5.53244 -0.867785
-11.1897 5.72022 -0.882603
-9.56477 -0.108238 0.289013
-12.5122 7.71282 2.27564
13.0901 2.71415 2.85826
-12.0631 4.48503 2.3847
-2.32534 -2.30037 -0.559415
-25.7534 20.9042 -0.357203
10.9904 -0.0294261 2.6229
20.3553 0.677085 2.45317
-15.0071 4.39376 -0.935544
24.3638 5.30909 2.47845
-16.1124 5.62699 -0.859332
-6.18106 5.49844 -0.798639
7.72864 1.28792 -0.552017
-14.2679 11.858 -0.266765
-9.30982 1.26564 1.85345
-12.7011 9.42095 2.24884
23.6557 1.03097 0.732231
-4.34702 3.80615 2.52608
-2.9044 1.8821 -0.673289
-21.9314 11.8948 2.019
-28.5986 17.3693 0.434347
-25.7551 20.9174 0.0645195
-7.85052 4.70705 1.80594
12.6844 0.6241 -0.0686228
-5.59712 2.22526 2.5281
-4.26246 0.293903 -0.650458
-0.0263082 -7.81779 -0.106913
-16.5517 5.08558 -0.188969
-26.2646 20.2376 -0.996702
12.8167 3.21141 2.65752
3.33493 -0.627885 0.307196
-5.51426 3.08359 1.8326
0.0244992 -5.85095 2.85977
5.43027 0.637078 0.394702
-6.35762 3.88337 -0.770174
12.5406 2.25831 0.217374
-0.113066 -3.28302 -0.504131
-15.6306 6.30729 -1.01809
7.80733 -8.56856 2.73626
-0.34698 -2.03082 2.23254
-9.28356 0.285709 -0.503566
7.43216 -5.6963 -0.318605
-4.5289 -4.27169 1.39781
-5.21963 4.76271 0.419238
-5.11767 3.93086 -0.770741
1.113 -6.28692 2.88118
17.8035 1.37263 2.64325
-27.4114 18.808 -1.80475
-21.7479 3.77293 -0.725626
12.9981 2.09046 2.27589
-6.59971 0.172066 1.8608
-10.5767 4.84043 1.81595
2.794 -9.71309 2.53591
1.815 -6.54556 2.17709
-6.29343 5.56047 -0.776996
-21.2624 3.40967 0.700792
-12.0098 8.50989 -0.981747
-4.93705 -3.14746 -0.29897
-21.1057 9.80986 1.5177
0.0730841 -7.93392 -0.66823
-25.3999 6.69454 -0.457869
29.9696 -22.43 1.85046
-7.96341 6.24371 -0.876867
-4.75026 4.38435 0.43447
-0.635249 -0.223504 -0.232221
-1.54023 -6.53424 2.29733
-9.60619 -0.117037 1.73467
-5.24861 2.83382 1.7725
47.0967 -37.3698 1.2271
2.1417 -9.55218 0.123809
12.8378 3.21429 2.85529
-2.51166 2.57447 -0.503
-9.86004 5.0663 1.91605
-2.24043 -0.417037 2.33501
-14.0421 9.70444 1.69671
44.9576 -40.0837 0.90108
3.39322 -0.521076 1.26957
-28.0741 18.0153 0.029487
0.0719063 -2.87477 2.29061
-5.04582 4.6303 -0.0985983
-0.0824515 -7.7467 0.944976
-7.05723 4.77857 1.57802
-0.301679 -2.86017 -0.5163
-15.9767 6.67842 -1.04511
-9.51527 0.533148 -0.504809
-19.729 2.50001 -0.229106
-17.3381 3.62165 -0.967696
-1.7083 -5.91513 -0.484224
-16.2683 5.93379 -0.301747
12.6443 2.47152 2.85726
-9.67121 8.34482 2.00254
12.2419 3.10586 -0.453685
-10.4936 7.75118 1.82579
-6.37436 3.10688 1.85532
-2.69424 2.69696 -0.668475
-8.38469 5.86955 1.51659
-18.4926 4.09232 1.7618
-26.8912 19.4404 -1.17117
-6.12476 -1.06014 2.65879
-2.06592 -5.75421 2.63289
2.20407 -9.571 2.32565
-27.9441 18.186 0.244673
-15.2691 6.49125 1.54428
-10.9236 2.57114 1.81251
-28.0585 18.0094 -0.581285
-27.2819 18.9898 -0.563534
-2.20908 -1.78474 2.18802
-20.7573 15.7132 -1.3394
-27.1678 19.1331 -0.579347
-6.12411 3.54267 2.5449
-4.66411 1.50618 -0.682651
0.500871 -3.49323 -0.486544
4.60226 1.07375 0.700389
-13.7338 8.63992 1.88204
-26.9134 19.4523 -0.578972
5.42613 0.634723 0.491256
18.1091 -15.5438 0.0092237
-10.2611 8.10815 -0.950034
-3.7108 3.52889 -0.523994
16.9851 -7.41895 0.499461
-27.5415 18.6637 -0.583878
-8.01735 4.80677 1.78697
1.08005 -4.57803 -0.456442
-5.30465 1.29477 2.07791
-3.53008 -3.17666 2.75421
-18.8259 2.44812 -0.428484
10.542 1.32551 2.82311
-7.89539 0.498802 2.55009
-4.14916 0.559023 2.15105
-10.9059 7.85614 -0.947023
-12.2868 9.89681 2.24358
-2.48794 2.30495 -0.677351
-14.5026 9.12716 1.70302
4.59971 1.07876 1.12085
2.44519 -7.5248 2.93632
-21.6966 11.5991 1.99216
36.5811 4.45966 2.65901
9.91819 1.68816 2.79305
-9.9599 8.33354 -0.960462
-19.2575 10.874 -1.18046
29.8839 4.21602 2.65741
-6.84262 2.71407 2.0115
-13.2773 8.87821 1.58756
-17.4161 11.8758 1.42784
-28.9724 16.8724 -0.180261
-7.56456 6.61672 -0.192049
-22.596 4.49399 1.30268
35.3943 -31.9892 3.39987
-26.7283 19.6972 -0.179183
-12.2883 6.90834 -0.940249
1.69248 -7.55468 2.27098
19.8953 2.2444 2.30348
5.68914 -6.73481 2.48106
-9.11222 -0.529121 1.70123
-3.81296 3.62675 -0.0639226
6.25944 -4.91729 -0.350522
-11.1567 1.5179 1.94676
-0.330762 -1.40375 -0.543634
-8.43766 5.54471 1.78482
-25.7308 20.9197 -0.689139
17.1208 3.62524 2.27693
-9.6875 0.671573 -0.256826
-23.3461 11.4844 0.495296
7.53481 1.29687 2.13921
12.7141 2.73275 -0.226703
-2.68301 0.498439 -0.623009
-2.09032 -1.50202 -0.57153
-2.90976 2.8989 0.784126
-11.7556 5.12621 2.37646
-16.1988 3.41584 -0.940849
-9.615 -0.116507 1.85301
-8.64261 5.74001 -0.860703
-9.96834 7.73945 2.334
-4.48531 -3.80122 2.70685
-1.7103 -6.451 -0.380715
-26.0283 20.4996 -1.29504
-16.3446 5.34316 -0.458624
13.231 2.78763 2.60657
-15.0311 9.21718 -1.07013
47.3679 -37.0242 1.48086
0.0874402 -7.88236 0.92262
-8.62925 6.36873 -0.87009
-9.94265 8.31347 2.32191
-5.20238 0.350714 -0.664988
-11.0162 9.34097 0.332617
-20.9475 8.52839 -0.532313
-25.355 6.68348 1.3137
-5.18317 0.521546 -0.668468
-10.1745 1.06663 0.323473
-7.84249 0.314545 -0.714382
0.99027 -4.21823 2.2569
-20.7282 9.49842 0.72426
-20.7721 8.76227 -0.540688
-20.6462 8.92722 -0.529406
-12.5382 5.50877 -0.913436
5.57769 0.854121 1.68931
-0.676626 1.12049 0.657288
-0.000898367 -7.80735 1.09101
4.55745 -2.03419 -0.0938478
23.1283 -24.6316 0.242817
-6.72338 -0.836807 2.61014
2.10117 -0.702796 -0.464652
-3.71313 1.42536 -0.662581
-5.49146 -0.612467 2.66469
2.74748 -10.0222 2.34805
-23.3542 11.5751 -0.69549
0.615707 -7.29108 -0.382645
-23.4117 11.2533 -1.25027
7.66702 -4.5578 0.779856
-26.2909 7.69704 -0.92148
-25.1521 12.8565 -0.664944
-8.79833 4.27796 -0.832228
3.12824 -1.05538 1.24398
-3.94632 0.877927 2.09423
-1.02806 -7.01344 0.497564
-3.02395 -3.7102 2.77486
-0.342866 -6.41861 -0.42799
-14.3301 7.90002 -1.02413
-2.18659 -6.07902 1.09892
5.25951 -5.79973 2.30245
-6.93893 -0.25559 2.58678
1.98778 -9.41529 2.1937
11.7398 2.14818 -0.428685
-20.9252 3.15639 1.50271
-16.141 5.62546 0.0702969
-16.956 6.44991 -0.528197
-7.93089 0.176819 1.90665
-3.36941 2.8165 -0.70567
-19.1318 11.4787 -1.2247
-26.2932 7.39811 0.356698
4.23157 0.111221 -0.375741
-16.2765 5.44181 -0.388953
-26.0041 20.5605 -1.0637
-26.488 18.2076 -1.54817
-28.8227 17.0514 -0.784194
8.77725 0.348943 2.33582
3.79456 -1.617 -0.0125576
-7.36128 -1.32408 2.63859
8.90133 -0.0938125 2.34425
-17.6398 2.9119 2.12994
-10.9657 3.70796 1.71911
-21.7869 15.6575 -1.42529
-15.0636 8.29766 1.70963
-29.1347 16.6861 0.0528808
15.7398 0.480917 2.43802
-7.82278 6.4213 1.74888
4.44785 0.685228 -0.392718
0.109999 0.507113 0.486922
-28.7422 17.1924 0.441831
-16.1269 5.6897 0.893257
-25.8818 20.7545 0.0534859
-23.6628 5.46824 1.81238
13.5943 -9.58414 3.11111
5.35007 1.20124 1.88443
3.67378 0.262882 -0.404624
-19.9852 3.85609 -0.963537
-8.51347 -1.05601 -0.489055
3.10159 -2.84709 2.06491
-23.5462 5.66896 1.80664
-27.3922 18.8535 -0.633209
3.74817 -2.26038 0.00971711
-11.5589 8.12504 2.31642
-5.16322 4.73366 1.54932
2.74353 -0.336029 -0.390277
-9.36326 0.209126 0.937441
-4.67244 4.33376 1.31434
-7.12072 3.10065 1.99294
-28.7171 17.1902 -0.372829
-12.2766 4.69374 2.35544
12.9828 2.51212 2.85303
14.5701 3.93506 -0.355272
-26.3236 20.1899 -0.403764
-8.32238 3.84785 -0.807555
-9.57502 -0.0814216 1.71892
-21.509 5.96005 1.69047
-8.55118 -0.999935 -0.0968776
22.3659 -15.3702 1.38764
-26.0383 7.20564 -0.470943
-4.33827 -4.34122 1.26343
3.63167 -10.2441 -0.2382
-9.62603 5.4484 -0.866473
1.08638 -3.34442 -0.478131
-20.3752 4.70593 1.69217
-8.21602 5.78823 1.55502
2.55993 -9.8904 2.00508
1.60078 -6.6931 -0.39698
7.49938 -6.84725 -0.287947
8.4654 -9.9427 2.21758
-18.0136 12.8519 2.05894
-27.2866 18.9909 -0.391339
38.0158 -29.0473 2.45662
6.85766 -5.25019 2.87483
1.11049 -3.63198 2.33126
-20.6744 8.94068 0.715101
-4.44477 4.125 -0.414642
-4.17944 3.93604 0.630581
-3.51291 -5.01039 1.10124
-8.90467 1.53228 2.13123
-10.5027 1.32839 1.92848
21.9177 1.44818 2.80233
2.66007 -8.91454 -0.321336
-2.95685 -3.93119 2.12401
-10.6997 1.38612 1.93218
9.3951 -6.82994 -0.261546
-14.837 10.8966 -1.11562
-8.08988 3.50134 1.95428
-1.42107 -5.84673 2.83235
-9.27411 -0.441112 -1.10959
-28.562 17.3444 -1.26916
3.37849 -0.611609 0.978012
-4.07142 1.10386 -0.667498
-7.11189 -1.0843 2.59115
1.6989 -0.308202 -0.473004
43.287 -42.0459 2.70505
-21.0219 4.59033 -1.01536
-2.50538 0.30428 -0.618122
15.6279 -0.191756 2.60247
-2.50864 0.496936 -0.62183
-0.000769472 -7.41518 2.50772
-0.493693 -2.48527 -0.526355
-7.09104 1.12896 2.5521
-4.65295 2.36882 1.81998
-19.3432 14.9041 1.97616
-10.9197 7.88716 2.33228
-9.53458 5.88791 -0.875091
-6.87315 3.19958 2.3157
-16.1098 5.72046 2.19654
18.8773 -8.02745 1.64072
-6.05198 5.08162 2.11938
33.3533 -34.7173 1.86304
-14.8537 2.57386 -0.906681
25.8673 -27.3434 3.43387
-25.7201 6.95075 -0.957378
-1.6803 0.104178 -0.597146
-1.43047 -5.85739 2.82527
-9.20172 -0.492703 -1.06085
-3.87331 -4.34181 2.61298
-16.6927 2.57815 -0.933572
-1.1352 -6.92779 -0.494042
-3.12462 -5.34978 -0.295354
-3.24686 1.73107 -0.670555
-8.02212 3.69748 1.96108
2.47815 -9.166 2.40262
-1.68875 -6.07899 2.4303
-2.10624 -1.09862 -0.582704
2.31052 -8.63654 2.96672
-1.30088 -2.91247 -0.533826
1.32172 -2.46301 2.08167
2.09498 -9.51018 0.528553
-2.02178 2.18266 0.101325
-3.49642 1.08477 -0.657302
-6.33017 5.6684 1.09775
-8.76094 4.44541 1.93866
-13.5849 4.77888 -0.917573
2.54564 -9.90649 -0.116369
-4.84247 3.32247 -0.746742
17.6294 -0.358903 2.41783
-6.52832 4.40043 1.60581
-21.7635 3.78433 -0.339666
-27.3826 14.8526 0.592169
-15.8876 6.57559 -1.02084
-0.293028 -3.07363 -0.514391
-11.7043 1.51555 1.9656
5.85814 1.1756 1.98137
0.0979286 -2.10539 -0.522885
-23.0908 4.88946 1.68685
-9.10059 4.91339 -0.835605
-10.3835 6.81795 2.37555
-0.483539 -5.10852 -0.46635
-4.49484 4.17589 -0.507803
-19.4623 2.70592 0.50065
-15.236 5.77085 -0.984237
-25.4583 13.7493 0.798948
10.5764 0.374926 2.34378
-19.6963 3.26568 1.62572
-11.0103 7.98551 1.85386
5.71199 1.4971 1.94588
-16.4608 5.20615 -0.32313
-26.1377 20.3849 -1.1697
-1.27611 -6.84781 -0.67368
-29.0735 16.7237 -0.77796
-11.1758 4.11855 -0.863652
-1.9001 1.50388 -0.635158
-11.3219 2.18031 1.85225
-7.26996 2.76906 2.00127
-7.13036 -0.285854 2.59911
-0.349169 -7.56389 -0.550717
-28.3195 17.6943 -0.378262
14.4956 -11.1449 0.14073
-13.9143 3.83271 -0.907603
-2.28239 -1.09117 -0.586074
-23.4965 5.73193 1.65171
-17.9972 3.69901 1.82542
-10.1307 7.27427 1.46966
-27.1563 19.1182 -0.972957
11.9138 -11.7062 2.754
-24.1822 5.74531 0.937156
23.8602 1.37769 1.39579
-21.7448 3.77301 0.0902363
-5.45103 -2.70169 0.695654
-19.128 9.1181 -1.15061
15.0607 0.276691 2.79143
-6.81234 5.6033 -0.84046
-19.1377 4.14736 -1.01587
2.02593 -7.82471 2.28982
-23.5912 10.9951 -1.09234
-4.72128 4.11497 2.52845
-3.42974 2.16111 -0.683106
-9.10533 7.87966 1.62017
-5.02166 3.15964 1.64515
7.1406 -3.52453 2.2878
-18.0303 4.45692 -1.00854
-2.64152 2.67406 -0.0863517
-16.1349 5.62819 -0.143596
-25.8721 20.736 -0.85398
-7.78486 -1.59702 0.325037
10.9758 1.55966 2.8051
-1.50225 1.67837 -0.627356
-12.8269 8.97212 2.26085
-7.42825 2.32102 -0.756068
-6.33451 3.8384 1.84808
-0.372888 -7.50846 2.0523
-19.0491 9.76723 -1.19085
-27.1453 19.1232 -1.16048
-5.33192 2.64363 1.89016
-2.07905 0.694858 -0.616008
-0.0518824 -5.4376 -0.440867
-21.106 10.788 2.0638
-22.0199 6.45929 -1.15468
-9.10048 -0.332407 2.75197
21.0156 0.260582 2.5406
-11.6921 2.12899 2.10338
0.0950062 -2.65106 -0.516279
-1.54155 -6.64076 -0.715237
-11.7272 9.56016 -1.00917
-6.30738 5.64666 0.727139
-20.1987 4.92965 1.83121
-19.6213 2.90926 0.0491483
45.3996 -39.5198 0.728745
-3.70375 0.308878 -0.640012
-12.9614 2.908 -0.886084
1.62049 -9.13283 -0.314715
-4.48032 1.1042 -0.673184
-5.76882 3.11438 2.53264
-3.52147 -0.708737 2.15233
-2.45861 2.53364 0.311502
-15.0745 5.65513 2.28896
-0.373815 -4.27243 -0.480469
-5.56985 5.04519 -0.282382
-3.02779 -5.42172 -0.450782
2.48086 -9.83228 -0.04424
-2.09748 -0.302164 -0.595071
-9.55895 -0.0928873 1.08961
-18.1233 3.63797 1.83668
-23.5044 6.50379 -1.09578
-4.37687 1.88206 1.96881
4.41296 0.484073 -0.396035
14.9251 0.354843 2.62541
1.79778 -6.83535 2.90263
-4.13979 -2.64827 2.73537
-0.10338 -7.33391 2.76909
-6.66022 -0.449076 -0.688825
-5.17283 4.47477 2.51001
-3.87263 2.49294 -0.70145
-3.02373 2.98528 -0.104964
-2.90162 -5.5277 -0.296349
8.73153 -5.89954 -0.291033
-8.58155 2.6614 1.99659
-17.5979 4.65739 -1.00505
-0.694602 -6.86433 2.64763
-12.2591 3.88501 2.38306
-20.4511 9.22379 -0.869122
-2.73828 -5.51786 2.26832
-9.66835 4.88751 -0.848928
1.20552 -5.08346 -0.431439
-3.25676 -5.24753 -0.296781
-6.72965 4.86263 -0.820075
-9.99795 6.2451 2.40342
-3.41003 -4.29894 2.775
-0.681347 -7.00937 -0.427697
-7.28504 1.51796 2.54369
0.49219 -8.22311 -0.311287
-26.5606 19.9591 1.05555
28.3496 -24.3149 3.13481
14.7297 3.78488 -0.358009
-0.682044 1.11768 0.0926713
-3.11538 -0.103347 -0.618287
-0.000867694 -7.8059 1.69984
-22.3358 11.5337 -1.3036
-7.72496 -1.27652 2.10795
26.9725 -31.5523 1.60949
-20.2886 2.63159 1.08952
-5.37782 -2.78931 -0.29101
-8.0483 0.769139 -0.735888
-20.8677 8.72061 1.1333
3.79267 -10.3409 0.910877
-22.1723 4.11502 -0.843833
1.17781 0.316676 -0.462389
-28.5715 17.3665 -0.801981
-2.1951 -0.442498 2.47952
-12.3794 3.75573 2.3967
-5.20892 1.28391 -0.684229
-6.53266 3.2629 2.51154
7.38745 -9.04834 2.55394
-9.7106 0.690088 -0.710146
-4.98623 4.20213 -0.780921
17.9879 1.11329 2.6589
1.31777 -6.45757 2.88334
-4.52919 -2.91739 2.7363
-27.1841 19.12 -1.82248
-16.5299 8.54029 -1.10389
-9.82701 1.0591 2.01445
-10.7635 7.14444 -0.937931
-22.8799 6.04681 -0.837673
-2.90314 -2.68056 -0.560207
-7.13993 -1.36792 2.64457
-4.49885 -4.17872 -0.520818
14.3879 3.09002 2.2782
-9.25194 3.80213 1.86092
-17.8475 10.7689 -1.13761
1.98971 -9.43148 -0.0616172
-12.6603 9.5763 2.24147
-11.3678 7.54499 -0.934038
-21.0209 15.0969 1.93109
46.7463 -37.7913 2.08014
-28.6567 17.3068 0.618371
-23.4479 6.50039 -0.854465
0.100479 -7.91472 -0.0987925
10.9252 1.57412 2.8015
7.20232 -19.3812 2.68028
-1.7062 1.70904 -0.63782
-1.87275 -6.3702 -0.681769
-16.4623 6.21379 0.983638
-17.3733 2.17928 -0.937117
-8.44624 -0.0504889 2.55122
-27.1254 14.5584 -0.498468
2.13626 -9.12693 2.79793
-2.0116 -6.20079 2.18867
0.303507 -1.42798 -0.527911
2.75339 -10.0262 2.15809
1.48802 -7.78435 -0.366991
18.4352 3.78724 2.09918
-8.12209 -0.936857 2.11966
8.55603 -6.14434 -0.293329
-8.76938 2.77678 1.99262
0.694571 -2.08987 -0.510023
-12.4084 7.90727 -0.98133
43.968 -41.2156 2.43857
-23.3594 11.4651 1.11966
2.52993 -7.60556 -0.355591
-14.9459 4.28367 1.82423
0.336166 -2.89688 -0.506018
-0.931048 -6.78513 -0.45619
-4.3118 3.5043 -0.745107
6.55421 -5.59574 2.65209
1.70008 -4.06865 -0.45493
-0.278752 -5.04562 -0.45917
13.9681 -9.26331 0.528354
-1.40717 -5.06705 2.18683
-20.098 12.3863 -1.28084
-20.8597 8.64359 -0.87832
-5.58775 3.21387 2.56275
3.18378 -0.797033 1.13648
-14.5377 11.135 -1.10554
-7.67428 3.86311 1.96093
14.2616 -8.86468 1.61684
-8.17725 7.14539 1.43123
-6.04916 5.2434 -0.81209
-0.117678 0.666506 0.226396
-8.19441 7.15796 0.845375
0.102974 -3.49651 -0.495429
-16.1296 5.77349 0.0680721
-22.9972 16.1973 1.40924
-9.66963 4.69515 1.92545
0.445325 -6.451 2.87319
-2.76075 -5.64418 -0.34203
-28.9207 16.8881 -1.23718
-21.4884 14.9426 1.63285
8.54588 -9.69381 -0.222669
3.96279 0.658153 -0.395132
-26.3851 20.0759 -1.19204
-29.1068 16.7276 0.445108
-16.5414 5.16166 0.811095
-26.2819 20.2639 0.0431608
-3.53036 0.478148 2.22134
-10.3122 7.89462 -0.943428
-3.209 -3.61945 2.11726
2.30392 -9.70764 -0.449358
-17.9166 3.82645 1.84666
1.31626 -8.8869 0.0866353
-0.52654 0.991818 -0.100178
13.2287 2.87088 2.50065
-17.0424 6.57572 1.08411
-21.3297 3.43525 -0.958691
-5.02895 1.6642 2.09182
3.86318 0.688798 -0.422958
-17.3276 4.34449 1.7748
-18.5752 3.57566 1.75991
-4.70803 3.51298 -0.74939
3.39277 -0.546789 0.526791
-0.926181 -6.84247 2.36125
12.7057 2.72917 0.691634
-23.0103 4.78881 0.866001
-7.9852 6.95135 -0.638208
-5.31847 4.29165 2.50517
-3.94611 2.31508 -0.696716
-1.91136 -6.12054 -0.48448
2.03071 -4.18706 2.35058
-23.1725 5.0133 -0.960981
29.2683 0.996007 2.5428
-25.1688 6.46937 0.494453
-10.9884 4.74927 -0.86959
-4.97874 -3.64485 0.100798
0.714982 -3.32514 -0.491214
1.33531 -5.97494 -0.41295
-6.86047 1.69644 -0.72997
0.0949754 -3.26523 -0.501343
3.75351 -0.072775 1.39572
7.62736 0.628015 2.62185
-1.29634 -1.28869 -0.565786
1.89835 -4.08031 -0.450261
-0.768171 -7.2004 0.960671
-1.4359 1.72494 0.856308
1.32679 -0.509298 -0.523278
-7.86279 4.11186 -0.807629
-26.3382 20.2049 0.394838
-16.6355 5.0471 1.13555
-4.68973 1.2989 -0.681551
-6.11048 3.29929 2.52405
-11.6631 9.00615 -1.00584
3.94983 0.749308 -0.455602
-29.2102 16.3645 -0.70984
-6.64198 3.17378 2.54077
19.857 -0.430752 2.64072
-5.2649 1.30117 -0.69138
-16.6176 4.9395 -0.212498
-26.3913 20.0791 -0.991324
-2.45035 -5.04465 2.2019
-23.5088 11.1393 -0.471688
-1.1391 -6.92755 -0.277529
-10.7116 8.35025 -0.963394
-12.0139 10.2342 2.24375
-20.8987 8.65767 0.299852
0.0998329 -7.88732 1.46788
-25.844 13.6058 -0.697402
-22.9145 4.7075 -0.910012
7.89226 0.377523 2.79814
18.8966 -7.91622 0.182209
7.59784 -8.85255 2.54472
-28.135 17.9323 -0.0911586
-8.75656 0.230226 2.5325
-10.7615 8.94358 -0.515607
1.24751 -5.61824 -0.424565
-1.55326 0.315883 -0.60387
-5.55835 5.03919 -0.706046
4.13848 -5.44183 2.26495
-23.4138 5.10935 -0.271399
-11.9609 7.47898 -0.937067
-5.46983 4.98633 1.7216
-4.86359 -3.97505 0.0970747
43.5722 -41.7041 2.95326
0.315712 -7.97971 2.41234
-22.6937 16.4061 1.74634
3.18956 -0.779502 0.883234
-8.29071 5.88795 -0.856331
-8.50877 -1.05734 -0.639394
14.6638 3.86553 1.60014
-5.59642 1.69842 -0.7107
-0.353577 -7.5576 -0.101959
3.31658 -0.665917 -0.374717
3.11204 0.0863315 -0.391852
-5.75331 2.26559 2.07671
-8.01245 2.91002 -0.775836
1.4947 -0.703117 -0.503619
-7.45503 -0.849623 2.58092
1.27544 -7.58674 -0.372417
1.24914 -8.40191 3.07572
-12.033 3.67162 2.40572
-15.6505 6.52981 -1.01995
-0.0925284 -3.09873 -0.511395
12.0292 2.16298 -0.439019
1.23968 -8.33322 3.04984
-12.0942 3.54883 2.41022
-6.50453 3.84543 1.81442
7.73249 0.535559 2.49432
-3.21833 1.71249 1.75949
5.64536 0.646576 -0.052545
-7.24612 6.40373 1.70596
-2.36857 2.45494 -0.49615
-7.46139 1.8703 -0.747323
20.1574 -18.0201 3.2012
-12.9853 4.28684 -0.912128
-1.48811 -0.720593 -0.583663
3.19413 -8.74765 -0.318129
-23.3359 11.5671 -0.454014
5.68021 -5.31909 2.2743
-2.61573 -5.31354 2.61576
-6.70474 -0.697333 2.60817
-6.08826 5.03807 -0.812534
-23.3185 16.8917 1.24795
-8.69995 -0.318644 2.0915
-19.5139 2.45725 -0.929031
-24.8242 12.4914 -0.663087
-9.35562 0.431491 1.49018
-9.13954 7.59795 2.34615
-2.68804 -1.09383 -0.60098
-15.5581 5.78613 2.26353
-24.7272 9.70763 0.825652
-7.87572 2.10296 2.51251
-23.1796 5.9585 -1.15337
-0.815471 1.24003 1.06645
-7.34617 4.68783 1.93181
-3.00435 -2.9686 2.74552
-28.0852 17.9425 -1.19423
-0.363948 -5.63249 -0.444085
-25.9076 20.7549 0.669207
-17.2482 2.44976 -0.94603
-20.7355 9.49841 0.0937872
1.96022 -6.73171 2.90989
-3.79704 -2.77252 2.74312
-20.7666 8.74785 -1.0984
-4.11912 -4.51849 -0.502799
-6.54351 5.82297 1.19948
-8.96955 4.61387 1.93963
-3.64078 -0.769289 2.18652
-16.5322 6.14438 -0.470402
2.86094 -4.50627 2.35478
-25.3023 13.3274 1.4332
16.2358 3.07354 2.4494
3.70201 -0.113168 -0.422251
-8.06732 1.47795 -0.746501
14.5018 4.01226 1.86142
-23.6786 5.47045 1.6602
-24.9458 14.9335 1.26224
-6.34744 2.30826 -0.740175
-1.13509 -6.93046 -0.0833994
0.787124 -7.27623 -0.389491
-23.3103 11.3777 -1.24988
-24.7324 9.71776 1.65717
10.5363 2.03776 2.24203
1.68471 -0.285955 -0.471677
2.73817 -10.0343 -0.218152
0.65513 -1.30832 -0.523128
-24.3628 12.6411 -1.32257
14.4885 0.697161 2.49354
-5.51917 0.0474376 -0.670954
-11.0554 7.94434 1.85534
-4.01991 -4.62223 0.695812
3.80465 -1.92396 -0.458028
12.6494 0.339903 2.12783
-0.898204 -2.09256 -0.539426
-3.78127 -1.85924 2.62651
-1.10184 -4.56871 -0.480796
-8.8109 1.64129 2.31046
-11.4282 4.29622 -0.876084
-2.11041 1.70332 -0.650411
10.4858 1.58938 2.80562
-11.7821 9.96687 -1.02564
-11.4745 6.38344 1.86637
2.95326 -7.5011 2.94018
9.39035 -4.14033 2.10445
-22.8895 17.4085 1.25979
-27.5602 18.6573 0.0252184
-13.8013 4.06467 1.5394
2.11303 -9.37592 2.49011
-7.01202 4.42726 -0.800187
-15.1964 7.70872 -1.02939
-5.93391 5.1191 -0.809561
8.12511 0.515512 2.32162
-10.8774 8.89755 -0.692413
-8.63397 6.65407 -0.896114
-12.0885 9.39014 2.26152
-5.07417 -3.02459 0.295591
-22.4601 6.66545 1.60142
-18.3116 14.112 2.01295
12.1881 2.34044 2.78764
0.927055 -6.20315 -0.414157
1.97651 -9.3941 2.04884
21.4223 0.719333 2.56397
-19.441 11.0124 2.0789
2.61278 -9.98035 1.68794
2.48267 -9.80924 2.02247
-9.06002 7.52777 -0.927836
-3.21731 3.13872 -0.263056
-11.4306 4.01369 2.39175
4.28863 -10.0027 2.18505
1.85027 -8.74879 2.96272
-1.7038 -2.72885 -0.54645
1.88425 -9.33494 0.859037
-8.06639 1.29941 -0.743656
-16.0895 4.02955 -0.944536
-0.507389 -5.69668 -0.450229
-26.3771 7.47328 -0.901382
1.10553 -7.07594 -0.391583
12.2423 2.51744 -0.126031
-1.68727 1.49035 -0.629672
7.8349 -4.2322 1.06302
13.2942 2.30824 2.24531
0.31025 -4.52534 -0.467955
-9.34731 4.72311 1.93884
-23.3931 5.105 -0.128128
0.908086 -7.14962 -0.392296
-25.9725 7.18394 1.51813
-3.83984 -0.364735 -0.631212
11.6492 0.868855 2.82917
-6.53628 5.80439 0.088694
-4.85251 -0.0899124 -0.650696
3.64129 -0.226569 1.09793
-4.84482 4.47948 1.2649
-7.28676 3.29957 1.98722
-20.0245 16.0274 1.28501
-15.9517 11.3806 1.3381
-0.433206 0.931213 1.35493
-9.48564 7.1401 -0.924694
9.63209 -10.2599 2.41545
-12.8163 8.49424 2.27912
-6.66831 5.4857 1.91392
2.46895 0.49926 -0.420076
-6.36156 1.86364 2.00646
-4.13384 3.81135 2.52051
-2.73779 1.91094 -0.671906
-17.4316 2.63981 -0.957396
2.17373 0.0706647 -0.388244
-6.66644 2.29505 2.0294
-1.77215 -1.69628 2.2055
-20.3813 15.6235 -1.33346
24.8378 4.62569 2.04472
-11.1258 9.47971 1.13656
-3.11734 2.29403 -0.68806
-1.89117 -3.55773 2.06266
3.67638 -9.83459 -0.292229
-9.61629 1.87161 2.00134
-16.7346 6.29873 1.40716
-17.7042 3.12756 -0.976274
21.877 -16.0199 2.24536
45.7814 7.99671 1.86058
2.25319 -6.29624 -0.408147
0.94484 -8.17111 2.7356
14.0262 -9.15827 1.54861
-13.5387 8.90748 -1.02762
-9.17382 0.394082 2.99754
-3.10006 2.63817 -0.699762
-18.0864 4.06074 -1.00657
-27.5032 14.9206 0.797453
17.1081 -7.37461 0.186669
-3.68831 -0.291985 -0.624356
-19.6108 2.54367 0.627613
-29.2845 16.5433 0.51025
-26.4129 20.1028 0.24355
-5.52954 0.699422 -0.677486
-18.0488 4.28561 -1.00732
-12.1885 2.97497 2.39922
7.61687 -4.3434 2.23614
1.14362 -7.70512 2.91818
-18.2129 3.39519 1.84065
-2.89809 -5.51057 -0.478804
-18.6785 2.53776 -1.13891
-8.83287 2.47387 -0.780271
-1.10639 -6.53287 2.56779
-18.0808 5.0627 -1.01957
-23.8946 12.0308 1.66862
-16.5727 3.24963 -0.94414
-28.6982 17.1957 -0.99836
-7.39942 2.14697 -0.748511
2.00244 -9.04214 2.88621
-9.36209 0.41769 1.50542
-4.22104 1.00389 2.16194
-1.93681 2.1305 1.44889
-25.6358 21.0396 -0.178998
-1.29422 -6.79585 0.328089
3.9939 -5.32959 2.92929
-8.27627 -0.73068 2.09703
-18.7721 7.43971 -1.09645
0.685433 -5.18452 -0.44358
-28.3338 17.6835 -0.0228286
-15.0966 6.83078 2.27676
-2.10755 -0.0973152 -0.605066
-12.6716 2.47259 1.91485
1.1004 -2.28763 -0.497834
-16.2305 5.92405 1.7168
-0.118309 -7.71835 0.863742
-26.7573 14.3023 -0.528628
-1.79101 -3.70533 2.78777
-8.21865 -0.263276 1.99754
-18.6307 7.91811 -1.09921
-14.8025 8.63389 1.70346
-28.8439 17.0485 0.033281
5.37157 0.445901 -0.0472391
-3.54079 1.97058 1.74902
-7.59954 6.62675 1.75444
1.8871 -9.34032 0.505928
1.34605 -3.95494 2.34415
-20.4756 9.20877 0.706952
2.09367 0.302052 -0.418131
-16.3667 5.34488 0.245297
-20.5596 8.89017 -1.21502
-4.89303 0.299567 -0.657247
-3.85564 3.66798 1.71305
-4.86647 0.538776 -0.65636
-0.854657 -1.63202 2.22043
-9.71294 0.687575 -0.497841
-1.02138 1.3846 -0.497492
12.5169 -10.9443 3.11025
9.37266 1.49219 -0.456734
-26.3953 20.0765 -1.80727
4.88723 0.691062 -0.423943
8.47557 0.648808 2.3018
5.6539 -14.7458 1.03372
-15.2276 7.07767 1.55516
-15.3138 6.36689 2.27586
-0.106032 0.661526 0.096628
-15.6216 7.4659 -1.04468
-8.17808 7.13864 0.671469
-2.02591 2.18256 -0.099505
13.0635 1.89588 2.28197
-21.2471 15.5168 1.93546
-4.22655 3.96886 0.324438
1.92936 -6.63937 2.17337
-9.8405 0.809886 -0.705469
-10.7666 6.4547 2.40047
-26.118 20.4376 -0.684253
-28.9595 16.8817 -0.379716
-8.43348 2.16469 2.43494
30.6164 3.60758 2.87543
-7.16413 0.265117 -0.696458
-25.6808 21.0197 0.307163
4.60679 1.06691 0.498076
24.4563 4.87335 1.03668
-10.0687 7.20088 -0.928146
-14.2109 11.9564 -1.00818
-3.07007 3.02097 -0.366766
5.78311 1.00821 -0.33375
1.25999 -8.81409 2.34193
-7.22391 6.37324 1.96861
5.56312 0.736742 -0.306802
8.73127 -3.64663 2.11048
-20.4248 9.2059 -1.07896
-9.51295 0.584706 2.41112
13.0745 3.31667 2.33185
-12.3502 1.91125 1.9342
-14.2687 10.5158 -1.07074
-25.361 13.5565 1.44063
-12.6795 8.41563 -1.00191
-5.94671 1.07241 2.16772
-14.1885 6.08406 2.28862
-15.332 2.13897 1.54572
-18.9815 12.613 1.54865
-4.45912 -0.107628 -0.650393
-5.336 4.10334 -0.778874
2.29942 -9.68457 -0.0679902
0.342451 -5.22644 -0.444655
-27.3166 18.9781 0.428983
-9.66961 5.15997 -0.852463
-11.037 7.10042 2.3514
-11.791 2.19243 2.01184
-8.89895 5.76857 1.70838
-28.857 17.046 0.445394
14.5174 -10.4211 0.527951
-20.8891 15.4933 1.9405
2.13602 -2.04905 -0.478291
11.0518 0.265423 2.2151
15.8215 1.06861 2.35047
13.3713 2.94864 2.24773
0.502241 -3.91055 -0.478764
20.1398 2.68568 2.29317
-10.0688 0.997338 1.51211
2.23193 -9.61699 2.04278
1.11899 -6.54573 -0.403624
-3.87596 0.289314 -0.636771
-13.4013 4.86466 -0.934283
-9.35874 0.231424 -0.967383
-1.88813 -0.104786 -0.596703
29.515 4.56399 2.77953
4.58168 -2.00241 -0.430539
-2.68779 -5.4793 2.89323
0.515847 -6.69072 -0.404015
-3.88723 0.489411 -0.645805
3.72028 -0.131359 0.902904
-3.1054 -4.55106 2.7889
-0.349578 -7.28137 -0.420178
-4.23775 2.5804 1.79755
-6.73815 1.42732 2.53664
-1.17801 1.52006 0.540529
-0.515342 -7.39513 1.28584
5.90115 0.719741 -0.0971818
0.0846246 -4.55209 -0.468368
-28.4111 17.5877 -0.447548
-5.15182 -2.95865 0.0969526
-25.6719 21.0722 1.2524
-4.43814 3.17142 2.54789
-3.11834 1.27245 -0.657552
-14.7607 2.46873 -0.904142
-8.22492 7.14276 -0.751097
-23.1695 4.91488 0.66986
-1.021 -6.06723 2.84205
-23.2659 12.0755 1.95708
0.771819 -8.02267 2.87407
46.5331 0.932768 2.6136
-19.4282 11.4825 -1.22527
-14.2331 11.8034 -0.0803411
9.70674 -8.5181 -0.216596
-1.34524 1.66228 1.20395
-0.674995 -7.28344 0.502284
-2.83528 -2.45656 2.74299
-27.7802 18.3202 -1.19598
22.3922 -20.5682 0.155552
-16.8006 6.36582 0.677908
-19.1639 11.3263 2.07135
12.5964 2.02434 2.79131
-21.4806 3.5927 0.484672
24.7286 4.60792 0.776299
-11.3622 9.54704 2.26397
-0.291972 -7.58611 0.195533
-5.85946 2.90532 -0.756831
-13.2933 9.70668 -1.05268
2.30938 0.0776509 -0.394696
-6.47476 2.31074 2.0187
12.4656 1.90057 2.8517
-11.3653 3.42393 -0.855236
-12.6206 5.27408 2.36454
-11.5109 3.6728 -0.866735
-11.3726 3.11096 2.40462
-8.07664 1.68546 -0.750969
13.1623 2.93772 2.74033
-8.81991 2.9441 -0.790948
-2.90031 2.2881 -0.681718
-6.72496 3.05134 2.02344
-3.10233 3.02425 -0.68055
-8.92012 3.71124 -0.821818
-18.6242 3.70384 1.76631
2.70112 -2.28266 -0.464419
-5.95183 3.56264 -0.761135
-15.1867 6.12828 -0.98933
-14.8444 9.02258 -1.04938
-6.82114 1.11943 -0.713944
0.717415 -7.97509 2.83074
-8.93488 -0.713716 -0.983287
2.00851 -6.09675 -0.41247
14.6986 3.87427 2.11643
-29.2354 16.4363 -1.40134
-23.4558 5.87145 -0.721048
-24.7211 12.443 0.52603
22.14 3.46226 3.10041
1.3854 -8.71497 2.45899
-4.13758 -4.54389 -0.705872
-2.76264 -5.6458 -0.089597
-14.5018 9.75505 -1.05579
-19.5519 12.9334 -1.2901
-20.9174 14.9289 1.91845
8.59299 0.52506 2.34477
6.21876 1.67937 1.64779
-16.4278 2.17047 -0.917471
-7.52278 -0.0874838 2.57791
-1.10116 -6.16289 2.23446
-7.71743 2.89791 2.00813
-14.429 10.3139 -1.0744
1.1177 -0.58129 -0.477016
28.9143 4.95161 2.56498
-14.6817 9.36113 -1.05185
-0.119315 0.669504 -0.230827
-6.26681 5.61115 0.507041
-12.1421 2.11037 1.90828
3.56311 -9.70932 2.75249
-0.677846 -5.65597 2.18415
8.43037 0.000375763 2.67665
-13.4106 11.2851 -1.05874
-2.8954 -5.5057 1.28485
-6.85363 0.872657 2.57193
-2.98261 2.95022 0.144754
-12.8278 2.02103 -0.866245
12.0935 2.48314 2.81924
-2.37976 2.46919 -0.300947
-26.5055 19.9065 -1.77219
-1.14818 -4.85643 -0.477292
3.07085 -0.71018 -0.408214
32.8982 4.71841 2.62722
5.0207 0.0727752 -0.347
-8.91694 -0.277092 2.20973
-6.16112 -2.91507 -1.03959
-27.1777 19.141 0.0395884
2.82105 -10.0677 2.40393
-13.2039 4.81472 1.52498
-23.619 5.30568 1.8065
20.0479 0.254739 2.47069
-15.3407 4.91245 -0.972916
7.78001 -4.6452 1.76062
-8.28573 -0.687555 -0.707263
-26.3173 7.70712 -0.131294
-17.5735 3.56651 -0.977349
-1.98831 -6.10477 -0.503922
-1.08925 -1.1661 2.09153
8.52015 -7.64665 -0.257324
-8.89786 4.31011 1.95072
-5.67094 5.13617 1.29446
-14.7166 11.3892 -1.10041
-24.0616 13.8274 -1.33724
0.946518 -2.49425 -0.496322
-9.36803 0.634451 1.91436
7.93617 -19.9759 2.24994
7.66956 0.113659 2.82001
0.0934217 -3.63809 -0.487273
0.50147 -6.26612 -0.418667
-17.0666 6.56851 0.841609
2.07971 -1.28002 -0.48227
-6.81992 -0.253542 2.60217
-10.1642 1.06427 0.888613
-7.09861 4.04442 1.90618
-5.91588 2.29292 -0.73427
-21.0928 3.25073 -0.095989
-7.14315 -0.502679 -0.694973
-2.66496 -2.72128 -0.558279
-12.3129 3.90112 2.39293
-17.7397 3.49511 -0.978487
-2.15216 -6.11242 -0.502836
37.9827 -28.9391 2.73944
-13.2955 4.51816 2.34867
1.66813 -9.14205 1.90823
-9.48683 -0.261098 -0.514591
-21.0413 4.72747 -1.02848
-3.11003 -0.3688 -0.612533
-1.9107 2.06355 -0.637604
-23.6932 11.8409 -0.106193
-14.4616 5.68159 2.30293
1.81549 -9.27139 1.23122
2.45981 -0.272447 -0.390538
-20.674 2.93918 1.81841
1.90886 0.378775 -0.460771
-7.42416 1.50181 -0.735891
-2.60402 -0.826167 2.21259
-10.454 4.6343 1.83711
18.2924 3.54642 2.18718
-8.33766 -0.742036 2.30981
-2.71855 1.29969 -0.652523
0.786114 -8.43321 2.14015
-1.56127 0.0908136 -0.597502
-1.10202 -2.49004 -0.534397
-1.91147 -0.0941726 -0.603042
-2.66913 2.69811 -0.281585
-18.6925 2.63042 -0.825052
-0.0973002 -1.6931 -0.53273
7.67417 -8.48161 2.57617
-0.572782 -2.18302 2.27398
-9.38932 0.0944264 -0.684965
29.0524 -30.8721 3.22074
-1.55945 -5.76838 2.8241
-9.34959 -0.368657 -1.15823
-14.9769 10.8676 -1.10142
-8.1676 3.52739 1.97034
-0.499572 -2.52412 2.27586
-9.43757 -0.268756 0.878861
-12.3916 7.53405 1.7946
3.05047 -2.7315 -0.448547
-5.4428 -2.7387 -0.292679
18.2707 0.33332 2.22459
-0.281354 -6.88433 2.30749
-25.7424 20.9366 -0.0812997
-7.18836 3.5098 -0.777169
-15.072 2.89278 -0.917686
-22.0351 13.9569 1.62679
5.74953 0.669762 0.0791382
-7.58849 0.959096 1.81584
-15.3451 12.2825 1.46625
-3.21635 2.36948 2.62309
7.10442 -18.0125 2.72725
-1.89565 0.313146 -0.598923
-11.5754 7.83648 2.32887
1.61023 -8.3747 2.36662
23.302 1.36372 0.775555
-7.25311 6.07451 -0.857633
-12.6815 5.29601 -0.915818
-4.39639 4.13704 2.05924
-12.5667 5.37911 -0.916746
-0.297927 -1.49366 -0.53774
-16.1283 5.71988 1.70059
-2.45715 -0.258433 2.24352
-10.2628 5.15527 1.91307
22.5469 -24.9509 0.195529
-7.2827 -0.492301 2.58046
-12.4745 5.7109 -0.915087
-6.69055 5.31705 -0.825511
-11.1635 2.75492 1.77958
-25.3747 13.1418 0.91153
1.69186 -1.29023 -0.489512
-10.0776 5.50528 1.91264
4.36092 -10.8574 2.61547
-7.61849 0.940868 1.79988
-26.9479 19.4403 0.409612
-12.3621 6.07755 -0.918787
-6.34107 4.70384 -0.81544
-9.72124 6.0782 2.40648
3.79741 -1.62923 -0.388055
-17.6856 2.95725 1.91962
-3.20477 -5.25285 1.07196
-3.84937 3.66094 0.708552
-8.35883 3.24503 1.99338
-9.36751 0.144373 -0.306793
-12.1959 7.59325 -0.955695
-12.1911 7.71638 -0.962312
-14.6263 2.6585 -0.893988
-21.6613 15.0593 1.64484
3.85341 0.530785 -0.403398
-29.2049 16.5677 0.427531
13.1158 1.53509 2.28282
-2.63736 -0.0855214 2.15569
-17.1572 12.7022 -1.22195
-10.4664 5.31071 1.88617
12.3373 -8.92016 -0.197283
-14.1322 11.7458 -0.432473
-1.56968 1.82529 -0.310532
2.92076 -10.0964 2.15342
-1.30494 -5.24863 2.8196
-19.5338 8.37268 1.97736
-24.6219 9.81693 -0.314057
-3.81999 -4.77198 0.779131
11.0033 2.2708 -0.414662
-21.9344 3.94665 1.11677
-16.7968 6.36367 0.102926
-11.8146 9.18942 -1.0012
-24.6639 14.1733 1.42508
-20.68 9.47235 1.48561
-10.8851 9.0513 -0.958386
-11.6106 9.82627 -1.01452
0.386495 -2.91411 2.30317
-0.604503 -0.0930378 0.203022
-9.45099 4.93225 -0.837969
-10.8096 6.84565 2.37055
-11.3334 8.19364 2.32996
-7.26172 3.53925 2.32647
5.31739 0.522846 0.936167
-3.31642 0.152507 2.16509
-1.04063 1.42328 1.42774
-10.1572 7.51049 -0.932677
-0.34193 -7.55528 0.329635
11.5094 2.31316 -0.414088
0.627467 -8.13023 3.15173
-26.4168 7.66231 1.71457
15.5153 -0.0951803 2.58229
-28.0402 18.0081 -0.825159
-18.8712 11.9522 1.52652
-8.95702 5.38558 1.64538
-9.92625 2.16419 -0.800225
0.868852 -5.77883 -0.42565
1.41681 -7.35677 2.2727
-19.7904 3.69037 -0.974998
-2.07514 2.23617 1.66932
-1.35345 -6.75163 0.00211859
-5.00595 2.90962 -0.738544
-4.2836 2.97396 2.00007
-3.88638 0.803359 2.29755
-6.52162 3.48551 -0.761222
-19.9362 4.73555 1.78389
-9.77932 5.52589 2.03252
2.35127 -6.73119 -0.38566
-19.1261 8.06025 1.86903
-10.9117 5.07793 -0.874281
1.75603 -9.21783 1.5422
-3.85834 1.09876 -0.659953
11.9341 -10.0729 -0.15499
8.79701 2.2021 2.73977
1.27321 -7.16433 2.90383
-0.515208 -6.97335 2.77632
-22.8303 11.1415 2.05577
-14.3186 6.34636 1.65252
3.23592 -1.78491 -0.437559
-27.9484 18.1888 1.05945
-1.61825 0.229687 1.40225
-10.7134 6.35883 -0.902483
-8.29925 6.15865 1.85371
-10.5729 6.78509 -0.912584
1.8792 -2.86887 2.09484
2.6409 -9.9549 0.560554
0.174466 -0.566009 -0.0558296
8.3897 -8.12045 -0.255577
-26.2759 20.2521 -0.375612
-0.143675 -7.75491 -0.689749
-2.70545 2.50612 -0.683637
-4.07327 3.84851 1.33782
-6.50254 2.66352 2.02474
-2.86933 2.67289 -0.692326
-1.4976 0.702404 -0.609203
-5.2636 3.33288 1.63789
-6.52341 -0.460904 -0.675469
1.29548 -2.9201 -0.483793
-9.61499 0.589789 -0.758765
0.272328 -3.10279 -0.503009
-9.93789 2.0711 -0.799598
-1.6942 1.92147 -0.300991
-5.46454 3.55087 1.69185
-7.89271 2.30615 2.51156
4.70201 0.944232 -0.376893
-2.2682 -3.99316 2.7856
-8.71185 -0.495285 2.08895
-9.88833 3.88334 -0.83677
0.479713 -8.25349 -0.815655
14.979 3.26663 2.08964
-16.2484 5.92272 0.918784
-18.5134 10.35 -1.19699
-26.6557 19.7334 -1.1653
1.13098 -8.74481 -0.08406
-14.9131 3.49405 -0.925347
-9.85835 4.10535 -0.831848
3.04484 -0.243297 -0.381061
-9.03438 -0.609966 0.313833
-23.1173 6.39682 1.63789
12.1424 1.41186 2.73679
-12.6579 9.18675 -1.01629
3.03366 -0.430116 -0.390789
-12.5289 7.72183 2.18147
-21.6037 17.0056 -1.43297
-10.8593 5.05666 1.77525
4.59379 1.08147 1.31656
-9.67859 7.08764 2.36768
-8.37639 5.16 -0.836638
-20.5712 3.60272 -1.02708
0.544847 -7.48497 2.32086
-1.8924 -0.248665 -0.600573
12.2323 3.30124 2.80982
-5.92971 4.07337 -0.779207
-15.2718 6.66831 -1.01029
1.65105 -9.13747 1.02875
-23.1783 6.11603 1.64173
-25.0563 14.7109 -1.39873
-8.10769 1.69006 2.5191
-14.6937 7.91242 1.99415
-1.81619 -1.2507 2.22405
-26.8509 19.5283 -0.458937
-9.71386 4.16559 1.8267
-27.8151 18.3459 0.244508
-25.7129 6.94771 -0.310655
-12.7015 10.0082 1.35292
-16.1379 5.61793 -0.297895
12.0465 0.129571 2.31017
-7.88768 6.85141 -0.851713
8.74945 0.229293 2.33273
-7.76637 6.83164 2.0863
5.14468 0.258227 -0.374681
25.4545 -28.062 1.27843
-6.85538 1.49579 -0.72477
-15.3973 6.35028 1.54981
-10.9289 8.87202 -0.9102
4.89249 -0.0466082 -0.361084
-27.0656 19.3119 0.823417
-1.91129 2.09561 -0.300491
-6.29835 2.70036 2.04762
-22.0019 11.4189 1.3978
-14.0275 5.31447 2.32222
-3.35653 -0.995995 2.17723
-16.2636 5.93122 -0.461721
-11.1593 8.92337 2.29681
-3.892 -4.74964 -0.862051
-11.432 7.02138 1.47417
-0.925527 -1.15198 -0.561471
-27.9028 18.1591 -1.39423
-10.097 1.00368 -0.240398
23.0929 -20.1548 0.148285
14.8225 -13.4962 -0.0641805
-16.2556 5.93158 0.495192
-9.39993 5.95516 2.4007
-24.6623 9.68889 -1.12912
-7.91722 0.315683 2.55802
-10.7494 8.45997 1.44338
-22.9186 6.04437 -0.921925
-4.28581 0.906565 -0.667135
-23.6631 11.0177 1.14586
0.161464 -5.327 -0.449232
-8.92002 -0.107901 -0.758051
3.25574 -0.053169 -0.39025
16.7109 -13.5153 -0.0366244
-20.7157 9.4927 1.2853
0.588883 -8.28057 1.66986
12.3578 1.69539 2.33796
2.29896 -9.66847 0.645933
-7.9156 6.93219 0.748596
-7.25164 -2.02706 1.08359
-1.58374 -0.195613 -0.600208
-9.98916 3.50427 -0.833759
-0.395884 -5.35454 -0.456088
-11.1465 3.12186 2.4293
9.24136 -6.42352 -0.274046
-8.12212 3.07576 1.98209
-12.5268 2.49359 1.89314
1.24205 -2.37045 -0.494024
-4.67953 0.90195 -0.667565
-6.10426 2.86986 2.53781
-8.57999 3.77199 1.96647
14.8834 3.13501 2.11023
-1.6914 -6.50215 -0.479291
-3.10282 0.708197 -0.640374
-8.91071 1.2942 -0.765976
5.66592 0.95536 1.67484
-8.21454 -0.876712 -0.702768
1.30523 -3.98337 -0.464283
5.36622 0.629548 0.65826
-5.325 3.93129 2.51651
-4.0425 2.07351 -0.687934
1.09218 -2.48774 -0.493595
-20.4542 9.21949 0.297673
8.67619 -7.30496 -0.261832
4.63174 -11.9955 -0.211547
-8.75171 3.94354 1.95656
-4.59847 -3.72717 2.57554
-1.88808 -6.34328 -0.511891
-3.20206 -5.2067 -0.503571
-25.2204 14.0861 -1.39119
-10.9088 7.25682 2.34751
-9.4878 5.2973 -0.855883
46.0459 7.73721 1.61766
-20.6662 13.7183 1.49928
1.15112 -8.46846 3.14871
-4.57456 2.12098 -0.694965
-5.92467 4.11026 2.5063
-17.0426 10.7079 -1.12572
-7.96776 2.77296 2.03808
-14.8374 10.1805 -1.08695
-3.12858 -5.34692 -0.105773
-24.0974 12.6917 -1.31236
1.44895 -3.71933 -0.465214
-8.80556 3.10537 -0.794255
-16.1712 5.8257 -0.953234
-0.495578 -3.86328 -0.492137
-5.45658 -0.0313545 -0.66329
-8.83922 3.47252 -0.807851
4.86881 0.0884108 -0.403986
-28.3103 17.7402 0.408589
9.44836 -8.62098 -0.229245
-1.59348 1.85609 1.30218
-0.92229 -7.08595 0.493575
12.3596 2.10597 2.86312
-3.09136 -1.68364 -0.584801
2.15874 -9.54072 1.88086
22.4134 3.13584 2.45838
-1.49677 -2.89728 -0.534059
-7.44671 5.32467 -0.826936
-8.07825 6.71365 -0.893565
-7.34282 6.49357 -0.833654
8.50599 0.493809 2.30725
-9.69224 0.692163 1.08702
8.00528 -0.000826019 2.80975
-10.1708 1.06539 0.699195
11.6512 2.92316 0.0698172
19.3072 -8.41216 -0.0403075
-23.3694 5.85726 -1.08412
4.58441 1.09889 -0.36733
5.01842 0.548379 -0.420643
14.6767 3.87877 1.92106
-0.695876 -2.48655 -0.527939
-3.97004 -2.10407 2.62876
-1.25707 -4.82545 -0.480925
-13.0155 9.04267 1.54058
-9.96613 1.29043 -0.791471
20.3483 -9.20289 1.17941
-5.67503 3.103 -0.74588
-2.01955 2.18578 1.11442
0.853281 -4.85635 -0.44531
-16.5752 2.05427 2.03543
9.36332 -6.67755 -0.272102
-14.8319 10.7239 -1.10493
-3.72642 3.55654 0.701258
-3.0214 -5.40924 1.10759
12.6864 2.29855 2.84954
5.80078 0.136601 2.237
-3.92597 3.26746 1.88554
-28.3838 17.6141 -0.271955
-2.28 -0.105994 -0.597958
22.0312 -15.7939 1.2577
0.0880609 -4.8551 -0.463433
8.67807 -3.69944 2.34079
-1.01057 -5.0749 -0.47018
20.844 -17.188 3.11436
-16.3656 7.96598 -1.05999
4.72377 -11.8414 2.14901
-8.33549 -1.26248 1.31684
-9.62373 0.692087 2.02896
0.191462 -7.98744 0.0856466
12.0041 3.00727 2.82589
38.4998 2.5829 2.00273
-18.4048 3.66286 1.74705
-3.40929 -1.38627 2.48204
-25.9616 20.5673 -1.59041
-16.2291 5.47287 -0.877029
2.93951 -8.20849 2.95963
-21.2727 12.2258 1.98669
-10.3832 7.80018 1.5081
-11.4669 4.66781 -0.898657
-2.16793 2.20498 -0.658471
-2.16418 -2.97346 2.76937
-4.58594 -4.15072 1.9941
-19.0851 8.59964 -1.13665
5.10058 0.850107 -0.341706
-25.3674 6.68866 0.348121
6.73827 -8.57384 2.51025
-2.89604 -0.0993474 -0.615388
-11.7183 2.15375 2.29343
2.91855 -10.1316 1.52652
-9.41954 0.0861505 -0.104791
-10.9761 8.79348 -0.347659
-1.09621 1.29572 -0.61577
-2.58924 -5.23662 2.27884
-23.6087 10.9797 -0.693751
-7.46252 -0.710503 -0.682283
-2.31273 -0.361042 2.39656
-14.1717 9.66363 1.70436
-20.6341 8.94065 -0.349352
-7.99113 0.664851 -0.729856
-3.36598 -5.16959 -0.712707
-10.3576 1.24511 -0.0865741
-26.6041 19.862 -0.144038
-8.03196 2.51894 -0.766162
-28.0833 18.0239 0.658355
-5.92713 0.676183 -0.690243
-26.9022 19.4392 -0.978327
-7.0417 1.90346 -0.752992
23.7425 -24.1116 2.59086
-5.03135 1.71687 2.2521
-7.70197 4.46895 -0.805019
-8.43681 -1.25037 1.05391
0.0961194 -7.2343 2.34036
-3.70124 3.53568 1.51493
-3.01785 -5.40424 0.166896
-8.77386 5.03936 -0.848721
-2.29204 -0.300519 -0.603029
-8.90951 1.55662 2.06679
-3.50823 -5.01048 1.30884
22.3723 -15.3306 1.54038
-26.0244 7.20461 -0.305819
-12.3098 3.35269 -0.872781
-9.60738 0.649657 2.25816
-6.7704 4.25189 1.96859
17.3541 2.07796 2.51507
-18.0588 3.07571 -0.99442
-5.34054 4.87298 0.845351
-8.8459 0.516615 -0.753804
0.0888521 -7.88652 0.722978
-23.3439 5.09316 1.73276
-16.1367 6.57155 -1.02943
-0.525892 -3.06763 -0.513797
-21.5201 4.69619 1.50557
-9.23534 4.3297 -0.824198
-10.5754 6.17451 2.32188
0.8887 -8.13725 2.50407
1.25938 -3.23503 -0.475035
-7.41065 2.77179 1.98559
1.4217 -8.95099 1.70879
-6.66457 -0.101546 -0.688127
-20.2231 12.9404 1.07437
3.12012 -10.1754 1.53548
-24.5872 9.82196 -0.954363
-17.6291 3.6518 1.52059
-27.446 18.8321 0.84048
-26.4283 20.0788 0.0308685
-0.103044 -1.44044 -0.537184
-9.35336 0.401562 -0.680107
-20.5305 9.10278 0.297988
-25.0913 13.5377 1.44619
4.4019 0.19164 -0.385174
3.49466 -2.92384 -0.441845
7.62783 -4.46775 1.79316
-26.4078 7.52834 -0.0549716
-14.9189 2.65434 1.56985
14.1264 2.48572 2.18657
1.2459 -4.412 -0.454936
2.09728 0.503746 -0.393325
-6.78352 1.84794 1.96637
-14.9484 3.11743 -0.92254
0.321042 -4.75724 -0.462557
-5.6677 5.13476 0.979315
-0.344893 -4.85335 -0.471119
0.697996 -6.75006 2.24629
-2.88614 -5.51117 1.4766
0.218027 -0.471777 0.958476
-7.32972 0.905375 -0.717514
1.09229 -8.69925 0.509809
-26.0515 7.229 0.718392
-6.95402 4.86287 -0.819869
6.15422 -5.35807 -0.338273
-28.4493 17.5294 -0.582596
13.7541 1.70853 2.1379
-6.55522 5.63021 -0.835185
-0.205941 -7.65011 1.1247
-0.8275 1.24208 0.66209
-12.3627 6.26738 -0.924475
-0.025084 -7.84588 -0.810441
-2.50376 -2.10657 -0.566527
12.9775 2.64201 2.8574
14.0821 -9.11543 0.90674
-13.2471 4.87692 2.35181
0.321521 -8.0758 0.489403
-11.021 5.29774 -0.869095
4.02678 -10.2994 -0.283104
-25.1195 14.2307 -1.39099
-16.2728 5.00277 -0.988262
-0.714321 -4.58355 -0.480215
-15.2447 6.65005 1.65241
1.09472 -8.68702 1.72071
3.27628 -0.687243 0.501451
-1.94866 -6.26556 0.926156
-9.91932 3.07475 -0.817977
0.264944 -4.13291 -0.478265
2.03481 -9.46168 1.24905
2.65966 -0.511232 -0.398811
-1.88953 -6.34351 -0.847405
-16.4701 6.24687 1.10257
-14.9401 8.37666 -1.05676
-2.75816 -5.61223 1.2729
-6.83884 1.29527 -0.718945
-8.24258 1.43156 2.52697
-16.1567 5.89833 1.70937
-2.49468 -0.0198078 2.19022
-10.2331 5.26838 1.917
10.8277 -0.218512 2.57926
0.280488 -8.02955 -0.350664
-23.9156 12.039 -1.29019
14.2078 -13.8731 2.73819
1.15641 -0.735152 -0.521054
-11.2276 8.87784 1.42193
-1.55009 -3.38449 2.77517
-3.99581 -4.62081 2.05489
-19.9297 10.1847 2.08257
-28.2998 15.5802 0.428909
11.8159 3.19237 2.79491
-5.30834 -0.666411 2.6641
-24.7141 9.67586 -0.269939
-7.31355 0.698994 -0.713671
6.02773 1.28438 -0.28977
-6.09942 -2.92946 0.835575
4.13536 -2.38394 -0.444946
0.0717198 -6.98265 -0.409405
13.3138 -9.83547 -0.167327
-24.1798 5.73834 1.08897
-23.3507 11.3962 0.493831
-23.7088 6.09665 0.101728
-3.53261 -4.72906 2.4854
-17.7826 4.10969 2.25855
-6.10105 5.46089 0.511701
-14.869 7.70403 2.02957
-6.41386 4.00696 -0.781167
-6.85178 1.8964 -0.734352
10.2727 0.324965 2.21669
-9.62574 4.84488 1.93004
-6.10105 4.88345 -0.807279
-20.1037 9.28493 -1.20125
-4.47664 0.498032 -0.657169
-8.34318 3.08346 1.9394
-28.9369 16.8711 -1.4028
-3.32693 -3.96405 2.77189
-0.690889 -6.66164 -0.430853
20.3312 -17.7978 3.30776
-14.218 5.91799 2.28347
-15.4151 2.00978 1.55924
9.85706 -9.66224 -0.21076
5.28073 0.671283 -0.319833
-5.01167 4.57297 -0.697037
-13.148 2.69631 -0.895066
13.3389 -8.48981 2.59473
-3.87109 0.0900505 -0.633858
-4.47899 4.14468 -0.705905
-3.29329 -0.291151 -0.615875
24.758 4.59926 0.617116
-5.7841 2.94962 -0.742469
-7.71206 0.904194 2.53462
-18.1442 8.31417 1.48984
14.8634 3.67366 -0.360424
-5.67497 3.10599 2.56542
3.25329 -0.699305 1.10575
-5.34913 4.86937 1.22558
-7.73784 3.69701 1.97156
-4.14487 3.73235 -0.747949
-9.06731 6.46991 1.5176
2.47671 -0.683915 -0.428022
8.13279 -3.85125 1.19043
0.675641 -4.07593 -0.47264
0.503035 -4.2609 -0.469614
1.31412 -8.85654 1.49203
0.104795 -4.32761 -0.473821
22.9446 3.5427 2.30747
2.64883 -2.53603 -0.467532
2.47191 -9.81489 0.835906
-3.69909 -2.10529 2.73846
-21.9231 11.3765 2.00001
2.10531 -7.33401 2.92894
-1.42209 -4.28417 -0.493502
-3.84233 -4.34605 2.75113
-1.10879 -6.91805 -0.374904
1.73307 -6.19811 -0.40344
-9.167 -0.506065 -0.948952
8.09976 -9.29039 2.36766
-13.0709 5.51365 -0.931445
12.6398 2.06105 2.74778
3.18046 -0.762252 1.61893
4.53748 1.12972 1.72054
-6.37802 1.89963 -0.729279
-6.16264 5.51385 -0.511874
11.6635 2.92417 -0.0853944
-2.28501 0.901077 -0.622825
-21.5385 3.60523 -0.914289
-23.4604 5.14739 -0.101975
-7.3406 6.02593 1.75914
-2.95944 2.34789 2.62764
-5.58775 5.05753 -0.513501
-14.2837 11.7756 -0.603758
-6.24927 2.49932 -0.737757
-2.29674 0.247187 -0.61225
-0.43758 -5.94809 -0.432404
-21.4102 10.2888 2.06819
6.22799 1.66807 1.65589
42.7987 -1.01736 1.47186
-8.63206 0.73125 1.88627
-20.7123 9.48796 0.506995
-22.3082 16.8718 1.60665
-11.4929 9.78456 2.25723
-6.0806 3.2984 -0.758283
-13.3325 5.09465 -0.951164
-27.8096 18.3631 0.42822
-5.13397 4.69892 0.83388
-27.3749 18.8198 -1.41054
-6.81452 5.01842 1.92685
1.44032 -4.14109 -0.458051
-24.5878 12.5696 1.04141
0.329048 -3.95007 -0.48073
1.74324 -9.23018 -0.103856
-5.94908 3.71644 -0.768902
-23.3283 11.488 -0.0520056
-11.7791 6.58419 1.50619
-3.68149 -4.4783 2.73805
-0.921805 -7.10138 -0.341344
1.92516 -6.04683 -0.399404
21.2126 4.27019 2.78
-9.03559 -0.63763 -0.993222
1.58676 -6.36251 2.14978
-0.898208 -1.29325 -0.556811
-3.68376 -4.91835 -0.85122
-8.59995 -1.12775 -0.978344
-4.91354 -3.13072 -0.697968
-26.1938 17.0458 -1.50455
1.2038 -4.1648 -0.449686
5.32774 0.529363 0.504329
-6.51497 5.80487 0.989129
-11.3907 3.37878 2.42232
-3.63865 -1.64745 2.66865
-0.963837 -4.3368 -0.484882
0.374476 -8.16927 -0.81932
-25.1371 14.2408 1.44735
-16.0317 5.02849 -0.978059
-0.340794 -4.62578 -0.474309
1.14633 -3.95032 -0.463308
-23.357 5.08361 1.12397
-5.4853 1.90828 -0.706041
-6.87871 3.75398 2.4954
5.76347 0.197348 0.828359
6.52883 -7.77486 2.5075
-29.119 16.688 -0.136148
-17.6557 11.7836 1.58968
1.00435 -6.64078 -0.40497
-5.83136 0.322386 -0.676047
-10.0495 8.50701 -0.956472
14.5542 2.62794 2.08902
5.7658 0.374286 0.567854
-1.28075 1.59269 0.08666
-18.9383 15.3473 1.97271
10.081 -9.3873 -0.201561
-3.27505 1.3796 1.98259
5.65444 0.943705 -0.340984
3.46053 -0.461127 0.703858
-7.51892 4.75544 -0.806595
-8.87568 6.66946 2.39499
-7.23203 6.39306 1.24233
-6.22909 0.50449 -0.684924
-23.537 11.1495 0.49562
-3.10703 -5.35444 0.352513
11.4987 3.06805 2.79181
-24.1961 5.74862 -0.893623
-2.29009 -5.53049 2.2949
-15.4346 4.528 -0.971528
7.75353 -4.29011 1.78285
-26.3615 7.4703 -0.147805
24.9559 4.11934 0.801551
-5.62341 3.37848 -0.759484
-7.2813 4.45669 1.94138
6.48704 -7.51658 2.50772
-29.2054 16.594 -0.0620541
-17.6534 11.6193 1.59321
-25.2591 13.0884 -0.837403
-25.6653 6.93388 0.50585
-28.8692 17.0672 1.26467
-10.8698 8.90326 -0.813534
-6.47571 0.0711764 1.79634
-0.709449 -3.90452 -0.495493
-1.09849 -1.49506 -0.556871
-3.94833 -4.18276 2.76234
-29.0714 16.7074 -1.16038
-1.25979 -6.80342 -0.403561
-28.0738 18.0235 0.442718
20.5024 4.4728 2.98419
-3.48555 3.26298 -0.708036
-2.42405 2.14711 -0.678241
-5.33313 -0.655644 -0.653159
-0.701306 -4.36574 -0.48629
-1.93381 -0.857758 2.22189
-13.6973 9.17359 1.94196
-9.68626 4.58664 1.93106
13.9402 2.28634 2.27013
-0.646464 -6.33171 2.85705
-8.52988 -1.01309 -1.04476
2.78172 -3.15662 1.94528
1.70119 -0.100426 -0.466875
-6.51152 5.79462 0.772675
-9.9696 1.47797 -0.793886
-0.25988 -7.61582 0.326679
-13.5692 6.27126 2.32379
-11.1563 7.35415 1.52876
7.12316 -8.05844 2.55585
-0.0193894 0.587975 0.211361
-4.69558 0.0880635 -0.657423
-6.38296 4.12527 -0.785052
-23.3231 11.3831 -0.452398
3.23277 -8.49464 -0.324757
-3.37981 0.410545 2.29978
-11.4689 9.64373 2.25368
-6.12783 3.10828 -0.753168
-27.076 19.2842 0.423635
-1.58051 -5.85979 2.23075
0.845385 -1.72188 -0.515294
-5.08043 2.48327 -0.717113
1.8624 -6.18415 2.89081
-3.98503 -3.25822 2.74724
-23.9123 16.1841 1.26487
-7.98146 2.72243 2.16942
0.206163 0.38951 0.783605
-28.5901 17.3709 0.0295758
-4.63342 -4.22572 -0.127981
-22.4675 4.44667 0.712507
22.3609 3.32787 2.48577
0.507698 -2.29669 -0.509222
-5.34523 3.0611 -0.741114
11.0327 1.42296 2.81475
7.22443 0.560869 2.28498
7.39015 -19.5191 2.688
-1.58016 1.81781 -0.626722
-22.2938 4.23227 0.935649
5.69782 0.490556 2.10479
-7.33442 6.4864 -0.500618
19.5953 -8.63157 0.878615
-10.4579 7.14695 -0.92169
-25.7466 20.9084 -0.545296
-9.72521 5.83099 1.75482
8.83606 -8.67759 -0.229058
-25.8764 20.7496 -0.391079
-4.74664 4.27829 -0.777679
-4.46926 3.87777 -0.754858
-5.47981 4.70973 -0.789868
14.4745 2.19038 2.26633
-23.4488 11.2786 0.48792
4.16579 -2.8997 2.28926
0.111868 -7.56804 2.38677
-4.89573 3.09895 -0.739139
-5.03992 4.64756 1.49957
-4.36328 -4.36313 0.307895
0.508766 -3.7106 -0.48138
1.42028 -8.96152 2.17799
-17.0658 2.45836 2.06266
-15.3205 9.89947 1.69692
23.1992 3.29106 2.32885
-1.10017 -3.6922 -0.502178
2.29389 -8.48457 2.96916
-22.8524 4.6934 1.7409
-1.27909 -3.72769 -0.50716
-20.5044 9.096 -0.875782
-17.2468 4.49324 1.77099
8.14795 -5.02137 2.37251
-1.46152 -3.73086 -0.510532
-10.1844 6.36457 -0.89211
-6.46247 -2.66841 -0.90179
-7.31357 0.887913 2.54276
4.17764 -2.12897 -0.449904
0.0989003 -6.78073 -0.408261
-0.488325 -4.32648 -0.484518
-19.8521 12.9782 1.30107
1.90702 -7.7305 2.93215
-16.1496 5.54069 -0.923937
-0.506724 -4.09244 -0.489252
-5.21202 0.687544 -0.670406
-12.2306 9.0927 2.25929
-6.83142 2.4919 -0.751043
-7.14831 4.4984 -0.820233
-9.92447 0.860676 -0.483899
-9.04212 1.31324 -0.777091
3.37839 -1.26861 0.816637
-8.15384 6.3612 -0.876396
11.8283 0.289338 2.26244
-8.8111 1.87562 1.997
-24.3556 12.5974 -1.26037
0.639937 -1.18607 -0.519882
-12.0614 8.04411 -0.972812
-16.4315 3.31905 -0.943949
-28.563 17.3508 -1.00994
-4.6107 3.6887 -0.753277
19.003 -8.12463 1.41168
-5.96291 5.20882 2.05229
-22.386 4.74011 -1.10275
-4.41806 3.96996 -0.757784
-9.39942 0.0576445 -1.26131
-18.8269 11.2857 1.91118
-29.0958 16.7254 0.246286
-7.13984 3.72723 2.10349
10.3408 1.69484 -0.438492
2.47396 0.644968 -0.423211
5.80781 -4.15048 -0.376234
1.70846 -8.7742 -0.322971
-7.82805 5.28684 -0.828866
3.63711 -0.236581 0.898377
-12.1128 8.30387 -0.978275
11.6171 2.60833 2.79306
-7.43173 1.31428 -0.733144
-23.5167 11.1549 0.109477
-21.1206 12.5573 -1.30148
-23.4376 11.2614 -0.45327
-8.73618 4.26033 1.96607
-15.5325 11.5765 -1.12149
0.18963 -2.72412 -0.505315
-13.5465 2.86835 1.88698
2.73888 -8.31496 2.95968
-21.3189 12.3361 1.99338
-2.27578 2.30579 -0.661102
-4.75391 4.11587 -0.771651
-0.869668 1.26689 -0.301486
-3.28398 -5.24797 -0.847054
-16.2734 6.6515 1.74038
0.345224 -4.94455 2.84429
14.5769 3.93845 1.96428
1.72988 -7.62871 -0.371133
-7.91623 -1.10281 2.11206
-5.4744 4.96234 -0.44442
-20.4703 2.78147 1.08801
-6.44718 4.6024 2.13478
-1.70983 -6.50883 -0.674348
9.26698 -8.16073 -0.239017
-5.14947 -2.95318 0.500256
-2.29536 0.697689 -0.61988
-21.0014 9.65486 -0.149212
18.5841 -19.9795 3.35825
-13.5612 9.30056 1.59605
-11.9368 3.50434 2.37968
-0.443346 -5.74117 2.8437
1.47077 -8.29307 2.95413
-2.67563 2.70896 -0.497538
-12.5807 5.57116 1.52911
-0.542388 -5.72064 2.84335
1.29556 -8.3174 2.93641
-1.09495 -3.50047 -0.507533
-26.4081 7.57406 0.183522
-4.71566 2.48139 1.87043
-19.2388 15.0127 1.97488
-0.0976841 -7.3338 2.49153
17.0367 -21.1291 3.1777
-0.499638 -2.29385 -0.531147
-12.8353 4.90294 -0.916463
-4.25215 3.98404 0.110286
-1.47477 -3.50555 -0.517394
23.8221 4.1289 2.29418
-1.68887 1.91777 0.0952316
18.3982 0.901425 2.85231
-23.0588 4.81785 0.0577227
-6.3487 1.30356 -0.710342
-20.4758 9.21597 0.507212
-5.14393 0.101587 -0.656211
-28.4354 17.5155 -0.996144
-0.0970297 -1.89538 -0.531998
-2.90522 -5.54532 -0.846526
42.6274 0.0162909 1.58311
-12.8755 4.21654 -0.902451
-1.34502 -0.720556 -0.579365
10.903 0.701043 2.83144
14.3313 -9.82755 0.511147
-8.90077 0.946134 1.87285
29.8788 -22.2603 3.19765
-24.7325 9.7171 1.33169
-0.460911 -1.50914 -0.542809
-25.2067 6.47992 -0.295082
-28.8331 17.0652 0.243411
-0.695675 1.12639 -0.456043
-5.79643 0.481229 -0.673262
-3.10733 2.75102 -0.705128
-5.89283 -0.0532962 -0.6816
-4.73149 0.938195 2.12912
-11.458 8.28286 -0.961017
-12.8365 10.2681 2.20912
-27.3274 19.0166 1.23879
-5.53415 -0.209341 2.66232
-2.78684 -2.92915 -0.551704
1.29214 -7.49102 2.92046
-11.8758 4.43458 1.62587
-19.9683 13.7013 1.50974
-2.03276 2.18879 -0.3187
-3.22704 3.14759 -0.0985171
-2.30491 2.09328 -0.667205
-21.3334 12.0872 1.98544
10.2688 1.3277 2.80483
-11.8691 6.67628 1.8558
-4.70167 -4.10574 -0.299439
-22.1946 4.13403 -0.324394
0.0719595 -4.13944 -0.478851
-26.0114 7.19539 0.0238839
-23.4657 5.89227 -0.856561
0.48311 -8.27036 -0.688626
11.0149 0.357914 2.31327
-19.4839 14.7287 1.9766
-10.8968 7.68651 1.50528
-3.8148 -4.77369 0.940935
-4.30594 3.55688 2.5586
8.53458 -20.4503 2.04182
-21.9413 3.94532 0.908636
4.85001 0.211762 -0.38898
-21.7911 3.80069 -0.935745
-7.53552 -0.507945 -0.687422
-1.49093 -6.67974 -0.662448
-9.5025 -0.231508 -1.23009
-9.43846 0.0990238 0.41189
2.67229 -9.97219 1.30675
-5.70122 1.71448 2.09039
3.09759 0.712298 -0.42279
-4.69803 -4.09865 -0.488148
-22.1915 4.13213 -0.12173
-3.35548 2.88971 -0.708794
3.65266 -9.91288 -0.286847
-16.3723 9.34437 -1.08703
1.67727 -9.14663 2.10466
11.5376 2.46682 -0.420017
-16.3599 5.35021 0.0708744
0.882222 -3.2769 -0.48508
-24.7227 6.19459 1.55092
-15.2013 5.65161 -0.975825
25.8277 -27.383 3.22291
-25.7327 6.95619 -1.11619
-16.4608 5.22774 0.284333
-20.635 8.77139 -1.21679
-4.92158 0.10502 -0.660005
-2.50199 -2.71115 2.75954
-20.7188 10.7541 2.03367
-20.8175 3.05144 0.848247
-1.69506 0.694777 -0.610998
-0.602088 1.06709 1.42153
-0.00617201 -7.8186 0.341744
11.836 2.58128 -0.435137
-13.6356 3.95967 -0.911192
-2.08305 -0.926844 -0.587748
-7.09049 -0.850302 -0.693048
-3.04223 -5.43448 -0.704841
-1.45488 -6.67222 -0.249111
-25.5426 6.90438 -1.27331
-3.20554 3.12647 -0.49895
2.15294 0.503112 -0.424647
-6.73913 1.82151 1.958
-4.97373 3.94656 -0.771835
-24.6837 9.69444 -0.714257
36.1093 5.05136 2.6018
9.461 2.37138 2.76629
2.04063 -6.91549 2.91241
-3.86801 -2.468 2.7342
-22.1707 10.9918 2.00382
-3.11099 0.909121 -0.646212
-10.7337 6.54449 -0.913192
-9.26138 -0.417796 0.656116
-9.06149 6.63489 -0.896618
-22.8905 6.71368 1.62895
-4.2529 1.31443 -0.674956
3.17685 -0.801024 0.940162
-0.553633 -5.58509 2.84274
1.32108 -8.46354 2.87973
-0.250586 -5.04892 2.8301
-22.5876 13.1652 1.95078
-3.56274 3.11843 -0.721302
-1.99106 0.313222 2.01914
9.91716 -10.2487 2.91359
-6.09583 5.04158 1.99
7.69256 1.53071 2.12936
-0.703141 -7.31847 -0.678704
-8.81195 -0.811218 -1.24117
-1.37878 -6.31325 2.79195
0.360959 -7.72374 2.88654
0.952279 -8.57692 2.3187
15.1727 0.186365 2.48343
-17.804 14.3438 1.99156
-8.02175 6.87725 -0.898869
-8.28954 6.80394 1.72286
45.857 7.48135 2.38539
3.3889 -10.0328 1.51216
15.2587 0.0970388 2.4927
19.0696 -19.3987 2.98256
-11.3814 2.92479 1.80648
-20.5072 9.11211 -0.512131
11.5276 0.687142 2.7976
-1.15731 -6.88689 1.93348
-0.0970756 -3.66643 -0.491078
-6.31094 2.08499 -0.728533
-23.3512 11.3831 0.0715221
0.708292 -2.91397 -0.499271
10.5846 -11.6631 2.64159
-1.42929 1.73521 1.71766
-0.778437 -7.2012 0.0792244
-5.8423 4.36664 2.50288
-4.41496 2.49468 -0.710352
5.44237 0.168966 -0.195379
-21.0203 11.3165 -1.27117
-24.0679 19.0785 1.0918
-14.313 3.91464 1.83556
-22.3612 13.3105 1.94174
-27.19 19.1381 0.423443
-17.5764 12.363 -1.23535
-6.84437 0.355229 1.82759
2.05424 -9.48583 0.818083
-24.5947 12.3806 0.701369
7.76901 -4.30037 1.3244
-26.369 7.461 -0.502355
-4.66358 -0.112792 -0.653005
-23.3796 5.09893 0.454744
-30.0769 16.0805 0.650087
-27.2832 18.9743 -0.81356
2.10399 -9.51024 0.695936
-1.71227 -0.317308 -0.6051
-2.27827 -2.90087 -0.549155
-21.7563 4.08929 -1.07007
1.67461 -9.14975 1.49407
-27.2274 19.1378 1.25498
9.18145 -6.26279 -0.280709
-8.17032 2.92029 1.98261
-8.46124 5.1084 -0.832076
0.393356 -7.37802 2.3183
-14.9202 6.64388 2.27909
-2.09113 -0.28439 -0.602135
1.42717 -6.96041 -0.389125
-5.99366 3.20498 1.88532
-2.65861 -5.6645 2.25536
-10.3331 1.21642 0.918543
-4.53541 0.702683 -0.669539
-17.5166 2.26881 -0.958776
-9.66617 1.57771 1.9088
-21.8199 16.6008 1.87277
16.2206 2.9163 2.44294
-5.64072 3.61738 2.54646
-4.33297 1.70322 -0.679346
-19.8081 13.1068 1.24681
1.90969 -7.91781 2.94873
6.61739 0.143822 2.20317
-2.16174 2.29093 -0.488725
0.614363 -0.251788 -0.167953
-28.1015 17.9967 0.520782
-5.57179 3.97532 2.52818
-4.24685 2.07386 -0.686287
13.4154 2.1173 2.26268
-7.03574 3.86495 2.13449
-9.62979 6.52065 -0.915579
0.829893 -8.47205 1.09387
-11.6059 3.08162 -0.864799
-2.30686 0.500377 -0.61705
15.7594 -0.29079 2.62859
-6.7835 3.44771 1.88818
-10.9462 8.06689 1.85311
1.31904 -8.86337 1.6934
-10.5469 6.9328 -0.916681
38.165 -32.4911 3.15619
-2.66185 0.117076 2.04126
10.6559 -8.08231 -0.231806
-6.70003 4.69458 1.95517
-4.89973 3.51126 2.53881
-3.51795 1.53112 -0.663737
11.5637 0.456797 2.29657
-9.8126 0.778862 0.0794932
-4.4694 1.28262 2.23124
4.38034 1.09867 -0.469265
-12.5546 10.5661 2.18317
-2.49254 -2.68227 -0.554869
2.6366 -0.0921555 -0.393587
-5.68809 0.970091 1.99039
-11.3516 3.51859 -0.863363
-2.09507 0.903489 -0.619685
-10.1199 8.13503 1.47245
-4.24529 -4.44802 0.342201
17.4394 -21.389 3.16558
-0.101191 -2.08779 -0.529144
-7.56187 -1.77383 1.09372
25.5216 -27.9639 0.769997
-8.04725 3.26011 1.97656
1.9159 -3.76857 2.65429
-18.1614 3.26807 1.71792
-14.3745 5.74943 2.2947
-15.4974 1.91624 1.55178
0.709366 -3.68938 -0.47965
1.41963 -2.98059 -0.481062
0.328673 -8.06719 1.54115
6.97443 1.48615 2.26034
1.5542 -9.05639 1.69255
-23.6486 5.31269 0.478036
7.92954 -5.52436 2.18627
22.0657 3.43664 2.69188
-22.7752 12.9027 1.95317
-3.68787 2.90123 -0.714648
1.44758 -0.304256 -0.5061
1.90302 -9.3392 1.7031
-3.37294 3.22387 -0.691303
-7.31874 1.66536 2.55026
-3.97549 0.312583 -0.64365
0.850632 -6.26205 2.88496
-20.8736 11.5163 1.23237
-2.33258 -5.97177 -0.336674
-28.307 17.673 -0.979279
2.67543 -9.80387 -0.294709
11.1622 0.858069 2.83273
-4.71895 3.78628 2.55432
-7.39253 6.50907 -0.598203
-22.3974 4.30878 0.999396
-27.8963 18.1479 -1.80729
-5.6113 3.29366 -0.753249
-23.3286 5.92001 1.64419
-0.0168375 0.589724 -0.213009
-6.17535 -0.107526 2.63565
23.6349 -25.4688 0.270587
-15.0021 2.22594 -0.915975
-1.34349 -0.970501 2.13716
-9.08218 4.48605 1.93675
-0.166636 -3.0322 2.18821
-12.1148 6.96087 1.81745
0.107573 -7.89025 1.71074
-1.71772 1.95669 1.32135
-1.1174 -6.93004 0.518929
-9.2853 4.58808 1.95101
-26.4312 20.0583 -0.378902
-6.2231 4.88578 2.33403
-1.65608 -5.66874 2.81743
-9.51779 -0.232642 -1.11087
9.14704 -6.97434 -0.264588
-8.33617 3.71387 1.96925
-1.4805 -6.66998 -0.51314
6.52084 -8.40464 2.49305
-25.1992 12.8096 -0.0731647
-3.11696 -0.293805 -0.612081
-3.49821 0.507303 -0.638509
1.16558 -6.04234 2.14189
-6.43184 4.62532 2.35022
-3.28533 0.496476 -0.636504
8.03059 1.00843 2.29469
-1.50224 -6.52069 -0.461998
-9.23084 -0.0340698 2.2915
-5.36894 1.97768 2.46211
13.1254 -8.46419 2.59729
-9.325 6.62563 2.40618
-4.01961 0.117348 -0.637115
-0.0779631 -7.75488 0.277769
24.7657 4.69905 0.848197
-11.2275 9.44976 2.27184
-9.44637 0.0764933 0.214745
2.66867 -9.96763 1.12417
-11.4145 9.72057 -0.999976
-9.22115 -0.449285 0.238295
-10.8388 5.49644 -0.882804
29.2411 -23.1566 3.45813
12.9277 2.31997 2.28768
-1.97442 -3.59416 2.78331
1.06836 -8.68843 -0.153835
-2.92101 1.30197 -0.650606
-10.9842 7.55767 1.48748
-10.7665 8.47735 2.3117
-9.36989 6.51975 -0.897151
0.241836 -6.38316 2.21815
-2.11543 -1.23362 -0.580717
14.5933 3.97216 1.53363
-20.4428 9.21235 -0.120954
-9.97004 1.10471 -0.789918
-1.84835 -6.3653 -0.18826
-0.911052 -3.29227 -0.515007
-16.242 5.46985 -0.478415
1.43212 -8.96713 0.687113
-19.1531 10.6947 -1.19112
12.6935 3.35428 2.35225
-0.569124 -0.137532 0.21104
3.0603 -8.0075 -0.34314
-0.368863 -7.51533 1.40941
-27.1327 19.1936 -0.50878
-1.01909 1.38516 0.304478
-2.49064 -1.11938 -0.589877
-21.1124 3.25502 -0.888675
-11.671 3.33863 -0.869199
-13.0021 5.31563 2.34066
-3.25529 -1.38213 -0.591771
1.4129 -1.25705 -0.49624
-27.3146 18.972 0.230611
9.32449 2.50477 2.75147
6.3007 1.64123 0.74389
2.21724 -7.15782 2.92026
-3.70515 -2.3023 2.73184
-22.0058 11.2485 2.00122
-2.87581 1.09676 -0.644903
-24.6721 6.10942 1.14132
9.64473 2.16427 2.74402
2.28413 -0.305466 -0.421239
-0.685718 1.11976 -0.300714
-8.07509 4.06658 1.94998
-14.5496 10.2485 1.44058
11.0829 0.325161 2.21358
15.2604 -15.1056 2.77966
2.11575 -1.86159 -0.485844
-18.7416 10.337 -1.19077
-26.7727 19.5916 -1.14233
-6.2749 -0.653399 2.63879
-18.1037 9.39292 1.39311
1.90283 0.267514 -0.422967
-2.10859 -2.5194 -0.557173
-26.2844 20.199 -1.22704
-16.5682 5.05227 -0.48785
-16.8019 6.34868 -0.836951
-3.05112 -4.98138 2.67089
-7.11947 -0.300714 2.57382
1.70249 -1.09833 -0.493449
5.75682 1.10717 -0.477728
9.02684 2.43916 2.75951
1.88153 0.0763589 -0.430317
-16.1232 6.10511 1.81923
-3.53012 1.89547 -0.685191
-3.08806 1.87483 -0.674156
-3.71831 3.50947 -0.71242
8.99603 -7.36351 -0.262578
-15.2464 11.5145 -1.12409
0.112003 -7.5019 2.51988
0.519727 -2.67661 -0.504182
-21.3366 3.48602 1.53761
8.91618 0.0735012 2.33739
-10.5393 4.83077 1.79482
-28.7194 17.1491 -1.16494
-0.975756 -6.30348 -0.440939
-3.7452 -3.6017 2.76151
-24.7484 12.4614 -1.16086
-2.20987 0.917477 1.80794
-6.26666 5.60993 1.91942
-7.78558 6.80003 -0.879334
-12.0416 1.698 1.95616
-12.5059 9.18896 -1.01842
-7.72083 4.18903 1.7905
3.19566 -0.387697 -0.401905
-9.28871 5.20097 -0.845423
-10.6092 7.06576 2.36165
-7.41647 2.00488 -0.746399
-4.89474 2.54047 1.77916
-18.9733 10.1407 -1.16812
-8.95866 4.12179 1.94598
-2.03396 -6.22059 -0.312894
-7.69638 6.63503 -0.475703
-11.1979 5.92076 1.87718
-20.172 8.06776 1.62087
-11.0822 4.04342 2.40588
7.66307 -4.50924 0.623628
-26.2854 7.69821 -1.13366
-23.3401 11.5692 0.106671
-10.0064 4.00059 -0.848709
11.925 1.91829 2.8335
-9.31491 8.02462 0.57545
-19.9243 16.1487 1.28491
2.63025 -9.91986 2.05264
-8.32891 2.27831 2.19868
-10.0328 8.23254 1.48493
-10.5985 6.66528 -0.906834
29.1073 1.28174 1.84147
9.11109 2.04658 2.75583
-3.50914 1.28491 -0.662559
-10.02 7.62511 2.33307
-11.8636 3.47907 -0.855017
-13.3207 5.52014 2.31797
3.05797 -0.980431 0.389859
-5.7838 3.40462 1.86078
1.83783 -3.69534 2.48099
-27.9639 18.182 0.827578
-5.8203 5.23965 -0.0609574
2.30468 0.499181 -0.417742
-1.35572 -6.19499 -0.461586
-8.33041 4.12008 1.96176
0.692214 -8.32628 2.42146
-5.36313 4.84804 -0.785541
12.7015 -10.7594 2.69009
-5.81673 4.27615 2.52402
-4.46504 2.32456 -0.699895
2.01546 -1.57245 -0.478473
12.1344 2.29741 -0.44362
-13.4384 2.78276 1.8711
0.317635 -2.68843 -0.509764
-28.1846 17.8484 -0.785876
-4.93897 -3.14417 -0.0985617
0.438022 -8.165 1.49302
-5.34781 1.12086 2.06374
-4.69262 3.3331 2.54651
-3.32438 1.38463 -0.656466
14.8317 3.58661 2.1812
5.97495 1.24404 0.708087
13.9497 -9.24176 1.98596
-6.95286 1.54427 2.55729
-3.70806 0.297395 -0.639225
-9.75883 7.16343 -0.928523
-9.3131 1.17925 1.88353
0.831158 -3.02707 -0.489582
-20.5892 4.49005 1.70486
-21.9095 3.94106 1.84739
-0.560064 -0.119957 -0.0903533
-9.06644 1.89137 1.99731
-3.55586 -2.47685 2.73594
2.3129 -6.96456 2.92135
-20.5003 9.09868 -1.08605
-4.77294 3.1804 2.54903
-3.36728 1.25322 -0.653179
24.5827 3.65412 0.391414
9.19255 2.00565 2.77676
8.13419 -3.75035 2.21244
-22.3981 11.273 2.02914
-8.19018 0.382998 2.56823
0.931016 -8.1695 2.50549
-8.67948 -0.504819 -0.738757
5.12031 0.699334 1.73401
-5.84285 2.29531 -0.726714
-18.5015 7.53324 1.73972
-27.0529 19.2633 -1.73564
-19.6688 2.91947 -0.255132
-25.034 12.7951 -1.35475
-5.3071 3.69706 2.54823
-3.94211 1.69955 -0.67611
-15.0035 9.66825 -1.08619
-8.3279 2.32201 2.05193
-7.92955 0.513184 -0.723252
14.751 3.79127 1.27891
20.0314 -14.912 0.64614
10.9787 2.89065 2.79706
16.7143 -19.9883 0.488209
-3.46144 3.33047 -0.516766
-3.53993 2.72952 -0.708351
-8.07579 0.286051 1.89968
-8.16546 1.91417 -0.763231
-11.418 3.27285 2.4216
-2.26028 -5.31456 2.23583
-1.27622 -6.35224 2.35759
-21.9156 3.94069 1.52056
-4.01721 -4.6058 1.43053
-5.07387 3.70393 -0.762271
0.242866 -5.48318 2.84856
16.8745 2.13365 2.77409
-8.44498 5.64344 -0.859374
6.07345 -4.93059 2.94573
22.7963 2.81239 2.69629
-9.99785 4.44586 -0.849422
-22.1758 4.12995 0.50198
11.1216 2.45855 2.80622
-1.42789 0.823901 -0.612206
-24.1903 12.6983 -1.27101
-19.7265 13.5539 1.14918
-21.2927 5.4764 1.64151
-9.81796 0.790682 0.94296
-13.5109 1.66592 1.7707
-9.05624 4.30879 -0.832734
-2.19077 -6.04639 2.26389
3.75225 -10.256 2.46938
-13.3473 1.89542 -0.898209
-28.3133 17.6889 -0.785967
-10.1721 5.86755 -0.885995
-11.5234 7.80318 2.31915
-3.05674 2.34789 2.61371
7.2707 -18.108 2.73231
-1.67574 0.427835 -0.598954
3.83389 0.0588259 -0.396696
-26.771 19.6025 -0.975474
-24.0741 5.75642 -0.112656
-6.01457 -2.66362 -0.638228
13.8956 -8.61253 2.60191
-3.28126 0.259538 -0.630231
-8.92945 1.49332 -0.770147
16.2323 -13.8305 -0.0379926
-25.2977 14.5315 1.27849
-7.99533 2.6973 -0.767997
12.6703 0.720444 2.2736
-12.6328 10.5036 1.7943
-1.57097 -6.5652 0.843035
10.2443 1.58102 2.80792
-2.29763 1.69677 -0.652056
-12.6238 4.04453 -0.903919
-1.11942 -0.972101 -0.565973
-11.3313 4.37405 -0.877064
-2.09341 1.89539 -0.653031
13.281 2.88058 2.33534
-27.5468 18.6581 1.05705
-27.0683 19.296 0.635351
3.63525 -0.236841 0.913063
-3.89398 0.695069 -0.650768
1.27056 -8.82534 2.1897
-0.692424 -2.10503 -0.537325
-2.82953 -1.17892 -0.592875
-23.572 5.59733 1.65457
1.83955 -3.70093 2.37838
-27.9518 18.1856 0.634545
-2.05967 -6.23336 -0.686737
-3.51289 0.317774 -0.631191
-19.8545 12.6681 1.47626
-20.8904 9.57059 -0.990453
-1.26163 -4.78199 -0.480184
2.38946 -9.75566 1.31455
2.89554 -0.859806 -0.418977
-28.0942 17.9315 -1.00205
-8.92262 6.11048 -0.862382
-10.2895 7.98936 2.32881
-2.93447 -0.796745 2.19273
-1.33102 -6.74985 1.49463
-2.88823 -5.55147 -0.864496
-26.7402 19.697 0.397238
14.2068 -8.95928 0.861995
-0.296035 -2.10285 -0.532183
-0.638245 -6.53662 2.2588
-19.9167 14.1133 1.4019
-16.8239 6.37146 -0.921646
0.686293 -4.43868 -0.462614
14.4561 -8.58714 -0.768672
-8.03191 6.78899 -0.906513
-19.6636 2.47975 -0.805722
-4.02845 -3.67964 2.15431
-15.8743 6.44461 1.8266
-24.9163 12.5439 -0.485384
-1.10242 -1.89655 -0.547633
-5.35459 4.87993 1.60396
-11.7407 8.32308 2.31459
-5.64872 5.12052 1.1072
0.387053 -3.51666 2.30142
-25.387 13.3746 0.732192
-12.0267 6.3047 1.48591
-1.50489 -1.69923 -0.560813
-0.866413 -2.30639 -0.535656
0.496167 -8.20206 1.46588
7.09854 -8.58381 2.53248
-2.50205 -0.101564 -0.609801
-1.495 1.49689 -0.627622
-16.7417 6.27698 -0.941749
-1.07869 -3.33629 -0.503978
-7.46912 -0.279627 2.58624
-14.3873 10.1337 -1.06305
-7.51564 1.71314 -0.748778
1.71436 0.23749 -0.456731
17.1386 2.22155 2.45722
-10.5619 7.68304 2.33993
-0.431259 -7.48471 -0.243433
0.0751378 -7.38233 -0.400156
-27.0429 19.3016 1.05558
-8.12298 -0.298993 2.54894
0.295955 -1.9043 -0.521511
-27.7759 18.3201 -1.3935
24.6937 4.85771 1.28991
-7.26219 4.5706 1.84932
-5.67197 3.67298 1.63822
-0.65661 -5.53138 2.83073
-23.0707 12.6988 1.96483
1.00737 -5.91333 2.89681
-2.10595 -6.15552 -0.36696
-16.7929 6.35799 0.731399
20.4679 -17.6558 3.08379
33.2447 -34.7986 2.52247
-10.0061 1.19003 2.02773
-16.7024 8.50882 -1.09719
-8.69096 -0.870044 1.29965
11.6521 2.05751 2.84328
20.8902 4.55581 2.64595
5.82814 -7.09346 2.46241
-3.80954 -1.63098 -0.604004
-0.959932 1.2944 -0.613552
-20.1529 4.01473 -0.979902
0.367642 -0.530581 -0.207685
0.431773 -8.17116 0.301122
1.69536 0.102169 -0.459952
5.39396 0.167589 -0.160611
45.2135 -39.7138 1.18337
3.70751 -0.125309 1.43128
-18.5273 12.5464 1.8116
-2.32466 -0.362223 -0.594894
5.19022 0.650979 -0.27844
-23.1184 11.2849 1.68089
8.14876 0.626633 2.30066
-2.67508 0.263298 -0.618522
-18.2211 3.93208 -1.00222
-2.62312 -5.62627 -0.504188
-26.9417 19.4694 0.835337
1.26309 -6.09815 2.13521
0.86695 -2.66372 -0.4942
20.5145 4.27808 2.9801
-21.2263 3.37864 -0.992486
-19.7192 11.6914 -1.26865
7.14152 -4.87344 2.73083
0.923729 -3.07738 -0.485973
-5.1644 1.32431 2.11075
-11.9092 8.64666 -0.984945
-2.6057 -2.58228 2.75495
-20.8679 10.8283 2.04713
-1.90366 0.896362 -0.618703
16.2361 2.43439 2.16887
-22.1153 10.4601 1.67125
-9.38525 5.89906 -0.871695
0.220983 -7.58835 2.48298
0.696779 -2.69082 -0.49973
-11.3093 8.75296 2.29835
-9.22089 -0.0417704 2.45356
-3.9222 -0.0178926 2.14164
-2.33239 -5.95467 1.43996
11.8312 2.0899 2.81845
-26.3492 7.47098 0.870089
-7.10317 3.49218 2.51118
-4.86397 -3.97126 -0.857874
-12.3616 9.95482 2.25647
-16.8083 3.80561 -0.959694
-1.31417 -5.73014 -0.462521
-26.519 19.9308 -0.782643
29.2415 0.97847 2.37756
-10.3104 8.78339 -0.857526
0.00971541 -6.53781 2.87345
5.50087 0.135578 0.353068
2.11915 -3.93195 2.46414
-23.0713 4.82003 -0.82963
-27.7032 18.5094 0.855344
-6.21897 2.05735 2.06558
2.65056 0.30216 -0.413238
7.91053 -4.08925 2.11542
-20.2883 12.8626 1.20824
-3.08153 2.45398 -0.69196
1.64492 0.0777644 -0.434373
-11.0637 3.28252 2.42215
-26.318 7.71656 0.0242779
-0.677646 -1.90265 -0.538918
-25.4062 15.4766 1.17136
17.0131 1.99175 2.75324
-4.93243 3.829 -0.763034
0.684746 -6.73428 2.23925
-1.74652 -1.02706 -0.580858
-28.578 17.3677 -0.583037
-27.1974 19.1401 0.64689
-3.97115 0.506186 -0.647462
-6.06888 -0.247981 1.88942
-7.75378 0.0967303 -0.705796
5.3399 0.531536 0.268068
9.03945 -6.76407 -0.263449
-9.35366 0.403171 -0.311247
-22.3556 15.0628 -1.40388
-15.656 7.70517 1.73373
-3.08007 3.02947 -0.037572
5.7951 1.17316 1.99184
8.02785 -4.85512 1.24787
0.490145 -5.18768 -0.445093
-15.8363 6.49704 2.1731
-16.3952 5.21033 -1.21539
-24.5457 14.4539 -1.31826
0.497567 -3.10477 -0.498962
2.71514 -2.49237 -0.462259
6.43558 -5.86072 -0.328329
-10.9643 2.60421 1.81024
3.48597 -0.633844 -0.430786
16.0553 -16.8999 0.0270466
-12.2269 9.47555 -1.0305
-27.9191 18.1641 -1.60499
5.16525 0.52984 -0.384568
-11.7665 3.5248 -0.876596
-2.49944 0.9035 -0.632435
-26.0256 7.20158 -0.146015
3.53566 0.0674517 -0.404146
2.77968 -10.0788 -0.129786
-13.2396 4.86882 -0.914521
-1.68445 -0.0949983 -0.595023
-1.18438 -6.85983 1.59452
-14.6374 9.05494 1.7102
-2.30946 2.10635 -0.666533
-8.80092 2.0074 2.00076
-25.1116 12.6674 0.310094
10.827 1.43438 2.83037
-12.6748 5.47989 1.49894
-1.70777 1.88434 -0.632365
-24.143 5.73484 0.328954
-3.56975 -3.0029 2.75356
-0.766262 -5.79041 -0.444789
-18.797 2.55376 -0.446653
2.67476 -0.932544 -0.434593
2.50748 -4.48278 2.37183
-27.322 18.9808 0.658336
11.2441 2.88887 2.78958
-3.37763 2.26261 2.62591
-1.96914 0.428685 -0.598505
-6.27393 3.62317 2.53598
-4.8647 1.70079 -0.69084
-16.0387 7.11375 1.74335
2.43486 -9.36915 2.73937
-8.73064 -0.696904 2.07081
-26.4281 20.0725 -0.181351
-21.4884 3.59437 1.69496
-7.7199 -1.26031 2.47577
-5.31812 4.81698 -0.73601
-20.2888 2.62384 0.828314
-3.51249 2.90689 -0.714172
-19.2574 11.6221 -1.22126
2.94593 0.38659 -0.391965
-5.90446 2.06271 2.05312
-8.93809 6.65797 -0.899606
-10.2569 8.59704 2.31084
-30.2627 16.1763 0.874168
-8.02581 1.33652 1.81874
-21.4793 3.59352 1.8965
-0.0961539 0.653847 0.540243
-15.6952 10.2434 -1.12739
12.2435 1.52909 2.32732
-2.94836 -5.05066 2.47535
-0.218968 -7.70023 -0.681766
