ply
format ascii 1.0
element vertex 12840
property float x
property float y
property float z
end_header
12.3766 1.64228 2.2749
-2.89321 -5.49346 1.70099
-2.39041 -5.97957 -0.821213
-10.985 1.49113 -0.804089
-20.8474 8.71169 0.301085
-2.346 -5.97134 -0.30784
5.51072 0.611176 0.0733277
-8.596 -0.953296 -0.149757
-6.45289 -2.25851 2.62844
-9.27585 0.285821 -0.900882
-2.47363 -5.8704 0.514166
0.283687 -0.500351 0.20901
-5.15633 -3.26519 2.09892
-13.9596 4.47046 2.35679
-2.90555 -5.52427 -0.294637
-27.4523 18.8397 1.05913
-2.90586 -5.48787 2.24822
-1.49998 1.49739 -0.622964
-4.82244 -3.23445 0.880877
16.9169 2.08579 2.73969
-13.0394 10.9728 -1.02863
-2.90233 -5.48084 2.09635
-2.91138 -0.899641 -0.593568
-5.97884 1.22759 1.99124
-0.866 -1.17684 -0.555056
-3.1005 -5.32038 1.89387
-8.11471 -0.648913 2.60141
-3.12004 -5.3527 -0.297148
-20.9853 4.30937 1.60014
8.21886 0.23605 2.56311
-0.401102 -0.37776 0.120573
13.9952 2.07507 2.09685
-0.429201 -0.624084 0.111038
-0.362963 -0.367722 0.171604
1.26014 -8.32468 2.48855
0.602579 0.153584 0.0153959
-3.35781 -5.16048 0.100595
-0.433483 -0.574914 0.123348
-4.49649 3.16449 1.97537
-2.55518 -5.7648 1.90083
-11.5984 7.95396 -0.937213
-9.61616 6.77227 2.39867
-2.93803 -5.3371 -0.527552
-2.92002 -5.53794 -0.698189
-5.91558 3.90421 2.52433
1.10057 -4.83656 -0.450961
-21.1465 5.71397 1.90905
-1.63047 -2.34068 -0.548278
-6.9495 0.456019 1.83632
-2.55273 -5.76043 2.0913
-4.79301 -3.26546 0.877838
-6.14607 4.94998 1.99599
-2.82638 -5.61689 -0.80174
3.58276 -10.2085 0.00879558
-0.478631 -0.625322 -0.207677
-2.558 -5.76958 1.51126
-2.68961 -5.66622 1.50312
-2.45538 -5.85497 1.48231
16.798 2.17586 2.72253
-2.67535 -5.66143 2.10164
-5.48282 3.80872 2.54595
-0.395653 -0.510239 -0.206165
-13.2657 9.90119 1.74765
-2.77503 -5.59594 1.32816
-8.09552 0.297357 2.56441
11.0979 1.29874 2.41017
-2.82193 -5.60385 -0.676324
10.7435 0.329416 2.25567
-18.1573 8.86137 -1.09554
3.38974 -10.0534 -0.121376
-3.03682 -5.43731 -0.711925
-2.89742 -5.50072 1.30286
-18.4352 9.27882 -1.11912
-2.90651 -5.5196 0.503566
-2.68167 -5.66938 1.69943
-7.48591 -1.82613 -1.2224
-28.3501 17.7096 0.637517
1.69038 -8.1156 -0.347008
-7.66407 4.78841 1.72776
12.317 3.40528 2.83403
-11.1032 6.65575 2.39924
-17.5521 13.5246 -1.20195
12.1416 0.52137 2.2515
-2.89502 -5.51049 1.1044
-1.48702 -2.29242 -0.54449
-8.10487 4.52725 1.83211
-2.73575 -5.53842 -0.507054
-13.2078 5.28116 2.37096
-10.9541 8.71119 2.33241
-13.0072 3.17414 2.15256
-25.6861 6.94063 -0.299527
-9.74904 8.40857 1.83048
-3.02304 -5.41317 0.90047
7.33091 -17.5483 2.81807
-3.25523 -5.2461 -0.296103
-2.69124 -5.67119 1.30638
-2.56385 -5.77099 1.3039
-1.69884 1.93158 0.302576
-0.707864 -1.31299 -0.551337
-11.2628 6.06591 1.89647
-6.2979 4.49356 2.4982
13.9343 1.97872 2.08584
7.47697 -18.049 2.77667
-17.6976 3.92146 1.80279
7.19699 -19.3647 2.81529
0.616644 -5.26686 -0.450463
-24.7583 9.72497 1.81881
-3.32976 -5.16557 0.712951
-10.3028 7.93966 1.65093
1.1952 0.0070005 -0.454982
-2.50007 -5.86613 -0.691977
-7.32922 -1.36427 2.1549
-17.8546 7.33087 -1.04642
-1.30994 -2.50785 -0.538834
-18.7857 11.2589 1.77355
-1.10766 -2.28686 -0.539186
-0.698832 -1.49958 -0.546838
-0.503711 -1.42603 -0.545893
3.915 -8.90788 2.698
22.7805 2.81045 2.69443
-12.7425 5.36811 1.54274
-1.89178 -3.2802 -0.529576
-1.88585 -3.10229 -0.53643
-1.71084 -3.08683 -0.532758
-1.67778 -2.88801 -0.534713
-1.50958 -2.6894 -0.537887
18.6048 4.06065 2.12403
-3.3674 -5.11673 -0.473276
14.9958 0.367556 2.41071
5.81179 0.322257 2.18389
-3.10415 -5.3203 2.24335
-2.57693 -5.7867 0.527972
-2.69844 -5.68971 0.504744
-3.25284 -5.24327 0.498078
-5.38779 0.971118 -0.664838
24.4547 5.33408 2.10262
24.3556 5.10365 2.11595
-18.0607 8.07152 -1.07262
3.66016 -8.83297 2.99768
2.75506 -10.0512 0.699153
-0.480626 -0.323804 0.209695
12.5215 2.70415 0.87554
32.3899 5.8246 2.4559
0.531847 -8.25024 0.489455
3.51126 -10.2091 -1.18496
-2.35035 -5.96923 0.299063
-2.69351 -5.69475 0.301783
-3.02677 -5.42771 0.307357
-3.1242 -5.34722 0.309958
-3.35599 -5.15841 0.308048
-3.02542 -5.41731 0.691161
-3.24424 -5.23938 0.69413
-6.79699 -2.3838 0.361073
11.8705 0.911337 2.27651
-2.70355 -5.68551 0.0898693
-4.68675 2.09421 -0.687849
-2.57782 -5.78325 0.0898603
11.0139 0.676968 2.79208
-28.4851 17.553 0.854208
-10.0489 0.964692 0.493558
-3.10453 -5.31674 2.09415
-0.00109586 -7.8104 0.965308
-10.3568 7.58446 1.5884
0.899515 -3.6838 -0.480823
-4.82975 -3.44579 0.00583251
-2.76068 -5.64458 -0.0906058
2.21665 -9.59579 -0.171966
-16.4546 5.21225 -0.299673
-21.295 3.42743 -0.506044
-1.23389 -4.79545 -0.480144
-1.0256 -7.02288 -0.297473
-20.4268 9.20009 -0.66684
13.9614 3.50067 -0.429207
-24.3454 5.94126 -0.898745
-26.6961 14.2739 -1.26625
-3.13431 -5.35285 -0.705732
-22.875 17.3978 1.26048
-18.7615 2.66653 -0.911033
-21.1902 5.03337 -1.04739
-22.0535 6.39642 -1.10441
-28.8242 17.0379 -1.61149
-23.2296 16.3611 -1.36751
-22.6633 17.0258 -1.36433
-22.4686 17.0962 -1.3589
1.4709 -7.05088 -0.39067
-17.045 3.49867 -0.943019
-17.8963 10.5772 -1.12742
-28.2071 17.8617 -1.81127
-26.6675 19.7777 -1.80137
-14.6218 7.53043 -0.992399
3.65651 -10.3154 -0.762988
2.11253 -9.53704 -0.651445
-12.0398 5.91921 -0.893817
-9.69744 3.30202 -0.805944
-1.07268 -5.0612 -0.469988
-1.38607 -5.06454 -0.476976
-1.84081 -5.04338 -0.487673
-6.76497 5.98377 -0.82164
0.297051 -4.55727 -0.471072
-6.59666 0.609021 -0.683407
-6.74074 1.91031 -0.722998
-4.4846 -3.19963 -0.602815
-5.39253 0.700862 -0.66034
-1.46622 -3.49269 -0.514401
-1.52528 -3.31865 -0.525412
-2.05009 -3.1151 -0.538752
-1.10931 -2.94823 -0.528266
-1.29327 -2.67358 -0.531707
-1.6721 -2.50514 -0.54176
-1.805 -2.56374 -0.552421
-3.31317 -0.499194 -0.604794
2.28563 0.300248 -0.416702
2.18368 0.202359 -0.38571
2.2397 -1.15474 -0.486664
-1.10096 -2.49515 -0.53382
2.08472 -0.300247 -0.442083
0.583771 -0.0600499 -0.180815
-1.09607 -1.69163 -0.551161
-19.3626 2.6317 -0.877911
-0.894872 -1.70062 -0.545679
5.12081 -11.4603 2.47772
12.4076 1.53075 2.23966
-9.13376 -0.53278 -0.300259
-0.908264 -2.10764 -0.53931
-19.6497 2.91509 0.322263
-0.460759 -7.05034 2.5227
-28.3475 17.7106 1.25899
-8.49157 -1.05191 -0.287997
-7.90077 0.886009 2.55069
-7.68264 -1.6751 1.50307
-25.8479 13.616 0.299587
2.09821 -7.48696 2.91931
2.69078 -7.12537 2.92603
2.02497 -5.44852 -0.421505
-13.994 8.92289 -1.00227
-23.8699 12.4787 2.01017
-17.6099 9.00109 1.47465
-12.9185 3.13135 2.2982
-8.69939 -0.8836 -0.501795
-19.9516 3.4613 1.64032
2.66977 -5.73104 2.30747
-19.7154 9.256 2.16379
2.47328 -9.15774 2.42839
-20.6898 9.47176 -0.679686
6.25264 1.6613 1.64673
-25.0908 15.6673 1.295
1.50585 -7.6902 2.91422
-25.53 15.2958 1.30287
-10.376 6.34849 -0.883387
8.18012 -3.50632 2.62607
8.58009 -0.105527 2.80048
-7.19175 1.8013 2.54959
-5.0892 4.29181 2.5161
-6.04701 1.63363 1.99941
-5.10549 -3.9014 0.913082
-5.69075 3.30498 1.86372
-23.5992 10.9795 -0.777536
-24.149 5.73732 1.32055
-14.5087 8.10283 -1.00355
12.6554 3.33656 2.18033
-14.3433 4.11261 -0.900899
-4.35243 3.91921 -0.747291
-8.53621 -0.99837 0.246489
-7.24925 3.72495 1.94104
2.05135 -9.06246 2.69941
5.02549 -13.4562 1.16153
-6.60435 4.18193 2.49701
4.03785 -10.2877 2.45012
-6.09874 3.90556 2.51472
-3.01965 -5.40759 1.2985
-17.6408 7.05409 -1.0321
12.9056 3.14912 2.38003
3.57931 -10.2044 -0.254346
7.31169 -3.16255 2.40602
-4.64206 1.10223 -0.668148
5.32568 0.623554 1.50004
-14.8554 1.87933 2.40678
-0.500658 -7.08147 -0.42812
-28.3443 15.6029 -1.16431
-2.26302 2.37701 -0.298154
-6.42064 1.5665 1.94866
-2.09472 -5.73568 2.32955
-6.45337 -0.00100185 1.82831
-8.31889 7.26578 1.07905
16.6304 3.09704 2.20087
-11.9068 10.1431 -0.848809
2.50815 0.297317 -0.419174
-20.8274 11.8023 1.3492
-10.1531 6.6956 2.40005
-7.19658 -0.395371 1.95118
-1.49704 -6.30958 2.34306
-2.42856 -5.86826 2.14403
-3.88615 1.49909 -0.66029
-9.43896 -0.317406 -0.918249
-5.97359 4.96568 1.93838
-20.4859 9.23105 1.53377
-7.54927 2.44536 1.95398
-2.42289 -5.85745 2.29356
-2.40196 -5.90042 1.52896
-17.5852 3.16208 2.32507
-1.10735 -6.27602 2.27476
-6.89559 4.10579 -0.779908
-19.9156 13.3083 1.19923
13.036 2.55063 2.50086
-3.9008 3.71419 0.896718
-7.4993 4.08 1.94779
-7.71796 -1.43953 2.82939
-20.8675 3.09669 0.794036
0.667508 -8.14422 3.14796
-1.49795 -2.88938 -0.535088
2.24139 -8.61281 2.96025
28.6181 4.96722 2.35094
-20.0036 13.1903 1.19963
-6.68571 -2.47439 0.902965
-28.286 15.5733 -1.35223
-6.20114 5.55308 -0.38291
12.4478 2.4727 2.81452
11.0208 -0.0411461 2.28569
-8.07879 0.307129 2.56266
-6.65001 -1.68361 2.08922
-17.636 6.92692 -1.02829
-7.1578 -1.79533 2.81415
-20.9874 8.5442 0.853163
-9.45235 -0.256161 1.89114
-9.3237 1.61858 2.04022
13.1803 2.74767 2.82637
-20.5472 9.10627 0.91609
16.2774 2.61818 2.44382
-5.24314 -2.88443 -1.02132
-18.1216 9.68562 -1.11623
-21.0038 8.55053 1.13518
-8.07742 -0.882832 -0.690679
-4.34654 3.61195 1.87753
-12.0056 4.04947 2.42239
-6.59488 0.445961 -0.682851
3.56211 -10.154 0.273338
-7.00135 -2.21838 1.29054
-7.29622 6.45185 1.72898
-16.9273 2.8831 -0.932864
2.24572 -0.855285 -0.47055
0.912988 -5.14065 -0.443491
-28.4394 17.5236 -1.81369
-0.882272 -6.14073 -0.449886
8.95198 2.00754 2.25951
7.6981 1.47984 2.12239
-10.5056 6.12191 2.02558
-25.195 15.5183 1.29544
12.8922 0.659882 2.09963
-19.5044 15.2201 2.0015
-13.2749 3.41281 2.11621
4.43545 -10.9006 2.25039
-10.9481 9.32825 2.31155
-5.17605 -3.85686 1.15253
-15.6968 6.67285 2.10966
-14.117 6.67791 2.31503
-18.1216 8.46848 -1.08562
2.89335 -8.84739 2.97418
-10.9812 7.23996 1.71036
14.8148 0.909256 2.19988
-6.15351 -2.91013 0.904324
11.5082 3.07128 -0.099676
20.3951 4.44939 2.96855
-1.69245 -3.28597 -0.52681
1.92489 -8.33011 2.94138
-7.9031 6.90135 -0.762207
1.1062 -4.35893 -0.463775
-17.7086 3.07305 2.28128
-0.0908423 -3.90302 -0.490779
8.8745 -20.7063 2.78817
-25.2042 13.0788 0.375411
8.34417 -19.7999 2.5223
-11.0382 9.33556 0.883803
-16.3263 5.39364 0.27665
-1.11414 -6.91321 2.09866
-2.54793 2.61244 0.204915
-17.4673 4.41274 -0.977253
-25.0552 14.3984 1.44689
-24.6069 9.84228 -0.301501
-15.4555 2.00647 1.5477
21.5698 3.33393 2.97585
-12.9522 9.61081 1.60265
10.3335 0.571498 2.36268
-5.2654 -2.85418 0.897639
-18.0304 13.2009 2.07955
-20.3951 5.10997 1.8297
-25.7866 15.0226 1.30645
-20.1 13.0776 1.20058
-18.127 8.10153 -1.07864
-26.4161 7.65842 1.29361
-6.22965 1.52013 -0.70302
2.70118 -8.5282 -0.321643
6.81374 -16.7433 1.3486
16.6491 2.31249 2.70172
-14.6247 6.08495 -0.95646
32.4635 5.83784 2.46148
-4.13168 0.908343 -0.652821
-0.449852 -7.44639 1.30397
-24.6562 12.6007 1.89037
12.7993 2.87281 2.83016
13.0051 3.17389 0.913825
5.14754 -13.1071 0.877633
-11.6719 3.26848 1.57659
-24.6053 14.1409 1.76987
-23.5971 5.30237 1.36437
-4.93111 3.71902 -0.750816
-26.3152 7.8045 1.28765
-18.1158 7.76503 -1.07075
-28.5521 17.3576 -1.39938
-26.3966 7.64959 1.20278
-23.852 16.3578 1.26618
-5.26336 -3.94032 1.40246
-7.49791 0.714058 2.56655
-24.6392 9.85624 0.920478
23.4842 4.96663 2.38576
5.1028 -13.0713 0.327269
-14.9822 11.254 1.51635
12.1547 2.55345 0.295567
-17.0451 3.11888 -0.940242
-26.3353 7.46404 0.361681
-20.9726 8.53821 0.299288
-14.1648 11.9199 0.245514
-9.45189 0.0540555 0.10575
-0.150758 -7.00857 -0.422776
6.53421 -17.2488 0.0162604
-27.4862 14.9041 0.0261824
4.91282 -12.9752 -0.157079
-16.871 2.29074 -0.924979
-11.9975 1.93099 1.95267
-28.3494 15.6057 -0.368073
-23.6868 6.08803 -0.502383
11.5346 3.11637 -0.208264
23.9904 3.85508 2.41505
-10.0745 0.991887 -0.300957
-7.56868 -1.78745 -0.298178
-24.1542 5.73142 -0.740162
-25.2083 6.47398 -0.777641
-1.49643 0.731533 -0.59974
0.329273 -4.78241 -0.465033
-4.75354 -3.29976 -0.296936
-7.80021 -1.60113 -0.286193
-24.4899 5.97659 -0.907251
-3.26782 -5.25168 -0.845072
-18.9073 2.68813 -0.860703
11.0208 2.83083 -0.476201
-19.8931 3.57875 -0.974541
-21.1456 4.88596 -1.04506
6.22709 1.47996 -0.346855
-21.6946 5.57697 -1.07865
-21.8568 6.19429 -1.09396
-22.7366 11.7977 -1.235
-22.6651 15.9637 -1.3365
-22.521 16.2793 -1.33967
1.50777 -5.25642 -0.429983
-3.23458 3.15587 -0.300107
-16.9049 2.6663 -0.928605
-5.59977 5.07481 -0.378679
-3.05395 3.01564 -0.311357
2.97213 -10.2514 -0.644529
-2.0985 0.896037 -0.616776
-14.4989 5.08851 -0.928685
-14.5998 5.91766 -0.951227
-14.5334 7.4849 -0.988001
-11.9477 6.28929 -0.900257
-9.39067 8.099 -0.900633
1.80709 -5.14706 -0.428912
1.4593 -9.06479 -0.722798
-8.69639 2.0938 -0.761126
3.67457 -10.2758 -0.993849
0.508067 -4.93684 -0.458383
-0.568711 -5.1182 -0.468002
-4.76994 -3.62768 -0.581885
-7.3179 1.50372 -0.726005
-7.2193 2.65955 -0.747644
-4.56315 -3.26628 -0.578959
-6.73607 1.4912 -0.712335
-6.74571 1.69001 -0.718483
-6.73526 2.0886 -0.728566
0.876436 -4.1114 -0.471308
-6.11156 2.70935 -0.732957
0.903772 -3.90871 -0.47553
5.83484 0.756007 -0.680899
0.299092 -3.89768 -0.486035
-3.72121 -2.86493 -0.570553
-3.62491 -2.6554 -0.572815
-9.54852 -0.147384 -1.22001
-14.3584 2.6741 -0.88273
-5.09093 0.108228 -0.64919
-7.26223 -2.04672 -1.0475
-9.32829 0.227711 -1.25322
-9.81819 0.783493 -1.32294
-4.04875 -0.490863 -0.621087
-0.895522 -3.09726 -0.520361
-3.27409 -1.61676 -0.578154
-3.29507 2.89382 -0.698114
-3.46058 -1.16591 -0.600621
3.22764 -9.38667 2.99911
-0.300955 -2.10693 -0.53299
0.817059 -0.327332 -0.291283
0.750416 -0.285377 -0.307801
-8.15122 7.1225 2.40034
-5.84587 3.07793 1.89047
-4.97632 -4.10815 0.33306
0.564898 -0.110542 -0.0787647
8.4273 -20.3485 2.72474
-17.0103 11.0653 1.64243
-16.7877 6.35758 -0.919074
-7.91371 1.10093 -0.726757
-11.019 3.76671 1.72576
-3.92182 1.10831 -0.65448
-22.9709 11.2103 2.06771
5.30197 0.851966 -0.521123
-2.47734 -5.86629 0.0872762
-19.8182 3.87991 1.75889
1.08803 -8.27874 2.70326
-7.47789 1.69514 2.54897
-0.228021 -4.47289 -0.479356
3.32284 -7.07805 2.93553
-7.69183 0.900926 2.55741
-5.58313 3.17399 -0.743097
15.1658 0.185962 2.67008
5.06826 -11.4666 2.2193
-20.4002 10.267 2.12606
-4.81039 -3.2643 1.90275
-1.49663 -4.10235 -0.504579
2.1019 -7.49971 2.92413
-17.0838 12.3475 -1.145
-5.78623 1.05667 1.98567
-4.91913 -3.47423 2.10061
5.11484 -13.1049 0.157891
-1.12734 1.12683 -0.599402
-4.81376 -3.30314 0.900626
-2.13981 -1.6315 -0.565508
-22.8142 4.68487 0.30949
-7.64378 -1.13272 2.14477
7.1206 -17.7757 2.89425
-5.54805 2.13724 2.28124
20.8795 4.55505 2.50851
-4.80785 2.19877 1.91216
-23.8135 12.5412 2.00932
-19.4439 11.4917 2.10207
0.308991 -6.7929 -0.410098
12.8052 2.09974 2.24317
-0.389265 -0.512759 -0.107767
-25.8934 14.8723 1.30886
-25.4299 15.4479 1.30494
-13.7455 5.10992 2.35711
21.872 2.76863 2.45937
-7.8955 0.885072 2.54935
-11.7643 3.17763 1.58519
-7.30103 1.38987 2.55471
11.2296 2.84841 2.78377
-6.69793 -2.48946 -0.300108
-5.00039 -3.56923 1.92536
3.27531 -9.39987 3.00753
2.81522 -5.85657 2.31916
-12.6186 7.72317 1.8305
-1.90412 -2.9067 -0.539702
1.65543 -8.58358 2.95307
-16.9356 2.93799 1.60052
-6.31199 4.29129 2.50722
-25.5409 15.3008 1.30549
4.59162 1.04863 0.338874
-8.07579 1.12284 2.55357
8.42982 -20.3485 2.52068
8.64803 -20.5156 2.48305
14.1465 2.1863 2.12151
-9.44498 4.68204 1.95288
-17.5583 13.7015 2.07321
-5.8605 3.5862 2.5301
-11.4156 4.08314 1.72367
-19.2079 3.08965 1.81018
2.18368 -8.94616 2.43534
6.8798 1.15036 2.27576
-5.04922 -3.60273 2.28404
-14.5198 3.87558 1.8596
-6.14314 0.700304 -0.677128
-19.9525 12.8971 1.34027
-6.17548 0.95991 -0.684765
-2.48338 2.08874 -0.65988
-19.8129 13.067 1.33891
-13.4669 10.4663 -1.02995
-26.6929 14.2707 0.222937
8.20932 -20.1694 2.90057
-24.6553 16.2497 1.29528
1.64956 -8.72959 2.71049
-9.65475 0.653008 -1.06185
-10.0641 5.65941 1.92344
4.0256 -8.78685 2.55613
3.93207 -8.91119 2.53871
3.31279 -1.21236 1.18796
-6.46178 -2.2531 2.51249
-26.2855 20.2532 -1.80099
-7.97261 -0.68501 2.07292
-23.3126 11.5547 -0.453509
12.62 2.61734 0.803066
4.07706 -8.72505 2.90671
11.7688 3.17966 2.78376
-16.9513 2.88806 2.34509
5.47376 0.208163 0.0659531
-8.54622 -0.999661 -0.359257
-28.9445 16.8675 -1.81801
-11.7709 4.66678 2.42177
-28.1741 17.845 -1.29909
-7.51574 3.91255 1.95958
5.12992 -13.4253 1.07105
-8.49409 0.719471 2.55085
-18.9822 15.7726 1.99773
4.0729 -2.51151 -0.453404
0.936867 -7.49237 2.9025
-13.3592 4.91815 2.37217
1.03332 -7.97204 2.37163
-6.46319 3.93057 1.8626
-5.01686 -4.06511 0.26135
-4.59645 2.34621 1.85254
-9.76463 1.50952 2.01438
-7.79324 -1.59921 -0.137713
-6.09904 -2.69822 2.16973
-21.6549 15.2523 1.97773
-8.26762 -1.25038 -0.926566
3.69031 -7.59038 2.96104
-8.62642 0.502738 2.55043
-8.68394 0.649335 2.54743
-8.56294 0.895829 2.5411
-7.1798 3.44931 2.30337
-2.4304 -5.85889 1.89378
8.09551 0.290133 2.33473
-12.5038 2.08799 -0.844922
-22.3461 4.30179 1.84354
7.20048 -17.6931 2.83079
-21.4349 5.93105 1.7988
1.27385 -8.2412 2.40987
3.31055 -7.72224 2.23889
3.09927 -7.55254 2.23755
-8.08656 -1.08335 2.0932
-2.27445 -5.71742 2.30985
-7.06042 3.82995 2.28579
3.58668 -0.29272 1.37046
3.70139 -8.84753 3.00727
9.07208 -20.8136 2.80842
-17.0455 3.33538 -0.94223
3.24042 -1.146 1.1731
3.49287 -7.14391 2.94706
-19.6932 14.982 2.00299
16.7064 3.1112 2.21094
-11.8789 10.1205 -0.94208
3.75495 -0.101173 0.94468
9.30931 2.02951 1.87984
7.26524 -3.21941 2.39593
-20.4657 14.225 2.01754
6.93979 -3.22951 2.39773
-8.71545 5.00779 1.80066
8.06832 0.100307 2.88153
-14.6155 8.16257 -1.01173
3.51998 -7.87632 2.25769
6.87664 -3.08571 2.39102
-9.80201 0.784528 1.45741
-13.021 5.39245 1.654
-5.44503 -2.68609 1.49528
-5.2665 4.83249 2.08953
-5.96458 3.28294 -0.746221
-18.447 14.6749 1.32935
-6.76138 3.40618 1.86399
-16.1905 5.90805 1.68625
-7.79776 2.79122 2.13265
-6.41307 5.7411 0.748811
4.08902 -9.07376 2.51757
8.00639 -20.0248 1.87691
1.11236 -5.11659 -0.444891
-7.91886 -1.4993 0.279798
3.67245 -7.73627 2.95873
-28.3051 15.5715 -0.96389
-21.6031 17.7307 1.74262
1.53729 -4.42899 -0.454878
-7.59065 2.49571 1.93105
-5.84124 -2.2955 2.11303
-7.86743 2.85903 2.03727
24.4634 5.33667 2.33003
2.62838 -0.306966 -0.402669
9.68461 -0.179598 2.32538
-20.8505 8.71188 0.300543
-9.06606 6.14173 2.42836
-6.49555 5.10159 1.95226
-6.32576 5.11638 1.95391
1.0064 -8.59628 2.01024
11.1513 3.01136 2.77547
5.14334 -11.4906 2.88925
2.31396 -7.5055 2.92441
-1.28167 -3.9409 -0.50293
-11.1412 7.15071 2.3721
11.6883 2.36188 2.79737
10.9892 -0.0232325 2.5258
-3.28443 3.20269 0.221576
11.3134 0.451102 2.51381
-11.87 6.91425 -0.915603
-8.5022 7.42472 1.46818
-16.0642 5.6737 2.25217
-0.436822 -0.335915 -0.0791112
-25.8019 15.0308 1.30969
-3.91389 3.72639 0.916549
-6.1952 -2.30291 2.19757
-8.26671 2.94917 1.98084
2.86031 -7.34444 2.2343
10.5244 0.531995 2.30609
1.00392 -8.58611 2.39931
-7.91094 6.3186 -0.861071
-14.3819 3.69685 -0.89674
-9.04309 1.4008 2.02843
-8.43416 3.13626 1.94145
-1.50352 -4.55156 -0.494217
-9.47998 0.0686859 1.50169
7.39329 -19.5248 2.58223
-9.97529 7.21149 1.5225
0.903383 -3.49057 -0.482792
-26.8057 19.6277 -1.60051
-9.10298 2.10351 2.01501
2.74813 -10.0512 0.105058
2.69093 -7.23797 2.2167
-9.15177 6.53094 2.42543
-6.71916 -1.9046 2.16454
-8.5548 7.10996 2.39973
-5.72157 5.1859 1.62716
12.7228 3.14401 2.82752
12.8924 2.68663 2.84132
-23.2431 16.3701 1.42558
-16.9291 3.09692 -0.933161
4.73254 -11.0416 2.5207
-8.51461 1.71502 2.53086
-16.9971 2.73561 2.34739
12.4987 0.922161 2.24525
-17.3201 4.11264 -0.967104
-11.2815 2.93683 2.44711
0.68037 -7.95298 2.71553
-8.97153 7.09084 2.4005
-9.75345 5.76605 2.44459
-0.568383 -4.84176 -0.472793
11.1127 -0.205254 2.2631
-2.66988 2.70289 -0.100973
-16.3633 2.73502 2.36
-18.1145 9.11639 -1.10009
3.58259 -10.21 -0.0907248
-5.70445 5.17063 1.49611
-11.8239 7.10816 -0.919735
-10.2085 1.19633 2.02881
-11.6953 2.14161 2.31095
-8.86547 2.02027 1.79434
-18.2798 10.2065 -1.13559
-16.6455 5.05326 1.72963
-9.89338 1.74833 1.86151
-9.83108 7.06126 2.38924
4.55353 -10.7168 2.22597
-17.1174 2.50322 2.06721
-12.013 4.05144 2.42505
6.50646 -2.78689 2.38931
8.10921 1.01568 2.26797
-7.95754 5.1777 1.81489
13.2396 2.84485 2.5084
-5.08063 -3.74228 0.896981
8.43199 -20.3612 1.91833
2.03033 -6.31984 -0.400428
11.7353 0.347181 2.24491
-28.3526 17.716 1.06246
-7.08092 4.48428 1.96543
-18.4582 11.3719 -1.17626
-12.0891 4.70641 2.40398
-11.8305 5.33154 2.4043
-22.5296 17.7977 1.25871
-9.87235 8.00165 2.35494
-14.1277 4.28618 2.37306
2.27927 -6.25023 -0.401576
12.1286 0.520793 2.2491
-10.9608 1.48827 1.9817
-5.18035 -3.93644 1.5854
-23.7204 16.4821 1.26596
10.8523 -0.200654 2.52735
3.5804 -2.23675 -0.462402
-5.70159 5.16738 1.30583
-13.5794 10.267 -1.028
-17.0108 2.9239 -0.935645
-9.75521 5.44859 1.93141
-12.9856 3.16915 1.9813
5.26153 -12.0677 2.19281
4.94156 -12.1382 2.18275
-0.892915 -6.1472 -0.4504
-10.6297 2.31747 1.81201
-10.7086 2.4036 1.82795
-12.9218 3.12498 2.13671
-5.69377 3.29151 2.52464
-25.064 14.8069 1.27643
8.42884 -20.3476 2.8652
-3.23451 3.15655 -0.493856
-24.7941 16.1234 1.2963
-3.11467 -5.32191 1.29213
-8.3991 4.75791 -0.820676
10.4306 0.448014 2.19088
5.1017 -12.1041 2.18747
13.3316 2.10408 2.24853
12.9194 0.69444 2.09799
-3.20373 -5.20911 -0.507042
7.32497 -17.5349 3.05399
-20.1491 16.2795 1.2983
-28.4225 17.5177 -1.39712
-10.4211 3.30138 1.75664
-10.5601 5.56176 1.91759
-23.8998 12.3998 2.01014
-11.2502 9.00427 2.31615
-13.0718 10.7266 1.57331
13.98 3.68415 2.32335
13.5898 3.05117 2.2382
13.718 2.68444 2.24628
13.2166 1.05603 2.13051
13.1382 0.977196 2.08671
5.706 -13.9015 2.3258
-1.34355 -1.04238 -0.571757
-16.2813 13.5355 2.10454
-2.46026 -5.83844 1.90987
-11.0121 5.62995 1.91453
-10.9587 5.73034 1.91408
-10.8643 5.85184 1.90999
-9.78324 5.86577 1.76556
8.21907 -20.1888 2.49427
-11.5647 9.31653 2.29908
13.1706 1.05096 2.04517
-25.6678 6.93534 1.65858
-10.4831 6.28425 2.41266
-11.0648 2.09419 -0.817044
-14.4275 6.08099 2.32108
-14.3403 6.30501 2.32232
-19.7419 13.5451 1.20044
1.51124 -8.91821 2.44577
-10.2552 5.40135 1.70041
-6.30133 4.49573 2.49909
-20.706 5.11793 1.7261
-8.64523 6.16948 1.57347
-8.96448 7.35815 1.71882
-6.36169 5.69491 1.23889
15.8368 3.22505 2.39564
5.47902 -12.5702 2.20312
-12.45 2.00523 1.95298
7.70967 -17.9847 2.78198
-14.0102 6.82548 2.3104
-17.6401 4.07905 1.80038
-2.42431 -5.88853 0.904567
-10.2801 6.68671 1.74354
-10.2392 7.88895 1.83747
-5.78683 5.05428 -0.793527
-1.69852 -3.48153 -0.518462
1.88256 -8.08977 2.93459
8.42717 -20.3489 3.00211
7.20216 -19.3801 2.81838
-15.9885 5.7215 2.31528
8.64251 -20.507 2.89541
1.9908 -9.40297 2.1937
-6.71264 5.0853 1.93944
-8.3847 -0.128636 -0.71246
-14.1854 4.11311 1.92173
-14.4961 7.1308 -0.974895
-24.1514 14.6763 1.93148
-12.4622 6.90833 1.8538
-12.3102 7.07305 1.84712
-12.1874 7.23663 1.84403
7.77311 -19.7921 2.89783
0.692004 -4.0683 -0.475615
-10.3186 7.918 1.64334
3.8568 -10.3785 0.280739
8.86135 -20.6755 2.78242
12.1652 2.96843 -0.218282
-3.90433 1.50604 -0.662877
5.2661 0.371031 -0.463108
9.14001 0.112347 2.31214
-6.04038 1.08414 2.34003
-4.65226 4.32201 0.707042
-6.30929 -1.85183 2.06114
-19.206 8.09272 1.93924
1.29653 -4.93406 -0.442085
-11.2435 7.2664 1.65639
12.495 2.68504 0.912425
4.04051 -8.75285 2.70174
-17.1689 3.92836 -0.955514
-9.60563 7.88352 1.69332
-23.3726 5.85526 1.79851
-7.93349 1.50365 -0.734505
18.0381 1.2185 2.68013
2.76223 -10.0429 1.09794
-10.2112 8.05088 1.45
0.488025 -5.29077 -0.451333
-15.0111 7.67097 1.77933
21.7151 3.9082 2.46131
1.89531 -9.32986 1.50878
-7.95905 5.75336 1.87766
-14.4261 3.47356 -0.894942
-5.1525 0.909351 -0.666841
-2.89173 -5.49148 1.90878
-20.7348 8.44069 1.67083
-8.31212 5.05193 1.80163
-20.4199 9.05229 1.66701
-14.5748 8.29509 1.77008
-14.2555 8.66281 1.76037
-13.3617 9.78237 1.74781
-1.50692 -1.08623 -0.572945
-8.14508 6.04112 1.87841
18.005 1.32736 2.46116
-17.5675 4.51929 1.80306
-21.7344 3.77114 0.0911422
-17.5167 4.67853 1.8022
-6.14928 -2.86911 2.10506
-17.451 4.87193 1.80096
-19.5666 9.48065 2.16138
4.70515 -11.1652 2.20705
-20.7217 5.32483 1.73197
-19.2725 9.85468 2.15172
11.0251 2.68816 -0.474923
-18.6254 10.7078 2.13561
-5.63324 5.10609 0.684324
3.9154 -8.89272 2.70344
-7.23497 -1.16285 2.03341
-14.4502 4.52914 -0.913834
22.5487 3.26932 2.26452
7.80248 -19.8652 1.92123
-17.8275 3.66408 1.80914
-17.006 4.25841 1.63189
-20.6346 9.91395 2.13073
-10.5121 8.46775 2.33368
-19.8325 11.0739 2.11411
-15.6624 8.87163 1.67502
-19.5507 11.3132 2.10241
-17.2284 3.53599 -0.954571
-4.63143 0.321295 -0.649761
13.1848 3.38678 0.767284
-22.2319 16.9143 1.90864
-5.02403 -4.05941 0.476069
-5.23664 4.80641 1.77354
11.2401 0.316305 2.68987
15.3861 -0.000429603 2.75483
-9.02797 7.40861 2.38132
-16.2303 10.4188 1.67949
-5.45062 0.887723 -0.670763
-5.39187 1.07469 -0.667892
-18.4525 14.4017 2.0382
-18.1897 8.19522 -1.08223
-23.2583 17.0222 1.2632
-22.8015 4.67937 1.88508
13.4868 1.58043 2.26227
-19.3765 7.88528 1.69375
-6.90173 4.49009 1.97746
-19.4911 8.35402 1.71655
-21.4685 12.866 2.02562
-20.1538 14.4715 2.00853
-5.09431 2.46615 1.91104
-19.5962 15.0989 2.00251
-5.11529 4.6937 0.495918
-5.27905 -2.8677 -0.300019
-8.77436 0.892011 2.55009
-4.31173 4.05526 1.29491
-21.0095 4.31387 1.60026
-10.6119 1.57386 1.92185
-23.3252 13.1199 1.99748
-22.7118 13.8993 1.98739
-18.2201 11.4605 1.60631
-6.79545 -1.97428 2.56205
-7.28172 2.11245 -0.736083
5.11579 -13.1036 0.903805
0.219037 -0.506363 0.0423232
-23.7962 17.6501 1.11687
-23.706 5.78225 1.66796
-23.5816 6.06016 1.66374
-23.5149 6.27428 1.66304
5.51069 0.168108 0.310191
-22.6789 16.3914 1.9119
-23.4401 13.8544 -1.31084
-14.5976 6.70493 -0.969865
-2.31045 -5.98089 0.304036
-5.05009 -3.04068 0.300773
-13.9431 4.51241 1.81335
-2.50682 -5.86212 -0.828279
-25.1993 13.0756 1.77159
-9.70408 1.31703 -0.770799
-24.7374 6.19934 0.835828
-2.28182 -6.0564 -0.701928
-24.9945 12.9719 1.58885
-8.67015 0.506227 -0.738247
0.606696 -0.294528 0.254571
-2.21865 -6.02735 2.09254
-25.6587 13.9176 1.46369
-25.0249 14.5853 1.45132
-14.7417 9.33963 1.7344
-6.15883 -1.97189 2.06542
-5.22257 -3.88589 1.40745
2.91863 -10.1674 0.314995
-1.03794 -7.00387 0.830022
-9.12675 -0.531802 0.289614
-23.5464 11.1373 0.664064
-16.5197 5.08587 1.64514
9.48668 1.48594 2.30667
-1.01613 1.38336 -0.297572
-8.62421 0.317694 -0.733287
-25.6481 6.92929 0.677515
-1.29571 -2.09995 -0.545959
-25.0917 13.1495 0.722211
-23.2997 5.08099 1.9307
8.2693 0.642395 2.28288
-4.33108 1.50604 -0.669189
-7.17924 -1.33536 -0.663987
-22.513 4.47923 0.305024
-25.645 6.92712 0.505904
-23.3601 11.3997 0.495316
-27.369 14.8439 0.593282
14.0708 1.037 2.43922
-14.2591 11.8491 0.299777
-6.30129 5.6402 0.136547
-23.7057 11.9329 0.352924
-25.1941 13.0722 0.377407
-8.99198 6.71077 -0.884031
-18.6977 14.1371 2.0415
-18.1688 14.7263 2.03648
-20.8627 11.7373 1.35114
5.09297 -13.4457 0.0117636
-17.2831 4.49719 -0.968445
-8.91121 -0.295151 2.12322
-9.02205 -0.304704 2.06051
-9.10784 6.08459 -0.862456
-16.4606 13.2629 2.10118
5.07654 -11.5508 2.1802
-16.7759 2.59244 -0.920333
-23.5538 5.74757 -0.274749
-18.149 8.31125 -1.08283
-14.0719 11.8403 -0.263843
-8.74246 1.1057 -0.748728
-8.72785 1.29466 -0.749803
-7.93095 2.1178 -0.746751
11.6594 3.07345 -0.210175
3.88339 -10.258 -0.258336
-25.3353 6.67808 -0.61693
4.24644 -9.74102 2.49154
-18.3891 7.35517 1.72465
-16.7936 6.35818 -0.478737
-7.35129 6.49951 -0.291833
-25.199 6.4704 -0.774788
4.64266 0.255718 -0.422457
14.2078 3.65523 -0.437473
14.1313 3.52027 -0.434273
-2.26428 2.37809 0.30438
1.68966 -8.87673 -0.324543
0.336427 -4.99498 -0.454968
-4.17382 -3.05604 -0.566055
2.82832 -7.6859 -0.342727
1.30284 -8.27047 -0.350349
1.30079 -5.71223 -0.42502
10.9552 2.31779 -0.468628
-4.98435 -3.91122 0.317682
-17.952 8.35461 -1.0741
-7.62081 0.172776 -0.693243
-21.3231 5.2024 -1.0561
-21.8823 5.91138 -1.0907
-21.9994 6.23364 -1.10028
-22.0279 6.38793 -1.10372
-22.7023 8.91812 -1.17501
-13.9425 4.46493 2.35212
8.00704 -20.0264 2.05154
8.08398 1.44014 -0.395056
2.31209 -6.71852 -0.38529
3.01411 -8.4253 -0.321482
-3.80711 -1.77117 -0.587389
-16.5636 2.06776 -0.904746
-16.9305 2.7765 -0.930022
-17.3608 3.89707 -0.964856
-17.3336 4.24687 -0.968196
-17.4467 4.92347 -0.983505
-17.4885 5.07066 -0.987932
-28.3046 17.6803 -1.81228
-28.1816 17.8448 -1.81139
-14.1937 11.9412 -1.00636
0.898011 -8.58341 -0.520851
-0.695037 -7.0556 -0.442417
-14.2127 2.06389 -0.86643
-8.10973 0.923604 2.55851
-14.1813 2.19277 -0.865709
-14.3395 2.53395 -0.879325
-14.4186 2.91465 -0.887923
-14.4691 4.92877 -0.922764
-14.5008 5.13881 -0.928219
-14.5127 5.29397 -0.932625
-14.5366 5.50514 -0.938126
-14.5232 5.67117 -0.941277
-14.5159 5.85684 -0.944697
-14.5221 6.43767 -0.958565
-14.5871 6.82693 -0.972388
-14.5883 7.42799 -0.987938
-26.366 7.46917 -0.899161
-14.1764 8.5174 -0.998621
-2.21142 -6.06401 -0.290382
-13.8989 9.34864 -1.01118
-13.5948 9.70005 -1.00819
-13.6336 9.91896 -1.01809
6.01557 1.29285 -0.371009
-3.01535 -5.40223 1.69442
2.10649 -5.77303 -0.40934
2.03281 -5.8289 -0.411274
5.57319 0.248189 0.0735336
18.1647 3.38447 2.0609
2.00422 -9.46052 -0.644828
-12.0616 5.50663 -0.883904
-11.9689 5.88396 -0.88938
-11.977 6.07163 -0.895464
-27.5321 18.6321 -2.21716
-11.5211 8.11039 -0.939638
-11.4768 8.32752 -0.945432
-11.4321 8.52938 -0.951016
-11.3607 8.69509 -0.953883
-11.2421 9.22201 -0.969756
12.4083 -0.000159707 2.06381
-4.53149 4.20854 -0.467945
-2.03447 2.19065 -0.243844
0.480846 -8.24764 -0.696174
-11.0565 1.91759 -0.814612
5.27131 -12.9552 0.744542
-10.8679 3.88735 -0.838273
-10.5899 5.08722 -0.853026
-22.6498 4.50081 -0.689975
-10.4843 5.68577 -0.86602
-10.2924 6.70963 -0.892188
-10.2514 6.89384 -0.897314
-10.1824 7.31042 -0.910087
-10.1355 7.43881 -0.91306
-9.85538 8.23924 -0.933096
-5.04473 3.17416 1.65289
-9.80599 8.31801 -0.933857
0.650045 -0.304698 -0.106525
-9.73317 1.68778 -0.777157
-9.70002 1.89742 -0.777989
-9.56629 4.30983 -0.826053
-9.13373 5.90108 -0.856398
-8.69433 0.694978 -0.74115
-8.60892 3.34134 -0.785169
-17.7316 6.96351 -1.03328
-8.52762 4.49126 -0.819565
-8.35391 4.92648 -0.824721
8.00705 -20.0188 2.46716
-7.66109 6.69113 -0.865224
0.694997 -4.90054 -0.449893
-1.34283 -5.0901 -0.478241
-7.78921 0.62387 -0.710931
-7.92108 1.30084 -0.730167
-7.62088 4.27769 -0.795183
1.63908 -7.51299 2.26827
-7.31923 5.31494 -0.823123
4.69487 0.461477 -0.428632
4.4495 0.347412 -0.405458
3.68301 -10.2641 -1.10586
-7.04772 0.303983 -0.684623
-7.19342 0.854684 -0.703501
-7.23173 0.938177 -0.708008
-16.6077 5.03724 0.329152
-7.32775 1.71772 -0.730828
-6.44881 5.4952 -0.822912
-8.10156 2.11018 2.52927
4.36314 1.11303 -0.436734
-6.7223 1.29461 -0.706729
-6.7457 1.51476 -0.713588
-6.71409 2.10456 -0.726205
3.70844 -10.3675 -1.20848
0.120086 -4.35946 -0.477324
2.10478 -7.30695 2.92023
-1.42679 -4.29688 -0.495356
-7.03637 -2.2414 -0.886931
-6.12513 2.69259 -0.732938
5.48882 0.472618 -0.637437
-5.37805 0.0515031 -0.653115
-21.7191 15.0985 1.65012
-5.46383 1.49272 -0.688277
-5.42866 2.09647 -0.707108
-5.32305 2.69224 -0.725137
0.295297 -3.68145 -0.486249
-2.16493 -6.13243 -0.829556
-4.33233 2.31667 -0.687896
-5.04592 -0.26447 -0.644207
3.09455 0.306318 -0.413017
-0.90528 -3.48271 -0.510968
-4.26945 -1.35353 -0.599739
29.5514 4.56961 2.78296
-4.45032 0.285872 -0.64528
-2.90727 -5.51966 0.101886
2.76451 -1.618 -0.480608
-0.298762 -3.26589 -0.50824
-3.7652 -1.21945 -0.601961
0.893943 -2.67555 -0.496652
0.303175 -2.704 -0.513916
-3.09787 0.286584 -0.618547
-4.92844 -4.04451 -1.32436
-2.70126 1.49735 -0.649477
-2.10355 -1.49522 -0.569056
-9.26032 5.32001 -0.841062
-2.70099 -0.092825 -0.606873
-0.300227 -2.27009 -0.529038
-4.89697 -4.02572 -1.50543
-1.86637 0.635661 -0.599445
-0.298443 -1.49473 -0.53872
-22.5995 16.5467 -1.34858
12.2518 1.52174 2.29764
-9.99903 8.04125 -0.932
3.20326 -6.86743 2.92817
-9.1403 3.14497 1.90748
-2.02172 2.18879 1.01736
-11.5408 2.00309 2.24035
-6.73298 0.0687937 2.60154
-2.03212 -6.24146 -0.837098
-11.411 3.61558 1.63196
-10.3356 7.51935 2.36832
-8.23785 -1.25187 -0.312463
-5.53933 2.43392 1.89545
-13.1012 10.0784 1.74452
1.08192 -8.09331 2.93215
-8.69708 -0.883405 -0.28611
-26.0381 20.514 -0.780374
-7.31889 1.67255 2.55276
-0.679431 -7.25958 1.49545
-8.70199 -0.86512 0.888501
5.06628 0.173936 1.95674
-1.27763 -4.35575 -0.496883
2.37988 -7.19022 2.92653
3.23902 -8.87219 2.38936
0.899521 -8.3515 2.42775
1.24616 -3.33167 -0.477575
-21.8156 6.09178 1.69063
3.47989 -8.21093 2.97343
-13.0751 11.0022 -1.03215
7.63532 1.40458 2.18402
-9.52265 2.52952 1.75311
-5.03644 4.42556 -0.776169
-25.0394 6.4358 0.659334
-10.9614 2.60337 1.81023
-2.66825 2.70147 0.305868
-15.1874 5.91088 2.31764
3.50343 -8.89416 2.99754
-8.6681 7.56948 1.49655
-9.92103 6.94281 2.39017
1.30093 -7.10206 -0.391376
0.909358 -8.09846 2.88782
-9.24958 1.17878 1.91019
-6.00383 -2.6192 2.34385
0.244874 -7.99844 1.30924
-5.07148 -3.91209 1.28892
7.65396 0.636059 2.69285
-11.3441 8.84861 -0.95908
-9.4402 0.115465 2.06621
-3.56666 2.94036 -0.705293
-5.04561 -4.22755 0.303639
-7.68493 1.50362 2.54217
-16.5154 6.13921 -0.254216
-6.87695 -0.667359 1.95335
-14.6219 7.08208 -0.981907
-5.37997 4.57637 -0.774108
-23.3816 5.09883 -0.128556
16.0315 2.47801 2.21118
-19.2634 15.4156 1.99705
-5.89156 -2.56842 2.23239
-6.88293 -2.33724 -1.0547
-16.8967 12.8546 -1.1526
-5.69229 1.50276 2.0692
-6.05085 3.73876 2.52189
-8.65205 3.69333 -0.79996
1.572 -8.72637 3.1119
-6.83844 4.5827 -0.799544
-1.92796 -5.7468 2.31926
-4.06736 3.87001 2.09395
7.78219 -19.808 2.90185
-0.41789 -0.613353 -0.0766409
-25.8358 14.8377 1.30565
-19.1732 2.91813 1.80516
-5.68777 4.4828 2.50586
-1.43832 -3.73119 -0.509151
2.11138 -7.89843 2.93969
-4.90741 -3.51981 0.906262
8.02406 1.95781 2.08879
-3.37226 3.28658 1.8171
-8.88662 0.502397 2.5512
15.0232 0.367897 2.59826
4.9312 -11.3122 2.24812
-11.3502 2.91877 1.81416
-9.96311 7.86751 2.35228
21.6616 3.89571 2.93235
2.60033 -5.67467 2.30491
-4.81324 -3.30368 0.883458
-24.0603 16.069 1.26768
-13.8229 4.87463 2.35594
1.50811 -7.93959 2.92591
-1.30578 -3.32132 -0.522121
2.30678 -8.23305 2.94161
-20.7757 4.3993 -1.02115
-5.02085 -4.2258 0.530982
-14.6884 2.91988 1.58086
-10.2684 8.11461 2.34516
-19.1843 3.08544 1.80913
4.28147 -10.3373 2.20778
3.64054 -8.61693 2.98874
-9.26083 -0.437186 -0.303371
-5.29866 2.25162 1.91144
2.52833 -5.60649 2.30772
-6.13167 3.45395 2.53552
11.7518 2.92329 0.28734
-8.35969 7.29937 1.0322
-12.7746 3.91728 2.39435
3.86297 -10.3924 0.0959288
-8.07886 -1.36488 -1.24892
4.59586 1.07691 0.325561
-5.72587 2.96706 1.8838
6.67195 -3.06468 2.38807
-11.0254 1.71047 -0.809836
24.6567 4.74812 1.71507
-4.77044 -3.40219 -0.137028
-27.3924 14.8559 -0.168044
-23.0976 5.04141 -0.988146
-7.70991 1.28869 2.55147
-5.05029 -3.88482 0.911354
-13.8288 9.36274 1.7618
-5.27576 -1.95523 2.01324
6.78271 1.17695 2.24592
3.30213 -1.20519 1.20518
6.65293 0.122503 2.1707
-4.98706 -3.60559 0.988235
12.8905 1.58894 2.24521
-2.16257 -6.0768 1.70412
-17.5811 8.98565 1.47372
-3.69163 -0.84107 -0.599554
-13.3737 5.89181 2.34891
-23.188 6.87755 1.65332
-5.0132 3.5769 1.96609
-6.69918 2.69041 2.02069
-11.9285 7.09599 -0.925473
-2.34524 2.44834 0.895678
-5.10422 2.74287 1.82423
-3.78894 3.60677 -0.518917
-28.1036 17.9183 -1.19707
6.66736 0.245701 2.13038
0.196065 -8.00091 0.301309
-4.99089 -3.92146 2.24638
-5.7703 3.27127 1.7952
-7.89487 2.10638 2.54
-7.3524 -1.9642 -0.500334
1.12862 -7.0964 2.2447
-23.3132 6.66275 1.65683
-1.46373 1.73885 -0.306462
-9.67231 2.65019 1.7467
7.39601 -19.5263 2.50023
3.88326 -8.98396 2.53559
-14.1138 8.9073 -1.00769
-0.409255 -0.343213 -0.195559
0.305288 -7.5424 2.8983
-2.47703 2.55305 0.886926
6.92593 -3.06659 2.39519
-9.80803 0.784054 1.55903
1.7041 -9.14642 2.44828
4.07862 -10.0869 2.45667
3.89795 -8.93573 2.90119
8.61235 -0.157513 2.48085
1.96546 -9.00034 2.83996
-0.00186668 -7.80208 2.11261
3.73814 -10.3032 -0.707448
-7.12835 3.72484 1.93012
-8.29203 0.905125 2.54903
-3.2594 -0.896428 -0.595979
-12.9121 5.91297 2.36646
2.78312 -10.0549 1.28993
20.5755 3.83359 2.33467
-0.33228 -4.49665 -0.478899
3.23891 -7.06083 2.9397
-1.46254 1.74233 0.294109
-8.8295 1.30127 2.53125
1.12731 -8.47342 3.14967
0.617828 0.0291499 0.05176
-0.429182 -6.69513 2.26545
-4.81468 4.00351 -0.761247
-1.50683 -6.12647 2.34016
-8.27227 1.46278 2.53797
-10.4123 7.42959 2.37012
-3.30865 3.2284 1.31165
4.08894 -10.3199 2.46102
3.93841 -8.8956 2.89144
-9.00042 -0.222966 2.55374
-12.6401 3.91786 1.72168
1.57845 -7.4511 2.2468
-8.47912 4.8035 1.80502
-11.2919 9.07142 -0.96579
-9.31929 0.443329 2.06298
1.09391 -0.437972 -0.448741
-7.76675 -1.18533 2.54664
-4.15492 3.45285 1.88426
3.05147 -7.49415 2.2455
2.00742 -7.79668 2.28286
-23.5543 13.727 -1.31314
-20.2974 16.1099 1.2987
6.89074 0.494714 2.14036
2.64642 -9.95333 0.891009
-13.9713 5.7515 2.33946
-24.7926 15.2685 1.27595
-5.29678 1.90592 2.10075
-4.91776 -3.13534 0.900215
-12.8262 3.06138 2.06796
0.555215 -7.84066 2.6921
7.48224 1.29837 2.26659
-16.0931 5.64586 1.80069
12.9791 3.19269 2.34723
2.47151 -9.39664 2.72665
7.21204 -17.7139 2.83483
3.89451 -8.8824 3.02106
1.6909 -8.77178 2.52038
1.19126 -8.02973 2.34595
11.519 2.88499 2.78569
-9.60938 2.53324 1.89987
-3.67273 3.30302 -0.720747
-17.5224 3.37263 1.66071
7.13701 -17.7397 3.11096
10.4628 0.834522 2.29528
3.587 -10.2209 0.41597
-19.6918 4.29578 1.75549
-23.6922 11.9202 0.0242195
-14.3417 8.59593 -1.00975
7.62981 0.988332 2.22308
-5.69616 3.69055 2.5199
-13.1723 10.9504 1.7021
-2.10694 -5.73622 2.33571
-4.95191 2.70452 -0.719489
3.70192 -8.85022 3.0086
7.75724 1.15196 2.22327
-4.77608 3.12659 -0.727939
7.90202 0.296067 2.81107
-10.9924 4.73157 2.44043
-0.893756 -6.92296 2.35769
-2.69711 -5.69401 -0.301111
3.88556 -9.46274 2.51998
8.68564 0.494487 2.30069
-7.77232 3.69704 -0.783086
-0.897888 -6.70996 2.36007
-9.30247 4.89928 1.94745
3.90016 -9.74727 2.52243
0.194098 -5.27436 -0.448258
-2.55618 2.61889 1.11008
1.63377 -1.92325 -0.497104
-23.5019 13.313 -1.30063
-5.70861 3.2258 1.82637
-23.9911 19.2018 1.15849
2.42976 -7.02544 2.19267
-5.04762 -4.0825 0.915666
-12.9203 4.71337 2.37806
-12.2503 4.04722 2.39078
-20.828 11.8011 1.35036
-1.49426 -5.89218 2.23815
-2.32438 -5.97549 0.529409
3.27378 -7.70594 2.95124
9.47296 1.67296 2.31078
-5.91699 3.47439 1.84652
1.62195 -7.48766 2.26017
-7.40796 0.816073 1.83259
-7.56004 0.945193 1.84114
-5.2534 -2.84278 1.49433
-20.4458 12.2579 1.34479
-24.7714 12.4666 -0.149489
0.439963 -8.14792 2.3178
-9.67793 6.71596 2.40201
-20.2842 16.6128 1.95655
-5.24224 4.81002 2.10214
13.2838 2.30589 2.24617
-8.15893 -0.701675 2.12178
-23.4019 5.10597 -0.272655
-12.9067 7.31251 1.83547
-20.6875 9.47839 0.723045
-6.40107 3.50184 1.87552
-16.3412 5.39886 0.916671
0.291107 -0.603857 -0.170895
2.61361 -9.22085 2.42437
-19.9522 10.9008 2.11564
-10.6817 8.2582 2.33433
-5.24616 4.36228 1.84667
4.41159 -10.1227 2.17881
23.9109 4.10609 2.41135
-3.93342 3.74529 1.30438
4.67744 0.107557 -0.422886
-0.00077333 -7.80192 1.88054
-17.3364 11.5831 1.9393
-2.31189 -5.9622 1.49486
-9.70895 8.37328 1.82251
16.8542 2.14746 2.69761
18.4456 3.90749 2.10306
5.06468 -13.2734 0.101196
-20.9044 11.6755 1.35065
-5.70714 5.07617 2.49788
-8.00362 -1.43831 0.257409
-16.0967 5.71864 1.72155
-23.8136 11.9904 1.50431
-20.8848 15.4897 1.3031
-7.79797 3.57288 -0.780237
-0.757186 -6.767 2.37018
3.52675 -10.1476 0.900567
-3.32184 -0.885913 -0.602993
1.33046 -8.86967 2.09143
-2.08514 -5.89028 2.30669
-9.08454 1.31258 2.08613
-4.8319 -3.21554 0.298316
-6.51056 5.10685 1.94913
0.217631 -8.04185 -0.831265
-5.0577 -3.96809 1.8965
0.298109 -8.05126 0.700589
12.902 3.14683 2.50018
-21.7385 3.77081 -0.11849
-20.9937 8.54565 1.44739
9.91176 1.49977 2.78302
7.07885 -17.8515 2.91054
-7.98417 3.02347 2.002
4.69989 -11.1519 2.73659
2.70446 -9.77318 2.49827
-26.4174 20.1014 0.441461
-11.897 6.88151 -0.916403
-8.62968 0.0526699 1.96993
-28.0955 17.9158 -1.39471
-7.64257 4.11519 1.90065
-6.76072 -1.98321 2.29672
-14.2788 6.32848 1.64842
-17.131 3.07976 1.61988
-5.04835 -1.0835 1.93719
21.6689 3.69043 2.99701
3.84963 -10.35 0.688089
3.71529 -10.2833 0.680899
-9.00308 -0.606121 2.00053
-7.56604 4.54429 -0.803096
1.70785 -8.09241 2.93293
-8.12842 1.41275 1.82891
-26.5386 19.9351 -1.59871
-8.70269 2.4393 2.00365
2.7523 -10.0528 0.336083
11.6198 0.0709499 2.15264
8.21809 -20.1943 1.89782
-1.11171 1.46064 0.297063
12.2661 3.08921 2.80521
-20.1944 12.9627 1.2026
-2.70798 2.09734 -0.671449
12.2489 1.55555 2.6927
10.4867 0.384419 2.2951
1.00753 -8.5974 1.75472
3.59893 -0.487069 0.780094
-4.89944 0.300329 -0.657513
-14.692 7.91098 2.11806
-2.33766 -5.9491 1.29921
-8.09941 -1.33963 1.68957
1.43183 -8.24399 2.93598
-9.34905 0.47528 2.42598
-8.19667 1.47402 1.79587
-8.88606 2.69602 2.00273
-26.4195 20.1001 -1.59937
-8.83735 2.80761 1.9998
21.5639 4.01383 2.99064
-14.6955 5.3085 -0.943226
-12.1593 4.5627 2.40663
12.9026 2.68878 2.84357
-7.94763 2.72037 2.26256
12.6503 2.08279 2.70569
-7.2669 0.301537 2.57675
10.2206 0.28154 2.20514
-4.41968 3.82867 -0.745835
4.56243 -11.0139 2.50186
-6.93109 3.72257 2.51332
7.20501 -19.3807 2.49235
0.610559 -7.59484 2.90654
-8.38958 1.61497 1.79262
-11.192 3.17143 2.44221
-24.1445 5.73549 1.47482
11.8111 0.288859 2.25911
7.80303 -19.8565 2.33133
-2.47347 -5.86864 -0.305565
4.04555 -9.27606 2.52629
-2.52718 2.58981 -0.330358
-8.76541 7.28432 2.3922
-17.6665 3.97077 1.79923
-1.33835 -6.74347 1.1062
-14.328 8.70761 -1.01253
-19.4326 12.3039 1.57172
-15.7709 2.63759 2.37071
0.197362 -6.38028 -0.424844
-4.17676 3.5626 -0.736033
11.0376 0.423323 2.3016
-9.73933 5.75756 2.44035
-21.0024 8.54846 1.13643
-9.56382 0.675533 1.95462
-11.9042 2.33036 2.43388
-8.5611 1.75722 1.7816
-8.70428 1.87124 1.78538
-9.78994 5.54618 2.27485
-7.49267 4.80899 1.81433
-9.23642 7.2076 2.38888
-7.88586 2.71266 1.90334
-11.4066 9.48152 2.29652
-1.79518 2.00573 -0.569435
-19.084 12.6661 1.56481
10.9189 0.419321 2.22766
-7.89831 -1.27115 2.80683
-5.14473 -2.95013 0.896914
12.0023 1.85532 2.84909
1.99447 -9.40513 1.60136
-22.6441 4.50345 -0.124072
11.436 0.279725 2.18727
-27.8887 15.3414 1.39541
-11.4528 1.93969 2.2694
-3.03681 -5.41577 0.495833
-9.58076 0.683386 -0.755909
-23.0194 13.6064 1.99574
-11.8735 3.10111 2.42256
-7.57092 4.73053 1.76128
8.13096 1.06491 2.27571
-5.83456 -0.438435 1.89247
-4.58809 4.26166 0.293677
-19.9769 14.6248 2.00338
-18.6077 3.93712 1.77036
-9.46272 7.43271 2.37507
3.09909 -9.27619 -0.291656
-3.89981 -0.902042 -0.608931
-9.1688 7.72811 2.36687
-16.7937 6.36186 -0.699393
-13.836 10.0006 -1.03108
-2.67242 2.70558 0.294803
2.29377 -8.92944 2.38847
1.70188 -7.34915 2.91478
14.8303 0.853203 2.2017
-24.5948 14.7408 1.437
-11.8153 5.23772 2.39463
-1.9712 -1.60719 -0.563506
-9.60371 -0.117361 1.83636
-18.6801 9.40062 -1.13497
11.3771 0.453737 2.66933
2.75206 -10.0527 -0.118691
6.32422 -2.75437 2.37082
-9.09255 4.6917 1.95626
-7.73641 6.59242 -0.395456
0.304524 -0.601324 0.238473
-17.2694 3.93243 1.64832
-8.23308 7.19135 1.3518
12.5837 3.41195 2.52011
-20.0801 12.7187 1.34018
-20.487 9.30708 2.09436
12.3516 0.00403081 2.0931
-1.34027 1.64545 0.295268
-10.0917 2.01549 1.90646
-2.32986 -5.93945 1.89619
-12.2939 4.14488 2.40423
-10.9789 6.76534 2.38958
5.07784 -12.0991 2.18553
-8.29494 7.24447 1.50047
-8.1173 5.28104 1.79364
1.897 -0.901152 -0.497075
-6.9542 -0.484961 2.59726
-7.45601 1.52958 2.55092
-4.1016 0.295344 -0.638247
12.1076 0.687549 2.24671
-9.32946 7.0977 2.39028
-5.06068 -3.89999 1.49617
-5.06328 -4.20728 1.13748
-5.41115 0.734788 2.00984
-9.94429 8.44514 2.33754
-12.5195 4.47678 -0.887224
-22.2619 11.8974 2.04335
13.0234 3.3357 2.32412
4.69811 -11.645 2.17026
-3.93818 -0.72147 -0.612916
-6.90506 -2.28521 1.49584
14.5123 4.01243 1.4959
-2.68908 -0.906249 -0.589562
-12.4447 5.83962 2.37679
-14.8684 11.7501 1.29357
-8.5486 5.63716 1.76963
-7.81004 6.73822 1.78267
-7.6177 6.65428 1.748
3.95437 -9.97593 2.5167
4.95213 -12.1547 2.18661
6.98771 -17.946 3.20914
6.85446 -18.0944 3.22427
0.485406 -7.24781 -0.393648
12.8766 1.70766 2.24545
-10.963 3.92299 2.44419
10.883 1.91247 -0.462425
-10.8387 6.45254 2.41226
1.46148 -0.305578 -0.507438
-28.8212 17.0331 -1.81726
0.248029 -8.03293 0.216053
0.442155 -8.14993 1.67676
9.17166 -0.0698437 2.31811
12.7157 0.469301 2.1197
12.4612 0.0963166 2.08559
6.98263 -17.9375 3.09375
6.85814 -18.1089 3.11232
-3.10884 -0.294257 -0.609594
-16.0073 6.28647 2.01843
-20.0031 16.4166 1.29679
13.3419 2.10569 2.25026
-10.3481 4.663 1.82367
1.21794 -1.18175 -0.506903
-13.1767 6.28156 2.34616
-28.3074 15.579 -0.174096
-9.33504 5.91151 1.77543
6.80102 -17.3132 1.50524
-10.9844 9.27195 2.31022
-9.86496 0.866236 1.89603
16.504 2.44666 2.63245
-20.598 4.36081 -1.01297
-4.86791 -3.52206 -0.73008
-4.93129 -4.25377 0.496123
5.6426 -13.8578 2.31653
-18.7536 11.5561 1.37406
2.65595 -9.95072 1.49576
-2.24378 -6.03655 0.915566
4.19726 -9.95979 2.39642
-2.33867 -5.95743 0.910439
-26.1234 14.686 1.31303
-10.0396 0.957258 -1.15294
0.7672 -1.04473 -0.497966
-26.0046 7.19734 -0.305077
-17.2443 12.3026 1.44672
-10.6596 6.21455 1.90993
7.54006 -18.0459 2.78062
-9.75127 5.84609 1.75965
-12.7676 7.97789 2.33103
-8.63532 7.08881 1.72911
18.3814 0.900603 2.84971
15.5512 0.379654 2.40836
3.80961 -0.0697187 0.507971
2.77871 -10.0372 1.48074
-23.7019 11.9255 0.0242186
-4.72736 -0.378744 -0.635099
10.7877 0.860146 2.80449
-3.58659 3.45685 1.5272
-12.6159 2.83378 1.91655
-14.5916 5.73244 2.3241
-11.1401 6.2397 1.89254
-9.92711 6.37296 1.74813
12.1446 2.55134 0.295328
15.7873 3.36153 2.39257
15.8777 3.25878 2.40258
-3.31044 -5.17474 0.901578
7.11025 -18.2194 2.7806
6.94071 -18.2552 2.77655
6.79482 -18.2749 2.77204
-12.0628 2.71941 1.66281
-11.4243 6.65702 1.8797
-5.13643 -3.88205 1.26978
-10.4073 6.26897 -0.882266
7.79287 -19.8428 2.63835
1.28909 -3.87583 -0.472169
32.5945 5.86141 2.47142
5.25644 -0.0788328 -0.189772
-3.25515 -5.24724 -0.107391
3.28624 -9.94946 2.10083
-8.07459 -0.0872208 2.56792
0.445213 -6.5447 2.2149
-12.5658 4.30558 -0.885435
-3.2928 1.6878 -0.665475
-22.3488 11.7672 2.04451
11.0687 1.2953 2.19927
-2.32109 -5.95109 1.69267
-21.3001 3.42481 -0.115646
-8.068 5.68235 -0.838974
0.895304 -7.85197 2.35941
-23.2895 11.5446 -0.293956
-22.6476 4.50586 -0.261643
-12.0288 6.62097 1.87153
-7.07908 4.26547 1.96715
0.893559 -4.30693 -0.465903
5.03302 -13.1027 0.483362
-1.92139 2.11171 0.302345
24.4039 5.00886 2.16936
-14.9134 10.5025 1.4753
-17.773 6.98025 1.77699
-14.1166 11.8767 -0.0995008
18.1532 1.33828 2.48144
7.79375 -19.8367 2.70464
7.38998 -19.5108 2.7792
0.29186 -3.27429 -0.499373
12.8352 1.90296 2.24307
-17.5556 2.8235 2.31466
-17.616 3.10165 2.30905
-17.4293 3.68876 2.31859
-1.12018 -5.7299 -0.458838
-10.9201 4.5817 1.59448
0.752271 -7.64026 2.31892
-5.24599 4.81581 1.9516
-27.3048 18.9783 -0.17959
3.70791 -8.5285 2.98839
-9.40406 6.70923 1.50245
-6.35763 5.69113 1.05475
-24.7092 12.4404 0.244273
3.86368 -10.3908 0.317097
12.6669 0.623242 -0.0685281
-2.33271 -5.96562 0.715673
-4.56867 1.29598 -0.667211
13.8211 1.7899 2.06544
-9.50642 0.555066 1.50042
-12.7197 7.519 1.82818
18.5592 2.86866 2.32375
-20.3018 8.99793 2.06609
-3.02952 2.99285 -0.308888
14.581 0.648066 2.52343
-5.02775 2.09928 -0.694653
-7.90958 -1.50293 0.492695
-17.5647 4.39778 2.07291
-23.7232 6.09585 0.466097
4.33368 -10.8368 2.4833
-12.1412 6.14001 1.54373
-9.89352 8.42649 -0.943977
-3.38968 -5.14154 -0.83474
-19.0506 2.70856 -0.804575
-0.458201 -1.50986 -0.540366
17.7781 1.4199 2.6732
18.0363 1.21709 2.7793
3.87605 -8.96162 2.70815
2.09716 -8.71402 -0.321963
-2.00564 2.184 0.370769
3.59298 -0.296663 0.355753
7.20766 -19.3803 2.30601
-8.69576 -0.872485 0.894349
-14.1255 2.18494 1.76866
-3.28819 -0.647314 -0.602509
-2.4765 2.54892 0.308973
-25.6221 13.6954 -0.68369
0.517884 -5.25504 -0.448309
18.308 3.52754 2.0796
21.8966 3.73287 2.4779
-7.86501 5.87141 1.87629
-14.3889 3.32479 -0.892572
-5.0999 0.899584 -0.660147
-14.1014 3.6689 1.53796
-16.1866 5.90232 1.81887
-5.35251 -2.79263 -0.945742
-16.2056 6.02252 1.82533
7.64008 0.609474 2.31478
-16.0481 6.1893 1.81597
14.7101 0.540893 2.54499
-14.4283 8.40803 1.76257
-14.2356 8.65058 1.75843
-14.6702 8.11422 1.73508
-17.4535 4.54095 2.06465
-2.30363 0.298921 -0.608565
-2.11271 2.26075 0.897453
22.8228 3.23766 2.29104
22.3885 3.32211 2.38911
22.3852 2.90158 2.38265
-0.402571 -0.538557 0.230472
15.1214 0.231325 2.43049
2.1073 -7.35601 -0.368278
7.39929 -19.5467 2.07637
-20.286 12.8465 1.20334
-7.91261 -1.49797 0.700132
12.2146 0.149515 2.26312
-20.6303 9.44917 1.69367
-17.5311 4.50876 1.79942
-16.275 6.9214 1.75781
-26.2514 20.2332 -1.38756
-15.0272 8.88639 1.73505
-12.0227 9.62328 2.28275
3.39237 -9.97133 0.0733466
-18.5235 9.64517 -1.13299
-2.75999 -5.64385 0.718251
-25.4244 14.1464 1.45836
23.0486 3.4141 2.31578
-6.12542 5.3262 1.95258
7.59354 -19.6892 2.0521
7.20993 -19.3945 1.86288
-16.5168 5.11973 1.50462
-20.6468 9.80281 2.12727
-20.5042 10.0843 2.12672
-19.5129 11.2904 2.098
-4.65563 0.308452 -0.653402
22.7884 2.88248 2.69641
-18.225 12.9391 2.08011
-1.34657 1.6516 0.0948071
-5.04099 -4.05051 1.28449
-22.0774 17.1195 1.90872
-5.54256 3.09353 1.79867
5.46217 0.639695 0.459556
7.78969 -19.8195 1.85438
-17.7582 3.80109 1.80502
7.59723 -19.6942 1.86894
7.4037 -19.5464 1.88181
11.241 0.312537 2.70357
-20.6242 9.446 1.90565
-9.49093 6.91497 2.39447
-26.8036 19.6171 0.029606
-16.4546 10.0875 1.68068
-10.0185 5.83921 2.43402
-16.8565 11.2632 1.76527
-19.1077 13.7231 2.0488
-28.3978 15.6261 -0.565005
-23.3668 5.09826 0.68511
-23.2302 17.0003 1.26131
-6.50775 5.82566 1.78006
3.44235 -10.2076 -0.980506
-4.81075 -3.2799 2.08515
-22.7301 10.7515 1.56826
-6.8957 4.48633 1.97602
-7.06209 4.84476 1.95454
-16.8454 9.81597 1.57808
-7.40454 6.54673 0.799357
0.621225 0.0547636 -0.0883865
-4.99768 -4.00095 2.08917
0.294248 -8.05329 0.487151
-3.77574 3.15871 -0.718423
-10.6879 1.58437 1.93579
-23.589 5.60157 1.8101
-23.4752 5.72695 1.80403
4.15925 -2.61643 -0.446898
3.4406 -10.1983 -0.915391
-17.4661 3.67804 1.66114
-22.6548 13.7678 1.9784
-7.33544 1.91034 -0.736043
-17.9777 11.6956 1.6003
-17.911 11.8891 1.60423
-14.7447 6.64824 1.6074
-20.0778 16.6844 1.94795
-8.06667 -1.38182 0.477153
-23.8646 17.6996 1.12018
-23.77 5.49002 1.66706
-23.4551 6.33385 1.66029
-23.3828 6.46975 1.65786
-24.4525 5.96739 0.875495
3.45746 -10.1475 -1.04174
-24.5942 9.8322 -0.705807
-16.7477 13.2348 1.45838
5.45215 0.430682 0.319791
14.6941 3.87307 2.11575
-8.48755 -1.0524 -0.106905
-1.91513 2.1048 0.691516
2.10097 -9.504 1.10145
4.97042 -13.126 0.857461
-11.1458 9.10196 2.31288
-1.35067 1.64777 -0.502441
-14.7147 6.90392 -0.981432
-5.44202 4.48014 -0.772567
-23.4095 6.16962 1.51022
0.0976167 -7.96393 -0.873173
-25.9375 7.17881 1.67886
-9.2091 -0.452169 1.96171
-1.83914 0.46806 -0.599002
-20.3257 13.3133 1.51528
0.301796 -2.89089 -0.509006
7.20367 -19.3705 2.68889
1.91894 -9.33885 2.10421
-2.16082 -6.07486 2.10342
-22.2797 16.9519 1.74572
8.00117 -20.0069 2.66597
2.7641 -10.0553 0.510949
-9.67605 1.09446 -0.766402
-24.74 6.19798 0.961957
-23.602 13.9495 -1.32056
-20.7053 9.48569 1.28475
-7.01196 -2.22162 0.300639
1.64687 -9.15242 0.0940887
-6.52969 4.49436 2.32405
-25.9475 7.18336 1.51887
-6.29145 3.30347 2.53364
-18.7605 13.5633 1.30584
-18.8977 14.1087 1.33003
4.05936 -8.71898 3.01585
12.6307 2.59122 0.726702
-6.30093 2.27715 2.03962
-23.2986 6.44758 -0.568937
4.07433 -9.92333 2.48259
-10.428 1.2856 1.10836
-0.796805 -7.18838 0.350749
-6.09745 4.51182 2.50739
-23.148 12.9273 -1.27827
4.25677 -10.0781 2.21629
3.90256 -10.4959 2.28076
-26.4065 7.65765 1.37742
-6.8755 3.48712 2.51614
13.7272 1.66308 2.11004
-25.6166 13.8955 1.46057
6.45351 -3.24577 2.40038
-2.28366 0.90187 -0.618645
-24.9009 14.308 1.43928
-24.8808 14.7054 1.44843
4.69229 -11.1381 2.68176
1.89169 -7.50204 2.92053
-24.4342 15.0551 1.43828
3.70459 -9.09998 3.02846
-3.02967 2.99425 0.212659
3.92763 -0.0692381 0.17051
-24.7512 9.72251 1.6586
-6.29598 4.54913 2.0537
-5.27112 -2.85922 0.300276
-18.2496 9.37248 -1.11298
-12.1411 5.28982 -0.882843
-2.71783 2.70857 -0.66655
-5.69863 -0.0529809 -0.659074
-24.1659 15.926 1.26808
3.85049 -10.1612 0.409355
2.09203 -9.50966 0.316356
-11.5517 3.04494 1.77057
-22.6269 4.49938 0.0956813
-25.6459 6.93126 0.845411
-29.1006 16.714 0.0296848
-7.56657 -1.32114 2.15677
-27.3312 19.0005 1.25447
11.7016 3.0454 0.455421
-1.11119 1.45907 -0.298163
-1.34684 1.64785 -0.294799
-1.57325 1.82989 -0.290035
-20.5147 8.49795 1.65722
1.08982 -8.72854 -0.748166
-28.4799 17.553 1.06309
3.7242 -9.12758 2.91726
12.3072 2.33014 -0.449947
3.85025 -8.31549 2.99101
-23.6831 11.9214 0.675922
8.20713 -20.1622 2.69332
-22.0839 17.1263 1.74302
-3.10594 -5.32238 1.70461
-27.3109 14.807 1.36264
-25.789 13.7763 -0.871923
-7.79676 1.15655 1.79812
-29.927 15.9948 0.645527
-4.86702 2.53993 1.8229
-19.4909 15.1122 1.99612
-25.8299 13.8084 -1.05113
-27.4813 14.9079 1.17919
-25.1917 13.0692 0.540219
-11.7534 2.18795 2.43802
-5.62901 5.10202 0.10015
-17.1122 3.07529 -0.942972
-25.6513 6.92898 0.353209
-23.3526 11.3979 0.34525
-23.3091 11.5543 0.345642
-18.6584 14.0166 2.03215
-28.1986 17.8568 0.442874
3.72616 -9.13333 2.61473
3.65121 -7.83684 2.97454
-23.322 11.5586 0.107143
-28.32 17.6939 0.245016
-9.45969 6.53317 2.41307
-8.49859 -1.04816 -0.965041
-0.338922 -7.39403 -0.400872
-28.1986 17.8607 0.244196
-9.03148 7.00392 2.39866
-16.2009 6.01998 2.02887
-13.4571 9.663 1.74853
-16.7423 2.325 -0.916831
-4.36762 -0.112839 -0.637154
0.248147 -8.03628 -0.0794768
-5.02791 -4.03366 1.48
-12.2306 9.66428 -0.845979
6.41671 1.19359 0.32637
-21.7524 3.77271 -0.316679
-14.3465 8.34245 -1.00205
-8.26718 7.06898 2.41189
4.47256 -10.9002 2.50978
-20.6953 9.47793 -0.122562
-18.1613 9.42069 1.39755
4.85813 -11.6006 2.17361
-5.02107 -4.10067 -0.114493
-25.3527 6.68279 0.349117
-18.2475 8.0867 -1.08292
-14.2508 11.8415 -0.266542
-9.19224 6.83962 2.40506
-14.0904 11.8568 -0.208958
11.7947 2.80112 -0.113444
-4.98506 -4.22179 -0.0929257
-23.3916 5.10122 -0.489232
-23.551 5.74385 -0.495953
-10.0802 8.69426 -0.231734
11.9637 3.07529 -0.215324
-21.1718 4.48117 -1.04155
-28.0492 18.0031 -0.784312
-10.9594 8.77212 -0.330059
3.27491 -6.91393 2.93485
-0.313798 -4.61532 -0.476924
6.46229 1.20208 -0.154512
-6.25963 -2.85352 -0.290708
-7.69037 -1.68669 -0.299022
-23.6628 6.07483 -0.727931
4.45529 0.451708 -0.406815
-26.6466 19.7541 -0.989288
-11.1064 9.45742 -0.434821
14.535 3.73938 -0.447559
14.6905 3.68342 -0.451647
3.84562 -8.03263 2.98503
12.3253 2.67179 -0.376009
-2.51321 -0.314916 -0.598098
-4.97013 -3.97852 -0.344493
0.328051 -4.8909 -0.461821
-4.75732 -3.32873 -0.291756
-26.7654 19.5988 -1.19216
3.64725 0.901503 -0.434134
-26.6373 19.7572 -1.19183
2.63085 -7.76087 -0.342872
7.04975 -2.96978 2.39598
-14.5339 4.60648 2.36084
2.12391 -7.963 -0.344838
21.5546 4.01238 2.71327
-3.29394 -0.938988 -0.596926
6.8624 -2.97836 2.38804
2.02682 -7.99199 -0.344925
0.909051 -8.38352 -0.352625
-5.05241 -4.21512 -0.308807
-24.7457 12.4581 -1.16001
4.59819 1.09105 -0.197372
2.50572 -7.1788 -0.365906
2.43029 -7.21023 -0.366209
-12.7642 5.12067 2.37801
-3.11297 -1.50974 -0.583583
1.69357 -7.54624 -0.372069
1.48445 -7.62007 -0.373446
15.3781 -0.00198369 2.46758
1.3037 -7.65822 -0.373667
-2.33339 -5.94972 1.50431
-19.6669 3.04091 -0.95723
-20.3313 3.39956 -0.991582
-20.0215 3.53779 -0.978377
-20.0913 3.99655 -0.985457
-22.841 8.97229 -1.18109
-17.8978 13.3297 2.07691
-8.11324 5.71381 -0.844013
-23.1696 16.1053 -1.3593
-22.7843 16.6815 -1.36034
9.39664 0.0440784 2.3139
-3.23297 3.15404 -0.299994
-3.70158 -2.84986 -0.567001
8.41924 1.83535 -0.414606
-4.78665 -3.46072 -0.507794
2.22063 -6.71384 -0.383155
1.69358 -6.93663 -0.387104
3.05649 -8.38148 -0.320479
-3.76077 -1.83469 -0.585279
-19.4641 13.3527 1.61217
0.82052 -7.18298 -0.391741
-16.6976 2.12771 -0.913138
-17.0605 2.74282 -0.93715
-17.416 3.57321 -0.964305
-17.2083 3.69698 -0.954715
4.81762 -11.2401 2.72331
-17.3921 3.95946 -0.967549
-14.3874 3.27764 -0.890165
-5.09437 0.706275 -0.655573
-17.5842 5.09705 -0.993181
-18.2046 8.31451 -1.08617
-18.7117 11.5276 -1.19297
-26.4087 20.0905 -1.80181
-26.2786 20.2473 -1.80138
-2.67314 2.7059 -0.299066
5.7661 0.988257 -0.326099
5.71965 0.885771 -0.313576
5.40371 0.600379 -0.294501
11.2313 0.205794 2.14778
1.47802 -6.4884 -0.401371
-8.3116 0.896425 2.55121
-14.3086 2.06293 -0.87262
-8.29946 0.906584 2.55172
-14.3985 2.22551 -0.879167
-16.4655 5.21671 -1.04291
-14.6629 5.09438 -0.937031
-14.6011 5.49582 -0.941957
-14.6475 5.64989 -0.947858
-14.0097 9.3303 -1.01617
-21.4468 3.58685 1.89343
-13.962 9.70551 -1.02696
-13.918 9.8662 -1.03038
-11.8069 1.45509 1.98204
-13.7537 10.1353 -1.03187
1.89956 -5.86691 -0.410756
-2.03688 -6.22658 -0.528412
11.6539 0.726717 2.29402
-5.00515 -4.10253 -0.374206
-12.524 4.52112 -0.887274
-0.135183 -7.73567 -0.299101
-11.8029 7.7258 -0.940657
-11.0318 9.39436 -0.966199
12.3311 -0.0206455 2.12971
-6.29942 5.28954 1.94423
-4.53527 4.21186 -0.449334
0.866663 -8.56007 -0.703847
-1.06024 -6.11643 -0.449647
-5.01303 -4.07579 -0.508328
-11.1625 2.50543 -0.830506
7.09112 -3.2748 2.40582
-11.0482 3.4987 -0.84136
-5.13176 -3.9206 1.2846
-10.4382 6.10354 -0.878046
-10.2434 7.08407 -0.904465
-1.91749 2.10227 -0.301442
1.69793 -5.19887 -0.430181
-8.26168 -1.22669 -1.27336
5.43211 0.602408 -0.0784059
-0.20571 -7.71496 -0.690915
-7.10996 4.50283 1.93279
-0.290143 -5.70547 -0.44883
-8.85679 4.4706 1.95781
-2.07057 -5.96342 -0.496242
-14.3533 3.92516 -0.897684
-5.08665 1.49088 -0.675715
-7.87757 -1.48584 -0.651038
-9.66511 2.10697 -0.778617
-9.68086 2.29789 -0.783187
12.221 3.24794 2.80433
-9.7091 2.68566 -0.792961
12.3 2.99764 2.80758
-9.70639 2.89764 -0.797389
-9.69661 3.07065 -0.800667
-9.70031 3.23648 -0.804961
1.99184 -9.40482 2.04519
-9.71631 3.48373 -0.812581
-2.49892 -5.2903 2.25994
-9.37213 5.06977 -0.838768
-9.22451 5.49559 -0.845509
-9.22988 5.68565 -0.853651
-18.8794 14.0036 2.04609
-9.06575 6.50911 -0.878838
-8.74234 0.888238 -0.746944
-8.67653 2.31535 -0.76344
-8.6411 2.5059 -0.764892
-8.64781 3.51245 -0.793635
-1.70866 -6.29183 2.31432
-8.63824 4.08572 -0.812551
-1.94253 -0.361585 -0.600955
-8.3332 5.05276 -0.828979
7.80328 -19.8637 2.50365
-7.89099 6.49653 -0.86933
-4.49437 4.17606 -0.564386
5.03928 0.201086 -0.418628
0.104379 -5.05836 -0.459662
-0.98336 -5.10672 -0.472123
-1.05176 -5.12256 -0.474745
-6.36293 -2.56679 -0.623327
-24.1464 14.6764 1.76219
-7.90778 0.902728 -0.723916
-8.25696 7.21052 2.23486
-7.9297 2.29204 -0.750949
-7.65076 4.39739 -0.803008
-0.0773824 -4.85103 -0.470556
-0.708475 -4.87353 -0.477457
-1.10816 -4.79339 -0.47691
-5.01888 -4.11855 -0.629524
-7.30844 2.09616 -0.738347
-9.90565 6.48739 2.41442
-6.64243 5.16836 -0.817665
3.77024 -2.4346 -0.463462
-0.956477 -4.59053 -0.483479
-16.6435 6.30493 1.00425
-2.05522 -6.23842 -0.707053
14.506 2.70173 2.09764
-2.13118 -6.18134 -0.677171
-3.70874 2.69662 -0.698224
-6.49639 -0.295756 -0.671021
-6.52422 3.09812 -0.745779
-0.869931 -4.32872 -0.484849
-4.98215 -3.98584 -0.721615
-4.56195 -3.23399 -0.612128
6.68469 -2.89691 2.41557
-5.05337 -2.20374 -0.603235
-6.90972 -2.33194 -0.897122
-5.53795 3.29629 -0.745985
-6.13388 0.326292 -0.67261
-6.15436 0.491468 -0.676168
-6.16194 2.70854 -0.737584
3.54635 0.133678 -0.410069
-0.305907 -4.08573 -0.487921
-26.7753 19.5961 -0.989581
-5.78876 0.863414 -0.677099
-5.79153 1.43175 -0.690345
-8.68706 -0.895329 -0.656188
-5.78069 2.05318 -0.709839
-5.67653 2.90652 -0.738101
-14.5717 6.26033 -0.957328
-5.36548 3.72365 -0.755958
-0.894128 -3.89671 -0.497017
-4.62658 4.22204 -0.761349
-0.295454 -3.88935 -0.496089
-17.9216 7.5509 -1.05486
-4.99928 -3.96555 -0.872843
-2.08988 -0.105785 -0.595424
-4.94427 -3.62241 -0.781149
-4.15564 2.12037 -0.684781
-4.34407 3.92755 -0.746938
3.2903 0.840998 -0.437747
1.11086 -3.29394 -0.480971
-4.95692 -4.22565 -0.872923
-4.80748 1.65834 -0.681616
0.296862 -3.47109 -0.496688
0.154146 -7.18106 2.29395
-5.00899 -4.11039 -0.907427
-3.10837 -2.47666 -0.563337
-5.49555 1.49561 2.07809
-6.70615 -2.48269 -1.05653
9.4751 1.88554 2.76623
-3.09181 1.49822 -0.658957
-28.5552 17.3568 -1.19951
-9.26384 -0.416508 -1.2908
-4.6373 0.693645 -0.656495
-23.3926 6.01581 -1.01271
-5.97737 -2.87254 1.52363
-4.67125 0.900313 -0.666072
-5.61552 -2.69738 1.53493
-4.4254 1.29367 -0.665749
-4.26843 2.68592 -0.706294
2.91821 0.30414 -0.418961
2.70342 -1.66317 -0.48475
2.54884 -8.3945 2.96393
-1.09058 -3.281 -0.518597
-6.2619 -2.83312 -1.01464
-2.69435 1.30167 -0.645558
-3.966 -1.08128 -0.605398
-4.27519 0.277873 -0.641812
-0.684659 1.11909 -0.300254
0.900148 -3.10011 -0.490846
3.62182 -0.284226 -1.34793
-3.31951 -1.68591 -0.577361
-4.26691 0.903322 -0.661713
2.67859 0.297903 -0.417907
-14.7187 2.64606 1.7559
-3.89238 -0.299322 -0.618306
-2.71021 2.69326 -0.665712
4.1178 -10.6761 2.1876
1.6886 -2.10187 -0.490902
2.69443 -8.68071 2.96742
-0.993994 -2.92424 -0.528884
-9.74876 8.4094 2.06874
-2.70912 -1.90156 -0.570906
-0.036096 -6.16826 2.20171
2.36841 -1.43288 -0.489897
-1.0209 -2.77191 -0.524992
-1.78959 -5.53471 2.18283
-4.98629 -4.11878 -1.12911
-12.6952 3.69934 -0.881068
-3.30823 1.09992 -0.648052
-12.6666 3.88155 -0.883514
-3.30791 1.27432 -0.65464
-5.6672 -0.365511 -0.657008
-21.7992 12.4952 2.03404
-2.70292 2.48756 -0.677064
-12.2064 5.23136 2.37959
-2.51276 -1.50413 -0.573295
2.08787 0.304814 -0.42193
-23.3194 13.117 -1.28743
4.17029 -10.2445 2.21323
1.68325 -1.72442 -0.497293
-2.12046 2.19727 -0.649993
-2.50796 -0.898185 -0.5889
0.388905 -0.36674 -0.172512
-1.85829 -5.51705 2.19051
0.497513 -2.1017 -0.515942
-1.97957 -5.50946 2.22792
0.300127 -2.10683 -0.518929
0.38919 -0.561138 -0.22963
-1.49568 -0.897232 -0.575993
-4.68831 -3.99383 -1.95341
-1.69081 -0.30084 -0.590279
-1.66808 0.481098 -0.598226
-13.7781 9.54718 -1.01247
3.62585 -0.367342 -1.39068
0.580919 -1.14211 -0.490022
-1.55238 0.215635 -0.601485
1.19622 0.182063 -0.467184
0.0911376 -7.48817 2.72101
1.69756 -8.54115 2.4169
-6.47816 2.90364 2.50008
-6.89033 -1.90049 2.5097
-16.6346 4.93692 -0.726147
-8.00774 -1.43577 -0.338974
-25.9855 20.542 -1.38711
-14.7864 9.25688 1.73374
-21.1853 15.3131 1.31022
3.38552 -0.548257 0.933526
-1.24726 -1.72291 -0.554193
1.07658 -5.93392 2.14901
3.51724 -10.1328 0.896128
1.31305 -7.04705 -0.388587
-10.1944 1.32135 1.90495
-21.8226 17.4672 1.74316
10.4861 1.81892 2.78647
-4.77052 -3.28296 0.691308
-2.34219 -5.95044 1.107
23.6635 4.25691 2.53802
-7.13939 -0.0844257 2.59247
-0.882187 -4.35087 -0.485794
2.70606 -7.12148 2.92877
-3.12144 -5.3248 1.10667
-12.8175 2.22459 1.92813
3.72495 -0.130762 0.699718
1.50358 0.101218 -0.480116
-26.3191 7.72179 0.283393
-28.3228 15.5866 -0.563483
-21.0019 8.54388 0.992297
-6.9234 0.107377 2.58243
-5.03555 -3.6745 1.89436
-22.5086 11.6766 2.05222
-3.48696 1.50884 -0.66246
-7.92808 1.90994 -0.741832
1.49607 0.105489 -0.479903
-9.51496 4.00941 1.84942
-17.3687 4.92504 1.79427
-7.25533 -2.05358 -0.892682
24.4128 5.32495 2.09905
-8.46128 4.09129 1.97214
0.640005 -0.106946 -0.122795
0.582289 -0.165511 -0.049787
1.29429 -7.47444 2.91357
-15.4091 5.08957 2.1116
5.43155 0.467218 0.698845
-0.257503 -7.62736 0.100662
-10.1014 4.47647 1.84043
-12.623 4.42539 -0.891604
-3.32351 1.90937 -0.67638
3.50814 -8.91049 3.00294
-14.9486 2.59304 1.60133
-14.6202 5.65072 2.32359
-7.65354 4.13656 1.86526
-4.79581 -3.42309 -0.751077
-4.7398 -4.08425 0.312659
-6.93695 0.846794 2.57368
-11.5539 5.12299 2.41642
-9.57117 -0.103415 1.71264
24.556 4.88379 1.86811
-14.8542 5.88837 -0.965101
-6.80016 -2.43281 -1.05425
-5.66695 1.44552 2.07182
5.33952 0.521088 0.0887365
3.81826 -2.36057 -0.46342
2.52508 -9.48713 2.52078
-23.3839 5.09956 0.099567
-27.3166 18.9934 1.05707
-5.51365 2.08355 2.0879
-8.66694 0.132432 2.55806
-8.83748 1.98552 1.78708
2.90982 -10.1383 1.30415
0.930014 -6.93387 2.28772
-22.1007 11.8989 2.0314
-3.09373 1.88624 -0.668372
-8.55501 -0.972529 1.69024
-10.7735 4.34717 2.43833
-5.17341 -0.983918 1.93058
-23.4852 16.7494 1.2641
-19.6744 9.31013 2.16438
-10.444 6.88731 2.39242
-0.686956 1.12223 -0.101261
-0.800195 -7.20516 -0.207387
-7.33854 -1.94354 1.48921
-27.4304 18.8211 0.441463
-3.33548 3.25388 1.50265
2.30743 -9.547 -0.292767
-8.2453 -1.24915 -0.299097
-7.52352 1.88921 2.54319
3.53399 -10.1201 0.304424
-2.11796 2.26265 -0.297858
-15.5374 9.73758 1.70604
-4.56882 0.0964754 -0.644766
-22.1218 12.0856 2.04062
-3.0821 2.09231 -0.673949
11.7321 2.28656 2.80401
-5.85283 2.3793 2.42459
-5.94621 2.46055 2.4516
-9.20977 3.07874 1.91628
-7.35042 -1.94141 0.905047
-27.4436 18.8327 1.05716
-7.9867 1.1052 -0.733546
-12.4713 3.70003 2.4106
-11.7144 9.98115 -0.929363
-27.5526 18.6558 -1.60288
-27.5484 18.6502 -0.579981
-8.95237 2.50752 2.00505
20.6415 3.71499 2.33953
-6.87473 0.709366 2.57244
-10.6286 3.44059 1.72912
-8.89585 0.692494 2.54543
-26.3076 7.8054 1.03501
7.47413 -17.3442 2.8824
3.3272 -9.89766 2.45776
-10.0068 5.05333 1.93772
3.14286 -9.93801 1.6997
-14.8358 1.89158 2.40416
1.09793 -8.28382 2.69498
-17.9276 14.899 2.03003
-9.85835 8.44216 1.47996
-27.6753 18.4894 -0.580233
-14.6835 4.55213 2.00031
-5.38777 2.0028 2.11553
-13.1069 2.89987 1.9085
-16.3366 5.39802 0.439399
-6.51966 -2.17365 2.63973
-3.94477 -1.16897 -0.599499
-2.73136 2.76329 1.45538
-9.27754 7.61253 1.70574
-0.702933 -4.32578 -0.485534
2.91058 -7.27343 2.93114
-12.5119 4.6905 -0.890691
-3.28704 2.10692 -0.68033
-4.44263 3.85464 -0.750313
3.54116 -10.1924 -1.25097
-23.6288 5.30495 0.461072
-7.51482 1.71104 2.54465
1.10864 -6.16008 -0.41698
-19.0983 12.5069 1.55931
-14.2356 11.8285 -0.0998694
-4.79304 -4.03156 1.23456
-9.44289 0.851881 2.49103
-5.93067 3.38037 1.78849
-18.0472 8.73819 -1.08772
-2.29601 0.0531882 -0.598655
-6.27929 2.74934 2.50361
-2.90648 -5.50616 0.896968
-25.6131 14.2962 1.2851
0.70138 -1.88882 -0.514672
-23.4241 11.2523 -0.693175
-26.3014 7.71573 -0.310133
-11.439 4.41342 2.42022
-7.44875 0.504522 2.56349
7.96327 0.378704 2.34755
-5.52151 1.70423 2.07654
2.09797 -0.497735 -0.453629
-6.8091 -0.905907 2.61459
-21.0474 3.25291 1.72407
15.4886 0.00444115 2.48539
0.0204672 0.561722 0.206648
-1.1111 -4.32275 -0.488315
-6.42087 5.74607 0.960311
2.50295 -7.30018 2.92296
-7.67969 -1.67762 1.49034
-1.29362 1.60626 0.695013
-5.05199 -3.0438 -0.869999
-7.55794 -1.77011 1.50852
1.48979 -4.6791 -0.446195
2.74521 -9.55736 3.00465
-7.67379 0.684483 2.56145
7.80135 -19.8596 2.77679
0.254121 -0.610055 0.0728737
-3.80275 3.61998 -0.392933
2.7683 -10.0528 0.891109
-13.9052 5.91233 2.33957
-14.7238 2.88117 1.58344
-10.2885 8.07959 2.34356
-8.39688 2.15895 2.27644
-6.17305 0.703807 -0.680766
-14.8754 5.32317 -0.954237
-2.5394 2.60158 0.504321
-5.78863 3.1821 2.55172
1.64797 -9.16071 -0.24827
10.1896 1.38109 2.7854
-2.49296 1.8935 -0.658566
-19.9389 12.8877 1.339
-1.09833 -1.89599 -0.547162
-0.691899 -6.85767 2.50214
0.210726 -0.544885 -0.0509512
-0.800286 -7.20639 0.0639029
-23.5323 12.4862 1.98779
24.3893 5.03755 1.8582
-14.8382 5.67223 -0.959458
-2.49709 2.30354 -0.67049
-5.64067 -2.75349 0.275095
1.31532 -8.86605 1.30205
-16.9459 11.172 1.64281
-1.89093 -6.30195 1.70147
11.9541 2.45455 2.18615
-2.69312 1.4899 -0.651361
-24.9152 14.7272 1.45069
-12.1196 2.48842 2.29176
-4.71527 4.38121 1.52639
1.49374 -5.2676 -0.430689
2.65986 -9.95192 1.51005
-12.5351 2.47045 -0.851513
-6.12208 -2.9154 -0.699025
-6.56384 1.28306 2.57155
-12.4179 3.87569 2.41059
-8.76663 0.89091 2.54712
-6.6638 4.32149 2.4631
-16.8039 6.3646 -0.671744
-13.4239 3.53791 2.28927
-11.7131 4.3137 1.70124
1.54672 -9.04004 2.30215
-5.9175 1.0952 1.91502
-5.45527 -2.66308 1.90124
24.1717 4.95732 2.45251
2.29489 -0.693797 -0.450835
-16.2605 5.93059 -0.886207
-9.6281 1.54975 1.86445
-24.9896 6.42374 1.60938
-7.40687 6.54813 1.10137
-7.698 1.08945 2.55283
-15.017 4.454 1.83854
-5.70799 1.9109 2.0569
2.46204 -9.79068 1.49411
3.59597 -10.2345 -0.722999
0.684278 -6.72213 -0.407457
-6.23465 1.68835 -0.707704
-10.9684 3.69895 1.71541
-12.6956 10.5164 1.73981
-15.4879 6.92189 2.03926
-9.09077 0.896681 2.5359
-4.82704 -3.24441 1.29099
-23.5968 16.6115 1.2646
3.28836 -8.15618 2.97086
-4.41155 2.13432 1.8772
-11.3079 7.65759 2.36121
-1.55515 0.281432 -0.597079
0.538669 -8.22764 2.1165
-11.6016 7.2978 2.36972
14.6787 3.88139 1.92031
-8.49447 1.28612 2.53537
-7.51288 0.887451 2.56461
-4.79143 4.45092 2.27099
-10.6932 7.09799 2.37815
-1.4742 -6.66266 -0.286013
-24.3603 15.6502 1.2689
0.681742 -7.8852 3.01909
-12.7013 3.04962 2.42057
-16.7882 6.35664 -0.0966612
-7.12855 -2.15857 -0.889562
-14.7168 10.2311 1.56069
-8.30268 4.08467 1.96802
-20.1364 13.8162 1.52289
-26.5565 19.954 1.05536
-7.52136 1.25634 2.55568
16.0238 3.49424 -0.386104
-5.86272 2.38489 2.31359
-11.9782 4.87609 2.39615
-7.4456 1.52037 2.54822
-15.2677 2.26667 2.39013
2.32003 -9.67856 1.29694
-5.96961 2.47144 2.32218
-3.70987 1.10993 -0.655094
-2.10934 -1.65981 -0.564656
-11.8721 5.08948 2.39354
23.9398 3.9223 2.41117
-0.3209 -5.94002 2.18749
-17.247 12.7906 -1.16638
-15.1597 4.14385 1.84509
-5.88179 1.54609 2.06288
-17.0587 6.57915 -0.0984806
1.52097 -8.17803 -0.348009
6.44771 -3.04556 2.38797
-5.37329 -2.76667 0.702739
-22.6786 4.51344 -0.900824
-7.48708 0.885906 2.56426
-18.6964 3.599 1.77141
-7.53451 1.10747 2.56113
-19.1819 11.9835 1.41035
-15.1285 5.88815 2.30807
1.89614 -9.32227 2.30595
-0.52749 0.992494 -0.401349
-5.68711 5.15484 1.10531
-4.91921 1.93518 1.92269
0.666469 -8.33493 1.70204
-5.00876 -3.81146 2.08858
-5.06846 -3.73567 2.0992
-8.5626 3.94117 1.97791
-20.1616 13.5624 1.51536
-26.6826 19.7938 1.05553
-7.37094 1.9198 -0.739864
-8.10392 -0.899251 -0.692649
-5.3794 2.01426 -0.698159
5.66804 0.927422 1.6591
-19.3497 15.0991 1.98632
-4.71578 2.49965 1.87809
7.55172 0.417707 2.78558
-7.49909 4.1157 1.9739
3.56384 -0.358207 -0.100465
-9.29882 -0.374832 1.91175
0.851618 -5.76321 2.14432
-24.6017 9.8377 -0.666145
3.25843 -9.21846 -0.291717
3.20421 -9.95256 0.908896
-5.78417 1.03806 1.98361
5.38282 0.630724 0.345161
-0.797984 -7.19787 -0.169579
-23.5271 11.1264 -0.140264
-6.67576 1.31365 2.56083
-12.6447 2.51181 -0.8594
-26.5325 19.9306 -1.80167
1.08252 -8.10271 2.93542
-6.48038 4.1487 2.50093
0.913022 -8.10333 2.89476
-0.333597 -7.14418 2.51435
0.487907 -0.341844 -0.128345
3.28843 -9.13071 3.00868
-13.457 6.72432 2.32897
-4.81879 -3.24415 0.702719
-7.1417 0.307858 2.58793
-7.14033 0.508727 2.58273
-18.7894 11.2608 1.49637
-14.0715 8.84871 1.75431
-5.44408 -2.66082 2.09439
-4.89624 -3.48966 1.29703
0.502802 -6.28002 -0.419559
-7.82262 2.82762 -0.757288
10.7682 1.79885 -0.456875
-11.1755 4.07578 2.42572
-20.0919 2.47859 0.51618
-19.5355 2.53015 -0.105875
-26.6692 19.7793 -1.5994
-8.99258 2.37052 2.00556
-4.81414 -3.3113 1.10725
-5.30001 1.50051 2.07787
-11.3115 8.31283 2.33894
-5.16017 -2.9657 -0.303355
-7.31278 4.4745 1.95664
-12.1276 9.58669 -0.67154
0.345556 -5.926 -0.430557
-16.6542 4.94045 -0.889767
-6.98462 -1.82628 2.6264
-9.25145 -0.443557 -0.297678
-24.623 9.84623 0.10923
-7.13347 -2.1572 -1.04328
2.6554 -9.92974 2.4475
-7.92357 0.163065 1.91967
-3.44575 2.70621 -0.694493
-7.13212 0.100151 2.5873
-5.51639 -0.701013 1.91047
1.44823 -8.95617 2.30451
-6.1266 4.98347 1.98614
-13.6007 6.50515 2.33437
1.99676 -7.39318 -0.368416
-4.91327 -3.53089 0.700762
-25.0541 6.44004 0.658895
-7.14238 0.702941 2.58062
0.311241 -0.520095 0.215129
21.667 3.96624 2.86647
-21.0752 3.26095 0.677775
-5.55574 2.14024 2.28461
-12.5857 3.21846 -0.866316
-13.0448 8.1473 2.18709
-6.11174 -2.1433 -0.628437
-3.29196 0.690259 -0.6373
0.667344 -8.34233 1.11278
7.54034 1.29786 2.12605
-4.66375 2.34807 1.8357
-14.1162 4.12585 2.33492
-25.1486 12.853 -0.66473
-2.47414 -5.87054 0.299393
-24.7062 9.70407 0.109316
-3.30826 0.0946071 -0.616042
-6.73531 1.44685 2.56105
-6.1871 -2.7824 -0.616667
-12.6958 2.68509 -0.865352
1.10259 -8.71445 0.0888322
14.8554 0.86603 2.20553
1.92118 -7.33268 2.91823
-16.5195 6.13995 -0.136692
-6.8822 -0.667581 1.94925
-16.6186 5.03929 0.70786
-1.56749 1.82688 0.698694
13.0762 3.18932 2.32682
-18.2579 8.63346 -1.09581
-5.27526 -2.86362 -0.874963
1.09518 -7.49403 2.90824
-12.2596 2.5957 2.32115
-10.5495 6.14958 2.2994
-10.1699 1.06367 -0.68015
-23.3076 11.5517 0.495693
12.6625 2.65416 -0.225537
-6.25027 2.67613 2.06854
-22.3192 18.0813 1.25871
-7.68756 4.93557 1.80229
-24.7107 9.70551 0.505312
2.10371 -7.50269 2.92586
-5.2876 -2.86328 -0.500139
-3.60405 3.47278 1.49233
-5.38179 3.78616 2.54191
-23.4954 12.7456 -1.28873
-0.881551 -6.34839 2.24776
-7.3045 -0.265798 2.59259
-9.09564 1.12326 2.51363
-4.90852 -3.1295 1.30269
0.495682 -6.72101 -0.406473
-2.45274 2.53369 1.09758
-17.583 3.60767 1.67065
-3.80123 3.61521 -0.691656
1.508 -4.68102 -0.447082
-21.0925 3.26073 0.0881113
0.565787 -7.19486 -0.390978
-5.74052 -2.80404 0.273305
-4.94069 2.69845 -0.718061
7.65325 0.636545 2.70712
-2.29235 -1.49349 -0.569287
0.073147 -6.24617 2.20247
12.5689 2.72851 -0.22421
-26.2933 7.80325 0.871618
-9.97554 8.15931 -0.93589
-6.27316 -0.0922943 1.88656
-16.2669 5.50163 0.916669
-6.09261 2.61888 2.5069
-6.42239 4.62415 2.43866
-13.2211 3.86127 2.38149
-23.4491 5.87453 -0.86829
-5.73825 -0.526718 1.90117
3.07808 -8.67005 2.35326
-0.501848 -7.10417 2.36799
2.61591 -9.37401 3.00873
-26.9197 19.4575 -1.59972
-26.9128 19.4499 -0.57892
-5.692 1.69359 2.06281
-12.4764 4.70238 2.38919
-2.72928 -2.04716 -0.566461
-9.60199 8.28329 2.03758
-1.26454 -3.72032 -0.506346
2.29606 -7.8789 2.94523
7.15148 -5.10277 -0.315401
-7.28897 0.106112 2.57902
-5.62369 -0.629374 1.89422
1.33258 -8.86512 2.29332
-9.94456 8.37912 1.60858
-20.1012 2.47994 1.51112
-28.563 17.3579 -1.81452
-9.26213 -0.438159 -0.502538
-5.04817 2.01877 1.913
-4.8884 2.29216 1.91687
-3.35383 3.27137 1.70002
-9.82841 8.37206 1.83523
-13.9241 4.50551 2.35236
1.49451 -7.71047 2.91571
-9.35716 0.228014 1.52503
-5.8774 4.08278 2.51612
-13.7815 4.91554 2.35138
4.68807 -11.0798 2.57747
1.89221 -7.48511 2.91801
-20.7192 9.49194 -0.886408
-0.014139 0.585695 -0.101016
-0.690454 -6.87167 2.65793
0.000892445 -7.79767 1.75496
-23.6252 12.627 -1.29018
-7.48624 -0.299103 2.57734
8.12882 2.0275 2.1188
0.253511 -6.78295 -0.409216
-13.515 4.5098 2.37419
-1.01815 1.38472 0.306877
-12.8229 10.359 1.73964
-10.4125 6.92799 2.39173
-1.13689 -6.93335 -0.294542
8.21658 -20.1994 2.16585
-1.11641 1.46239 0.495259
-4.76024 -3.26572 1.29781
-11.7219 9.92565 2.27681
3.72181 -10.3016 0.0780544
-3.62005 3.48835 1.72371
2.09158 -0.692037 -0.467922
-23.063 12.1458 -1.25476
-6.82474 -0.852998 2.60989
-4.91708 -4.23994 1.6994
-2.71323 2.74618 1.29352
-3.23944 -2.19222 -0.569801
-12.9734 4.53531 2.37626
-4.92114 -4.2658 0.319117
22.7807 2.88005 2.84174
-4.86439 -3.49828 -0.750544
-6.26435 2.92994 2.54324
-6.83139 3.17947 2.46585
2.11506 -8.12332 2.94525
-6.23602 4.86349 2.45895
1.3001 -8.28099 2.93851
2.49544 -8.58723 -0.321262
-14.1906 5.17811 2.33862
16.1152 2.49095 2.22274
1.10771 -8.28274 2.87063
-27.6761 18.4942 -0.377013
-13.2877 3.42991 2.30807
0.000735765 -7.39583 2.59451
-11.5028 4.27657 2.42249
-7.4612 0.297418 2.56866
-7.6748 0.305024 2.57432
0.245545 -7.99978 1.04018
-4.98286 -4.0395 1.62218
-7.08575 1.31154 2.55761
-9.3473 0.922158 2.50161
-18.9543 12.7054 1.55859
7.88091 0.972181 2.28145
13.8413 3.55736 2.32198
-5.40652 -0.835863 1.91746
1.06689 -8.23084 3.05741
-15.7865 5.9787 2.30134
-4.99384 -3.65649 0.277495
0.105375 -7.89647 0.903709
-7.30655 1.09153 2.56155
-6.69314 2.30268 -0.730845
-5.11407 2.08542 1.91153
-0.833173 -2.32474 -0.535198
-19.4573 2.70349 0.317421
-6.51778 3.09607 2.53301
-4.7831 -4.04831 -0.281604
-6.02305 1.1597 1.77121
8.52768 -0.0895117 2.77045
-17.1407 13.2077 -1.17544
-5.89477 2.08879 2.05207
8.27701 2.25273 2.30473
-12.9574 3.16075 2.30606
-23.1147 5.04432 -0.990573
-27.9367 18.1737 -1.80945
-4.85821 -4.21677 2.25576
-5.46879 2.36824 1.90246
-15.1819 4.91142 2.07626
-8.88373 0.50873 2.54749
-10.2332 7.13351 2.38557
-1.25528 -3.56622 -0.509381
2.31048 -8.05732 2.94096
-6.75735 -0.766859 1.95813
-5.02317 4.48377 -0.747857
-16.5577 5.13197 0.706579
-3.9972 0.702367 -0.646325
-7.89572 1.09664 2.5467
-19.41 9.68569 2.15666
-10.1869 7.17579 2.38304
-11.5267 8.70976 -0.963465
-9.46161 0.0758573 2.05926
7.61089 0.626556 2.67578
-6.93186 3.29582 2.5035
2.31223 -8.25493 2.94947
-22.2944 6.61232 1.88245
9.08223 1.89084 2.28489
2.10665 -8.29823 2.94556
-20.094 2.47976 0.703703
-7.43118 -1.43117 2.60348
1.40553 -0.0745301 -0.490121
-9.60733 -0.0886567 2.01661
-25.8164 13.5951 0.555291
-9.88982 7.91584 2.34702
8.72221 1.9128 2.28601
0.453694 -8.23058 -0.800723
-6.33116 -2.75724 1.10832
-14.1547 5.31291 2.34099
-4.35503 1.49932 -0.671925
-12.375 10.0784 2.26923
-11.8312 9.70902 1.61453
-10.0682 8.6835 -0.721357
-2.08682 0.259419 -0.599044
-11.8049 7.73036 2.35119
-7.47225 0.114342 2.57074
-2.63568 -5.36476 2.29395
-3.1293 -0.307878 -0.609257
-7.91336 0.901569 2.54442
-6.74256 0.287761 2.59091
-12.6707 2.9274 2.40984
8.43282 0.0281392 2.6643
-26.3298 7.46092 0.69776
-11.7585 8.45393 2.32743
-14.2572 6.47838 2.32156
-23.1524 4.90202 0.336804
3.33924 -8.97762 3.00369
-9.5437 -0.109015 -0.508025
-7.46915 -1.28879 2.61963
-11.8407 4.47708 2.42107
-8.0251 -1.14046 2.78875
-11.8138 3.08538 1.58828
8.05196 1.80652 2.13749
-5.70828 4.48277 2.50237
2.09363 -7.91244 2.942
-13.4151 4.72146 2.36984
0.10598 -7.4874 2.86031
-5.04952 -3.02722 0.891643
0.115709 -7.89349 1.69931
6.31188 -2.86489 2.38248
-5.2664 -2.85472 0.701369
5.29304 0.546805 1.51227
-0.320985 -7.55119 0.904092
-8.4769 -1.05609 0.306752
-22.8912 4.69845 -0.125688
-4.91583 -3.52425 0.892986
-0.897948 -1.89341 -0.541768
2.79062 -9.63952 2.95165
-7.4248 2.35462 1.91795
6.88502 -18.1001 2.90223
5.21606 0.610411 -0.461704
-7.0356 -1.64675 -0.656979
-4.16156 1.29136 -0.665088
-6.05872 5.07681 2.31131
-15.8329 6.06611 2.31167
-6.51817 3.48275 2.51879
-14.3292 4.25224 2.26499
1.09336 -7.50793 2.91282
-13.9695 6.92538 2.3111
-4.7921 4.44703 2.52544
-4.88926 -3.47398 1.50211
-3.71313 0.300075 -0.632197
-6.50243 -2.49791 -0.644928
-15.7466 6.29772 2.31188
-3.04889 3.0116 0.314023
-6.35559 3.63113 2.51763
1.31479 -7.70166 2.91378
-17.065 6.58245 -0.262797
-6.28393 3.9396 2.51338
-24.7233 14.9224 1.44746
14.6904 0.720784 2.17992
1.52995 -7.40727 2.91612
-3.13125 3.09143 1.66032
-24.5132 15.1052 1.44323
1.70889 -7.51108 2.91467
-4.91031 -4.14493 2.2896
11.3072 -0.20542 2.229
-5.67542 5.14338 0.888331
-5.64081 4.10986 -0.764873
-15.0977 6.09036 2.31493
-5.84551 3.57692 2.52348
2.07829 -8.74432 2.37696
-11.3092 3.92825 1.70178
-3.58743 3.45797 1.66793
0.323946 -8.06606 1.30289
-17.3397 13.9114 2.06877
-29.0762 16.7001 -1.00002
-24.061 15.9993 1.26642
5.00513 0.0977789 1.67788
-1.08938 -3.30646 -0.518533
2.47737 -8.1656 2.94669
-6.72364 3.33626 2.52553
-6.73143 3.49242 2.52186
-5.93156 1.06598 2.17392
-5.09369 4.47838 2.50929
9.23292 1.68698 2.31169
0.663921 -8.34715 0.702786
-5.28927 4.09548 2.51739
-1.30835 -3.106 -0.523868
-7.26946 -1.82375 2.85909
2.31881 -8.49668 2.95967
-7.82941 1.16114 1.80648
9.10738 1.68763 2.31464
-1.48215 -3.08923 -0.527324
2.12633 -8.47599 2.95221
-3.22545 3.14763 -0.492488
-1.44957 -6.64557 2.09422
-14.629 3.00275 1.57613
11.2114 2.90974 2.78322
-5.29524 1.90339 2.0976
-4.91177 -3.13036 1.09536
1.8524 -8.58747 2.37903
0.665428 -8.32926 2.1024
-11.4646 7.45953 2.36478
-3.27386 3.19445 0.700947
-26.4014 20.0847 -0.578273
-4.97527 -2.93176 2.16359
-4.45744 3.13552 1.97107
9.83163 1.24303 2.30078
-16.5575 2.04205 2.11781
1.31838 -8.45722 2.88025
-1.30164 1.4926 -0.62079
3.22736 -9.2195 3.00348
-9.00167 5.32185 1.80744
-2.1898 -6.0916 0.490453
-10.2422 1.13616 1.4976
11.0546 1.29496 2.26915
7.31572 -4.3038 2.9586
-21.1615 3.27405 -0.895438
-2.68243 -1.09693 -0.583931
3.05741 -10.1019 0.313627
-6.92466 0.295071 2.57882
7.74665 0.549996 2.32714
-27.8431 18.3598 1.25773
-11.3909 4.07459 1.71958
-3.8492 -1.41604 -0.597929
20.9377 4.49972 2.71853
-13.6324 5.30718 2.35123
-19.8683 14.7334 2.00152
-5.30051 2.24774 1.90716
3.59761 -10.2505 -0.454409
-6.70146 0.666414 2.58434
-12.6481 1.91318 -0.853016
-7.28676 2.25916 1.92921
12.8515 2.28374 2.28383
-4.75914 2.43105 1.78929
-19.488 15.2069 2.00146
-4.88842 2.60181 1.84694
-15.7566 6.2457 2.31127
-6.51746 3.71677 2.52087
1.12948 -7.666 2.90948
-9.09793 0.385808 1.96387
-16.7968 2.8075 1.58435
-6.29584 4.09881 2.5135
-13.7447 9.72301 -1.01664
-16.5253 6.14395 -0.685531
-13.1361 3.29027 2.29889
-12.3053 2.29284 1.93784
-14.2555 11.8455 0.0760247
-23.5882 13.5538 -1.31001
23.2566 3.59692 2.48413
1.48264 -7.47104 2.91325
-11.9399 6.28451 -0.899291
-5.01389 -4.14278 2.31711
-5.65844 2.55046 1.89235
-2.84559 2.84586 0.305903
-6.07946 3.35971 2.53305
2.28142 -0.297292 -0.426705
-16.2343 5.47507 -0.66611
1.70102 -7.71298 2.91746
1.46933 -8.50635 2.92201
-5.88284 4.67451 2.50503
-12.7451 3.90843 2.38842
2.76204 -10.0391 1.27098
-8.482 -0.156318 1.98927
-5.30371 4.69249 2.51331
-13.1166 5.498 2.36986
-9.01472 -0.609329 1.50591
1.48866 -0.492693 -0.504958
-20.636 8.92271 -0.874415
-6.12954 -2.94169 -0.102006
5.1071 -13.1245 0.144944
18.5721 4.05351 2.1203
9.16449 1.5625 2.32322
-1.71226 -2.73882 -0.543504
1.85091 -8.73807 2.97111
-3.45825 3.33388 -0.49568
-13.7573 6.21177 2.33719
-6.18624 2.65098 2.11004
-28.469 17.5468 1.06212
8.50309 -0.0681728 2.49653
-13.9621 3.95737 2.28974
-6.07257 3.11033 2.53557
-13.8841 4.70072 2.35606
-1.26193 1.58211 0.306721
-9.13345 0.506226 2.53942
-0.843672 1.24754 -0.102447
-5.01881 -3.64299 1.28693
7.11369 -3.10256 2.39736
-14.3236 4.73387 2.33584
-7.5622 -1.79672 -0.492675
-7.99299 2.42595 2.52345
-8.05307 2.86863 1.93679
4.59907 1.09168 1.46426
0.840327 -8.54823 -0.781597
-6.51158 2.49641 2.03176
-28.9497 16.8632 -0.999299
5.91016 1.27382 1.97471
-10.8464 4.18419 2.44024
-10.8176 4.27251 2.44135
-0.34046 0.841165 -0.275057
-24.5996 9.83901 -0.300391
-1.32599 -1.06009 -0.570274
-0.88256 -4.13308 -0.493277
2.70385 -7.48176 2.93032
-12.5079 7.70807 2.17778
3.67881 -0.406258 0.704653
5.27864 0.640702 1.68875
-21.6992 6.14825 1.89497
5.33556 0.890991 0.402645
-5.69976 2.94261 1.87838
-9.58171 7.86394 1.68929
-11.1306 1.72011 -0.817979
-1.09287 -2.70888 -0.529254
2.50824 -8.72677 2.96409
-5.98706 -2.92325 -0.0356788
1.70796 -6.46496 2.14854
1.17091 -0.706408 -0.521952
11.84 0.0722869 2.1935
-4.85417 -3.5239 -0.515406
-4.85572 -4.31983 0.713682
8.21792 -20.188 2.29982
-20.1124 10.6702 2.11905
-1.1302 1.47378 0.658385
-12.7099 4.11179 2.3937
-22.8312 6.01842 -0.848073
-14.9499 4.68464 1.83884
-7.56149 3.32995 1.98436
-2.71032 -0.491806 -0.595981
-23.0898 4.88897 1.47211
-2.27196 -0.476091 -0.600901
0.0938285 -7.1092 2.2925
8.42578 -20.3504 2.14157
11.7015 2.43933 2.80404
-21.5002 3.59456 -0.313089
-8.93883 6.75897 2.41731
-10.0757 2.98786 1.75048
-16.6202 5.04307 0.924982
3.77472 -9.78608 2.51967
-9.55146 5.0547 1.93585
-25.0076 6.43037 1.45691
7.2194 1.61992 2.23444
-17.5257 13.676 2.06832
-0.233666 -7.60897 2.08608
-16.4944 6.13305 0.503633
-8.33262 -1.15393 1.49089
3.46095 -10.0508 2.42709
-16.2346 11.4342 1.48142
-9.34513 0.402134 -1.0919
-9.8137 5.32846 1.93025
-17.0564 14.1727 2.0637
2.47312 -7.82702 -0.343441
-2.91584 -0.903353 -0.594213
-23.676 11.9165 0.504385
-9.03737 -0.611057 -0.296432
-7.01073 6.06816 -0.84381
-11.4658 3.48868 1.6838
-6.53141 2.6944 2.02395
-5.9219 -0.373278 1.89436
-4.89467 4.06746 1.85716
2.92778 -7.42431 2.22495
0.595159 -8.01774 3.10718
-7.70036 1.28748 2.54799
2.24524 -9.19499 2.75705
-20.9073 11.6787 1.3497
-5.13456 2.86171 1.87537
-24.4544 5.96737 0.69381
-5.12784 -2.93821 -0.688082
0.895331 -7.87049 2.92014
-6.10011 1.72388 2.03487
-20.8853 8.65085 0.30012
-3.99376 3.80219 1.71427
-20.5133 9.09474 -0.872744
-6.30833 1.47182 1.9688
2.09429 -8.91746 2.4472
0.899554 -5.45662 -0.434867
-15.8859 1.95967 2.37297
-8.68147 -0.880368 -1.22307
-13.8158 9.23046 1.75414
6.80438 1.26769 2.23941
-0.480875 -7.34119 -0.418341
-8.68834 -0.890975 -0.948816
-28.3573 17.7157 1.26133
-24.1583 5.73772 1.2646
-7.29928 0.909154 2.56213
-28.1981 17.8481 0.0294483
6.71482 1.16517 2.22339
-0.796034 -7.19946 -0.391951
-8.91458 -0.717891 -0.980437
-10.1498 5.50425 1.92339
-7.34583 3.2859 1.98114
3.64783 -0.220108 1.13533
6.95002 1.14576 2.29818
6.53928 0.0846735 2.13717
9.72917 1.31359 2.30239
1.84651 -6.56202 2.15887
-7.7906 2.92463 -0.757605
2.28251 -9.10978 3.00086
2.15965 -9.08494 2.94205
-5.57207 5.03428 2.50176
-3.54733 -0.79569 -0.597665
-13.3453 5.86725 2.3428
-9.22327 -0.440629 1.52126
-7.64982 -0.669897 2.58553
1.32711 -0.840592 -0.502995
1.44326 -8.55925 2.68362
-23.077 6.84525 1.64407
-2.2079 -0.40945 -0.600257
-4.99374 -3.98994 -0.976
0.292418 -7.28998 2.30849
-16.6343 5.04572 1.46022
-7.48992 3.51483 1.98709
-14.4321 7.82933 -0.992288
-8.52745 6.74315 2.41044
-9.73307 2.72693 1.74669
3.93912 -9.43347 2.51797
-9.43994 4.64356 1.94862
-0.844394 1.24607 0.486917
-1.29689 -2.29277 -0.540898
-25.1727 12.8654 0.72055
2.31462 -9.25955 2.92079
-12.122 4.54868 2.39889
5.09513 -13.3339 1.06413
6.95978 -3.83025 2.92617
-9.66599 4.88729 1.94023
-4.83229 -3.44765 -0.102653
-27.4716 14.9006 -0.168501
-27.9646 18.1947 1.25816
-8.07312 -0.725578 2.58973
-26.3336 7.46486 0.869894
-14.4525 3.97167 1.85461
-14.8548 5.52236 -0.957195
-6.70562 -1.89699 2.64235
0.626253 0.172073 -0.21649
-7.8684 1.29331 2.54169
-7.89463 1.54274 2.54409
-7.69344 1.89868 2.53369
-2.25866 2.37256 -0.307433
-6.73375 3.08423 2.30139
-14.7736 8.85581 -1.04042
-7.12775 3.48326 2.49144
-4.91941 -4.42214 -0.101666
-25.8569 13.6211 -1.22373
0.472889 -7.55095 2.90515
5.42116 0.433349 0.788099
-7.12093 3.70184 2.47609
0.483268 -7.73028 2.87877
-4.99276 2.633 1.79044
3.51143 -10.1082 2.30851
-5.07945 2.7516 1.83126
5.06787 -11.4358 2.46808
-0.231081 -0.527117 0.0847119
-12.6688 2.92674 2.28894
0.68052 -7.7139 2.91627
0.298976 -8.0689 0.0821557
-11.9974 6.40864 -0.906871
-5.92078 5.17954 2.4697
-21.0809 3.26005 0.283403
-26.4207 20.101 0.631787
-24.1477 5.73313 -0.507553
-5.01268 -3.57787 2.19789
-6.69643 -2.48892 -0.102555
-2.44696 2.52998 1.28176
-24.4876 14.2731 1.76772
-16.7564 13.0761 -1.15296
-5.4916 1.89273 2.06649
-5.03299 -3.03108 1.10072
-14.8663 2.71987 1.59513
5.15371 0.606512 2.0032
3.4997 -0.439509 0.310049
-0.295796 -4.08126 -0.4878
-6.90371 -2.28416 2.07897
-10.2881 5.29981 1.92237
-26.3667 7.46925 -0.477363
-10.1753 5.8473 2.31807
2.07036 -6.72416 2.19413
3.10209 -7.54807 2.9578
-21.4301 5.93043 1.88196
2.92686 -10.0808 2.47405
-26.7322 14.2926 0.2224
-5.68583 3.26409 1.84553
-1.5086 -2.5055 -0.541977
1.96524 -9.008 2.87985
-12.599 4.33386 2.38709
1.1208 -7.09708 2.25187
-12.5294 3.50909 2.41114
-1.4731 -2.11632 -0.548688
-9.01071 -0.608883 1.90535
0.0845667 -7.70362 2.37185
-1.38678 1.67858 -0.29312
-7.30899 4.14032 1.97748
-4.13182 1.50597 -0.669848
-13.84 9.00305 2.14854
-5.00812 -3.81042 1.89645
-2.81952 -5.60097 -0.377618
13.8911 2.14723 2.2588
3.69189 -9.54241 2.52023
-9.74982 4.72127 1.94028
-4.71722 4.10228 -0.760003
28.7631 5.17135 2.54506
-23.8939 5.51869 0.466897
3.3073 -8.73044 2.98248
-0.295547 -2.71301 -0.523293
-9.47951 -0.261879 -0.3104
-7.64947 3.67589 1.99038
-0.746538 -6.7373 -0.451301
3.32973 -0.604248 1.16256
3.68491 -9.82189 2.52012
-1.09737 -6.53496 2.35671
7.48993 1.48992 2.25289
-6.85492 2.88424 2.01156
-8.32338 -0.508982 2.59572
-6.17506 -0.169565 1.88856
-8.15772 0.499987 2.56269
-8.11973 0.718156 2.55588
-8.09019 0.921131 2.55322
-4.75188 1.71844 -0.677289
3.275 -1.15813 1.33883
-8.47768 2.0719 2.46328
-20.1906 12.9605 1.49594
-22.4579 4.46979 0.72773
-23.024 12.6733 -1.2646
2.00695 -1.23523 -0.489617
23.8957 4.44401 2.41578
-6.84973 -0.270454 2.59495
-10.1583 1.063 0.888294
6.79797 0.371314 2.13889
-15.5069 9.88521 1.71121
3.55816 -0.346827 0.299865
3.44152 -7.21742 2.94456
-0.296896 -4.32131 -0.482455
-6.99356 -1.8183 2.51294
-9.1401 -0.533385 -0.496214
-14.0698 5.47903 2.33787
1.87673 -8.9098 2.69273
-2.26816 2.38181 1.09425
-22.0414 17.2033 1.74353
1.09716 -4.11684 -0.466912
-8.7531 7.64522 1.86683
1.72615 -8.79136 2.71833
-24.691 9.69987 -0.300947
-0.00193816 -7.80032 2.06604
-5.10652 4.29208 2.5171
-23.3804 5.1011 0.318242
-3.69351 3.29795 -0.722698
-8.50794 -1.03666 -0.267408
-8.31365 3.90142 1.98055
-9.46447 0.083834 1.30414
-5.7564 3.92335 -0.763545
-11.8025 7.8822 -0.946478
-16.3128 5.34349 1.59731
-7.11572 3.69503 1.9742
8.52497 -0.0609629 2.33932
-4.5492 2.0799 1.91161
-4.57156 4.24609 -0.108919
-4.69976 -3.68326 2.24675
-5.32061 2.95654 1.84609
-6.8905 -2.33686 -0.675653
-14.2634 9.34263 -1.02992
-0.919857 -7.06563 2.09726
-20.7191 9.49051 -0.536261
-18.0915 13.0965 2.07854
0.533921 -7.91712 2.39678
-7.06001 3.87399 1.97718
-5.51704 1.50843 2.07697
5.48948 0.390635 0.0853351
-2.0908 0.0846465 -0.597481
-4.88524 -3.50883 0.300985
-10.8786 2.51329 1.79397
6.70754 0.302756 2.13056
-28.1727 17.8418 -1.19815
-9.48274 -0.2619 -0.514191
-8.23648 -0.81122 2.50684
-21.7372 3.77495 -0.925017
3.85763 -10.3811 0.667553
21.6438 3.48148 2.98897
3.41068 -0.506926 1.10005
-7.35273 2.10893 -0.743013
12.2611 2.51677 0.471462
-8.27581 0.691799 2.5541
-14.7505 7.88453 -1.01012
-17.4575 12.6165 -1.16869
-6.24145 1.41501 1.97316
-14.3349 9.14011 -1.0269
-20.6855 8.94283 1.12938
3.32911 -1.235 1.36869
-25.3764 6.6894 -0.296875
0.292367 -7.54583 2.89361
-5.28832 1.49497 2.08253
-4.91496 -3.52187 1.09853
-12.7834 3.03567 2.3295
0.560933 -7.83803 2.85682
20.5437 3.82768 2.33106
-6.13893 -2.93218 0.087583
-4.43437 0.492986 -0.650741
-18.5937 9.79074 1.43595
1.30367 -8.47441 2.49481
4.05479 -8.50423 3.01018
5.08964 0.68418 1.89729
-11.7744 4.59848 2.41737
1.62904 -4.6009 -0.44363
-13.9172 9.11609 -1.00543
-8.55596 -0.975522 1.48838
-0.547927 -7.35886 2.09018
-7.02559 -2.2265 -0.507697
-6.99235 3.62788 1.84678
-14.061 9.23026 -1.01526
-8.70943 -0.852669 1.49273
-0.685742 -7.25419 2.09693
-9.13536 -0.533242 -0.299271
7.25575 -3.11081 2.4308
11.0354 2.47505 2.78634
-17.4633 3.52839 2.31858
-11.6366 8.24451 -0.951022
-16.1753 5.56353 1.59168
-1.46743 1.74636 0.302384
-6.90154 3.89145 1.88758
-10.3941 5.16769 1.90629
-1.88955 -6.29875 1.90243
2.96162 -10.2107 -0.121148
-4.94273 -4.2624 1.89553
8.86389 1.84882 2.3102
-16.4042 6.74 1.76271
-7.1388 4.11474 1.91206
-4.80359 -3.25719 1.70708
-8.53151 0.911447 2.53792
-14.9106 7.7369 -1.01465
-9.23676 1.13421 2.10777
-2.70946 2.74313 1.10147
-16.5499 2.07506 2.33938
-15.9594 6.3246 2.23386
12.6065 0.697294 2.2619
-5.24113 -2.84487 1.70098
-5.92302 3.72519 2.53028
0.109591 -7.90463 0.71023
1.13313 -8.48538 3.15373
-6.68039 -2.46263 2.07891
9.50646 1.29267 2.33461
-6.18105 2.64931 2.35786
-28.4749 17.5469 1.26108
2.45269 -9.79367 0.256408
-7.29252 0.696442 2.56522
-7.12878 -1.72307 2.15172
-0.486183 -6.74319 2.304
24.3331 5.15066 1.85581
5.8029 0.115656 2.23281
-6.42939 -1.03348 1.96618
-22.0172 13.9441 1.62406
-26.7344 19.6945 0.029182
-12.0219 6.09459 -0.898003
-24.1568 5.7358 0.472724
-2.1146 2.26039 1.09417
8.91537 0.298248 2.31291
-1.69077 -6.48732 -0.295331
-16.338 5.34301 -0.668323
2.29232 -0.111988 -0.408201
-26.3218 7.45733 0.52089
-8.53677 -0.339404 2.58127
-8.45677 0.286794 2.55649
-8.50423 0.708122 2.54726
-14.7734 7.52179 -1.0012
-4.88985 -3.46504 1.69848
-12.0101 2.85339 1.82944
4.18821 -11.2645 2.15279
-6.39534 2.02805 2.04068
-3.2535 -5.24312 0.10082
-11.3358 2.03785 1.91863
-20.6726 4.50738 1.7126
-18.4251 10.4362 -1.14883
-12.4162 9.20946 2.2915
21.7477 3.91014 3.01276
-1.91746 2.1024 -0.103738
-6.29144 2.51883 2.02957
4.60061 1.10086 1.53955
-6.42846 4.62514 2.3462
-4.75193 4.4142 1.88274
-3.50273 2.08411 -0.679536
-6.35665 -0.832298 -0.661597
2.86953 -8.49715 2.32332
2.17061 -6.77547 -0.385769
-4.76263 -3.36846 -0.498182
-4.75284 -4.06843 0.685912
-3.09155 3.05369 1.30552
-28.1857 17.8477 -1.6063
15.9808 2.90972 2.44696
-5.22323 3.08107 -0.737174
7.47107 0.267407 2.80669
-10.8815 9.26869 -0.775692
8.13939 0.225113 2.47985
1.33719 -0.104376 -0.484787
-20.1046 2.48145 0.703275
0.521746 -8.29425 -0.820005
-6.89764 2.37412 2.02405
-21.519 3.59915 -0.912747
21.7974 3.78326 2.87899
-28.3847 15.624 -1.1639
-20.0979 2.47645 -0.665942
-7.84535 3.49634 -0.781524
-11.2383 4.90043 2.41989
2.10672 -9.10221 2.68782
1.51863 -8.64966 2.50612
1.47496 -8.56198 2.50381
-25.6678 21.0698 1.05501
0.33673 -0.389394 0.18146
-7.90733 -0.795218 2.60222
-4.88132 -3.45794 1.49159
-24.6359 9.85319 1.65486
-5.03685 -3.67173 1.69824
-8.6398 0.501165 2.54797
-11.3522 9.25448 -0.97618
-9.34142 0.460786 2.0454
-15.9076 5.48404 2.29406
-4.09204 3.6983 -0.739588
-6.65887 -2.0659 2.63727
8.00245 -20.0168 2.14264
11.2681 2.74807 2.78693
-6.08532 3.83705 2.51431
-9.74453 1.50607 2.01012
1.54462 -9.07024 0.290818
-7.72363 -1.12977 2.5874
-6.91662 -1.39819 2.05637
-7.1433 -1.4668 2.15138
9.13106 0.252361 2.31056
-17.9738 7.187 -1.05084
-6.69628 -0.815289 1.96173
-5.1225 4.28344 -0.773068
-24.6381 9.85333 0.676411
0.104071 -1.89753 -0.528345
-6.43883 -0.000956577 1.84343
-4.90234 -0.227136 -0.641017
-6.49995 0.0889087 1.85185
-8.00903 3.84351 1.96919
12.2241 2.50778 0.0913525
-19.1021 15.3831 1.98491
-8.52186 1.09833 2.53568
-4.91046 -3.12085 1.69772
-14.8111 8.39119 -1.02823
-10.7735 7.58692 2.36094
-1.77541 -5.99855 2.41664
-23.3186 11.3782 -0.692129
-22.2018 18.2135 1.25826
-24.6243 9.84641 0.504783
-5.98099 1.13383 1.79254
-6.34117 -2.7621 0.303936
3.49202 -7.31787 2.94793
-0.0999994 -4.31656 -0.479351
-6.79434 -1.97177 2.50071
-0.226262 -0.602203 0.2222
-7.21744 3.63731 2.31944
0.31998 -7.668 2.75583
-12.6318 4.29304 2.39061
-2.9709 -2.48279 -0.564471
-7.14122 3.72027 2.29592
-4.99448 2.30693 -0.701603
0.45229 -7.77399 2.7141
-6.90202 -2.3276 -0.50624
2.26351 -6.88776 2.20025
-14.0091 5.63433 2.33798
-6.8689 1.91965 1.94346
-25.5239 14.0478 1.46088
13.6707 1.5991 2.13063
8.75166 -0.102282 2.3287
-24.679 15.3565 1.27359
-4.91778 -3.13502 0.899453
-11.8979 9.40207 1.41078
-5.52117 3.21777 1.88446
-4.80455 -3.23562 2.23221
-6.828 4.10598 2.2768
2.09355 -7.32038 2.92168
4.5413 1.13377 1.71484
-25.4323 15.45 1.30274
0.780728 -8.02752 2.71385
-2.50217 -2.07918 -0.563543
-6.60257 4.41156 2.32361
-6.10858 4.05719 1.62479
8.15907 0.202159 2.79436
-4.43105 3.1027 -0.725218
-4.32987 4.07258 1.68207
-7.18101 3.23561 1.99201
7.12867 1.11077 2.28593
-5.88759 3.10371 1.88223
-24.1751 18.8681 1.15633
-3.27422 3.19632 1.24408
-18.146 14.7085 2.03498
-9.95739 8.32445 1.48495
-6.21416 1.11758 -0.691662
-11.9391 9.43676 -0.919553
-7.10158 4.31618 1.76248
-8.70435 -0.883136 -0.50239
-0.30283 -7.03902 -0.424866
5.31277 0.622042 1.49638
8.1174 0.283513 2.33864
-13.1952 5.18219 2.36189
-5.28492 4.2977 2.51113
-1.70534 1.93759 0.704505
12.8941 3.14632 2.37791
-18.9773 2.69671 1.66938
-5.89763 1.89429 2.06126
2.32738 -9.27593 2.67472
-8.67466 3.90916 -0.809363
-1.71814 -6.31166 2.30693
0.000160395 -7.01331 2.28827
-1.83492 -5.67953 2.29009
-28.4389 17.5156 -0.996163
11.5542 2.89377 2.79421
-8.45066 -1.0598 1.50734
-0.319238 -7.54003 2.10634
-9.77032 4.73106 1.9446
3.51303 -9.49028 2.53331
-1.32052 -6.74447 1.90401
-16.8553 2.28901 2.26644
-3.08108 3.04413 1.1027
-0.741211 -6.74436 2.35646
-8.89147 -0.103252 2.57054
8.10486 1.50806 -0.396629
1.24988 -8.79738 1.85058
-8.33839 -0.742376 2.27479
-10.6684 7.70049 2.35743
3.88464 -2.61424 -0.45419
-19.6205 4.28056 1.74842
6.22686 1.68099 1.94716
-8.05401 2.60617 2.44211
3.14057 -9.95091 1.5042
-14.8139 1.82769 2.3988
3.52491 -0.368555 1.10243
-2.73229 -2.23813 -0.56229
-0.211566 -6.8862 -0.415475
-0.23335 -7.62062 0.89606
-8.34831 -1.15999 0.292311
-16.4563 6.11836 1.68928
-24.6121 9.8415 -0.142806
-5.23471 2.56159 1.90073
-7.92589 1.67239 2.53995
-6.3327 -2.35246 2.51893
-6.99898 4.25406 1.76573
7.79461 1.00965 2.2712
-13.5751 4.2823 2.372
-5.61552 3.52616 2.53698
-20.522 15.915 1.30114
3.31304 -0.628107 1.25882
8.50151 0.0718798 2.32871
-6.93755 -1.25791 2.61897
-8.55533 -0.975262 1.52132
-0.45517 -7.43748 2.11168
1.89753 -0.298284 -0.455205
-4.8931 4.47313 2.50859
1.10902 -8.70699 0.694701
3.54857 -0.339867 0.899068
-12.5471 5.62415 2.37739
-6.74993 -0.909102 2.61806
-22.9154 11.8891 -1.24273
2.10503 -0.497676 -0.453794
0.102849 -7.89376 0.899442
-8.1116 -1.08276 2.09165
-1.494 -6.12975 2.33931
-16.9697 12.9106 -1.15657
-5.70047 1.69104 2.06391
-7.0251 -2.2247 -1.05464
-15.0617 4.3166 1.83901
-2.27503 2.39024 0.893281
-13.1658 10.9458 1.70126
1.40406 -8.23005 2.36725
-25.7916 20.9034 0.846057
1.41787 -8.28141 2.3823
13.0068 1.03877 2.25562
6.7683 -18.2087 2.87959
-8.86633 -0.695524 2.05178
-12.8448 3.68161 2.39434
-6.97217 3.30639 2.47379
-13.4328 9.46042 2.08532
-2.16782 2.30221 1.21346
-7.04304 3.84767 2.27627
-7.32503 6.47786 1.23246
8.42836 0.639999 2.28885
-6.51228 -2.59881 1.89692
7.7417 0.51747 2.76785
-9.34462 0.245158 1.91029
-4.94936 2.70328 -0.719341
11.2357 0.311265 2.52686
7.93889 0.389587 2.34749
-9.29105 0.320114 2.3154
-5.32869 -1.91012 2.00033
3.5475 -0.331639 1.29014
5.76655 1.18499 1.97326
-15.7942 9.48763 1.71451
-26.3569 7.46935 -0.309921
-7.3221 -1.91629 2.08636
-10.9373 4.76741 2.43281
-0.701877 -6.93465 2.35389
8.72982 0.294209 2.31274
-4.83326 -3.35354 1.9002
-29.1248 16.7376 1.26686
-9.61544 -0.175925 -0.934807
-12.5678 2.86388 1.95331
-9.70943 6.57524 1.73764
-12.7729 4.04578 1.74304
-22.9663 6.05437 -1.43448
-17.1184 13.3572 -1.17873
8.33565 2.20294 2.32568
1.44611 -8.98613 0.315332
-23.1339 4.89639 -0.127187
8.00674 -20.0202 2.27506
-10.9993 7.95143 2.34635
-6.23793 -2.83365 1.09963
-6.64382 2.10353 1.97513
-5.80707 1.2947 -0.68841
1.07831 -4.82043 -0.448872
1.87678 -5.48267 -0.420403
-22.3742 4.30726 1.1134
-19.3889 13.3006 1.90309
-19.205 2.8475 1.80758
3.84198 -0.0604377 -0.395735
-2.88952 0.300229 -0.619603
-12.6729 7.80791 2.11621
-6.80129 -2.43222 -1.03427
-10.4213 6.50818 -0.892353
5.00145 0.815284 1.72384
2.48763 -7.7551 2.94854
-11.954 9.68927 2.28091
-6.06962 1.28009 1.97848
5.38896 0.167435 -0.160462
3.71548 -0.119033 1.42115
-8.01476 -0.982231 -0.686139
5.79031 1.09768 1.66325
-5.14257 2.49571 1.90695
-12.5241 2.81257 2.29928
0.0191963 0.556104 -0.205941
-1.55806 -6.56011 1.70235
-9.61312 -0.118529 1.10065
-7.47154 -0.505391 2.5846
-1.7013 -6.47182 0.702774
-8.65925 4.62837 2.03087
0.536098 -0.127472 0.175023
8.07304 0.517073 2.29359
1.30989 -8.4562 2.69867
0.493007 -0.306238 0.118876
2.08692 -9.09655 2.52868
-9.45252 0.844226 2.28121
-6.63389 4.4828 1.97149
-6.68932 -2.45702 1.89726
11.1667 0.207805 2.50986
-23.3745 5.09895 0.317573
-5.12638 4.11833 2.5276
11.0603 0.0765065 2.51246
-9.47158 0.549587 2.29757
2.48795 -9.82656 0.509308
-6.23568 5.58397 0.24576
2.61475 -7.16956 2.20496
8.70819 0.509181 2.30689
-7.84155 3.69535 -0.788847
-0.906652 -6.70765 2.36033
-7.72654 -1.14445 2.14556
3.85093 -10.2653 2.46677
1.26277 -7.80751 2.91313
0.506909 0.181506 -0.198996
-2.48521 1.51831 -0.647437
10.1132 1.68868 2.76756
-2.54587 2.60892 1.10154
-20.3164 10.3816 2.12389
-11.0785 7.89533 2.35203
-1.33088 -6.53658 -0.462954
12.1078 2.52887 0.0880896
-26.6763 19.7765 0.0295914
-8.91228 1.51072 2.47619
-5.34615 -2.75599 1.7031
-5.90155 3.89362 2.52394
-5.97956 5.16851 2.11341
-8.79641 1.61929 2.47052
-8.10443 -0.926469 2.28564
13.2469 2.67823 2.25157
-7.47022 -1.87165 -0.63005
14.244 1.09552 2.38021
3.98274 -10.5457 2.47117
6.24774 1.66196 1.6582
-4.70225 1.28618 -0.670187
-8.69654 -0.876713 0.511697
-5.73384 2.71183 -0.734279
5.13325 0.275113 1.68202
-0.899297 -3.30029 -0.515131
2.71989 -8.14602 2.95466
-16.6574 6.48846 1.77681
-7.49172 3.92067 1.93671
-0.473191 -6.43029 -0.429399
-23.1337 4.89686 0.0975769
-6.76512 4.17003 2.20532
7.06431 1.52565 2.25272
-4.96567 -2.46504 2.14079
-7.14305 2.7039 2.01949
-8.35618 -1.16019 -1.09693
-25.2883 15.6823 1.30502
0.919305 -8.14855 2.71704
-9.55013 0.70545 2.30191
-6.68157 4.29082 2.08219
-21.7447 6.09037 1.68479
0.901638 -8.36287 2.43109
4.9714 0.780422 1.89954
-18.6065 9.7985 1.43744
1.07108 -8.53463 2.43288
-12.8042 3.79785 2.39316
-5.01129 -4.08334 -0.275754
11.5722 0.717335 2.47404
-13.0575 5.40726 1.65842
-1.903 2.09384 0.694821
-5.28692 2.89967 -0.732945
-19.1045 2.89302 1.79774
2.43761 -8.15057 2.30358
-5.02832 4.17704 1.85248
11.3368 2.47168 2.7881
-1.29241 1.60366 0.499518
-12.8848 4.70062 2.37114
7.90645 0.364526 2.78912
-5.19271 3.99705 2.53132
-24.5093 15.5128 1.27122
-23.9151 16.1856 1.2655
-26.321 7.71943 0.522219
-5.02462 -3.03099 1.49866
3.6363 -0.237729 0.895039
-23.8157 16.3321 1.26581
4.43475 1.22408 1.71604
-6.33201 -2.74063 1.90686
-1.77098 -6.39702 1.7385
3.11294 -9.85148 2.68915
-1.6833 -6.46102 2.09598
1.48556 -8.93283 2.44549
-8.12213 1.28638 2.55141
-5.26302 4.82888 2.29352
29.1557 4.8755 2.7511
-12.2303 4.08259 2.38895
1.34037 -8.86265 2.4275
1.10339 -8.68288 2.29681
-6.48056 4.66841 1.95413
-2.01309 -2.93599 -0.541215
1.5633 -8.62079 2.90712
-8.7071 -0.857691 1.29808
-0.671484 -7.26477 1.90069
-20.7293 11.9148 1.34873
2.4891 0.302431 -0.418729
3.86278 -9.70552 2.52506
-1.73849e-05 -7.41876 2.73232
13.227 2.67424 2.2482
-8.1169 -0.93116 2.12515
-3.02093 -5.40984 1.10823
-1.48919 -5.83165 2.21567
-7.11198 -0.478651 1.94409
-2.70557 1.70025 -0.654457
4.90186 -0.0372374 1.68359
9.87112 1.64895 2.77831
-21.3604 12.98 2.0233
-6.85399 0.360952 1.83323
-6.94446 0.442599 1.83508
3.26386 -7.92483 2.96797
-2.70349 2.10657 -0.67085
-21.8683 12.2536 2.02892
-28.3506 17.711 0.853409
-6.22396 2.99306 1.8694
-7.21156 3.63102 2.13759
9.40232 1.66738 2.30823
-8.04184 0.276863 1.91407
-1.58427 -3.88644 -0.509284
2.09578 -7.66137 2.9257
-7.13938 3.72694 2.10353
0.453623 -7.77534 2.52791
-6.05439 3.23841 1.86768
-6.9631 3.92489 2.08034
14.6814 3.86958 1.27489
-8.49484 -1.06826 -0.966826
7.58466 -19.6664 2.87305
-9.83662 7.39013 1.82351
-8.22065 7.18017 0.870691
-0.122346 0.668953 0.229461
-0.440592 -7.44461 1.90141
-5.90981 3.41651 1.84579
-4.66282 1.10302 -0.669721
-7.56285 -1.79336 -0.637522
1.66638 -7.52702 2.27428
-7.49759 0.90328 1.83599
-0.898348 -3.2898 -0.514866
2.72844 -8.37612 2.97628
12.2807 2.52074 -0.450342
4.63882 1.04391 1.8231
-9.31234 1.91193 1.99491
-27.044 19.296 -1.60039
-10.0476 7.69143 -0.918727
-13.2684 9.06602 2.28493
-23.5046 11.1179 -0.934192
1.27441 -4.06523 -0.466227
-3.48877 3.3621 -0.0993657
-8.64989 3.85572 -0.804939
-1.6805 -6.45544 2.27525
-5.14364 -2.95701 -0.515222
15.3266 0.0470335 2.50865
-17.2521 10.6294 1.6397
3.45257 -0.457542 1.27673
-6.106 2.88603 2.55521
1.32005 -8.89324 -0.267323
-13.8234 8.873 -0.991558
1.893 -0.0950204 -0.442585
-4.93759 4.32562 2.52563
8.04604 0.111355 2.81157
-20.0856 2.47708 0.327127
8.75951 0.0816516 2.31627
-17.0674 10.8797 1.63791
2.95994 -10.2111 -0.250404
2.66966 -8.33298 2.31391
-11.1589 8.47344 2.33464
-1.45722 1.73745 0.698018
13.051 3.31075 2.32768
2.48909 -9.34723 2.51529
1.90513 -9.13042 2.46692
-2.31715 2.42718 0.91703
-14.7599 4.87664 -0.938848
10.3316 1.91142 2.77952
-2.28973 1.49184 -0.642355
1.75399 -9.2004 2.43738
-6.64 1.72717 1.94467
-4.76261 -3.26747 0.908751
-7.3387 4.50173 1.73538
-27.8093 18.3359 -1.60458
-3.86885 -1.28347 -0.594071
-13.5448 5.51371 2.3505
-2.57326 2.63414 1.41416
-5.04591 -3.71607 0.507255
-4.99334 -2.99291 -0.637517
2.21503 -9.58628 1.70011
-7.33885 -1.93795 1.90442
-11.5365 5.20856 2.42083
-1.30194 -6.4925 2.3417
-9.47989 -0.262221 -0.107605
-7.85411 -1.28967 2.1049
-11.4415 8.16899 2.34247
-7.06754 0.541006 1.83021
-6.4877 -0.31114 -0.670451
-3.7076 2.48384 -0.69233
-1.55561 -1.23478 -0.570898
3.62274 -9.93197 1.89261
-6.68619 -2.49112 0.300645
-13.598 8.60966 2.28844
-10.2345 7.27712 -0.912094
-7.10971 2.10965 1.93922
9.62766 1.18678 2.33025
-4.57401 3.22034 1.98642
2.74792 -10.0455 0.32476
-2.87729 2.87765 0.908711
-0.348106 -7.56273 -0.294328
14.6686 3.88983 1.47245
-12.463 9.8506 1.38303
-15.4264 6.173 1.65127
-6.08903 3.64971 1.85732
-11.8548 9.02178 2.30677
-2.11747 2.26394 0.704345
-20.773 4.86496 1.72713
4.67662 -10.7309 2.23792
-11.4597 2.2797 1.87754
-4.21377 3.96318 0.114872
-6.89785 -2.289 2.07601
-16.5594 5.13579 0.923318
-21.5121 5.52905 -1.06876
6.33611 1.59378 -0.354546
1.0995 -7.71243 -0.374716
-17.1325 10.9216 1.64447
12.8275 2.1034 2.24709
-21.2677 3.42247 1.07971
-8.5773 -0.541448 2.13968
2.67289 -9.55837 2.61919
-20.9686 8.53464 0.0932326
-11.3244 7.59636 2.35756
-1.55964 0.0958172 -0.595198
0.776552 -8.42115 2.11085
-16.4973 6.13025 0.717315
-8.33205 -1.15875 1.30508
-24.5173 12.5271 1.29326
-0.23425 -7.60912 1.89813
3.569 -9.33866 2.55963
-9.33345 -0.360011 1.11104
-9.34911 0.40255 0.296052
-1.22694 -6.81968 1.70797
-25.5525 13.4575 1.44705
3.4573 -9.46494 2.69187
-1.3212 -6.74876 1.6951
-16.2523 5.92601 -0.461249
-20.3425 16.4877 1.95384
-20.2305 10.4952 2.12187
1.24891 -8.79596 2.12368
12.3468 2.50646 -0.375622
-23.6114 10.9888 -0.453836
-7.46283 -1.84388 1.9007
-8.07343 -1.32303 2.06776
0.839911 -1.92322 -0.511923
-25.8487 13.6121 -0.157502
-1.54308 -5.78296 2.20335
0.642681 -0.117385 -0.178409
3.0308 -8.63269 2.4196
-6.26071 4.88095 1.97072
-9.07837 1.30667 2.3042
-29.0794 16.7079 -1.82001
2.4659 0.102796 -0.411903
12.9108 0.679517 2.10536
13.1594 2.95457 2.49828
-22.5864 4.49349 0.868607
20.7542 3.66945 2.35103
-19.7406 13.5442 1.19916
-2.11528 -5.91582 -0.493872
3.49361 -0.309176 -1.19667
13.2258 2.79848 2.58541
-20.9263 15.9225 1.9625
-6.33676 3.43872 1.86692
0.66583 -8.33803 1.50735
0.778102 -8.42661 1.48825
-9.31333 -0.367388 1.69329
-1.23414 -6.82225 2.26989
-5.51601 4.31561 2.5236
-20.8061 8.75194 0.0783895
-1.55415 0.078217 -0.600781
0.896148 -8.51603 2.09172
-21.2741 15.3777 1.95868
-5.97305 5.17749 2.03063
-8.80874 1.64076 2.29129
0.000957005 -7.79562 2.03011
2.4538 -9.79282 0.939133
-20.6906 11.7211 2.07099
10.9724 1.52481 2.80301
-10.8296 4.26544 -0.845006
-1.50241 1.67682 -0.625215
-2.04076 -6.21078 0.283591
-10.0571 0.990429 1.68432
-27.8035 18.3309 -1.80808
-4.44264 1.08467 -0.664065
-5.64752 -2.71306 1.53362
-7.01692 3.87913 2.46588
-3.22329 3.14557 0.0867879
-9.34936 0.096103 2.49956
1.10229 -8.68223 2.09612
-5.91648 3.49709 -0.753206
-8.31513 -1.14186 2.05608
-5.32609 4.42619 1.84685
-18.4532 14.6798 1.33016
-11.762 8.39284 2.32208
-5.89831 4.48523 2.51046
-4.32303 4.06611 1.49768
-7.08108 0.522151 1.79519
-7.92981 2.67346 1.93599
-26.4056 7.6601 1.55145
-5.70356 -2.68807 2.26632
-12.0495 5.78649 -0.891536
-7.28432 0.724683 1.84367
-6.52133 -2.53137 2.12096
-29.1872 16.5359 -1.2055
-8.57943 2.73798 1.99636
-8.10942 -1.35584 -0.118144
-8.39346 2.15835 2.16794
-23.2627 6.89956 1.65851
-5.96252 -2.90988 0.103783
1.53975 -9.02897 2.42247
-28.3186 17.6875 -0.582047
-6.10127 3.5195 1.78789
-18.2606 8.73907 -1.09873
-5.37536 -2.77435 -0.89811
-2.40559 0.0660946 -0.598947
-5.57878 3.6551 1.66381
-8.5914 -0.0352618 1.97876
-2.87979 0.100736 -0.614547
-5.73936 -2.7241 -0.616564
6.72404 -3.48575 2.41782
1.881 -9.32694 0.902414
-5.42331 2.4327 -0.722409
-8.34309 -1.1589 0.499097
-8.3404 -0.306926 -0.709691
-0.233948 -7.62074 1.10734
-16.4883 6.12863 1.47763
-7.69332 -1.67181 0.706652
4.4613 0.121627 -0.405444
-29.1031 16.7246 0.445225
-25.6422 6.92454 1.0832
4.04109 1.0524 -0.430556
-14.6039 3.32712 -0.904598
-26.2898 20.2513 0.029315
-6.05796 -0.258998 1.88774
-26.1219 20.3904 -1.38785
-14.8808 9.09825 1.73337
-21.3615 15.2416 1.31481
12.6972 0.623462 0.0831911
1.86414 -8.89529 2.53067
-20.5367 9.10281 0.0924861
-8.89187 -0.301802 2.29584
2.32313 -9.65964 2.44718
-9.80835 0.78456 0.916212
-17.5012 4.61055 -0.981766
-11.4607 3.32303 2.43334
-8.70616 -0.857189 1.10869
-0.682349 -7.25736 1.69801
-4.87013 -3.4417 1.69795
-26.3028 20.2732 1.05508
0.313444 -7.87836 -0.379167
-26.01 7.19611 -0.470089
-6.94036 -2.12133 2.13379
-0.90969 -7.1171 -0.30088
-9.05446 -0.61204 -0.994891
-7.18993 2.54902 -0.741296
-6.73265 -1.7695 2.64783
-5.25491 0.975966 2.04979
-4.86832 -3.97574 1.08886
-4.83732 -3.22318 -0.100107
-28.2284 15.5386 1.21522
11.0531 0.0844936 2.32879
1.08835 -6.63388 -0.405419
10.9192 0.134309 2.22623
3.49557 -8.43679 2.98094
-0.0909499 -3.09601 -0.512517
-7.77485 -1.59556 1.8833
-0.0139672 0.587489 0.105157
-0.29988 -2.86693 -0.51713
-7.89995 -1.49501 1.90791
3.3934 -0.588235 -0.240131
-0.703335 -6.12422 -0.446966
-20.1696 16.7617 1.95724
-5.67936 4.10648 1.94428
-8.48408 -0.945804 2.06193
-1.08595 -3.9416 -0.499574
2.49777 -7.54753 2.9302
-1.01937 -1.35513 -0.554929
-2.23503 -6.02772 1.49555
1.38152 -6.21132 2.12349
-10.253 1.1368 0.51666
-17.1855 11.4817 1.92355
-19.5159 2.89589 -0.88755
-20.8587 11.7353 1.34971
2.27831 0.509013 -0.425517
-8.99564 1.39258 2.22189
-5.24341 -2.84177 1.90081
5.60511 0.414569 0.658289
-5.29734 3.36913 1.64752
-6.46681 -0.516986 -0.669466
-3.6693 2.29204 -0.685655
12.5693 3.47742 2.57426
-22.1456 4.12102 0.918464
-9.34865 0.0898897 2.14782
-6.59262 3.68415 1.8594
-6.26937 3.65654 1.78674
-2.10193 1.5099 -0.636607
-2.11285 2.26014 0.495003
10.4656 1.68365 2.77546
-5.37708 -2.77492 0.310983
-13.4484 4.48621 1.58115
-27.4209 18.8103 -0.579738
-5.2071 4.77846 1.70366
5.1557 -13.0362 0.741329
-1.70655 1.29883 -0.623663
-11.0199 3.80848 -0.846636
-1.7956 2.00654 0.492947
-0.0856678 -6.918 -0.417233
-0.120813 -7.71542 0.893064
-8.23807 -1.24791 0.28894
-16.2192 5.9188 1.6973
-21.1622 5.16221 -1.04848
-2.66918 0.106312 -0.609615
-5.44781 -2.73368 -0.73837
7.28662 -3.33895 2.41903
-1.57637 1.83294 0.489737
-5.27876 -2.86557 -0.721283
6.04846 0.752461 0.177859
9.36305 1.38618 2.33125
-29.2101 16.3156 0.245664
-0.000704527 -7.81331 0.855115
-8.10822 -1.35369 0.282385
-24.9293 12.5503 -0.317483
-0.735249 -6.75612 2.36052
-24.918 13.3225 0.897772
-21.4279 3.58357 1.62087
-0.93624 -7.1306 -0.674124
-9.04368 -0.611218 -1.24931
-20.7775 15.5088 1.29905
-22.6002 16.9783 -1.36232
3.71735 -10.2865 1.2847
-20.6833 15.939 1.9484
-17.274 4.68449 -0.971003
-7.9765 2.10311 -0.750359
-11.3799 3.55342 2.43075
-8.85333 3.95659 1.97659
-0.442142 -7.44599 1.70073
-8.61742 4.27175 -0.817876
-1.71456 -6.07874 2.35613
-25.6948 6.93946 -0.463606
-8.7944 2.88333 1.99594
-6.73084 -2.32499 2.12326
-0.494024 -1.89357 -0.53713
-1.69948 -6.4589 1.49747
-7.21714 -1.81033 2.83887
10.8663 2.1079 -0.463226
-26.3748 7.47649 -1.1476
-11.0255 3.70275 2.4414
-8.25116 -1.24712 -0.488655
-25.6761 6.93512 -0.143136
5.53665 1.47968 1.93419
2.7586 -10.0452 0.913283
-4.09805 -0.922508 -0.612443
-2.94593 2.94321 1.57202
3.51173 0.161396 -0.406066
-26.0083 7.19639 -0.145236
-7.00003 -2.21738 1.76291
-8.56683 -0.970959 1.31524
14.4409 2.88885 2.27991
-0.549795 -7.35742 1.90052
-26.5054 19.9156 -1.38847
-9.06858 1.3249 2.10502
-1.11547 1.46029 -0.505113
-8.90523 1.51743 2.11517
-6.58777 4.05968 1.85811
-8.02524 2.71702 1.98669
-5.9506 -2.53237 2.22255
-5.33407 3.05109 1.87986
-14.682 5.55935 1.65694
-9.44488 -0.260253 2.03788
-6.70472 4.7222 1.96954
-7.2869 4.9663 1.57902
-11.0242 9.35587 0.696362
-9.27086 -0.327447 2.03948
-15.8261 7.60823 1.74502
-6.49853 5.09754 1.94564
16.7437 3.22457 2.21846
-10.9778 8.78653 -0.84901
1.88493 -9.33019 0.885868
-14.7856 5.16874 2.32199
1.92498 -8.69833 -0.319849
-28.1927 17.8545 -0.377951
-20.4671 16.4434 1.95928
-10.7835 8.96159 -0.846601
-6.35212 4.09337 2.51234
-16.8192 2.81104 1.58712
-12.7929 10.2816 2.08315
-4.33811 -3.47588 2.14633
-4.89919 -3.90305 1.89797
0.315678 -8.06985 0.692363
-5.4884 3.68309 2.5344
12.893 3.14465 2.49845
-17.5213 4.32969 -0.979037
-11.5183 3.11107 2.43302
-8.08086 1.11148 2.5487
-17.3869 3.68006 2.31232
-0.797472 -7.19058 0.49512
-23.83 14.0859 -1.33369
-12.5354 2.7957 1.92501
-2.58001 -5.772 0.898859
-9.50452 5.26901 1.94665
3.83363 -10.1229 2.50493
12.8306 3.21437 2.36979
3.67798 -10.0926 2.49435
-21.8946 3.93686 1.52006
7.2928 -0.0561608 2.80722
-1.08253 -6.33913 2.30502
1.59207 -6.4244 -0.399104
11.3002 0.415228 2.23162
-20.9994 8.54687 1.54846
21.9324 2.76266 2.46597
0.0960087 -2.86077 -0.513286
-0.304293 -1.89461 -0.53477
-9.60892 -0.117638 0.888815
3.26978 -9.69719 2.90068
-9.70674 0.699115 0.496203
-1.55928 -6.56519 1.49709
10.8674 2.09088 -0.463138
-7.31091 -1.69046 2.81734
-26.3432 7.64246 -1.14828
-10.9902 3.7809 2.43954
-8.33375 -1.1601 1.11246
-0.23401 -7.61384 1.71353
-5.13825 -2.94552 1.29988
-14.1435 9.57522 1.58913
-7.72002 3.30429 1.98788
-7.60844 -1.80666 -0.85771
-5.97723 -2.87193 1.48927
-27.4314 18.8246 0.244154
12.3013 2.52495 -0.451097
4.7312 0.972737 1.84057
-7.41839 -1.88075 1.69344
-20.8218 4.1425 1.58386
-6.93662 4.10831 -0.78298
-7.62576 -1.26308 2.63123
-23.6646 6.0816 0.100739
-14.8147 7.75136 2.06898
3.64064 -10.2692 -0.323622
-20.5541 9.11153 1.12671
-0.301895 -3.9025 -0.493825
-7.22277 6.38698 2.03225
8.72794 0.304409 2.3096
-17.6846 2.95662 2.13307
-3.89526 3.70882 0.912076
-5.85241 -2.30064 2.11732
4.59534 1.08575 1.28866
-8.03502 2.90219 1.98748
-25.1985 13.0782 0.206952
2.28327 -9.56139 2.47379
-19.5166 13.3932 1.33521
-20.7783 8.75102 -0.672153
-20.7088 9.48531 0.506608
-1.8915 -0.232125 -0.600881
0.529467 -7.48089 2.32082
-8.31827 5.11396 -0.830253
-1.04346 -7.0385 -0.538089
-9.1488 -0.528444 -1.07399
-7.89864 3.30048 1.98005
-3.50054 -0.294941 -0.611516
3.38083 -10.0293 -0.249215
-20.8688 8.722 1.27593
-22.1799 4.12446 -0.672368
-27.4021 14.8638 0.793907
-7.71519 3.50535 1.987
-7.51688 4.11532 1.96913
-0.3848 -6.1049 -0.443579
-7.28267 4.2926 1.92339
-11.3599 8.86163 -0.960758
7.74213 0.550455 2.65272
-6.50824 3.84688 1.78071
-16.7425 8.29798 1.51226
-4.23302 2.87688 -0.716891
-5.95356 3.94129 1.64222
-7.71911 2.917 2.00839
-7.24193 -2.02777 1.09243
-17.5279 2.81766 1.98055
-27.5746 18.6707 0.848745
-6.87773 4.91655 1.92396
-8.40307 -0.206145 -0.714757
-18.6787 10.8856 -1.17245
-16.6929 2.12639 1.91006
-11.0617 9.30717 1.30155
-12.6196 9.66152 2.25964
2.74855 -10.0471 0.105455
-2.86438 2.8646 0.71101
-23.4583 5.87538 -0.495018
-4.4964 -3.35884 2.14606
-9.08079 6.31132 -0.870776
-18.8665 13.8591 2.03847
-16.8216 3.27152 2.33654
0.619539 0.165234 -0.140217
-9.05531 6.7162 1.81136
-23.6306 11.0027 0.191533
-9.56691 2.61656 1.8963
11.6539 2.49163 2.79566
-10.0223 7.86948 -0.92541
2.15097 -9.55281 0.0995666
-5.21056 2.80742 1.78329
-7.01236 -2.22143 0.299751
10.1393 0.794828 2.34552
-5.75406 2.5086 -0.726476
3.46111 -0.469172 0.704095
-3.39125 -5.13324 -0.292401
3.08858 -9.96434 2.31473
-19.8622 13.6281 1.79649
-6.9139 1.31952 2.56768
-4.90413 -3.9053 1.50863
-4.28502 4.02974 0.907335
-18.0848 3.25017 2.10347
8.3187 0.108753 2.34679
7.7035 0.615311 2.30684
-9.38663 0.117419 2.29708
6.09646 1.58437 1.96792
-16.7932 6.35959 -0.247008
-2.1003 -6.15615 0.477563
-7.03444 -1.86935 2.81316
-10.7567 3.70885 2.45467
-10.0612 0.991172 1.49947
-8.89876 4.82952 2.23249
-2.03062 -6.2183 0.491231
3.83789 0.524391 -0.422741
-6.68258 -2.46517 1.70215
-21.7202 15.0996 1.64943
-9.31711 -0.371239 0.897069
-16.2402 10.7128 1.93366
-9.3527 0.405558 0.529449
3.5718 -9.33172 2.92274
-1.279 -6.7849 1.49399
-10.3456 1.21073 -0.692933
-28.8564 17.0551 0.637909
-6.23271 -2.83112 1.49752
-12.7759 5.06419 2.37637
-3.09166 -1.71029 -0.577136
-9.98336 8.61284 1.95408
2.15954 -9.53795 1.89466
-4.41014 2.19992 -0.690106
-7.55944 -1.77011 1.69882
-0.90579 -2.49165 -0.531247
-8.55551 -0.973109 1.88746
-6.94743 4.31155 -0.794308
-16.7874 6.3573 0.0739294
-8.69367 -0.860201 1.90446
-13.1618 10.4011 1.35738
-9.55035 0.715107 2.12118
-20.495 15.8947 1.30065
3.37087 -0.548417 1.28713
-28.0723 18.0121 0.0295439
-5.52405 -1.76026 1.99542
-9.43888 0.843085 2.13225
12.5476 1.00343 2.25508
-2.50476 0.299117 -0.613319
-5.73145 2.28273 2.32445
1.53891 -9.05503 0.700884
-8.49333 2.3165 2.00951
-7.92261 -1.49977 -0.11661
-6.26055 -2.48488 2.1645
-8.32284 2.74379 2.00024
8.12507 1.48608 -0.3974
1.31987 -8.86179 1.90701
-6.12725 -2.10805 2.11416
-8.14438 3.12406 1.99103
-2.51256 1.71454 -0.656718
1.54368 -9.07545 -0.244267
-2.46413 2.5415 0.4974
10.1613 1.51082 2.78276
-6.00346 -2.61991 2.50015
-6.10736 -2.52651 2.51173
11.4967 3.06458 0.0575132
-6.71297 -2.06626 2.18367
-6.66072 5.27718 1.93946
-6.51664 4.47512 2.46842
-17.0781 3.07053 1.61425
-7.18272 3.45027 2.10744
5.40518 0.465635 1.16838
7.18193 0.885996 2.13446
-0.244149 -7.62905 0.503618
11.9623 2.65357 2.79801
-4.92447 -3.67184 2.23419
-6.5188 -2.61782 -0.101029
-7.27543 3.49862 1.98794
-8.48179 -1.05082 0.0888122
5.31034 0.524462 1.30221
-0.328015 -7.55392 0.698383
-9.78835 3.29938 -0.813455
12.0011 2.6181 2.80494
-8.37256 6.20909 1.867
-6.08411 5.10539 1.9628
-8.90376 1.52305 2.30469
-3.84835 3.664 0.297991
-5.07409 -1.04697 1.92737
-27.5582 18.6639 0.24428
-4.93051 -1.15968 1.93622
-16.8002 6.36157 -0.313276
-8.25488 -1.22401 1.31489
-16.4522 5.21015 -0.46008
-8.55876 5.27309 1.80059
9.97185 -0.0333063 2.21068
-2.43302 -5.85616 1.74271
-23.8895 17.7197 1.12195
3.6411 -0.241611 0.695393
-17.307 10.7365 1.64846
2.43948 -9.37125 2.60726
-19.6733 2.92055 0.146288
-4.94668 -2.91333 2.20815
-6.91145 2.35005 1.99476
-26.3989 20.0834 -0.578692
-6.51881 -2.60812 1.10083
5.10444 0.701871 1.73356
-5.73766 2.29857 -0.715315
3.56025 -0.335209 0.708191
12.6974 3.32612 2.50846
-6.6907 -2.46036 1.4987
-6.72827 4.49696 1.59617
-8.00326 -1.43946 0.013921
7.41381 1.16367 2.26643
-13.2291 9.44348 1.61496
3.33877 -1.24718 -0.351142
-29.2083 16.5464 0.855691
-4.88668 -3.51782 2.25172
-8.07128 1.36905 1.81426
3.68795 -10.1073 1.78528
-9.67262 0.684842 1.49751
-1.57725 -6.57279 0.506837
-28.7217 17.2085 0.0296677
-7.79274 -1.59895 -0.178907
-2.77558 -5.59794 1.53925
-20.1795 3.37471 -0.985411
3.72652 -10.2665 1.66992
-27.3809 14.8553 0.229439
3.31018 -10.0174 -0.766136
-20.8584 8.71766 0.718259
-6.50209 -2.29741 2.15959
-26.2918 20.2599 -1.59863
-8.24272 -1.24862 -0.119823
-21.272 3.42239 0.479793
12.7648 2.21446 2.71884
-16.2529 5.47971 -0.143152
-1.11421 -6.72299 -0.457564
-8.08046 3.70371 1.97029
-18.8406 15.655 1.98245
-2.69773 2.73152 0.897112
-21.9134 5.92079 -1.09307
5.88084 1.1134 -0.34333
-6.24333 -2.83817 0.699973
-6.85431 4.13995 1.77458
-24.5816 12.5665 0.877158
-8.33338 -1.15088 1.68689
-0.233216 -7.61094 2.32481
-9.2528 5.90248 2.43361
-7.23301 2.71451 -0.750233
-10.6109 4.10642 2.45455
-16.5028 6.13392 0.284355
-8.44239 -1.064 1.70627
-0.315719 -7.51539 2.31802
0.515198 0.163462 0.113438
-14.8886 7.38089 -1.00373
-8.95844 6.27166 2.42482
-8.73752 6.54205 2.4203
-10.3123 1.20766 1.47626
-14.4935 8.09358 -1.00204
-8.46609 6.8307 2.41203
-8.33954 0.0869213 2.5727
-27.714 18.5196 1.257
12.4742 2.47793 2.82048
12.6124 2.26504 2.84184
-9.48584 0.0648741 1.49372
-9.47909 0.0825203 1.70812
-3.88498 0.301598 -0.630345
-7.11857 1.72295 2.55356
-6.69824 -2.50044 -0.689214
-26.4366 20.1161 1.25269
-28.2463 15.5455 0.61363
1.8872 -9.33549 0.70989
-6.91269 -2.2786 1.90001
14.4937 4.01001 1.86038
-4.67634 2.11803 1.92126
-19.0611 13.6014 2.03897
-3.06978 2.10462 -0.673446
-12.4175 4.71715 -0.885551
-3.02776 2.99206 0.519227
-6.76635 1.82975 1.98718
-4.75774 -3.35285 2.23552
-5.11736 -2.93994 1.50106
-3.94448 0.909887 -0.650506
-6.85938 -1.88342 -0.646744
-8.71465 -0.183361 2.57253
2.44637 -9.76563 2.11191
1.66952 -9.14435 1.90884
-4.33221 3.31599 -0.731439
-8.73244 0.785353 1.89079
-13.0444 10.0509 1.73775
-15.8598 6.45534 2.06466
-9.31003 0.430768 2.41482
-8.243 1.50905 1.80669
3.49626 -10.06 1.70144
-8.34438 2.69954 2.00208
-7.88899 -1.53022 -0.104161
-19.4369 2.69983 0.500714
-7.22453 2.8901 -0.755768
-8.54878 -0.975909 1.70571
-0.441949 -7.44284 2.30577
-10.5603 4.26177 2.4567
-5.60847 2.49396 1.89548
1.70239 -9.19383 0.290235
-3.56769 3.43976 1.29582
-8.09436 0.115531 2.56548
-20.8557 3.09323 1.50741
-7.12613 3.10246 -0.754851
-0.209101 -7.26688 2.37241
-10.4893 4.42141 2.45566
1.72774 -9.21621 0.309709
-27.5884 18.6816 1.25646
-8.1123 0.285328 2.56502
-11.202 4.02311 2.42713
-7.88199 2.68585 -0.757586
10.7829 1.86945 -0.457985
0.503952 -8.20339 2.30437
-2.5763 -5.78818 0.307309
-9.5024 5.30654 2.28369
-9.7887 5.54635 2.42685
0.0350836 0.5449 0.119301
-7.85439 3.29696 -0.774937
-0.906618 -7.07121 2.29151
-9.01413 -0.609153 1.68934
-1.49777 0.699736 -0.60643
-20.7764 16.1123 1.96184
-11.0098 9.34604 0.328984
-6.15653 3.58797 1.80165
-4.84661 1.09979 -0.666074
-7.68471 -1.69363 -0.642011
-6.19274 4.57832 -0.795471
-9.58361 5.9877 2.43786
-11.0103 4.6393 2.43621
-17.0591 6.58017 0.295297
-8.8976 -0.697777 1.6977
-1.42384 0.812213 -0.608376
-6.087 4.69476 -0.793969
-9.44565 6.10503 2.42601
3.66076 -9.15463 3.0393
-9.29376 0.287171 0.692181
-1.11304 -6.91802 1.29646
-4.77091 3.19714 -0.732552
7.90982 0.105824 2.80874
-6.36869 4.27822 1.63006
24.1875 4.9669 2.60656
3.01007 -9.50464 3.01249
-0.0839788 -6.98521 2.29254
-14.8522 7.82266 -1.01393
-8.94678 6.7363 2.41595
-8.69828 -0.506698 2.09993
2.55339 -9.45547 2.71655
-0.515526 -7.00374 2.68278
-21.2628 3.42281 1.27914
8.64676 -20.5218 2.75533
11.9087 2.36917 2.17514
-7.51809 -1.35196 2.16418
-9.26311 -0.433346 -0.102468
3.51676 -10.1484 -0.252925
-20.7341 8.89082 1.27263
-23.6137 5.3035 1.50952
-17.6828 7.96742 1.5698
-14.7863 11.685 1.28696
21.5084 4.06057 2.96164
-7.09017 -1.88802 2.83522
2.88161 -0.3192 -0.395872
-1.11978 -6.92532 0.904573
-5.15782 4.73332 1.29514
-13.1424 9.84093 2.1702
-3.31562 2.30718 -0.686854
-6.7587 0.114052 2.59357
-20.99 8.54147 0.924159
-12.3704 3.96081 2.40686
12.7637 3.1646 2.83718
-3.32049 0.692522 -0.635849
-12.6407 3.28649 -0.870489
-6.15429 -2.15834 -0.633255
-13.0609 8.15773 2.18938
-6.19581 -2.8917 0.511301
-16.4518 6.30694 1.24049
-14.7374 5.37603 -0.947478
-12.5069 1.72705 -0.841511
-20.6823 8.93868 0.918495
6.18244 1.58899 1.96594
-28.5898 17.3797 0.24561
-7.95545 2.71209 2.26476
-5.60258 1.26026 -0.69798
12.6618 2.08392 2.68922
-8.48532 3.21356 1.9038
-10.3063 1.24969 1.90635
-8.6769 3.31618 1.89342
3.52313 -10.1395 1.09811
-7.267 0.289324 2.5737
-1.50404 -6.29733 2.34333
-11.8 5.4381 2.4076
-2.18662 -6.09351 0.0884205
-21.93 17.3334 1.7432
-10.2255 1.14243 1.88693
3.071 -10.0948 0.0903897
-9.06128 1.31491 2.48009
-6.20166 4.89598 2.11694
-6.78844 -2.38163 0.912214
-5.59744 -1.69196 2.00435
-3.2875 3.2086 1.11652
-17.0343 2.45592 2.31096
-9.03792 5.64453 1.77479
-5.79476 5.25376 2.17042
-29.2006 16.3076 0.443967
-8.57212 1.73271 2.52791
1.42991 -3.65752 -0.471138
-5.89835 5.2518 2.10309
-26.5459 19.9344 0.0293335
-8.72739 1.71513 2.48419
-3.38884 -5.13494 -0.113263
0.654294 -1.49957 -0.521661
-8.10158 -0.0889242 2.56663
3.09183 -9.97252 2.11009
-2.11631 2.26149 -0.103383
3.51864 -10.1409 0.503957
-21.754 3.77701 -0.92365
-7.21758 5.8514 -0.845705
-24.6572 12.6026 1.7263
-0.447439 -7.44159 1.48983
-28.4456 17.5278 -1.60948
-1.22318 1.0161 -0.598062
-11.0917 8.49174 2.32734
-7.2335 -2.02471 1.50519
-27.5586 18.6614 0.441697
-5.23638 -2.84155 2.07251
-2.30253 -5.93029 2.27656
-21.3127 3.42712 -0.709291
-9.30883 -0.368063 1.89749
-9.44678 -0.260581 1.89556
7.6434 0.623621 2.70134
-4.97735 2.56182 -0.71399
-9.47278 0.0942177 1.89662
-4.25818 3.53699 1.88172
-0.627909 -1.74974 -0.540437
-19.3307 2.64688 -0.867859
-9.92865 0.882347 0.492699
-1.8912 -6.30351 1.49979
7.51981 0.231594 2.79745
-1.47376 -6.65884 0.0900454
-9.49164 0.55604 1.88407
0.692155 -7.92188 2.87939
-11.5386 9.83041 -0.915456
-9.56774 1.18018 2.02305
12.5481 0.887282 2.2536
-15.8428 6.44889 2.0612
-3.24085 3.16229 0.0978868
-9.34285 0.256266 2.48002
-27.171 19.1356 -1.60087
-9.46978 1.70327 2.01916
-1.4196 1.70873 0.832538
-8.50254 1.69175 1.78788
-8.4501 1.67015 1.8072
-7.24393 -2.02901 0.907066
-5.69399 -2.3405 2.07814
-8.58906 2.01353 2.04377
11.4492 0.5385 2.28703
-11.1492 3.30774 2.44117
-10.9427 3.9154 2.4395
-8.69946 -0.856083 1.6997
-16.7714 6.35115 0.289649
-0.535304 -7.32257 2.31521
-10.7684 4.42203 2.44354
-2.17334 -6.08151 1.30597
7.87301 -0.0794971 2.81481
-10.254 1.1371 0.705566
-5.25489 -4.10343 1.76306
-24.4393 5.95702 1.1026
-26.8086 19.6334 1.05573
0.675237 -7.94515 2.69508
-8.65607 0.291594 2.55603
-9.26554 1.60819 2.02838
-23.479 11.2848 1.46963
-5.65536 -2.58363 2.18048
-2.89905 -5.52808 0.313597
-9.80748 5.5561 2.34243
-17.851 14.8356 2.02109
-1.70453 1.93443 0.890133
7.09597 -3.0758 2.4092
-1.69677 0.892557 -0.611878
12.5294 2.57271 -0.222972
-7.23049 -2.02022 2.08171
-19.6714 2.91848 0.507049
2.54142 -9.40352 3.00288
-0.743187 -7.13829 2.31961
-6.51438 3.30426 -0.754363
-1.33049 -6.74388 1.3066
-9.32473 6.67937 2.40755
-16.5239 6.1418 -0.902592
-0.371444 -6.76035 2.28606
24.5248 4.87703 1.559
10.1612 0.741611 2.36558
-2.52289 2.5881 -0.241528
-8.91273 7.1426 2.39731
-23.9134 5.52365 0.10122
0.219883 -5.97616 -0.433689
-16.4271 2.4872 2.36264
-2.28551 1.68249 -0.645466
-2.30987 2.42088 0.521655
-18.9471 15.5479 1.98358
-4.4035 2.94264 1.94893
-6.90347 -2.29471 1.10261
-5.32468 -2.58734 2.15701
12.8218 3.21137 2.69307
-11.7443 8.02703 -0.948684
14.8867 3.67896 1.47497
-16.2763 5.48793 1.52129
7.70941 -0.0786343 2.81632
-7.88856 2.09351 2.53381
-4.72756 1.77015 1.93686
-5.91337 -2.88537 0.220571
-25.6546 21.0464 0.0293015
4.6047 1.07573 0.857944
-5.37879 -2.79058 -0.290784
6.19141 -3.08697 2.48085
-2.69812 0.894395 -0.630666
1.44254 -8.96647 0.901156
-5.45954 -2.70755 0.492599
-1.79446 2.00458 -0.629274
-9.5552 1.29787 2.02364
-12.1443 4.55625 2.40365
13.1187 2.65977 2.77786
-20.2601 12.4871 1.34255
-4.59086 3.81357 1.86966
-8.34004 -0.733743 2.12028
-14.4699 2.48791 -0.886384
-12.5922 4.15682 -0.883465
-3.28892 1.50783 -0.660431
-22.3435 11.6783 2.0404
-6.14914 -1.31144 -0.648803
10.7417 0.296266 2.25511
-6.05258 5.07495 2.11755
-3.26158 2.68559 -0.693388
-6.05313 -0.29731 -0.663741
-7.74363 0.0274487 1.91368
1.99012 -9.40397 1.88706
-28.8491 17.0561 0.246019
-6.22776 -2.82876 1.89458
-8.28997 2.29458 2.09432
-23.7699 12.3319 1.99857
-4.66629 2.29868 -0.697335
-10.5589 5.31367 -0.858281
2.79283 -10.0923 -0.246158
-4.14224 -0.0900391 -0.630615
11.3119 0.468409 2.79381
-28.1964 15.5192 1.21377
-12.4361 6.86867 1.84813
-22.895 4.70111 -0.264318
0.000323892 -7.79447 1.57137
-3.78635 3.1822 1.90904
-14.6008 7.29362 -0.985685
-5.31411 4.70481 -0.777941
-0.702758 -3.49789 -0.509621
2.92045 -8.08092 2.95614
-16.4664 5.21631 0.0711793
16.7956 2.17396 2.62222
-6.85366 4.70304 1.61895
-7.3439 -1.94119 1.29361
-0.800452 -7.20565 -0.310619
3.40862 -9.91058 0.291181
-27.29 14.7964 1.35899
-21.9562 3.94759 -0.119971
12.059 0.889062 2.24018
-4.78802 4.44748 2.08209
2.09617 -9.48767 1.69612
-6.15521 -2.87808 2.09766
-6.11811 -2.53716 2.17839
-6.81635 4.11764 2.0872
7.11134 -4.10333 2.94543
-7.46068 -1.85358 1.29979
7.79723 -19.8443 2.50245
-7.97732 6.50639 -0.875675
-22.3805 4.31012 0.860653
3.04996 -10.07 1.29427
-9.49798 0.52632 0.0949314
-9.45178 -0.26536 1.3034
-1.4474 -6.64745 1.89904
-17.63 3.84462 -0.9795
-11.637 2.68027 2.43518
-9.61238 -0.118438 1.3087
-25.8339 13.5985 1.2795
3.28422 -9.72051 2.54523
-9.69919 0.685512 0.098571
-1.55839 -6.56168 1.90924
-12.6848 3.48612 -0.876501
-6.28275 -1.90478 -0.637147
9.23773 2.34753 2.75175
-11.2799 9.48688 -0.982833
17.012 2.47103 2.44422
-8.47033 4.79864 1.80296
0.643231 -8.3442 0.288255
-17.3967 4.81367 -0.978373
-7.98106 2.28937 -0.75558
-11.3401 3.68405 2.43143
-6.89068 -1.90306 2.30072
-8.9598 3.33003 1.94834
-16.5474 4.83903 1.60423
14.5683 3.93611 1.22076
-6.80885 -2.36746 1.30783
-16.5692 5.14093 1.72412
-6.9244 4.5062 -0.802616
-10.269 5.98441 2.42354
-15.5635 7.36179 1.49876
-24.9532 15.795 1.29417
0.52853 -0.206159 0.202644
-23.386 6.16504 1.50838
11.4914 3.10332 0.302953
-6.68974 -2.0699 2.5147
-7.51385 4.82271 1.81986
-6.59745 5.14993 -0.813108
-9.8892 6.47614 2.41039
-8.77221 -0.837024 -1.10816
-0.689131 -7.30378 -0.52626
-9.10641 -0.530728 1.70268
-7.8619 3.30534 -0.776049
-0.911809 -6.93985 2.35011
-5.11904 1.70754 -0.688231
-7.96638 -1.11524 -0.683457
-7.11469 -1.71826 2.29354
-1.29947 -6.80151 -0.0994824
-9.31293 -0.325451 -0.704927
-19.4622 2.70383 0.0811148
0.40308 -0.614475 -0.121483
-9.48296 0.525667 0.895375
-9.47088 -0.261622 0.503463
-1.46778 -6.64651 1.09138
-8.86454 1.32834 2.52816
-24.1641 5.73796 0.102433
-8.83675 7.62204 2.37954
-9.60614 -0.117828 0.520342
-1.57258 -6.56662 1.09352
-7.45713 -1.86045 0.889901
-28.8623 17.0597 0.854558
-6.23079 -2.83065 1.3087
-5.69709 5.16393 1.49383
-4.90084 -4.10101 1.70318
-7.2685 -2.03362 -0.497384
-7.71964 2.185 2.53253
-24.9746 14.5217 1.44818
-1.90831 2.09544 -0.501776
-18.3269 9.50805 -1.12164
1.4445 -8.97309 1.09585
-12.3842 8.38735 2.31562
-5.45522 -2.72364 0.312031
-0.326072 -4.31713 -0.48499
3.28366 -7.26958 2.93799
-5.59292 5.06877 -0.267072
2.32246 -9.6664 2.10233
-21.4792 3.59388 0.692095
12.5917 2.02645 2.60063
-6.99351 2.40439 1.95528
-8.118 -1.35402 -1.08468
-26.2735 20.2432 -0.57828
-4.91233 -2.74676 2.17353
-29.1975 16.5391 -0.18095
-0.0510183 -7.82262 -0.550136
-9.09793 -0.111286 2.50974
-21.7017 3.76349 0.898082
12.3754 1.72217 2.50392
-4.41618 3.66983 1.87681
11.0608 -0.0507748 2.21407
-23.551 13.1503 -1.29917
1.48331 -1.6908 -0.502371
-12.4457 1.92606 1.94929
-17.6512 11.9567 2.11908
-27.4765 14.9016 -0.544809
-5.38534 1.92929 -0.695215
-8.12514 -0.90083 -0.695129
11.1822 -0.080532 2.21526
-6.1536 -2.93341 0.299459
2.3267 -9.67677 1.90146
-7.00653 -2.21948 1.08231
-7.44988 2.79281 1.98192
-7.17978 -1.11799 2.0163
-8.70048 -0.865035 0.900252
-0.677849 -7.25886 1.50963
1.44201 -8.96217 1.70807
-12.1521 5.47558 2.38836
2.77981 -10.0438 1.92154
-2.49527 -1.29439 -0.576337
0.245341 -7.99655 1.50832
-6.33472 -2.74938 1.3031
-3.11498 -5.33717 0.894501
-4.70361 -4.20788 -1.38623
3.63932 -0.249618 0.494066
3.47887 -0.45295 0.507049
-11.0017 3.69309 -0.8426
-1.69395 1.92914 0.505212
-1.68972 1.09542 -0.617637
-6.26461 4.09639 -0.772993
-9.49385 5.52793 2.43597
-28.3808 15.6241 -1.35657
-28.8517 17.0467 0.0296975
-6.22573 -2.82504 2.0768
-9.32494 1.2961 2.03054
17.0679 2.02016 2.49568
2.21753 -9.59056 1.49057
0.907425 -4.88009 -0.451164
6.91607 -3.69637 2.88842
21.8901 3.73006 2.88973
-21.5362 3.60372 -0.91395
-22.1983 18.2093 1.25832
-8.81332 0.950215 -0.753851
-12.0147 2.39086 2.41789
-8.7806 1.10584 -0.752625
-12.072 2.51783 2.43436
-2.55868 2.62124 1.30021
7.29524 1.49554 2.26509
-16.2279 5.47064 1.80763
-1.77219 -6.39469 1.46986
-9.8276 0.797591 0.470741
-0.493115 -1.69649 -0.538601
3.11954 -9.84694 2.91483
0.835069 -8.47487 1.28899
-17.5664 3.49359 1.6678
-3.83947 3.50823 -0.715336
-22.9176 13.5466 1.98645
-11.9241 2.91003 2.42294
-6.69146 -2.48256 0.492956
-22.9066 11.1782 2.06363
-3.86741 1.09679 -0.654521
8.80194 2.21772 2.74238
-24.737 9.71446 1.08352
-11.8092 3.3666 2.42386
11.0226 0.219716 2.29719
-17.6473 4.91124 -0.994039
-11.6794 3.70081 2.41848
-7.8142 -1.35709 2.8332
-11.6013 4.10717 2.42929
-8.69428 -0.86815 1.09703
-16.766 6.35007 0.898335
14.534 2.70694 2.10169
-9.06035 4.13076 1.96494
22.4867 3.24423 2.51173
0.503173 -2.48316 -0.509083
-13.2426 2.61721 1.91921
0.0858503 -7.46876 2.51386
-16.6534 5.0555 1.72929
-9.90917 1.75105 1.86373
-6.19555 5.54725 -0.144875
-6.22993 -2.42654 2.32043
-8.49919 -1.04896 -0.647551
-6.24545 5.59254 0.41945
6.02786 0.907829 -0.0850676
-25.9192 20.7446 0.846055
8.01211 1.07545 2.27623
-0.908779 -7.11496 -0.297736
-8.32488 3.09604 1.92906
-28.9394 16.8706 -1.40277
0.953549 -5.86091 2.1442
-0.962166 -6.65171 2.49124
-0.336137 0.839821 -0.0994273
-9.32396 1.29066 1.86147
-18.6011 3.81795 1.76668
-8.46798 -1.05693 0.719108
5.2657 0.51608 1.90009
-16.5049 6.13471 1.25782
-24.6376 12.5904 1.89075
3.62974 -0.522708 0.46763
-0.327108 -7.5432 1.29787
-18.5581 4.07618 1.76817
-5.43703 -2.72934 0.0940604
1.44313 -8.96931 1.48667
2.88469 -9.29447 -0.29004
-3.90264 -0.902395 -0.60985
-9.3439 7.54549 2.37056
2.26505 -0.867917 -0.464758
-22.7503 12.1607 -1.24275
-1.70591 -6.45969 1.11005
2.09261 0.299899 -0.421438
-16.5845 5.06466 0.271956
-3.83376 -2.78071 -0.574942
8.37337 1.82534 -0.412343
-8.7451 -0.32826 2.53892
12.65 2.04004 2.47854
-4.09987 3.40592 1.88885
9.66035 2.35536 2.76036
6.32338 1.66766 0.716801
-5.78278 -1.87101 -0.627159
-3.07165 0.301983 -0.617348
-5.896 -2.5048 -0.621649
-16.2427 3.86118 1.65893
0.315954 -8.07884 0.274575
4.25978 -9.96569 2.2629
-10.3215 1.20831 0.903799
-13.9341 10.2691 -1.04555
2.09415 -9.48112 2.29185
-9.9337 0.871761 -0.490615
-16.0962 5.70325 0.275827
-8.90164 5.4297 1.73135
-13.7697 10.5444 -1.0476
-6.98612 -0.57356 1.94505
-15.2433 5.71821 2.31514
-5.89557 3.24684 2.53004
-2.66383 2.69696 0.305366
12.6884 3.34382 2.73436
-14.5992 8.03583 2.04435
-8.15381 1.91113 2.53016
-17.6858 4.25801 2.25136
-8.30185 1.70332 2.52892
-6.55387 0.281692 -0.677131
12.5691 0.237679 2.14025
2.48752 -9.80216 1.88774
-3.27709 3.19709 0.822189
-17.0801 2.4679 2.06878
0.897319 -4.66665 -0.461003
1.99152 -9.40952 1.48558
6.79813 -3.57926 2.85713
-6.3402 -2.76259 -0.098991
-4.7001 -3.83325 2.23257
1.99666 -9.43323 0.275856
-5.27985 2.6172 1.89734
14.9194 1.00762 2.21632
-24.4331 14.6454 1.42726
-4.33916 -1.34627 -0.608983
-10.7779 4.08019 -0.836489
-1.39549 1.60684 -0.620787
0.501714 -4.52363 -0.469506
6.579 -3.40931 2.86319
1.67646 -9.15893 1.49545
-8.0685 5.10907 1.71031
-10.919 1.51554 2.07302
-9.81887 5.65922 2.4448
-18.6678 9.53971 -1.13814
15.4876 -0.0890844 2.57677
-2.66743 0.303714 -0.612457
-16.7154 2.16651 2.08595
-28.3408 17.7027 0.635573
-12.2126 3.48479 2.42915
-18.7486 10.3183 -1.16185
-12.3167 9.31293 2.28887
-18.375 10.5576 -1.15002
-8.8306 7.24536 -0.899328
1.72659 -9.20018 1.30226
6.54396 -3.38053 2.78285
-9.78153 0.904009 1.93842
16.5943 2.34552 2.63438
-8.59331 2.75734 -0.767399
-11.9721 4.13632 2.42257
-8.60705 2.9022 -0.772289
13.2223 2.88401 2.80487
-11.9066 4.30266 2.42131
-8.68625 -0.855197 2.05427
-11.6481 4.9016 2.41694
-7.3098 1.6633 2.54723
-24.1667 5.73813 -0.133655
-7.16919 5.73968 -0.835745
-11.642 3.25975 1.68311
24.6939 4.75459 2.11251
-9.41305 0.0961576 -0.10496
5.30389 0.621073 1.11552
-2.3497 -5.93759 -0.495877
3.44793 -0.404962 -1.18424
-9.24074 4.46885 1.9625
9.84758 1.42902 1.90223
-14.5124 3.68196 -0.903678
4.0543 0.897873 -0.428172
-6.33834 -2.74067 1.70364
-8.23045 -1.22005 2.05071
-2.31025 -5.77899 -0.489181
14.3421 2.30565 2.24879
-9.1756 4.55602 1.95865
-7.98457 1.28699 1.79254
-24.7202 6.19404 1.51372
4.28105 -9.58096 2.52087
-18.4047 7.26932 1.72322
14.474 2.1968 2.26639
-9.05255 4.69762 1.94974
-6.60696 3.69183 1.8634
7.62703 0.617434 2.54228
-8.97121 7.08849 -0.900509
-13.3613 4.59432 1.5758
1.54299 -9.05249 1.10729
6.37965 -3.25903 2.6067
-7.049 4.24496 1.96035
-0.709526 -7.27863 -0.102561
-8.72231 -0.870387 -0.668288
13.6563 3.0661 2.24916
-9.35891 -0.358244 -0.108392
1.31659 -8.91617 -0.723715
-28.3451 17.7105 1.06169
-21.8487 5.90263 1.68926
1.26591 -3.29464 -0.47696
0.894558 -8.1299 2.49697
-7.10451 -2.1138 2.08384
-23.3351 11.477 0.494755
12.6787 2.72508 -0.22607
13.7768 2.73985 2.25727
-9.78403 4.19491 1.83983
-7.75156 -1.19895 2.31427
2.65342 -9.9528 1.08564
-12.0361 6.64506 -0.916789
-15.6764 6.71926 1.79956
12.5877 3.40045 2.63047
-19.1858 9.95905 2.14878
-8.20441 7.16439 1.26028
-9.86356 7.45848 2.36471
-18.8931 10.2532 2.13635
-9.58534 7.77008 2.35954
-5.91455 2.73822 1.88355
1.64615 -8.72148 2.52564
-7.34064 6.48913 -0.711927
-7.30106 6.45656 1.85371
-11.0666 1.62487 2.16502
8.64395 -20.5158 3.03484
0.543943 -5.52932 2.12899
-5.90404 4.90753 1.9155
-15.1573 7.39661 1.77997
-3.50416 0.904322 -0.647363
0.523 -8.25276 -0.288919
-12.8041 3.49831 -0.885161
9.03607 2.38226 2.75781
-17.2605 2.77638 1.62639
-6.86832 4.05274 2.44997
-4.91827 -3.93589 -0.302697
11.7782 0.505101 2.25424
-7.56439 -1.78728 -0.118265
-5.95138 -2.77325 2.16969
5.73697 0.39057 0.544393
-9.9228 8.4521 -0.946837
-17.2763 2.30234 1.83989
-5.03707 -3.74488 -0.500233
11.63 0.213055 2.22413
-24.4287 5.96193 1.4936
-8.88322 0.318086 2.55326
11.3044 0.0862737 2.16114
-6.94647 3.96064 2.2911
-4.86125 -1.23149 1.93132
-6.81326 -0.701716 2.6073
2.09541 -0.897197 -0.478079
-19.4954 2.52446 -0.523849
-10.7705 4.44014 -0.845889
-20.4653 11.9283 2.06277
2.64555 -9.95007 0.909391
-20.4725 9.22607 1.12532
3.38422 -10.0358 0.529968
0.498421 -5.57289 -0.439916
-22.1676 4.12678 0.0930503
3.2647 -9.70783 2.71014
-8.07394 -0.416326 1.99097
-9.69652 0.686237 0.307547
-29.2015 16.5467 0.246437
-8.56161 1.95085 2.29925
-9.28009 2.21896 2.00214
-6.43508 5.76175 1.68297
12.6265 3.49325 2.58599
-9.64201 7.24424 2.38045
-25.1742 6.46955 0.494221
-8.73917 4.11982 1.96949
-7.0013 -2.21793 1.3599
4.22385 -8.7947 2.70847
-15.4539 10.0526 1.7152
-7.03793 -1.24489 2.02615
-0.553067 -7.35855 1.507
-27.568 18.665 0.633533
-20.2703 2.62727 -0.733035
-1.31018 -6.73433 2.29703
-9.44612 -0.260635 1.69171
-9.78004 1.63537 1.83677
-6.09474 -2.52189 2.30143
-0.512319 -7.41446 0.497083
-27.9461 18.1742 0.0295239
-20.3265 15.9636 1.29496
-22.4084 12.8763 1.29581
-6.69265 4.12517 1.88944
-10.0356 2.02843 1.89636
-9.98625 2.11405 1.89083
-9.5144 1.50115 2.02141
-15.9672 7.6728 1.5425
-27.2923 18.9722 -1.60066
-12.0584 4.69417 2.39766
-8.77327 -0.352442 2.1324
-2.09119 -1.49643 -0.56866
-11.7921 5.27081 2.39354
-3.96101 3.77158 1.49178
-20.8806 8.66154 0.0991575
-5.68471 4.12132 2.52416
-23.7011 11.9284 -0.142382
-22.5473 16.5079 1.90931
2.91194 -0.224621 -0.403712
-16.4919 6.13066 1.09713
-16.3557 5.34707 -0.143842
4.34033 -11.68 2.15341
-7.3828 6.52795 0.49332
-21.1722 5.71816 1.77527
-20.0842 2.47604 -0.108764
-9.51817 4.54962 1.95429
-5.44925 1.7027 -0.693794
-0.257444 -7.63136 -0.109866
-16.4775 5.25709 1.47059
-8.3572 -1.16198 -0.637989
0.683689 -7.83743 -0.378369
-20.7216 9.49089 -0.327571
-3.35407 -5.15591 0.496512
-10.2406 5.88486 2.18828
13.7368 1.69546 2.08421
-22.7727 17.5408 1.25965
-12.5838 2.10037 -0.85016
-6.59075 0.974273 2.57404
-11.6597 8.478 -0.961416
-16.1635 5.89401 1.60079
-5.38008 -2.79146 -0.495396
5.03091 -13.1051 0.7247
-1.89786 1.49639 -0.630355
6.91564 -3.63878 2.42749
-20.8944 11.5011 2.07729
2.16486 -9.55449 0.939613
-1.92015 2.11069 0.489237
-8.0942 5.26612 1.78837
-20.1007 2.47459 0.887693
-7.54113 -1.3594 2.51959
-7.99003 6.23564 -0.862114
0.833951 -8.46633 2.3056
-7.09425 4.8354 1.58978
-7.41142 6.0826 1.77573
-15.3731 5.49961 1.72288
-6.09733 2.89964 1.88636
-28.3485 17.7087 0.851607
-1.32538 0.914055 -0.608413
11.3813 2.31368 2.79072
-11.3022 1.50031 1.97087
-6.39762 5.72692 1.45019
-5.44919 3.49787 -0.749231
-10.0488 0.989858 1.86991
-11.0901 9.32994 -0.485188
-12.7043 10.4902 1.73879
-15.5586 6.78161 1.99214
-9.11002 0.701428 2.53652
-11.0413 9.37269 0.931539
-6.27176 3.51213 2.52433
10.549 1.86152 2.77595
-2.03078 2.19251 0.527607
-12.6534 7.79516 2.11313
-2.88894 0.298596 -0.618929
-5.80316 -2.63887 -0.618539
-7.45908 1.68452 2.55137
-4.10403 0.320982 -0.639089
6.76447 -18.1936 3.2346
12.1332 0.707654 2.25168
-6.09237 2.11336 2.04319
1.31861 -8.88617 0.311263
2.91536 -10.1291 1.68599
-7.89244 2.3162 -0.748078
-8.33619 7.28095 2.32227
-23.5917 10.9814 -1.25345
-1.22785 -6.81721 1.89702
-9.3514 0.404097 0.0926866
-9.31744 -0.370133 1.29586
3.48432 -9.41768 2.54046
11.4899 0.0369161 2.12707
-18.3838 9.11127 -1.11305
15.5063 -0.092004 2.77674
-7.11145 -1.7177 2.50582
-9.28598 7.10984 2.38458
-23.1918 6.72312 1.65009
1.10522 -8.69114 1.4923
-19.4294 13.5098 1.33497
-20.6412 8.91786 -0.670363
-6.13772 -2.94938 -0.285325
11.2649 0.484494 2.85308
-4.86353 -3.49361 -0.104324
-5.29782 0.665775 2.00369
-4.90862 -4.2729 1.08153
-9.44935 0.850108 2.27663
8.21718 -20.1909 2.06235
-1.111 1.45874 0.300508
0.3383 -8.07004 1.90415
-4.86181 -3.96306 0.708074
-4.83558 -3.22695 -0.486943
-7.68254 -1.67683 1.29051
-4.02642 3.24814 -0.724661
-8.52476 0.657641 1.89525
-22.9575 13.2866 1.97923
-1.53265 -6.53063 2.29035
-9.61024 -0.0986001 1.73436
-5.89238 2.31143 2.05639
-15.2159 4.92218 1.87708
-5.4421 -2.69745 1.1047
-6.33625 -2.35539 2.17759
-8.52516 2.87711 1.99455
-29.0731 16.7077 -1.20501
-13.1315 4.08995 2.3781
-0.540439 1.00257 0.419411
-4.48271 1.68296 -0.670516
-7.27218 -1.10036 -0.668812
-19.2359 2.64756 1.80719
-23.552 5.7452 -0.130953
0.717662 -7.78679 -0.37618
-11.6787 2.12562 2.07691
-10.323 2.08023 1.84654
-12.1459 9.60048 -0.745782
-7.28683 4.51046 1.9557
-3.96389 2.06212 -0.683306
5.34173 0.626653 0.680375
-6.81312 -0.86483 -0.66664
-2.3123 -1.29826 -0.577322
-12.1093 5.50076 2.38302
-5.64295 1.34214 2.04485
-5.15685 -2.9638 -0.103613
-7.10341 1.48058 2.56041
-3.8919 0.109097 -0.626681
-5.04994 -3.77273 1.51338
-2.90735 -5.513 0.693229
-9.83659 5.57262 1.98963
-2.43456 -5.87446 1.27747
-7.71335 4.09558 -0.794703
-13.5596 10.0788 -1.02021
-8.70618 5.0024 1.79816
22.7 2.65922 2.68292
0.341898 -8.0674 2.3093
4.43423 -10.175 2.49707
-8.93965 5.32216 1.84829
-0.685007 1.12125 0.301728
-7.9529 2.49402 -0.758486
-11.2863 3.88223 2.43386
3.37401 -10.0375 -0.110091
-4.78045 -4.0727 -0.0980717
-22.182 4.13037 -0.530697
-20.873 8.72084 1.47811
-4.25512 4.00126 0.67083
8.31374 0.0920861 2.65627
-11.2813 7.04646 2.38341
-10.4886 2.22131 1.85323
-24.5866 9.83342 -0.951348
3.36878 -2.04752 -0.464183
-27.4777 14.906 -0.353967
-4.86382 -4.05136 1.31087
-12.5408 2.81687 2.03169
2.61998 -9.93946 0.10382
-3.02803 2.99242 0.662889
0.234675 -7.59411 2.64796
-10.0982 8.28663 2.34051
-6.3539 3.09989 1.8689
-20.9579 15.7445 1.95592
-28.9513 16.8659 -0.999257
-0.911213 -7.07295 1.4963
3.80671 -9.03255 2.89578
-9.01899 -0.60933 0.897266
-7.27048 6.42943 1.70004
-11.1601 1.70562 2.17776
-27.4821 14.8997 -0.932279
-4.87526 -4.06579 1.90741
-25.8002 20.9128 1.25349
-12.5933 3.69096 -0.875077
0.805788 -8.4794 -0.265975
-3.29886 1.10823 -0.648928
-10.7419 9.03953 -0.67587
-28.0684 18.0153 -0.179914
-12.3793 10.164 1.59169
-14.7453 8.53407 -1.02907
12.9893 3.47383 2.32445
-9.2709 1.4922 2.02523
7.58154 -0.0147556 2.79083
-7.7685 3.93163 -0.792226
-17.0723 6.58527 -0.936965
-0.88505 -6.37059 2.25545
-26.4249 7.66413 1.71617
-5.74052 -2.63656 2.17916
-2.84528 2.84511 -0.304054
-20.1896 12.5579 1.34069
-18.441 14.2117 2.02725
-5.05166 -3.03889 0.294867
-11.0961 9.10696 2.30691
-1.29051 1.59925 -0.504041
9.41963 -0.0601858 2.31852
-6.24531 -2.84981 0.501755
-12.6367 3.35558 -0.872286
-6.21414 -2.02651 -0.634311
-11.9185 7.28934 -0.931577
-26.5245 19.9256 -0.781041
-1.30013 -5.72633 -0.461641
-9.7036 0.685322 -0.289018
-8.546 5.2657 1.79778
-11.2769 1.67361 1.97079
-28.5668 17.3536 -0.996893
3.22955 -1.98968 -0.47202
-19.9416 4.73649 1.78507
-10.5026 2.22443 1.85533
-12.4168 2.70891 2.11981
-13.8654 7.0872 2.30806
-12.4618 5.81339 2.37755
-5.43833 -2.73671 -0.106043
-2.69634 -0.893911 -0.588525
-12.3899 5.93865 2.37552
-28.1146 17.9165 -0.99433
4.43136 -10.1679 2.39214
-11.7054 1.69866 1.97061
-13.7143 10.4345 -1.04081
-8.97148 5.33755 1.73345
-0.686239 1.12303 0.098676
-2.28304 1.09367 -0.625055
1.75585 -9.22679 0.909186
-0.851015 1.25533 0.297697
-3.08497 0.509249 -0.624701
-5.97936 -2.37313 -0.62426
-9.94996 0.88738 -0.296922
-13.5908 10.6063 -1.04125
-11.6375 1.87863 1.96391
-8.72648 5.48833 1.74926
-5.66715 -1.64569 1.99208
-8.04829 2.62757 2.12996
2.09065 -8.67749 -0.320114
1.99338 -9.41758 0.895953
-24.738 6.19722 0.650145
3.06153 -10.0917 0.527753
-22.4092 4.31417 0.0941811
-16.4719 2.28715 2.36485
-2.29423 1.50078 -0.642149
10.3174 1.68371 2.74187
-2.27265 2.38722 0.495559
-17.7037 7.97589 1.57154
-11.3341 1.85628 2.03896
-8.44646 5.42266 1.73461
-9.98584 7.79355 2.3469
-20.4705 2.78087 0.77919
-7.88668 -1.08717 2.50115
-11.5092 1.98519 2.04335
-8.61513 5.61549 1.74968
-7.90537 -0.924449 2.59622
11.7123 0.890636 2.31759
-6.30204 2.52092 2.03181
-23.309 6.45134 -0.56859
-25.7849 20.8967 0.63149
15.6879 0.498572 2.43007
-7.83725 6.43317 1.75214
-2.43568 -5.87841 1.1166
-23.4254 12.8936 -1.28821
-7.29767 -0.0923337 2.58357
-7.67047 6.65891 1.7553
-8.46525 -1.05469 1.08928
-0.324273 -7.54038 1.69776
12.8474 3.55437 2.3044
-0.55012 -6.89666 2.35776
-24.8852 12.5272 -0.315039
-9.49295 7.89009 2.3606
-6.93385 2.70164 2.01457
-4.88429 -2.47977 2.10185
-16.3325 5.3389 1.81375
14.0969 1.08228 2.44433
-26.5108 19.9168 -1.19172
-5.77579 5.15494 -0.799658
-9.13704 6.52023 2.42133
6.42376 -0.0693883 2.1342
-18.7323 11.5436 1.37192
-3.76181 3.58207 -0.528328
-29.1663 16.5267 -1.40382
5.19469 0.623005 1.89183
3.56701 -0.333139 0.517635
-22.3711 4.31 1.28541
3.02995 -10.0809 1.70078
2.77523 -10.0403 1.69856
-2.25617 2.3697 -0.504881
3.40158 -10.0858 0.00927405
-6.35577 -2.76737 -0.982967
0.508828 -8.21392 1.2975
-7.86263 4.32726 1.82919
-0.92723 -6.12376 -0.448964
-1.49391 1.29828 -0.618998
-0.111715 -7.70807 1.89686
-16.2385 5.92091 0.704458
-8.17285 -1.28446 1.30263
-28.2106 17.8631 0.63544
-1.22651 -6.82151 2.08953
-9.31655 -0.3667 1.49187
1.10659 -2.88827 -0.486151
0.672266 -7.94304 2.50002
-2.21189 -5.69176 2.32556
-2.67593 -0.662533 -0.601482
-22.8479 4.69052 1.52424
-7.06934 -1.2576 2.04003
-23.3344 11.5637 -0.694795
7.46521 -3.28175 2.40421
-1.49342 0.901971 -0.609863
-9.50404 8.19776 1.1299
-1.46708 1.74594 0.50219
-4.31249 -0.303522 -0.630437
-10.7062 5.0822 -0.860673
11.1493 0.831279 2.82899
-10.5555 6.15265 2.29998
1.30055 -7.22969 2.26313
-10.8302 6.42541 2.40851
0.373966 -0.532674 -0.0977048
0.662934 -8.08752 3.12593
-16.4957 6.13145 1.25824
-8.34097 -1.15896 0.706139
-0.233573 -7.6199 1.29366
0.551183 -7.83639 2.76298
-12.8912 3.10416 2.11101
-25.3101 14.5373 1.27875
8.28614 1.70024 -0.406985
-13.5703 4.11537 2.36295
-17.3974 4.58457 2.11154
-5.64347 3.37857 2.54077
-5.12807 -2.94168 1.69903
0.496367 0.190057 0.194256
11.869 2.93479 2.79194
-0.69773 1.12808 0.455915
13.7291 3.39453 2.31447
-7.93043 6.8818 1.74878
22.8611 2.67661 2.84857
-4.76979 -3.28569 -0.822314
-3.30742 -1.48693 -0.581038
-13.1794 5.34465 2.36979
-3.29644 -1.08684 -0.596599
-13.0223 5.67569 2.36688
-0.995707 -6.99853 2.13464
-25.2377 13.0978 0.903433
-7.48423 -0.83032 2.59039
-23.6021 12.0631 -1.27702
1.4941 -0.700307 -0.506577
-23.7276 12.6833 2.00815
-7.51526 -0.298564 -0.684297
3.84697 -10.3428 0.857699
-3.10588 -0.720268 -0.596585
-12.8073 6.10439 2.36393
1.10246 -8.68656 1.8919
-2.87508 -0.533221 -0.59736
-12.7343 6.21406 2.36102
-10.4959 6.11574 2.02371
-13.8439 10.4005 -1.04591
-9.01174 5.32602 1.71255
-10.8916 8.73769 2.32654
10.9254 -0.092114 2.32653
-1.02152 1.3856 -0.492044
-10.6908 8.93837 2.32182
-4.08474 3.88654 2.11142
-25.9877 7.19465 0.198693
-10.6208 9.04717 2.32458
0.29339 -3.09103 -0.506544
3.51149 -10.1376 0.689668
-27.3996 18.7999 -1.19423
-5.1351 4.71226 1.09707
-6.71557 3.90499 2.50387
-5.23962 4.80888 1.91495
-5.70931 3.72659 1.64361
-6.94744 -0.297459 -0.674917
-5.05472 -3.05053 -0.500443
-11.8872 7.22321 1.97747
-5.03254 -3.86111 0.687827
12.1648 0.541096 2.25596
-12.0617 7.43099 2.36054
-5.15324 -2.96081 -0.880062
-13.7512 11.2861 1.54886
-5.16885 -2.77249 -0.611291
-2.31071 0.106253 -0.606757
4.11626 -10.672 2.46706
14.3183 0.92466 2.39055
-26.3129 7.71411 0.0422673
10.9323 2.68332 -0.471102
6.76334 -18.1984 3.06319
0.498628 -0.257689 0.143801
1.24572 -8.39464 2.62993
-5.91043 -2.67854 2.31009
-8.46456 0.0791453 2.5575
-11.2357 8.87869 -0.776999
7.85214 0.458039 2.42361
-6.40549 3.89568 1.84575
5.06009 0.184919 1.67336
-8.71 -0.864891 0.512555
-0.691332 -7.25791 1.10242
0.671101 -8.3356 2.29934
-23.3843 5.10056 0.0975467
0.501691 -8.15216 2.40994
-5.52559 3.31177 -0.7455
16.452 2.46521 2.65748
-9.9063 0.894393 1.90229
-1.88386 -6.33717 0.0874093
-5.10964 1.49615 -0.679123
-8.04061 -1.42172 -0.642364
-20.4305 9.20631 -0.322037
-23.1453 13.4905 -1.2891
1.82421 -1.97554 -0.490942
-10.2494 1.13596 -0.306462
-11.8931 2.17657 1.9429
-11.0284 6.67182 2.38824
-13.1448 3.29316 2.09324
-10.314 3.19124 1.73461
-21.0806 9.81612 1.3117
0.439277 -8.15932 1.302
-4.91231 -3.89978 1.30656
-27.5283 18.6409 -1.19481
-6.81518 4.70774 -0.804549
2.96019 -9.55646 2.46432
-10.3589 4.66842 1.8256
-25.6878 6.94014 -0.301384
-21.9721 3.95317 -0.868068
-13.1597 6.35346 2.34871
-13.1068 6.45993 2.34856
6.90292 -18.0613 2.93013
-10.3701 5.79095 1.90836
-18.3537 8.95731 -1.10949
-12.4133 7.70457 2.32477
-11.766 2.18953 1.99388
-8.96193 5.83062 1.71765
-18.0831 9.24011 -1.10164
15.7688 -0.289681 2.82622
-12.1059 8.06786 2.33816
14.4868 0.756149 2.46263
-9.10215 6.08212 1.75876
8.43219 -20.3562 2.32517
-19.8803 10.9009 2.11059
-10.5785 8.36157 2.3312
-24.7181 12.4462 -1.15883
-8.54664 -0.528416 2.52609
-12.0135 8.13488 2.33161
-2.25899 2.37245 -0.110043
-7.89982 1.22121 1.82429
-11.9748 8.21616 2.334
-6.3224 -2.72186 2.10668
-8.42918 2.4722 2.00506
-8.97149 6.82625 1.81119
-0.679572 -5.64637 2.17578
1.69898 -2.08851 -0.489657
-17.328 12.2727 2.11055
-6.99515 -0.0817788 -0.679184
-5.80803 3.79889 1.62646
-23.2009 12.7704 1.9761
-9.64518 0.890321 2.03275
7.99611 -0.0323749 2.80838
-10.1611 1.06371 0.698709
-2.09696 -6.13972 1.29251
-11.3092 8.91599 2.31449
15.2666 0.093088 2.4536
-8.36753 6.86735 1.73902
-24.7227 9.71448 0.84403
-11.5318 9.10998 -0.980164
-6.70585 3.99146 1.77784
13.9421 3.67417 2.31705
-12.844 5.69438 1.73796
13.6848 3.07251 2.25388
-7.68769 -1.26596 2.27743
13.7225 2.90458 2.25406
-9.22755 -0.439735 1.31352
13.867 2.2918 2.25866
-4.85017 -4.39584 0.528764
0.339787 -8.06935 2.11069
-4.8439 -3.22134 -0.836359
22.6938 2.65701 2.8277
-4.8662 -3.97773 0.330536
2.51463 -9.83468 1.51179
-22.8842 4.69754 0.0963992
-6.53963 4.53141 2.03205
-13.0284 10.6906 1.56782
-9.36967 0.94797 2.25467
13.24 2.85364 2.49253
-27.4456 18.83 0.848295
-10.1738 1.25583 2.02273
-7.88492 3.12148 1.98847
-7.46351 -1.85231 1.10173
4.03734 -9.10704 2.51939
-17.0581 6.58013 0.700489
-0.777575 -7.17543 1.89836
-8.8896 -0.710101 1.29579
-20.8632 3.0935 1.70739
-6.74461 -1.09199 2.62209
-9.75446 8.41306 1.83074
-25.4188 14.3931 1.27975
4.45385 -10.9144 2.21347
2.0708 -2.30767 -0.47763
-11.7539 2.48969 1.85979
1.72626 -9.2189 -0.249984
10.2151 1.40049 2.79299
-2.31692 1.90355 -0.657572
3.8746 -9.097 2.53706
-0.909932 -7.07215 1.89543
-9.01496 -0.609123 1.31287
-8.80186 7.30169 -0.900699
-13.2747 4.70158 1.57062
1.72503 -9.20266 1.09907
3.88407 0.252899 -0.416327
14.7588 3.79405 1.69811
-16.4513 5.28594 1.32569
-8.35807 -1.16173 -0.483415
-6.59925 2.59247 -0.731719
12.113 2.6287 0.466873
-22.7959 16.2666 1.74613
-20.2657 2.62559 1.71703
1.59979 -2.21003 -0.491118
-14.2462 11.8385 0.076123
-0.816876 -5.52774 2.15753
-12.2768 2.28711 1.9332
1.44476 -8.96006 1.90094
-13.2885 3.41623 2.04535
-14.7255 8.22373 -1.01875
-8.74317 6.95482 2.40995
-25.3264 6.67559 1.31289
-23.5627 5.59891 -1.01437
-13.6223 3.68181 2.18481
-17.2965 4.5298 -0.970234
-7.99848 2.07458 -0.751948
0.327314 -7.59109 2.38175
-2.09692 -0.085757 -0.603986
-22.2209 5.27618 1.55997
-4.87215 -4.36055 0.297121
-18.2007 12.8587 2.07367
22.7229 3.08688 2.69189
-8.46751 2.07354 2.29344
-9.15339 2.23363 1.80153
-6.38146 5.7132 1.52783
-13.8301 6.0616 2.33802
0.742465 -1.07094 -0.502605
-1.89769 -6.32856 -0.115213
-6.71962 -1.2874 2.62836
-14.0998 9.93027 1.5014
-0.693141 -7.26715 0.701901
0.00109001 -7.86309 -0.811595
-6.89646 -2.32506 -0.104499
-24.7438 12.4524 -0.910666
2.72783 -9.72141 2.51434
-10.6218 4.86673 1.80834
-4.95863 -2.97226 -0.596291
-5.06236 -3.73934 0.704324
13.2769 2.88224 2.31291
-13.6138 6.38979 2.32838
-8.59267 -0.955404 -0.257151
-26.0132 7.20022 -0.30603
-2.09476 -6.12844 2.09781
-21.0897 3.26039 -0.30639
-7.26551 5.70798 -0.840983
-0.475554 -6.53204 -0.43596
-16.7122 6.33047 1.71941
-10.8675 5.81062 1.90784
-23.1329 6.70769 1.64509
1.09934 -8.69049 1.29897
-13.825 4.10092 1.69613
3.9547 -10.4181 2.45965
-10.6404 6.20325 1.90656
-1.46458 1.74241 0.0991368
-16.9961 2.41544 2.12415
-11.3293 9.65117 1.57037
-4.90433 3.49921 1.97936
-3.2861 3.20689 0.931724
0.108553 -5.6438 -0.443839
-13.8241 4.05399 1.52084
1.09389 -8.68763 1.10447
-18.7423 9.28951 -1.13564
-12.6634 8.06664 2.32465
3.38732 -9.41472 3.02327
-25.6477 21.0421 0.0292233
-28.4623 17.5396 0.443737
2.29443 -3.21601 -0.456556
-16.3397 2.67908 2.35456
-2.51928 2.58156 -0.103582
-18.3523 9.68769 -1.1265
-9.03597 7.09529 -0.904892
6.2936 -3.16524 2.68436
-12.3764 8.45173 2.32041
-26.7038 19.6803 -1.19259
-25.965 7.18303 1.09852
-3.12383 -5.34728 0.501519
-4.68287 -4.21527 -1.69202
-2.88754 -1.89579 -0.572669
-9.79386 8.44997 2.02764
-6.32256 4.5701 2.06983
-4.6563 4.32574 0.903217
-4.72355 3.30925 -0.735627
7.85663 0.461848 2.69975
4.51823 -0.0286253 -0.41047
-6.41125 3.78966 1.78805
14.2345 3.84324 2.28256
14.3294 3.09584 2.26954
14.4075 3.04803 2.2798
4.10009 -9.35985 2.51672
3.43912 -0.455736 -1.28792
14.3679 2.29469 2.25247
2.30072 -7.26566 -0.366732
0.665972 -8.33338 1.89786
8.69711 -0.104053 2.32524
13.6402 1.59554 2.12588
0.834017 -8.46748 1.90098
17.9098 1.28714 2.72117
-15.0852 2.46169 1.5661
-22.7323 4.66717 0.308118
-9.57132 -0.102268 1.90064
-0.207287 -0.606502 -0.102767
18.4039 0.901703 2.85319
-6.23037 1.46759 -0.701298
-23.558 11.1443 0.905412
18.4928 0.792353 2.86619
-9.45329 -0.254996 1.70548
-11.5828 5.05926 2.41734
-1.44781 -6.64234 2.27806
-4.82461 -3.33098 2.10855
-26.2919 20.259 0.631572
-25.6372 6.92618 1.65627
-26.3412 7.73638 1.24706
-23.4641 11.2766 0.904443
18.6251 0.683561 2.88601
3.48938 -9.62836 2.52257
-20.7812 8.7581 -0.530623
-20.7046 9.48661 0.723144
-17.8953 11.7214 1.596
3.52938 -10.1418 1.50772
6.54335 -2.94203 2.3919
1.69491 -8.07295 -0.344981
-5.14534 -2.95269 0.700241
-22.3846 4.30766 0.928814
3.04625 -10.0726 1.48497
2.9069 -10.1371 1.49906
-12.4576 10.6124 1.72718
-18.2366 3.39599 2.29586
-15.44 6.9587 2.09538
7.61884 -4.31621 2.91242
2.78217 -10.0541 1.48268
-2.50361 0.0985155 -0.608916
-5.32322 -2.7293 -0.662547
-3.57977 3.45038 1.48738
3.13198 -9.88891 2.48454
-1.76951 -6.39519 1.89116
-9.81525 0.784444 0.0998521
-10.5282 6.22372 2.41398
-8.46154 -0.0725618 -0.719243
5.20539 0.497064 1.99739
18.1277 1.11131 2.81224
-8.89831 0.902447 2.53662
-24.7378 9.71604 1.81556
-18.2353 3.51165 2.29836
-15.3501 7.08762 2.03337
-20.9812 8.54305 0.71975
10.286 0.663818 2.35312
-1.70174 -6.46858 0.909401
-16.5489 5.13254 0.496028
-7.05829 1.12337 2.56351
-25.9038 20.7339 0.440256
-28.7297 17.2189 0.636709
-23.3664 11.9429 -1.26265
1.69401 -0.500511 -0.486579
-7.12091 -0.913734 2.6093
4.18103 -11.2469 2.14867
-12.03 2.77985 1.82954
-23.2407 6.27866 -0.566329
-6.29551 2.10142 2.04312
1.69666 -0.895468 -0.502698
-21.4376 3.584 1.69082
-24.9119 12.5389 -0.150808
-23.2556 12.2484 -1.26676
-7.15819 -0.70112 2.60817
-21.4812 3.59062 -0.117126
1.07177 -2.50185 -0.495209
-12.6605 2.67293 1.91791
-10.0948 6.70067 1.6511
-12.9087 3.10833 1.96794
-5.15169 1.70345 2.08247
-4.75988 -3.26694 1.10461
-7.88613 6.88854 -0.246361
-6.48671 3.29037 -0.751206
2.35557 -5.47449 2.29764
3.54209 -9.35593 3.02278
-9.33311 -0.364876 0.705902
-9.34848 0.404617 0.703632
-1.23789 -6.82201 1.30193
-13.8909 3.89114 2.13838
-9.69717 0.693466 0.68987
-9.60972 -0.118148 0.716692
3.24783 -9.72678 3.02667
-1.56205 -6.56454 1.29512
-14.1487 4.1038 2.18379
12.8384 2.31574 2.69608
1.87119 -8.78337 -0.322492
-14.7489 5.32908 2.3248
-10.1011 8.71332 0.912413
-14.6816 5.50946 2.32458
-2.27452 2.38784 1.24138
-3.33259 3.25144 1.49241
-14.3736 6.10991 2.31515
-2.33416 2.43846 1.24229
-14.3571 6.2178 2.31938
0.832649 -5.18528 -0.446065
-9.21591 -0.452303 0.887664
-16.1432 10.6479 1.92195
3.6555 -9.22088 2.91592
-9.29213 0.293568 0.487291
-14.1911 6.54274 2.31651
-1.89021 -6.29692 2.10192
-8.3025 -0.0943116 2.57255
0.495377 -1.49453 -0.524813
-11.0147 5.21044 1.80592
-3.47285 -1.28978 -0.589306
21.2087 4.28726 2.81577
-21.9913 5.0795 1.54151
-14.3001 2.31647 -0.874402
29.0167 5.03547 2.74084
1.29876 -8.72411 2.43561
-11.2863 5.9005 1.88736
-20.4331 8.64837 1.65594
-11.2239 6.08903 1.8923
-20.2948 8.92122 1.72439
-10.9943 6.40876 1.88579
-0.0553971 -6.0424 -0.438085
-16.2861 6.86755 1.75629
-6.91606 4.32413 1.91082
22.7043 3.29212 2.28015
-10.1336 6.15972 1.75732
-1.06766 -6.30417 -0.463611
-7.95965 3.96383 1.97106
-21.7312 5.87128 1.67946
1.42783 -3.24605 -0.474698
-9.89648 6.35344 1.74254
-9.87377 1.06397 2.02462
9.58401 1.42062 -0.466274
12.8516 2.83484 2.83941
-14.5695 4.86223 -0.927155
-0.113686 -7.7155 1.30262
-8.18606 -1.28196 0.692343
-16.2214 5.91645 1.34285
-7.09466 -2.13165 1.90039
-23.3407 11.4812 0.662996
1.47842 -3.49303 -0.47048
-9.81914 0.785673 0.311681
-16.7943 11.2228 1.75917
-1.77099 -6.39751 1.51367
-20.8066 10.474 1.45276
-6.22835 -2.86838 0.0892668
-14.3444 4.25535 1.89901
-12.9907 8.50925 2.30182
-4.64019 4.31069 0.705086
-3.68803 -0.307441 -0.614828
-21.0034 8.55254 1.27966
-14.6074 2.53351 1.74007
-4.67052 2.35117 1.79684
0.955122 -8.6103 -0.0877513
-12.8307 8.73433 2.30084
-16.1978 5.57423 0.503793
11.7968 2.88439 0.354763
-18.4728 10.3133 -1.1483
1.3205 -8.89698 -0.10232
-12.5103 9.10194 2.29332
-20.6528 2.9356 1.11129
-7.97713 -0.934609 2.13703
-2.70667 -5.66746 1.09857
1.31843 -1.68752 -0.508248
3.71627 -10.2679 2.14127
0.620325 -0.0149277 0.114279
-7.06815 3.3176 -0.758301
2.88604 -9.51685 3.01099
24.1422 4.9576 2.60168
-0.275392 -6.90713 2.30713
12.0988 2.61613 0.314481
-10.4588 1.27814 -0.700699
1.24731 -7.18601 2.24704
10.8886 2.26862 -0.46547
-11.0888 3.51316 2.4417
-8.94302 7.3405 1.71417
-9.31195 4.33485 1.96385
-17.0637 6.58013 0.859119
-8.89615 -0.70569 1.09259
-0.776419 -7.1784 1.70641
-11.6876 9.89676 2.26997
-18.2637 10.1982 -1.13637
-4.11355 2.46016 1.70812
14.6253 3.93382 2.24478
-2.83002 2.83001 0.0918528
-6.51537 2.91172 2.32568
-15.8663 5.45824 2.12985
11.7626 2.15227 2.8052
3.13861 -9.9539 1.49751
-16.4377 5.27956 0.703548
14.7498 3.8061 2.25781
-11.1722 7.36725 1.65552
-0.299768 -5.94206 2.1807
-9.93977 0.876583 -0.309886
-16.2395 5.52912 0.699245
14.8759 3.67676 2.27125
-23.1171 16.2803 1.41684
-0.507099 -2.71068 -0.524932
-8.17355 -1.27704 1.89892
-16.2471 5.92579 0.0712433
3.09709 -8.81085 2.98407
-0.994055 -6.99722 1.43985
-25.242 13.0977 1.77296
1.84412 -8.71793 2.41337
-8.66177 7.56499 1.54026
-11.9458 7.56335 2.35583
-2.11115 0.0778752 -0.597351
-21.1055 15.6867 1.96294
-7.78664 -1.59773 0.288993
-28.702 17.205 -0.378996
10.5428 0.386142 2.31802
1.34097 -8.32417 3.01108
-8.79123 2.15449 -0.769676
-12.1437 3.5631 2.42012
-9.35124 0.401917 -0.507331
15.87 3.30794 2.40295
13.9042 1.93108 2.08045
-8.69703 7.45454 -0.902103
1.89447 -9.33594 1.10136
-13.1199 4.88358 1.56131
-3.95476 2.10588 -0.683577
-6.85762 -0.712636 -0.669262
-0.347967 -7.55601 0.0997943
5.32426 0.51144 0.707702
2.28084 -9.27103 2.51957
-25.1652 12.8636 0.291307
7.89053 0.630421 2.2874
-6.43667 3.49167 -0.756311
-18.4992 2.51302 -0.670333
-8.25251 -0.812051 2.31511
-20.8565 3.08881 0.923841
0.312367 -7.67158 2.50247
-4.88694 -4.28312 0.0702109
-23.6821 6.08724 -0.277306
-6.1548 -2.90764 0.896885
-17.948 3.55102 1.8186
-6.35052 -2.77303 -0.890168
0.518367 -8.22563 1.09585
15.3589 0.0265708 2.75027
-9.00971 4.81654 1.95329
-18.4073 7.49149 1.84944
-23.9023 5.52259 0.325835
5.96777 1.24611 -0.350193
-23.6086 6.06673 -0.131171
-6.15617 -2.91527 0.713542
-1.34162 -6.74827 0.892974
11.6315 2.01789 2.187
-7.91729 -1.11985 2.12211
-20.4655 2.78099 1.10026
-9.54631 -0.0950139 -0.10836
-9.47317 -0.26056 0.299287
-9.50085 0.541762 1.09793
-1.46788 -6.6537 0.896053
-4.85758 0.905106 -0.662271
-23.4159 6.02088 -1.0116
-21.1194 14.6798 1.75711
-6.1438 -2.89039 1.50494
-6.10722 4.91437 2.47451
-12.1119 6.06975 -0.903363
-24.1528 5.7368 0.329731
0.13142 -5.33542 -0.453087
-4.38865 2.96205 1.96456
18.2597 1.00698 2.83173
-8.74386 1.10579 2.53957
-18.1303 3.6647 2.28929
-15.2052 7.27561 2.03499
11.7997 2.03963 2.80914
-0.115653 -7.70609 1.69405
-8.66673 3.71097 1.95947
-8.17608 -1.28551 1.10365
-18.251 3.51299 2.18193
-24.7412 9.71994 1.65788
-23.7032 13.7179 -1.31946
-7.22037 5.64546 -0.834097
-11.7683 3.0858 1.70464
-24.8175 12.4954 -1.16329
-10.689 4.87543 1.65258
-10.5382 5.0543 1.66126
4.58133 -2.95745 -0.429538
-23.3306 11.4774 0.344931
-7.99028 6.35528 -0.868459
-11.6458 6.33423 1.88462
1.10014 -8.29944 2.5089
-11.5159 6.52243 1.88144
21.7148 3.69821 3.00337
-19.2615 12.2787 1.56022
10.6595 0.835938 2.17972
-15.7476 2.48516 2.3631
2.49343 -9.39032 2.91893
-19.6722 2.9177 0.321148
5.8543 0.146574 2.2517
-8.35558 4.27047 1.96898
1.09356 -3.51408 -0.478849
5.4805 0.607726 -0.638013
-10.2245 7.46019 -0.919324
-13.5515 8.73232 2.29226
5.25171 -13.0188 0.874923
-11.3951 8.78151 2.31191
-9.2408 -0.0249917 2.45414
-19.9076 8.67731 1.75776
-10.6419 6.11635 1.924
-23.5927 10.9829 -0.934997
1.28291 -3.97239 -0.467911
4.56234 -11.0145 2.23493
-16.9297 12.7235 2.10485
-8.77023 6.18561 1.53333
4.4027 -11.2046 2.1561
2.01682 -2.67684 -0.471399
-8.89258 6.34348 1.55249
-28.2018 17.8631 0.245598
-0.335696 -7.05639 -0.425923
-16.9634 12.5864 2.09923
-0.343417 0.844535 0.274556
-10.1721 7.59153 1.80438
3.36258 -9.58045 2.56858
-9.46663 -0.257776 1.09629
-1.4504 -6.64574 1.70535
-12.2014 10.2525 2.26596
-5.89021 5.03929 -0.800734
-9.26189 6.39735 2.42823
-5.12325 4.70068 0.902254
-22.1907 4.13268 -0.837474
3.32811 -10.0254 -0.410762
-20.8671 8.719 1.13339
-28.3801 15.6196 -0.175183
-7.89029 0.111199 2.57566
-8.3522 -1.16053 -0.121198
14.7557 3.80551 2.12468
-2.84333 2.8437 0.299382
-0.651208 -6.53354 2.25789
-16.8125 6.36637 -0.92061
0.695032 -4.45241 -0.464769
0.297414 -0.588156 -0.223833
2.5907 -9.14218 2.40371
-20.5442 9.10632 0.500193
2.70156 -1.28992 -0.466424
-9.35025 0.402588 -0.315587
2.67109 -9.55214 2.89081
-0.517192 -6.99754 2.51273
-21.2541 3.41875 1.47084
-10.1024 8.29196 1.61672
0.890724 -4.63151 -0.457533
3.38298 -10.0326 0.723606
-22.1653 4.12749 0.298848
-6.09076 -2.7139 2.16521
-8.14749 2.50034 2.07609
-7.69533 -1.68165 -0.109026
-8.03172 5.79331 -0.842196
-17.8336 13.2674 2.06833
-2.157 -6.14466 -0.703824
14.4254 2.59525 2.08363
14.2655 2.33508 2.06657
-9.35128 0.956737 2.09753
17.067 2.27617 2.44814
-9.17427 1.19013 2.08197
17.1116 2.11138 2.45144
-16.1022 5.72066 2.07476
7.42806 1.14294 2.13626
2.94699 -9.10459 3.00105
-7.17899 2.92848 -0.752998
-23.5038 11.1439 -0.453185
23.7843 4.27866 2.55099
-10.3237 1.20899 0.710846
-4.78784 -4.02679 -1.5259
-0.211869 -0.611537 -0.227099
-25.6693 21.0682 1.25221
-3.12225 1.3121 -0.653913
9.49438 2.052 2.75497
0.955651 -8.60176 -0.271138
-5.98352 -1.56541 -0.638203
-11.6895 7.70385 -0.933403
-29.0892 16.7129 -0.584793
-26.1379 20.3989 -0.780966
1.77568 -9.22429 2.28725
-15.6999 6.67198 1.86099
1.48315 -5.62805 -0.422249
-15.2696 2.12315 2.38717
13.3247 2.31297 2.2531
2.09515 -9.33659 2.47924
-26.4106 20.0948 -1.59902
3.25147 -9.93478 1.48087
6.60917 -2.78558 2.38431
-5.05127 -3.02947 0.69615
-6.66866 3.35392 1.87411
0.905272 -4.86279 -0.449289
-1.92519 2.11158 1.05382
2.15169 -9.53815 1.51399
-12.6421 3.91678 -0.881761
5.97327 1.23607 0.719758
-22.483 11.489 2.04339
4.47911 -3.03136 -0.425296
13.3716 2.11038 2.25527
0.8379 -8.47786 1.09705
-10.509 1.29675 2.02516
-16.9602 7.39417 1.61089
-7.7197 4.85361 1.73251
3.23325 -1.16257 -0.37592
-24.7058 9.70571 0.3524
-19.4546 2.702 -0.105571
-2.02947 -6.21828 0.688455
-8.95088 4.85224 2.00962
-10.0667 0.991699 1.31496
3.36131 -9.58591 2.75141
-9.49498 0.525961 0.300871
-1.45273 -6.64823 1.50495
-7.8265 -0.577517 1.98481
-1.05153 -4.37223 -0.491759
2.49549 -7.15522 2.9282
-6.3397 5.67555 0.921769
1.69357 -9.17519 0.891357
-3.03111 2.9944 -0.102424
-16.9283 2.88442 2.34125
-3.046 3.00824 -0.0961283
-16.8709 3.08808 2.3385
-6.8902 -2.32197 0.296129
-3.09293 1.08729 -0.645739
-25.7943 20.907 1.25174
6.27676 1.59096 0.718233
-5.90407 -1.69241 -0.633775
1.18347 -1.6225 -0.508568
-1.29901 -6.04345 2.23684
3.51452 -10.1147 2.1142
-5.31538 3.9072 2.52844
-6.70634 3.09552 2.4897
-15.9489 5.67921 2.30808
-10.6701 4.89464 1.57726
-23.9164 14.9391 1.9266
1.00675 -7.88834 2.34631
0.658233 -1.50314 -0.521668
-10.314 5.30789 1.56117
-26.9205 19.4571 -0.179237
-12.0912 6.51104 1.87179
-23.304 11.5532 -0.294663
-4.84773 -3.48587 -0.304644
-4.87434 -4.28266 0.894597
-11.8433 6.84462 1.86442
3.22286 -9.97071 0.326489
-11.7184 6.92675 1.85516
-10.7633 6.63246 1.72271
-0.913362 -7.08465 0.899859
2.31821 -9.67597 1.48866
-11.5386 7.30717 1.86152
-6.53386 3.8081 2.5147
-13.0078 10.0236 2.0843
-3.26073 3.18202 0.312299
-3.84154 2.47127 -0.693562
-5.502 3.53223 1.64167
-6.87483 4.70151 1.96449
-14.0457 11.7829 -0.431507
-9.21747 6.74912 2.39789
-0.299112 -3.06893 -0.51458
3.33497 -8.50095 2.98094
-6.73993 -1.0876 -0.662685
-3.8818 1.70509 -0.671194
-13.6333 9.23086 2.19339
0.911982 -4.33013 -0.463169
-4.33719 3.2987 -0.730675
-4.2435 3.99153 0.516254
-12.5643 3.35316 2.40976
-10.4135 7.14484 1.72108
-1.79425 2.00452 -0.278069
-11.9876 2.84751 1.82643
4.30057 -11.2228 2.1527
-9.08659 6.39988 1.51424
2.48037 -0.342128 -0.415394
-16.1194 5.62966 -0.663847
24.4291 5.3292 2.32676
-22.5228 10.821 1.70726
0.455748 -8.23063 -0.598146
-6.33244 -2.76087 0.896743
-5.76393 3.9606 2.53121
-3.52804 1.09096 -0.65358
-12.8403 3.67814 -0.890724
-6.38158 -1.71678 -0.641383
-3.30925 2.49555 -0.688821
-13.1025 9.90638 2.23923
-24.7118 14.0004 1.77138
-26.2809 7.70681 -0.901427
-10.6774 9.09736 -0.847113
-28.065 18.0158 -0.377717
8.27154 0.484342 2.29722
-28.197 17.8545 -0.180029
-10.7779 8.95621 -0.717484
-3.10021 2.7059 -0.692915
-12.3573 5.29409 -0.896531
-12.7886 10.3051 2.21543
-17.3626 2.68293 1.90678
-3.52546 3.39832 0.683746
-5.11016 -2.91052 2.1157
-11.6885 6.95746 1.85402
-4.7786 -4.05406 0.877994
-4.79226 -3.42025 -0.350736
-10.3209 1.2085 1.28525
2.74305 -5.79177 2.31836
-19.9302 3.45688 1.63709
-25.108 13.5186 1.94835
-0.659336 -5.73085 -0.453525
16.0024 2.32302 2.20414
15.9285 2.16271 2.1911
5.53236 0.689873 0.734354
12.1662 -0.224943 2.10331
-6.30106 5.50345 1.93505
-12.1694 6.12636 1.68537
-3.52424 2.50342 -0.690079
5.77305 0.287534 0.714418
-8.30159 5.04532 1.79919
-8.26107 -0.847005 2.11544
0.45053 -0.603735 -0.107944
-0.233788 -7.23213 2.75597
-20.8546 3.09481 1.12251
11.9898 2.53866 2.79858
1.776 -9.22715 2.08468
0.103934 -3.09264 -0.510611
-5.28011 -2.86954 -0.299087
-18.7338 13.5444 1.30365
3.1391 -9.95973 1.30788
-19.6482 4.09752 1.74747
-7.41219 5.1332 1.59816
-5.06256 4.64526 -0.0989055
0.657513 -5.60227 2.13992
-8.57129 -0.971952 0.274995
3.52792 -0.611315 0.937711
-0.509704 -7.40297 0.894633
6.19362 -3.06998 2.37719
1.43646 -8.17849 -0.347257
-5.45126 -2.70198 0.696356
-19.3274 12.3491 1.56693
3.85465 -10.3685 0.501739
-15.7242 2.63001 2.3631
2.69816 -9.76 2.49394
-10.7311 4.99695 1.83235
12.8774 1.90923 2.25044
-24.8726 15.1089 1.27514
0.531359 -8.25792 0.0853462
-7.72097 1.07287 1.82754
-2.18226 -6.04759 2.26559
-13.625 1.76476 1.7875
-17.2086 2.55204 2.26302
-3.5611 3.43261 1.09634
-17.3549 2.68232 2.28538
-11.7897 2.32957 2.45071
-17.6464 2.93913 2.28235
-17.5973 3.95076 -0.979012
-11.6048 2.81209 2.43491
-17.5101 3.3148 2.3191
-11.9072 2.94321 1.59552
-0.335068 0.840574 0.0985822
7.30791 -18.1388 2.76111
-4.82993 -4.21684 -1.25118
1.37838 -4.97966 -0.438818
-10.3386 7.4732 2.36356
-11.5109 3.56866 1.5673
-3.29839 2.49477 -0.689956
-3.27145 3.19175 0.512228
-6.04618 -0.446008 -0.664269
-13.0161 10.0306 2.24013
-11.9055 4.46656 1.6541
-12.1193 4.67448 1.6814
-9.54463 2.55785 1.74878
-23.635 10.9977 0.0400176
-27.5532 18.655 -0.179526
-4.96449 4.51322 -0.776735
-24.1389 14.6695 1.92973
0.779914 -7.68851 2.33405
-5.22984 4.79723 2.01147
-27.4252 18.8148 -0.179463
12.7699 2.21483 2.55826
-21.2729 3.42532 0.684755
-10.7694 4.77327 1.58603
12.521 1.91019 2.76365
-26.321 7.72235 0.36245
-23.447 11.2655 0.107089
22.2661 3.44336 2.64479
-2.51275 -0.307455 -0.603382
-27.2977 18.975 -0.179339
-22.6585 4.50769 -0.260917
-12.2697 6.65485 1.81564
-8.91062 5.41649 1.80219
-0.81484 -6.77496 2.63647
-21.4831 3.59365 1.29369
-5.96932 -2.11532 2.06609
-20.9537 15.3425 1.30142
-12.2076 7.13893 1.83965
0.329961 -6.33635 -0.422444
-27.4614 14.8979 0.414482
-16.3049 2.87962 2.35457
-20.3601 8.58098 1.64842
-11.1558 6.96815 1.71098
-9.66138 6.69335 2.39647
-0.696499 -3.1024 -0.517596
2.88895 -8.47387 2.97326
-21.3183 15.4084 1.96286
-28.9607 16.8804 -0.379611
0.510845 -3.28269 -0.497291
-10.3667 6.92622 1.62168
-9.38585 6.69637 1.49937
2.49942 -0.488668 -0.422979
24.3588 5.1575 2.31701
-26.3998 20.0888 -0.374556
7.29199 1.96962 2.18247
-6.49857 -2.62944 0.906649
-23.6841 11.9212 -0.143004
-0.913103 -7.08489 0.900185
3.07653 -0.263948 -0.39328
-9.031 -0.610617 0.313897
-22.4345 16.6375 1.90838
-21.4801 3.58942 0.887965
2.33282 -9.67213 2.31353
-1.56715 1.82505 0.312316
2.50346 -8.53197 -0.319103
9.39165 1.88475 1.88995
-14.2466 5.07461 2.34161
2.87281 -8.45591 -0.320794
-13.7114 5.09681 2.35107
20.8089 4.6729 2.70725
-3.04591 3.00783 -0.502708
20.9111 4.53154 2.73126
-13.4961 9.38221 2.24033
-3.69235 1.89828 -0.673505
-0.0096071 -7.82538 0.125354
5.65315 0.83284 0.720033
-4.77149 -3.25588 1.69734
-26.1096 20.5101 1.05483
1.09575 -1.29558 -0.517768
-21.9065 3.94041 1.66072
-22.3656 11.4316 -1.21101
-9.52175 -0.0873717 -0.664587
-20.4372 2.77542 1.73301
-6.65067 2.70733 -0.741611
-2.03446 2.19029 0.665815
-13.0138 5.01775 1.55549
2.09963 -9.50287 1.10083
-15.2605 7.27405 1.78432
1.70323 0.430682 -0.447333
-8.29243 1.30941 2.53632
-23.5571 5.74699 0.0994883
-7.70647 -1.66119 0.896876
-1.57521 -6.5809 -0.090388
-8.27304 1.52105 1.81386
-17.5815 4.06531 1.7931
-23.8677 12.0177 1.50711
-7.77962 -1.59682 0.93676
-9.21534 1.13459 2.32191
-6.34573 4.70748 1.97872
3.03586 -10.008 2.48264
-10.3459 5.16686 1.92621
-21.7403 3.77301 0.293115
-23.4618 12.3552 -1.27708
1.55936 -1.02845 -0.507533
-7.29883 -0.497039 2.59567
-9.46748 0.075158 1.11168
8.9374 0.102607 2.31542
-5.05532 -3.6869 2.17945
-26.4165 20.0983 0.631225
5.22229 0.334411 -0.424648
9.16575 0.0849034 2.31832
-14.6706 9.29466 1.72571
-23.3494 11.4854 1.30415
-7.10872 -2.12993 1.30103
-3.88852 2.29701 -0.687778
5.4456 0.433171 0.668137
-1.5837 -6.61973 -0.699842
-9.60225 -0.178731 -1.22579
-14.9958 9.76009 1.778
-4.16905 0.103826 -0.634779
-11.528 2.00145 2.27338
-3.55372 3.42502 0.906073
-5.13603 3.66344 1.9699
-17.3564 2.68289 2.11754
-8.70174 0.668859 2.54933
-4.2902 4.03524 1.09275
-18.068 3.25003 2.27206
-12.4012 2.74605 2.42936
-27.1777 19.1453 0.243971
-12.4198 2.87029 2.43803
-27.0488 19.3039 0.243869
-26.9207 19.4628 0.243782
-5.77442 0.247948 -0.668418
-26.7317 19.7034 0.243698
-9.5064 0.555391 1.49949
-1.47334 -6.65802 0.50847
-28.8687 17.065 1.26469
-6.24183 -2.83616 0.889947
-22.4834 10.8024 1.70373
3.21616 -0.817745 -0.297069
-7.66444 4.52993 1.81453
-9.1336 5.02813 2.05753
-10.246 1.13603 1.27501
-19.6461 2.91297 -0.107049
-2.17943 -6.09503 0.700327
-16.333 10.1343 1.67347
-20.288 2.62855 1.33684
-5.46674 0.304426 -0.664886
-26.5417 19.9429 0.243622
-7.11708 -1.50545 -0.661472
-4.3218 1.30647 -0.666129
-5.44078 -2.69115 1.5039
-10.3015 7.9089 1.48275
-18.3639 14.3322 2.02843
-13.1406 4.34185 1.71223
-12.3448 4.84999 1.64082
-12.5582 5.023 1.67331
-7.12509 1.73815 2.5477
-26.4305 20.1143 1.05524
-6.69906 -2.49056 -0.496692
-26.9025 19.4369 -0.989948
2.10965 -9.4862 2.43673
-25.2143 13.0846 0.272117
-21.9112 3.94226 1.32233
-11.3828 7.11165 1.6603
-11.1963 1.75113 2.01482
7.65148 -3.39244 2.41874
-1.13352 1.12722 -0.608384
11.4582 2.16864 2.80216
-11.2541 7.27361 1.65761
-0.890202 -2.68681 -0.527743
-16.5159 6.1389 0.0725694
-8.43826 -1.06558 1.90543
2.70315 -8.90583 2.97386
-3.04687 3.00891 0.110041
3.95147 -2.49704 -0.455758
-7.0052 6.19272 1.55685
-7.83369 2.53511 1.97752
-23.5693 11.1507 1.47097
10.5452 0.485951 2.41005
0.900895 -3.30267 -0.488354
-9.95032 7.19296 1.51869
-3.11958 0.899064 -0.640566
9.54218 2.50765 2.74479
-24.597 14.135 1.76936
-27.8044 18.3342 -0.377218
-10.7494 1.39365 2.10593
-18.904 15.7066 1.98913
-16.5761 2.04337 1.96056
-2.02971 -1.66988 -0.565119
-3.30561 1.5073 -0.662207
-22.4498 11.6458 2.0478
-12.6653 4.08624 -0.887172
-6.17208 -1.28684 -0.650749
5.87915 1.11429 0.718382
-24.7211 9.71389 1.49852
18.3241 3.52731 2.309
-10.9537 4.53676 1.54186
-9.89048 8.42572 2.32776
-20.6843 9.47375 0.506507
-19.4081 13.4944 1.33315
2.74161 -0.351085 -0.40139
-9.38111 0.172981 0.902666
3.2243 -9.96769 0.114251
1.99585 -9.42313 1.0906
-12.5877 2.90487 -0.860761
-3.28679 0.308844 -0.623089
0.83462 -8.47755 0.91054
-6.28414 -2.69447 -0.644196
-12.6399 2.75322 -0.862098
0.666436 -8.34323 0.906417
-7.9431 -1.48037 -1.23202
0.714077 -8.44744 -0.712485
5.96094 0.832337 -0.128935
-25.1406 12.842 -0.841844
-9.69701 0.701181 1.30402
-1.52968 -5.77685 -0.469736
-1.57937 -6.57167 0.716242
-16.1193 5.71149 1.11719
-8.0922 -1.35285 0.888851
-10.9219 7.29797 1.66698
-16.3743 5.33477 0.274888
-15.9459 7.44618 1.74948
-6.72446 4.91703 1.92812
2.18786 0.0876059 -0.399287
-25.7184 6.95063 -1.11521
-16.4665 5.22526 0.283476
-16.4965 6.13384 0.937154
-16.3529 5.3453 -0.299105
14.7906 3.03591 2.05797
-24.5503 12.5505 1.55552
-6.7264 -1.48467 2.03192
-0.233683 -7.6162 1.50413
-8.33839 -1.1586 0.912423
-27.2659 18.957 -1.39048
-6.71609 5.10992 1.93891
1.44169 -3.9269 -0.466216
-8.30657 2.51994 2.0063
1.72941 -9.20671 0.698221
6.67893 -3.56283 2.9238
0.69736 -4.70936 -0.461817
1.88712 -9.32418 1.49757
-3.01768 -5.40765 2.26073
-20.9941 8.54803 1.27849
-3.48434 -0.49308 -0.609351
-13.2046 4.81438 1.5666
-18.1445 9.98497 -1.12356
-8.77622 7.429 -0.905365
-12.082 8.76032 2.31063
-3.92229 2.28759 1.7122
-27.1823 19.1371 0.0293934
3.32249 -8.96344 2.99752
-20.456 2.77797 1.47559
-9.54498 -0.102639 -0.305239
-2.27107 2.3865 0.708296
-5.03291 2.13079 -0.69699
-7.91605 -1.49976 0.495768
-4.68867 4.35582 1.30181
-6.3383 4.7377 2.32406
3.30684 -9.06273 2.99877
-0.298321 -2.49816 -0.525332
-9.45903 0.0645163 0.509178
-10.69 3.85541 2.4516
-8.67045 7.57311 1.70785
-28.9833 16.891 0.638446
-25.3416 6.68126 0.910703
-17.5584 4.39728 2.12437
-7.78523 -1.5976 0.515073
11.2625 0.240966 2.15389
-27.9808 15.3939 1.39961
-22.6541 4.50456 -0.12438
-23.0754 13.4491 1.99343
-3.96513 3.33764 -0.726022
12.8529 2.30519 2.46089
-7.74557 5.34781 1.56737
-4.77211 -3.24545 1.89588
-23.7064 6.09404 -0.276404
-28.999 16.9028 1.26586
-6.09155 2.49786 2.05126
-15.4237 5.09415 1.90655
-7.09914 4.49566 1.9301
-20.0887 10.5002 2.10922
-0.963205 1.34299 0.61947
-8.89964 7.12155 -0.89758
1.54251 -9.05235 1.30514
6.43097 -3.28457 2.73244
-13.4305 4.52725 1.66331
-13.5735 4.66844 1.68457
1.71007 -8.86263 2.48516
-12.2034 6.06825 1.56233
-25.3356 6.67192 1.14841
-8.34062 1.89928 2.52435
-12.0794 6.2224 1.55657
-3.97807 3.78775 1.55801
-21.3722 12.8524 2.01849
-10.2958 6.51197 2.40464
0.902541 -2.88072 -0.494402
0.529094 -7.87006 2.46987
-4.75454 -4.07425 0.104268
-1.70271 -0.902021 -0.579328
0.696081 -6.74233 2.23227
-18.7403 11.1535 -1.18401
-26.1099 20.5058 0.846084
-23.7129 6.09341 -0.427065
-28.9929 16.9019 1.06636
-22.6276 10.7034 1.56064
-4.75953 -3.23984 2.09422
-23.6264 5.76372 1.66051
-11.5147 6.89994 1.53585
-20.1946 10.5157 2.1184
-10.9017 8.08621 2.3467
1.32876 -8.87044 2.10385
-23.4865 6.11179 1.65805
-11.3338 7.12661 1.53196
-0.444298 -1.50993 -0.539759
-11.2354 7.25866 1.5306
-8.68263 1.86654 1.78098
17.8057 1.42135 2.73631
7.58087 -19.6408 2.87065
-0.0180123 0.588686 0.211772
-23.3844 6.3164 1.65443
-11.156 7.35374 1.5289
-13.8666 3.83645 1.87233
-11.0613 7.46779 1.51936
-10.9761 7.54901 1.56313
-13.6967 10.289 -1.03465
-11.764 1.5525 1.97692
-25.3751 13.3636 1.43715
-4.96772 -2.42455 -0.605706
-2.1069 0.307487 -0.605512
0.104788 -3.89445 -0.487664
-10.9174 7.64104 1.52165
-1.23354 -6.8227 1.50302
-7.69176 -0.708596 2.00084
-9.32736 -0.36779 0.902255
3.56659 -9.33291 2.7074
11.3209 -0.0699081 2.14615
-1.10808 -6.91374 1.69652
-9.28517 0.285603 0.293905
3.64346 -9.24409 2.66589
1.29352 -0.694661 -0.514131
-9.20643 -0.452054 1.50827
-1.11631 -6.90976 2.10397
-28.1896 17.8483 -0.581639
-17.9706 3.12203 1.81301
-27.9289 18.1672 -0.580824
7.30752 1.30742 2.26817
-6.93186 3.12286 2.03005
-13.4614 9.23992 1.62248
-1.3706 -6.77759 -0.67737
-7.91319 -1.49687 0.902991
-2.26446 2.37817 0.296083
-4.47811 2.71107 1.67832
-2.03105 2.19401 0.277678
-18.3007 10.0719 -1.13281
-4.26506 2.53713 1.68489
-25.2254 13.0881 -0.668877
-4.85059 -3.48672 -0.291189
9.38555 1.90136 2.76389
-6.05896 -1.46639 -0.643289
-3.28538 1.49868 -0.660499
6.00838 1.28599 0.719852
-2.21842 -5.5071 2.29304
22.0965 3.5561 2.62718
3.32616 -9.97175 2.30936
-22.1405 4.12194 1.89236
-5.14308 -2.95121 0.90269
-22.3868 4.313 0.724554
3.05529 -10.0725 1.10941
-13.1751 3.95305 2.37827
2.78292 -10.0545 1.09961
-2.70826 0.894462 -0.630092
-5.65294 -2.0698 -0.621132
1.31033 -8.86674 0.905641
1.10021 -8.69483 0.896398
-7.30292 -1.99832 -0.108207
-1.06757 -6.15156 -0.452861
-8.02213 4.14424 2.00147
5.78208 -3.99166 -0.380845
-1.11499 -6.93267 0.696552
-7.10473 -1.6858 2.63112
-10.3239 1.21247 1.09607
2.30866 -7.89289 -0.344056
-20.2891 16.6508 1.95922
-27.935 18.1753 -0.377465
-17.8743 3.09883 2.02388
-15.124 7.49594 1.78171
-17.9635 3.79981 2.04831
-0.397328 -0.661403 0.261229
15.0555 0.3227 2.42016
-14.5142 8.31921 1.76572
4.60792 1.06453 -0.0981508
-17.3145 4.72451 2.00203
-6.13387 -2.9282 -0.89854
-14.2005 3.5407 1.54462
-20.6559 8.92839 -0.121245
1.13686 -1.47791 -0.515786
-23.9927 12.8251 -1.31072
-7.69694 -0.102121 2.58133
5.40393 0.464299 1.21856
-8.34551 -1.1596 0.0854889
-0.235965 -7.62608 0.687593
-12.6819 7.49682 1.82248
-13.576 4.32148 1.58885
-20.0988 2.47427 0.887601
-7.4417 -1.45567 2.50156
-14.3645 8.91255 -1.021
13.3692 3.00311 2.28283
-11.7892 9.07047 2.303
-12.9329 5.12375 1.5514
6.20652 1.6347 1.9376
4.56786 0.470171 -0.41719
-25.7809 20.8873 0.0292744
-28.5909 17.3777 0.444075
-0.995234 -6.99795 1.96116
-25.2324 13.0927 1.072
23.2728 5.0713 2.36739
-9.11274 -0.526127 1.49349
-0.448235 -7.44228 1.5038
-16.5848 6.2831 1.00027
-6.89474 -1.34924 2.02945
14.6861 2.88424 2.09246
-11.6928 9.12766 2.29645
-12.8501 5.22807 1.54718
-18.1429 14.522 2.02352
14.6629 3.86411 0.944996
-8.46136 -1.07062 -1.2477
7.04787 1.5287 2.24503
5.34288 0.519653 -0.112455
-0.367368 -7.56983 -0.707349
-11.5288 9.32663 2.29597
-1.6999 1.92526 -0.494336
-12.6567 5.46924 1.53765
13.8059 2.65769 2.25933
-11.3358 9.54074 2.29392
-12.5769 5.57271 1.5341
3.68635 -9.25821 2.53601
-1.11136 -6.91224 1.89796
-9.21642 -0.45277 1.30242
-9.28246 0.286403 0.0954455
13.8431 2.45986 2.25945
-11.2856 9.61758 2.29575
-12.4711 5.70985 1.52963
-14.7466 8.08728 -1.01576
-9.95189 2.88482 1.72583
-8.84061 6.85687 2.41344
14.8436 3.66882 2.26632
-6.68532 -2.0658 2.31618
3.53765 -0.391447 0.100118
-12.3128 5.91389 1.5233
-4.98668 -3.98336 -0.0815621
-22.4158 4.31636 -0.536921
3.0808 -10.0957 -0.12274
-11.9685 6.35138 1.53994
-7.17687 3.44711 2.10519
-13.5642 9.55202 1.75091
-5.7642 3.19775 2.54271
-2.47851 2.5515 0.310231
-12.8956 9.44085 2.27221
-4.69426 2.90657 1.67566
-25.7532 13.5631 -0.68507
4.25129 -9.75311 2.49513
-10.25 1.1369 1.08736
-2.11373 -6.14347 0.891371
-18.4399 7.50626 1.73357
-5.45831 -2.62485 2.20731
-1.11607 1.46321 0.101538
0.311729 -8.07912 0.0819072
-5.75178 5.18914 2.45649
10.9281 -0.0923561 2.62426
-4.94334 -4.25699 1.30242
-1.57163 1.83046 0.867342
-5.05204 -3.95339 1.1095
0.245311 -7.99889 1.3826
1.6931 -4.33374 -0.45138
-3.11811 -5.31879 1.50128
-25.6521 13.712 -0.685077
12.6811 3.3478 2.3498
5.22003 -13.2863 0.0121144
9.27156 1.4683 2.33846
2.29721 -9.67461 0.314257
18.4892 3.94049 2.10859
-6.0933 -1.30166 1.97613
6.05194 0.434869 2.22494
-3.23925 -5.1889 2.17255
3.21339 -9.98036 -0.108256
5.72593 0.670021 0.0991244
18.4186 3.78384 2.09729
-8.08134 4.51377 1.82622
18.3586 3.70117 2.08889
5.62743 0.387396 0.0365433
18.2646 3.51917 2.07466
7.33672 -17.5146 2.85637
-19.4256 7.71527 1.69188
13.4543 1.7107 2.25954
-25.8786 13.8255 1.28589
-10.1396 7.66442 1.80678
-22.3062 6.61815 2.02653
-0.515087 -7.38826 1.70527
-8.56354 -0.972179 1.10417
9.91932 1.50088 2.78514
-2.689 1.69441 -0.657242
-9.49335 0.525441 -1.07241
-19.3342 8.07641 1.69649
-25.6557 14.1142 1.28286
20.1623 2.86712 2.27165
20.048 2.72548 2.25684
12.7821 2.21835 2.32423
-8.63026 -0.50586 2.286
3.73271 -0.13168 0.302166
-5.84579 2.37669 2.42215
1.54696 -9.0569 0.895587
-8.70206 -0.856651 1.69953
-0.674017 -7.25314 2.29557
-23.1071 11.2779 1.91877
5.17222 0.636885 -0.350779
-6.90101 -2.30268 0.699359
5.01406 0.553298 -0.425187
-7.1165 -2.12922 0.701689
0.531107 -8.25406 0.28715
4.86655 0.247992 -0.437861
-28.3221 17.6925 0.44311
-7.3444 -1.94723 0.692878
-8.11856 0.306237 2.56345
-27.464 18.8442 1.25602
-0.485593 -7.41398 1.494
5.14576 0.365337 1.98061
-8.57065 -0.968579 0.88702
0.330539 -7.92935 2.40689
-4.93789 -4.10415 0.046343
0.893454 -2.88685 -0.493858
-13.0265 3.00832 1.90037
-10.077 6.6893 1.64828
-0.29784 -2.09251 -0.533847
3.37888 -9.56279 2.87795
-9.49296 0.526012 0.503631
-9.45622 -0.264852 0.897492
-11.9148 6.69795 -0.91127
-26.4141 20.0989 0.439805
8.89387 0.435203 2.30682
-13.6726 9.13663 2.03476
5.26266 0.345124 -0.376837
-1.10885 -6.9283 1.09567
-9.29724 0.290695 0.893475
-6.85797 3.19164 2.35095
-16.0914 5.70072 2.22135
12.386 1.74001 2.67683
-21.7167 3.77074 0.700493
-4.68989 -2.4683 2.04134
3.81199 -0.161665 1.47008
5.45621 0.102366 -0.295611
-6.47142 3.28268 -0.748985
-9.33625 -0.368121 0.508939
-1.27525 -6.79715 1.10608
-9.34675 0.409558 0.893083
-9.23299 -0.442455 0.883256
6.03197 0.893211 -0.0828413
-28.6726 17.3098 1.06419
-9.47246 -0.260931 0.30024
2.67528 -0.689841 -0.421733
-18.8835 2.32963 -0.447549
-9.48168 0.525062 0.90319
-7.91806 5.79826 1.87616
1.69315 -2.27951 -0.487816
4.11354 -10.8816 2.15487
-21.935 3.94743 0.708304
-28.687 17.1931 -1.81567
-23.881 12.0241 0.849522
-7.77857 -1.59633 1.6891
-11.0235 6.49272 1.92696
-20.3863 9.03683 1.66393
-8.48383 -1.04533 -1.24915
6.9308 1.45916 2.23353
-20.963 8.53172 -0.121923
-14.5331 3.12247 1.56888
-20.8823 8.64863 -0.121763
-14.441 3.24208 1.56205
3.37592 -10.0123 1.69095
-22.1357 4.12394 1.2704
-6.2666 -2.85533 -0.81257
-14.2537 3.477 1.5484
-14.0437 6.74854 2.30959
-1.10731 -6.53257 2.50059
-20.5312 9.09974 -0.121014
-14.0717 3.70815 1.53578
7.27583 0.958903 2.29677
-8.23779 -1.24787 0.0845207
-0.118281 -7.72201 0.695097
-16.2016 5.90881 1.82011
-7.93585 5.16337 1.80977
5.19577 -12.9988 0.789196
-11.4202 8.80068 2.31719
-9.85908 8.50629 1.33361
-1.79431 2.00518 0.686578
-5.39993 3.79877 2.55066
10.6084 0.849 2.81535
-3.60274 3.47093 1.56635
-5.43879 -2.73167 -0.865737
-19.4607 8.3422 1.90746
-10.1543 5.83592 2.02449
-15.9566 6.32346 1.81166
-20.8491 3.08849 0.925085
-8.24043 -0.820329 2.28014
13.2942 2.51836 2.25421
0.349602 -5.58153 -0.439816
3.20819 -9.9659 0.523893
-6.41898 -1.62064 -0.642515
9.06477 2.03617 2.74179
-3.49228 1.29857 -0.656906
-12.8344 3.84744 -0.893522
-22.5804 11.364 2.04606
3.77551 -10.3553 -0.531238
-20.4681 9.22131 0.915122
-26.298 7.80256 0.697517
4.46376 -2.92285 -0.436334
-9.32123 0.444984 2.30001
-15.8323 6.50013 1.80641
-4.92106 -3.13627 0.703986
-17.7806 4.11322 2.08568
-14.9522 7.7335 1.77672
1.30887 -8.85738 1.50295
-9.58809 4.15548 -0.822688
-21.7199 3.76843 0.490896
12.3485 1.71711 2.77405
-14.8667 7.87244 1.77553
-16.6736 5.05697 1.83883
-5.31446 -2.72134 2.11181
4.11281 -10.6612 2.32744
-9.19468 5.96726 1.70295
-12.005 2.38682 2.03926
14.2739 0.919899 2.47292
-17.6734 4.25638 2.0846
-14.8173 7.88957 1.77163
-5.51562 4.47808 2.51625
-23.6417 5.30977 0.321832
-9.9318 0.886337 1.29619
-1.89533 -6.32011 0.694467
-18.1274 7.24818 1.81678
1.54109 -9.04592 1.50168
-14.3478 7.78187 1.72242
-22.4218 4.60283 0.509712
-3.85405 -0.4921 -0.615394
12.1481 2.30001 -0.444123
-0.116418 -3.28369 -0.506485
-7.68085 -1.67085 1.90443
-6.11737 -2.8958 1.30193
-24.1641 5.7402 0.711277
4.55617 -11.1896 2.164
-16.8487 12.8247 2.1046
14.7952 0.462914 2.60585
-3.22532 -5.22131 2.2682
-14.6968 2.64242 1.7515
-27.4693 14.9003 0.797611
3.22397 -9.97856 -0.234855
-3.69925 -0.289326 -0.616079
-7.46272 -1.86928 -0.298877
-14.3391 8.53385 1.76113
-16.7212 12.9725 2.10348
14.9275 0.366363 2.63392
-14.1719 8.73151 1.75683
-15.0663 7.52463 1.77734
-17.8675 4.0104 2.09631
-5.52014 -2.48736 2.0922
-14.0287 8.92283 1.7547
6.78941 1.43746 2.21614
-0.53869 -7.43824 -0.696737
-8.6422 -0.921381 -1.22471
-13.919 9.11525 1.75601
-6.53539 -2.62554 -0.50028
-28.2171 17.8685 0.85128
3.7169 -0.12583 1.30268
-13.7819 9.24864 1.75137
-5.72132 2.25706 2.0835
-12.2508 8.40429 1.56757
-25.2016 13.0746 1.42296
-9.11588 -0.532409 1.10138
-0.993268 -6.99687 1.72177
-1.55549 -0.10414 -0.591207
-4.18589 3.93637 -0.117632
-17.8787 4.01509 2.2679
-19.8826 14.6502 1.99916
-2.30523 0.301493 -0.608768
-4.97303 -3.98 -1.3333
22.6243 3.35123 2.27313
-2.68736 -5.67438 -0.487451
14.0626 2.12932 2.10793
-27.0108 19.2766 -1.38972
-6.46439 5.47303 1.93311
6.86878 -3.5597 2.42382
-21.0693 11.3043 2.0825
-2.09095 1.28884 -0.628033
-19.0932 15.6678 1.99927
-11.0402 9.29127 1.47808
5.34176 0.626714 0.828728
-5.68329 1.89778 2.058
-14.9603 4.48663 1.83308
0.497051 -2.09549 -0.515993
-1.85599 -5.56536 2.20757
-0.148209 -7.2375 2.37695
-20.8408 3.09134 1.50553
3.14321 -9.22643 3.00455
24.2741 5.29592 2.62271
-28.7126 17.2087 -0.180564
-7.7872 -1.59855 0.0568663
-25.8913 20.7193 -0.578198
2.96016 -9.75623 3.00934
-9.93499 0.885125 0.684581
-7.06037 3.69204 -0.773993
-1.89153 -6.30612 1.29934
24.0813 4.79128 2.59189
-9.69694 2.49111 -0.788077
12.1846 3.33848 2.80177
-23.0908 12.5261 -1.26402
-6.81842 -0.33506 2.60122
-19.4711 2.76548 -0.46209
-2.0121 -6.21852 1.08922
2.08684 -1.09177 -0.489803
-10.0755 0.991882 0.880489
23.8981 4.56431 2.45993
-10.2537 8.06137 1.69904
3.23237 -9.93625 1.29182
21.0663 3.92325 2.26181
-2.68329 -5.66388 1.89762
-20.498 8.34439 1.65117
-9.34959 0.401334 -0.106209
-8.15967 4.95969 1.82538
4.17381 -10.1646 2.23987
23.6168 4.09908 2.53027
-7.78325 -1.59724 0.722022
-28.7024 17.2037 -0.78775
20.6657 3.45632 2.21155
-18.0663 3.24668 2.04793
-4.27077 4.01674 0.803113
8.30357 0.100418 2.49989
-11.5717 2.00692 1.97863
-19.4369 13.3341 1.61036
-6.27364 -1.15013 1.97606
5.94259 0.280487 2.20539
3.68731 -0.0708361 -0.420795
3.7149 -10.2868 -0.257723
-20.5968 9.05723 1.26925
-24.749 12.4572 -0.651427
2.78039 -9.64506 2.73262
1.18251 -0.520205 -0.481901
-7.74304 -0.955634 2.60817
2.65004 -9.94737 1.29037
-29.2157 16.3068 -0.997848
22.3211 3.31211 2.38191
22.3244 3.10283 2.37912
-5.84851 1.52795 2.06566
-17.0683 12.8197 -1.1588
-6.90377 -2.3226 -1.05892
-15.1268 4.13519 1.84054
-6.4338 -0.514184 -0.666352
-3.46449 2.29451 -0.683686
5.80687 0.357426 0.658439
2.31695 -9.68412 0.894618
-20.2528 12.913 1.20332
-1.09548 1.29353 -0.613747
-1.89924 0.30718 -0.60377
-11.1645 2.8956 -0.837326
-4.77126 -3.29332 0.503325
-11.2707 2.89574 -0.845182
-4.82723 -3.21801 0.49918
-15.8248 6.49787 2.17154
-1.49653 -1.09687 -0.571133
-21.5274 10.6924 2.09354
-2.50689 0.703387 -0.622355
-5.26952 -2.85624 0.501254
-5.897 5.2831 1.94006
-8.72954 1.73698 2.1123
1.6838 -6.89708 -0.384854
0.115702 -7.89114 1.89676
-20.5588 11.9271 2.07013
10.9815 1.38407 2.80063
-10.8288 4.48435 -0.851276
-1.58 1.81687 -0.627566
-18.4574 7.51385 1.73554
4.07474 -9.89217 2.48657
-9.19416 4.98747 1.9374
-15.7088 11.209 1.43984
-19.6783 2.91887 -0.273455
-21.4731 10.8099 2.09392
-2.50225 0.895579 -0.626531
-5.37645 -2.77058 0.498623
4.66063 0.270861 -0.424182
-7.44408 -1.86939 0.693697
-23.8141 11.986 1.82151
4.63511 0.0700004 -0.421185
-7.56469 -1.77239 0.701543
-5.49821 4.89969 2.50744
-23.5579 5.7484 0.322076
-2.68821 2.72149 0.694658
-3.86895 2.18039 1.70654
13.7605 2.51782 2.24801
-9.36289 0.170256 0.296368
-9.45699 -0.255385 1.50439
0.978014 -0.981503 -0.522859
-7.8794 -0.48427 2.57668
-9.68724 6.26033 2.42096
-6.32729 5.663 0.334937
-12.1554 3.20508 2.40393
-10.2783 6.9121 -0.899019
-5.03247 -3.02938 1.29716
-20.0231 14.4706 1.99943
-9.45113 0.0349152 -0.512274
10.4775 0.698489 2.31712
-18.0984 3.67527 2.13225
-3.02244 -5.4535 -0.835804
3.43652 -9.60673 2.94937
-9.55004 -0.0981326 0.889179
-16.8402 4.43746 1.62057
-1.90044 2.0945 0.503849
-1.89709 1.30099 -0.624202
-20.9636 11.3445 2.07542
-15.3387 2.13454 1.53913
-27.055 19.2968 0.0293792
1.09803 -4.32592 -0.460358
11.168 0.220982 2.70203
-15.1765 3.01645 1.72599
3.71425 -10.2904 0.883895
-3.27317 -0.701389 -0.597501
-23.0884 13.0802 1.98004
-8.43533 0.572637 1.87407
15.0486 0.258876 2.68742
-12.4291 10.2049 1.59786
8.29375 0.275597 2.30497
3.24078 -9.9427 1.69026
-17.3296 5.08706 1.79512
-8.6769 1.31474 2.53686
-17.9532 3.8589 2.27271
-15.0647 7.45298 2.03967
9.91516 1.22304 2.29614
-4.30837 3.05538 1.97526
-23.3296 11.5647 1.94335
-8.68671 -0.456997 2.49078
-21.2702 3.42032 0.878404
12.7816 2.21648 2.4808
-16.3499 6.71791 1.75644
-0.334414 -7.5606 0.299434
-7.25376 3.56515 2.47423
8.28074 2.21016 2.11056
1.44429 -8.98014 0.511358
-5.44882 -2.70075 0.901596
-5.37043 -2.76757 0.897069
3.72102 -10.3 0.277831
-3.63463 3.50095 1.88903
-20.0198 16.6373 1.9423
-3.88336 3.69723 0.711742
-6.52215 4.8995 1.94972
-15.8992 7.46449 1.74531
10.9297 2.78365 -0.47202
-9.39628 8.00673 2.36079
-18.7056 10.5259 2.13349
-18.5859 10.6846 2.13074
2.49101 -9.81613 1.31612
-23.8949 5.51456 1.07489
5.78999 0.211615 0.819751
-6.8875 3.76295 2.50714
7.74387 0.333761 2.81133
-9.31693 0.353186 1.90725
-4.88647 2.90312 -0.724926
-1.29805 -6.79888 0.0913836
-18.5415 9.83605 -1.13933
-5.04764 -3.88371 2.17009
-26.5465 19.9408 0.63177
-4.74926 -3.29687 -0.300303
-11.6578 7.10502 1.86077
-3.91357 1.48793 -0.66599
5.29983 0.479937 -0.496929
-21.1615 15.2966 1.30742
-14.7897 9.11769 1.7264
-7.01087 3.68426 -0.769269
-9.81459 0.784289 0.720183
-1.7697 -6.39293 1.32102
3.09398 -9.7589 3.02194
-16.774 11.213 2.0054
-1.9007 2.09472 0.299952
-6.52398 2.71231 2.02787
-12.9159 8.98274 1.5631
3.38144 -10.0273 1.30834
-14.5977 3.11375 -0.901139
-8.60392 1.89041 2.49036
2.13563 -7.90185 2.28778
15.1522 0.186536 2.71533
-16.467 13.1846 2.0965
3.65457 -1.56909 -0.399839
-5.61845 5.09257 0.682398
-1.79535 2.00618 0.244498
-5.44604 -2.74132 -0.498343
3.50842 -9.11082 3.00936
-4.93939 -3.13229 -0.868138
6.46843 -0.0390248 2.14876
-16.3424 5.3997 0.862019
-6.51282 -2.14471 2.17836
-23.0228 12.3069 -1.25612
2.08453 -0.912707 -0.483158
-19.3625 2.65676 -0.551802
-6.84593 -0.502545 2.59866
23.9065 4.66304 2.46483
-23.0998 12.8991 -1.27364
4.40719 -9.94273 2.23316
-6.82124 -0.0846645 2.59236
23.9002 4.29329 2.41352
11.0586 0.884299 2.80706
2.48889 -9.83176 -0.228381
-5.17917 1.55057 2.08745
-2.52642 -5.73875 -0.506843
14.1816 2.28091 2.12885
12.2672 -0.0928945 2.11897
-15.6309 7.87184 1.73917
-6.3115 5.28843 1.94136
23.0661 3.27219 2.31549
-20.8602 3.095 1.31531
-14.9815 4.54365 1.83757
-5.13153 -2.95124 1.10312
4.32545 -11.4215 -0.212771
-9.02676 6.66127 -0.883415
-10.7811 7.6899 1.47667
-3.89126 -0.899767 -0.607578
-22.3874 4.31031 0.522424
3.05766 -10.0781 0.91553
2.90485 -9.35877 -0.292191
2.91075 -10.1507 0.917988
-2.91962 2.91862 1.49458
2.75325 -10.0436 0.892903
-11.9355 7.25592 2.16247
-5.04913 -3.04483 -0.734971
-5.03478 -3.84071 0.508458
-1.2927 1.09483 -0.60994
-14.449 4.71219 -0.917447
-16.1232 5.71303 1.33033
-8.06642 -1.38241 0.678008
-2.83624 2.83619 -0.106599
10.4168 0.526876 2.33956
-6.12124 2.31938 2.04093
-16.4399 5.265 0.49418
-2.69057 2.27944 -0.672616
-6.29135 2.28895 2.0371
-22.6574 4.50629 -0.472833
-8.69907 7.32006 2.38615
-0.511979 -7.40027 1.0969
-5.72538 2.69368 -0.732205
-8.57411 -0.969131 0.494634
5.23175 0.354602 1.66851
-6.31854 5.6569 0.507499
1.71806 -9.203 0.495661
-16.6181 6.49165 1.75408
-0.315711 -6.44589 -0.429812
-19.6404 2.91445 -0.465736
-6.90264 -0.297877 2.59431
23.7332 4.41996 2.54837
1.93556 -1.24233 -0.491219
-2.16963 -6.09149 1.10059
-10.2503 1.13626 0.896926
-14.6041 7.72034 -0.997442
-6.9858 6.17761 1.4256
-5.71437 -2.70473 2.29138
-23.5716 11.1489 1.30685
-26.3545 7.70423 1.54922
-7.74194 2.61043 1.91558
-23.4811 11.283 1.30564
-19.2622 2.37469 1.80632
0.662635 -8.33595 1.31126
-6.34218 5.67762 0.711802
-20.1716 4.92137 1.85796
-5.14214 3.30869 -0.743264
-9.73321 0.899049 1.92888
-6.90641 -2.28849 1.29649
-20.4115 5.11317 1.84874
-26.909 19.45 -0.781674
-16.9271 4.3162 1.62558
-11.4581 9.22354 -0.98098
-9.48277 0.559115 2.08122
-16.0328 6.63987 1.61472
-20.4828 9.23029 2.00139
-18.0638 11.6739 1.60502
3.38041 -10.0247 1.50378
-22.1415 4.12285 1.1289
-3.49148 2.1003 -0.681239
-6.4027 -0.692901 -0.664774
-13.272 9.68423 2.18177
-7.36579 6.513 0.0994787
-11.2902 7.05237 2.38454
-20.6037 9.74343 2.12097
-0.34808 -7.56255 -0.108925
-20.5008 9.92722 2.11952
-9.24376 2.30346 1.99909
-10.6344 8.24794 2.32657
1.53611 -9.03362 2.10721
-19.9121 10.7599 2.10622
4.59099 1.08093 0.911756
-4.33815 2.65221 1.7071
1.44753 -8.99351 -0.109085
1.67789 -9.15053 2.10567
-19.7884 10.8906 2.10176
1.92022 -9.34366 2.09417
-9.76945 3.49455 -0.817098
12.0879 2.30473 2.81006
-19.5812 11.0912 2.09418
-9.6214 3.97044 -0.819296
12.2823 1.89928 2.83809
-19.3836 11.4556 2.09522
-7.33405 4.49362 1.72955
-12.0801 9.54772 -0.929658
-8.7382 -0.856483 -0.243302
-15.7287 9.52485 1.71079
2.50561 -9.84712 0.330404
6.03674 0.730204 0.219737
-7.66183 1.46092 2.54568
-24.7347 6.19007 1.11763
-15.6333 9.67155 1.71053
-5.36016 1.52107 -0.677412
-0.133584 -7.73031 -0.108481
-8.17692 -1.31201 -0.637625
12.6707 0.623425 0.241051
-10.0526 0.990228 1.87067
-2.04372 -6.20778 0.0906497
-6.86679 -1.52717 2.09203
-15.415 9.8935 1.70409
-7.90904 -1.49744 1.10736
-2.25781 2.3717 0.0931987
-5.05091 -3.68605 1.08679
-5.49387 1.28616 2.0667
-9.37778 0.125883 -0.306878
-18.6651 2.64831 -0.537948
-0.335949 -7.14728 2.70506
-8.44248 -0.691479 2.11139
-21.0488 3.25488 1.0676
22.5961 3.21099 2.67914
0.276361 -7.49673 2.39601
-18.4426 12.6521 2.08108
-1.89525 -0.499237 -0.58866
-4.79352 -4.06659 -0.764541
-8.00471 5.92934 -0.847284
-17.7862 13.417 2.0731
23.7959 4.88023 2.41436
-19.5234 2.52736 -0.525001
1.89332 -0.896861 -0.495858
-6.98032 -0.700627 2.59566
-0.111871 -7.7048 2.10365
-8.24294 -1.22867 1.52234
-5.05572 -3.7781 0.897108
-5.05561 -3.05132 -0.3016
-18.9114 2.33282 -0.447454
2.484 -0.694636 -0.439097
24.3845 5.05356 2.31738
-28.2053 17.8617 -1.60681
3.23548 -0.382242 -0.415028
-22.3065 16.7553 1.90575
9.67709 1.54837 -0.471655
-12.2592 4.30204 2.40752
12.6059 1.94775 2.43928
2.48593 -9.79806 2.30643
-4.36849 4.10832 1.8886
-16.6926 7.15589 1.58128
-21.9849 17.1564 1.90489
-11.4673 6.87309 1.94087
-7.88718 6.8731 -0.80257
1.11787 -8.67459 2.42762
5.63622 1.25709 1.9368
-14.5706 4.27461 -0.917091
3.95789 0.279076 -0.413514
-23.1425 4.89872 -0.484184
3.80502 -9.02783 3.01969
-0.921188 -7.07057 1.30556
-9.02465 -0.610182 0.702616
-9.12124 -0.532323 0.709754
-10.5296 5.0512 1.55524
-4.73214 4.39739 1.71722
12.3753 2.6801 2.8081
-22.8585 13.3221 -1.27365
24.0655 3.86716 2.42263
-7.69104 -1.67328 0.902263
-14.6831 9.42905 1.73422
-6.13309 -1.98462 2.05826
12.6477 3.3828 2.63073
3.51025 -8.09848 2.97223
-0.0980207 -3.50772 -0.500949
12.6272 2.73356 0.80501
-23.3006 11.5476 -0.453123
-3.92087 -0.0963249 -0.622664
-14.859 2.76429 1.68574
2.8964 -10.1531 -0.248513
11.4284 0.553756 2.76888
7.7559 0.546071 2.52489
-9.31039 0.291793 2.10241
-13.2201 6.25323 2.35059
-20.994 8.54609 1.13639
0.316467 -7.9651 2.40782
0.891978 -3.088 -0.490897
-4.88684 -3.95342 0.0949901
11.3014 0.394631 2.61188
-14.6302 8.09237 1.73003
-17.4983 4.49516 2.04137
-3.11491 0.0961261 -0.615291
-28.2411 15.5478 1.02436
11.0928 0.11579 2.66914
-10.1269 1.0894 1.907
-20.909 5.51173 1.88328
-20.6345 9.45147 1.90719
-5.38908 -2.38911 -0.608155
-2.51581 0.494159 -0.618378
-21.5421 10.5147 2.08753
15.6353 -0.188442 2.60349
-8.11336 -0.446177 2.0014
-23.1326 17.149 1.26189
6.95438 0.534801 2.15476
-20.157 16.1328 1.29354
-27.817 18.3341 0.0295017
-3.26918 -5.25219 -0.709119
-18.9159 2.68771 -0.919056
-23.0215 17.2865 1.26159
-20.0475 16.248 1.29289
-27.6877 18.4935 0.0294803
-8.62566 7.44091 2.39096
-22.8934 17.4108 1.26012
-19.9275 16.3549 1.29157
-27.5603 18.654 0.0294454
-17.2109 12.4455 2.11118
-11.8941 2.25274 1.9454
1.86773 -2.14074 -0.494273
-10.34 1.21028 -0.309342
4.72109 0.73826 -0.437109
5.28862 0.520736 1.69213
-0.324369 -7.54876 1.09739
-8.47493 -1.05325 0.513164
13.7072 1.63251 2.07612
-22.6596 17.6762 1.25934
-21.6891 3.76506 1.3075
1.28575 -8.23959 -0.348734
-27.4344 18.8153 0.0294117
-4.67372 3.88396 1.86617
-7.87889 -1.49173 2.07536
-16.4548 10.0009 1.67652
-5.45341 0.497224 -0.665339
-27.2829 18.9647 -1.80396
-16.3053 10.27 1.67795
-0.841036 1.24647 0.100374
-19.5668 2.5376 0.627041
-26.4155 20.1028 0.243587
-5.45686 0.691519 -0.668336
-6.84405 4.48375 -0.79486
-10.065 5.78389 2.43661
3.71982 -9.14056 2.70051
-7.51017 -0.902288 2.0241
-16.1491 10.4363 1.6741
-11.8336 3.27584 2.4239
-17.7138 4.49404 -0.992033
-0.134457 -4.59412 -0.474023
-0.731566 -6.60585 -0.442606
-13.9887 9.85279 1.48948
-16.1559 9.28389 1.62292
4.19442 -2.8776 -0.431971
-8.11072 -1.35508 -0.320915
-29.1864 16.5261 -1.0003
8.04919 0.258221 2.76303
-6.26157 4.15641 1.62005
-9.54098 1.45804 1.86289
-5.09236 4.67256 0.514864
-1.28793 -6.39147 2.4772
-1.76794 -1.4282 -0.56997
-0.000215199 -7.80537 1.66996
2.49175 -9.82754 0.860722
-23.8881 5.52002 0.702125
-28.3269 17.6942 -0.180157
-2.6837 2.71683 0.499367
-2.69131 2.08043 -0.671434
-10.9427 5.67913 1.90832
-19.6434 13.6553 1.19857
3.35053 -9.98889 2.18427
-22.1195 4.11878 1.67932
-7.89145 -0.106778 2.57603
-0.796054 -7.18246 0.893711
-17.0255 6.56635 1.69803
-12.072 2.71072 1.64754
-2.29734 -5.96104 2.08912
-21.3108 3.42861 -0.309963
-6.24489 -2.86039 -0.0985908
-23.6605 5.31253 -0.496401
-9.68877 8.17823 2.34925
-1.45489 -6.64676 1.29699
-9.49048 0.526174 0.708782
-9.46628 -0.261555 0.70618
-7.13305 -1.08569 2.60506
-7.10773 -2.12389 1.7014
2.29572 -9.68139 -0.237219
-25.6367 6.92587 1.33116
-26.288 20.2617 0.243549
-0.798699 -7.19936 -0.0817965
-23.5193 11.1249 -0.294527
-8.91318 -0.711628 -0.673874
4.88945 0.881624 1.72155
3.53447 -0.374821 0.922767
-0.512108 -7.04449 -0.425778
5.33545 0.518761 0.29278
1.76446 -9.26432 -0.802028
-10.3228 5.30287 1.67641
-22.3598 4.30362 1.84302
-23.3463 11.4867 1.46787
-7.51934 2.79566 2.01098
-7.10793 -2.13419 1.09789
5.47005 0.422307 0.483869
-9.87707 0.911401 2.02222
7.51895 -4.39569 2.94375
-6.66923 5.07551 -0.814135
-10.0229 6.31194 2.41523
-22.5924 4.49249 1.86478
-24.6532 9.85585 1.09872
-7.90636 -1.49298 1.50816
-6.65153 2.5051 -0.733904
-22.9036 16.132 1.74709
-10.1431 1.11961 2.01394
-22.7576 4.67074 1.88057
-23.3492 11.4788 1.14026
-7.09985 -2.13345 1.49879
4.80816 -11.2161 2.18559
-20.6949 5.31723 1.72946
-23.4357 11.2596 -0.140131
15.8113 3.49872 2.40038
3.50185 0.319421 -0.42137
-6.90727 -2.28354 1.70061
12.9344 1.55405 2.25204
-10.6086 5.34019 1.90839
-10.1661 1.06414 0.103596
-2.07357 -6.14966 1.9054
-26.0177 14.5204 1.3058
-9.81482 0.785424 -1.16874
-19.5212 8.36643 1.71886
-3.50112 3.37452 0.302445
-7.23323 -2.0252 1.69602
-12.016 6.27716 -0.903867
-6.05666 5.07446 2.45601
0.103797 -7.91243 0.0815637
-7.36214 1.70168 -0.733825
-6.53863 4.42223 1.61229
21.1482 4.34093 2.6717
-3.74577 -1.24498 -0.600851
4.67018 1.05444 1.70899
-6.21872 1.88647 -0.712048
-4.83577 -3.22841 -0.301876
0.337388 -8.07112 1.70492
-4.90503 -3.92086 0.890052
-14.1157 9.1222 -1.01462
-23.4303 11.6174 -1.09495
-20.9754 8.5386 0.300964
-6.9097 -2.32937 -0.90563
-20.3515 14.1451 2.0059
-14.8545 7.70799 2.07055
-17.8068 4.09112 2.2612
-16.3454 5.35326 -0.229801
14.8682 3.13123 2.07098
-1.71197 -6.51 -0.67959
-5.23008 2.164 1.91025
-19.6602 14.7673 1.98995
-22.001 12.284 2.03936
-2.85992 2.85977 0.511536
-2.89368 2.11464 -0.672711
-11.0593 9.32519 1.12458
-8.27284 7.22522 0.887924
-0.243926 0.766034 0.254716
11.9347 3.11321 0.919666
-12.3597 4.90413 -0.886434
-3.05075 3.01318 0.508752
-3.0895 2.29659 -0.679371
-11.1294 9.48183 1.13696
11.2973 1.67478 2.1837
-1.28562 1.59775 -0.102698
-21.1557 5.71568 1.90834
-7.39275 6.53691 0.70036
-23.6514 11.0114 0.906385
-6.21637 1.29749 -0.695695
-1.57553 1.83097 0.0962104
12.7628 0.50583 2.11941
-6.30205 2.69643 2.05058
0.985233 -8.65496 -0.819488
-25.6582 21.0561 0.631536
4.61985 1.06867 0.291615
-2.89856 2.89829 1.29634
2.75404 -10.0453 0.69921
-5.27868 -2.86369 -0.104621
-17.3612 2.6824 2.00381
-3.54116 3.41367 0.863781
-6.88489 -1.45758 2.07589
-15.4072 10.0223 1.71039
-8.46196 -1.06023 0.917283
-16.502 6.13506 0.937648
-0.319281 -7.54471 1.50459
-9.35277 0.415343 0.907975
-1.24771 -6.82405 0.900415
2.81381 -0.510264 -0.397924
-16.7849 3.41569 2.33541
-20.2869 13.1995 1.50896
-7.04912 1.11694 2.56522
-4.92642 -4.12958 1.50433
-27.4903 14.9118 -0.736309
-1.02562 -7.01363 0.497356
-2.45758 -5.83331 2.10102
21.8924 3.80157 2.47873
-21.5138 3.59758 -0.513024
-22.1559 10.4779 1.67442
-13.711 9.40563 1.75504
3.63254 -0.231953 1.31521
5.3671 0.0897536 -0.115971
-5.19608 -2.03075 2.01059
-23.5838 5.75281 0.462183
-7.254 -2.05187 -1.06689
-17.2812 13.1474 -1.17888
-6.08569 1.88566 2.04989
3.64102 -10.183 2.39756
-23.5335 5.89411 1.65702
-20.661 9.46336 1.48476
4.31706 -10.8435 2.19656
1.85403 -2.2843 -0.483838
-17.1247 12.5115 2.10799
2.84047 -9.36455 3.01658
-0.348421 -7.11084 2.37944
-21.0413 3.25296 1.52192
-16.1201 5.62285 -0.458739
24.4344 5.32966 2.10084
-22.8725 4.6956 1.74262
-17.1697 2.47172 1.87959
-0.229576 -5.07409 -0.461581
14.6791 3.8701 1.7457
-9.55655 4.51868 -0.832272
-14.0345 2.08225 1.75546
21.6669 3.89743 2.58417
-23.529 5.66491 1.80603
-9.23449 7.63924 2.36555
-28.4605 17.5412 0.245415
1.2355 -2.93268 -0.488744
-21.8763 5.65842 1.6863
-0.0972971 -2.71579 -0.521735
4.06287 -2.71587 -0.444105
14.5746 3.93815 1.77156
3.65312 0.309926 -0.421973
-6.78659 -2.38086 1.70625
-16.5623 5.13593 1.29386
-7.8231 -1.57824 -0.635262
7.32949 0.0395371 2.80346
-1.69653 -6.47867 0.0873295
-7.00411 -2.21884 1.56685
-5.79333 1.70951 -0.698965
-10.4114 7.82245 1.61088
-5.15094 -2.9595 0.096863
0.495823 -4.10519 -0.477971
-8.6262 7.53412 1.84022
-23.7059 6.088 -0.728198
-28.9906 16.8964 0.855306
-20.3052 8.70496 1.64827
-9.44962 -0.256602 1.50203
-1.3235 -6.74163 2.10502
-7.70413 -0.498266 2.58755
2.61608 -0.216914 -0.399303
-9.46252 0.0733805 0.90381
14.3903 0.794878 2.47664
-12.1374 2.50326 2.01716
-18.5096 8.61639 1.52373
-22.9026 4.70131 -0.478548
-18.4159 9.84283 -1.13237
-9.012 7.21146 -0.909099
-4.15757 2.92556 -0.713998
-23.1717 12.9402 1.98034
-5.20191 4.77331 1.55123
-22.5996 13.7356 1.97334
-16.2948 5.49787 1.70922
-0.103976 -7.40985 -0.401594
14.8918 3.68159 1.28809
2.28041 -6.90356 2.21754
-10.9446 2.59934 1.80748
-4.91316 -3.11913 1.4969
0.423177 -8.17342 -0.121454
-10.6254 4.02502 2.45093
-16.5235 5.17974 -1.04531
-7.24786 2.69529 -0.751162
-20.61 5.0937 1.71838
0.491075 -3.09337 -0.501655
1.67476 -9.14851 1.6932
-0.299008 -7.48902 -0.475623
-7.09736 2.91187 2.01365
-25.0226 14.7833 1.27353
-15.6103 12.1834 1.47724
3.95917 -0.038024 -0.405343
-19.1754 2.72273 1.80244
-21.3288 3.43428 -0.904133
-0.783581 -7.17523 1.49382
-17.0317 6.57133 1.08389
-20.1947 16.5742 1.94937
-6.31848 4.70486 2.46856
-21.2315 3.4161 -1.0354
-7.4483 -0.214187 1.93007
-15.7463 6.13031 2.30339
-3.03204 2.99611 0.401149
14.137 3.68702 2.2675
-27.4224 18.8141 -1.60202
-5.11651 4.69478 0.697219
-26.3701 7.47231 -0.644832
14.1666 3.50034 2.25908
4.03028 -8.79866 2.90413
12.52 2.68381 0.87508
-5.48301 2.77876 1.89361
5.47474 0.914265 0.41318
-2.7161 -1.31082 -0.582006
1.09273 -8.69828 0.50905
-7.69606 0.890384 2.55498
-27.0715 19.3173 1.25412
-4.81958 4.47456 2.31091
5.57392 1.52482 1.92891
-26.2541 20.2327 -1.19126
4.00099 0.515345 -0.41833
-8.1118 -1.35885 -0.5187
-29.1909 16.5365 -0.789724
-14.5758 3.93814 -0.911871
-12.7488 10.3317 2.13443
-12.2225 5.30216 -0.888212
-5.73254 -0.0292893 -0.663337
-11.0441 9.29253 -0.120789
-2.90389 2.78078 -0.68185
-3.1109 -1.49967 -0.584258
0.824369 -8.48309 0.509197
0.647582 -8.33838 0.488431
-13.8858 8.91242 2.11142
-4.12332 1.48821 -0.667362
-7.01027 -2.22074 0.50121
-26.3753 20.0722 -1.38808
-6.45993 -2.63544 2.08787
-18.6789 3.71398 1.77228
2.486 -1.65665 -0.483915
-6.3105 3.95534 2.51192
-15.649 6.48259 2.30931
-17.4649 4.6641 1.79663
-6.50463 -2.20345 2.3058
-16.3435 5.39712 0.701834
1.1058 -8.34316 -0.351978
-5.69374 5.16063 1.61165
-25.6413 21.0422 -0.179049
17.0241 1.99304 2.75503
-4.85109 3.8707 -0.754445
-0.956183 -6.77768 -0.455673
-7.94214 3.49102 1.98009
-20.9426 8.52636 -0.879426
5.63826 -2.49572 2.38143
-21.7721 5.31264 -1.07959
-4.25124 3.47889 -0.736536
-1.07648 -4.14563 -0.494995
-18.0919 3.31491 1.82827
3.08496 -1.49532 -0.446782
-6.52822 -0.945942 1.96244
24.2878 5.14105 1.85235
-23.1401 4.89958 -0.267494
12.4013 2.70401 0.946439
-20.0924 2.47794 1.32292
-3.49283 -0.311557 -0.610775
-6.55877 3.12697 -0.750446
-9.3793 0.172468 0.699545
0.501271 -4.74876 -0.463199
-1.29489 -1.90355 -0.550731
-0.789432 -6.78531 2.50305
-21.4662 3.58813 1.48702
-1.29815 -6.32714 2.34808
-21.9113 3.93906 1.52097
-4.98624 -3.95774 0.0636977
0.70706 -3.08908 -0.494697
-14.5154 5.80572 -0.94482
-1.57534 -6.57488 0.294905
-9.69668 0.708049 1.69398
-28.3112 17.6775 -0.995476
-7.60085 -0.0797074 1.92663
-9.27715 0.287991 -0.671845
-8.62362 2.65234 -0.767117
-7.35852 6.50612 -0.111714
-23.6662 13.4078 -1.31142
23.3301 3.6817 2.49319
-12.3642 2.11577 1.94193
0.944367 -6.94116 2.47561
-23.2799 6.44167 1.64979
-9.2726 -0.39248 -0.677425
-14.5002 5.90296 2.32087
-13.8691 9.51558 -1.01543
3.56258 -0.416466 -1.37924
-21.2608 3.42162 1.87561
3.64908 0.87306 -0.432813
-28.577 17.3651 -0.582924
11.7385 3.09431 -0.211604
-7.27003 6.42944 1.87552
3.85442 0.691806 -0.427388
-12.925 9.46221 2.27762
2.48621 -9.82851 0.09509
-4.92209 3.09007 1.67055
5.50447 0.285899 -0.144121
-5.0343 -2.14897 2.01191
-24.4467 5.96586 0.947928
4.29612 0.636268 -0.421151
-7.85509 -1.56293 -0.506903
-1.69741 -6.47824 0.29475
14.7664 3.79507 1.93476
-8.35323 -1.16104 -0.301905
-16.4598 5.26966 1.12908
-22.5934 16.4341 1.90857
12.2545 2.51476 0.341756
2.90815 -0.09003 -0.403791
0.100073 -2.09434 -0.52469
21.9694 3.71072 2.4855
3.71201 -10.2974 -0.12487
-20.6015 9.05633 1.4704
4.0445 0.895705 -0.427132
-14.559 3.69499 -0.907163
-29.2183 16.3161 -0.787737
3.86858 -10.4084 -0.115459
-20.4774 9.22751 1.46784
-1.89739 -1.10166 -0.577525
0.465647 -6.55604 2.21905
-27.83 18.3496 0.849636
-16.1332 6.10035 2.07515
-13.3434 9.70621 1.74122
-8.44948 0.49742 2.55481
-3.95022 3.76147 1.31001
-18.2186 9.88059 -1.12437
-8.94123 7.31343 -0.909809
-0.679668 -7.35981 -0.810113
-23.3141 11.5566 1.70036
-1.89302 1.09638 -0.620174
-5.05261 -3.05001 -0.102803
-5.05364 -3.78051 1.09012
-5.43786 1.14935 2.0438
-10.101 8.71489 0.710059
-2.25219 -6.04415 0.281868
-5.85442 3.69044 -0.758447
-24.9292 13.7198 1.94418
-22.4332 11.293 -1.20962
-6.61909 2.6705 -0.736987
-22.8138 16.2789 1.7479
-9.47657 -0.263032 -0.659754
-1.47571 -6.66288 -0.0978208
-27.8098 18.3351 -0.179694
-24.0323 14.8072 1.92858
-3.72779 2.10117 -0.679437
-6.7432 -0.0986812 2.60563
2.15685 -1.44157 -0.479924
-8.178 7.14473 2.36431
0.304491 -3.29402 -0.498483
-14.7366 5.89299 -0.958265
-1.89707 -6.32429 0.289952
-9.92852 0.890065 1.7055
-23.3851 12.3167 -1.27175
1.7188 -0.990368 -0.499936
-7.12591 -0.507771 2.60055
-0.0481307 -7.81937 -0.80755
-26.2792 20.2488 -0.179327
-27.7038 18.5112 0.849229
5.50699 0.13968 0.353351
-22.6177 16.3473 1.90625
3.09685 -0.0756567 -0.400407
-22.4985 16.4722 1.90469
-25.8981 20.7264 -0.179045
-12.6397 10.5043 2.24064
-12.1615 5.56731 -0.891957
-0.102277 -7.71499 2.0967
-16.2436 5.92611 0.494966
-8.11075 -1.33304 1.49469
24.4151 5.01309 1.70241
24.5446 4.88293 1.70932
-26.0967 20.497 0.440308
-23.3498 11.5732 -0.140463
-1.69244 1.92597 0.29618
5.3778 0.133131 0.366537
-6.10317 4.29459 2.50993
5.25512 0.53073 2.03094
-24.638 12.5932 1.72618
-16.5061 6.13627 1.09761
-2.50668 -0.902071 -0.589311
-27.2948 18.9711 -0.579515
-20.6712 8.93582 0.50128
0.689715 -6.23788 -0.417889
10.427 0.536065 2.19101
-6.57072 2.89829 -0.741571
-8.69549 -0.882015 0.0897626
8.23226 2.11599 2.14971
1.31697 -8.88095 0.50477
-8.63476 1.85635 2.31264
-4.98155 -3.91398 0.481895
0.245399 -7.99547 2.08897
-2.28486 -1.08975 -0.579336
-12.0665 5.66111 2.38823
2.93015 -10.1168 1.88761
-0.227354 -7.22884 2.51434
-0.694196 -2.30581 -0.533453
-8.99475 6.75549 -0.885526
-5.27096 -2.85883 0.299507
-5.90093 5.25127 2.09818
-8.73041 1.73654 2.30417
-20.9605 4.55545 -1.03251
0.122324 -7.89513 2.09711
-1.57112 1.82398 -0.509542
-12.8737 7.29346 1.83053
-23.3874 5.10192 -0.270274
3.46846 -0.494578 -0.299118
-0.515442 -6.09614 -0.443576
-28.0394 18.0023 -1.39559
-15.1834 6.62309 1.64622
-25.6354 21.0403 -0.375733
5.01536 0.169634 1.93698
-0.691485 -7.25329 1.30193
-8.71624 -0.858565 0.698246
-7.59173 6.63092 1.90321
-8.15184 4.23092 2.00129
5.69528 -4.06224 -0.37919
-1.29458 -6.79069 0.692234
-9.34875 -0.361737 0.0943008
-9.35859 0.424111 1.30265
-24.1608 5.73869 -0.280898
-14.7739 7.09902 -0.989882
-5.44814 4.57036 -0.77955
-5.53848 4.31548 -0.769532
-24.4857 14.2696 1.9363
-14.8019 6.81687 -0.984191
-16.0056 7.33519 1.7498
-29.0899 16.7148 -0.180928
0.896665 -8.55235 -0.25549
-3.28911 1.28615 -0.654565
9.33763 2.04606 2.76337
-2.2632 -6.04444 -0.511053
-9.29961 4.32964 1.96109
-20.9193 5.51236 1.75118
-24.6416 9.85741 0.843705
-14.8669 6.15778 -0.971588
-10.146 1.06216 1.70043
6.02306 0.862868 0.0877162
5.69483 0.929767 -0.318571
-6.52094 -2.61626 0.700461
-28.5732 17.3654 -0.787108
-7.0003 6.18842 1.32728
1.16385 0.314063 -0.458916
8.86685 -20.6892 3.06849
-9.20836 -0.452163 1.9198
-8.12878 -1.35443 -0.938289
-29.1995 16.5429 -0.380033
-0.024151 -7.82343 -0.318383
-20.6841 9.47494 0.302804
-23.4043 5.10587 -0.564684
3.73133 -0.130508 0.50172
-24.0358 12.1001 1.67783
-7.56505 -1.76927 1.30565
-8.81424 2.15318 2.01152
-25.6557 6.93044 0.677391
-4.89922 -3.10662 2.09798
0.401514 -8.18868 -0.734096
-22.7359 10.9255 1.57315
-7.30442 -0.327775 1.94013
-25.0998 13.5176 1.69319
-11.3019 1.81935 2.25953
-9.18868 5.05938 2.29416
-24.9339 13.7247 1.7751
-7.95498 0.908264 -0.728565
-24.1549 14.6813 1.76299
-23.8209 15.0856 1.75878
0.297343 -2.88959 -0.510445
-1.79224 2.00317 0.0589179
-6.58626 2.7224 -0.735852
-9.33554 -0.092737 -0.73475
-22.6889 16.4009 1.74593
-9.74512 5.84292 1.75845
-25.8915 20.724 -0.375724
1.55698 0.409981 -0.456721
-26.3328 7.46339 0.282822
-0.10551 -7.69925 2.31577
-16.2483 5.92609 0.279333
-8.18033 -1.27493 1.71347
-9.70864 1.69647 2.00926
-9.12872 -0.529256 0.495636
-22.4524 16.6887 1.74461
-6.00774 3.21129 -0.746203
-22.3182 16.8747 1.74494
-2.29932 -0.904143 -0.586789
-1.83927 -5.95709 2.40837
-22.5775 4.49162 1.43513
8.85522 -20.6714 2.23366
-9.67816 3.69793 -0.81565
2.09855 -9.48655 2.09577
12.1703 2.11983 2.82101
-6.77962 1.7072 -0.721766
-2.12114 2.2668 0.104604
-12.222 4.71493 1.62063
-11.0257 8.60339 2.33018
14.8952 3.67477 1.91362
-16.2835 5.48989 1.12263
13.2153 3.34425 0.849439
-5.9339 4.90674 -0.795282
-7.65902 -1.66961 2.07536
12.0258 3.01132 0.92437
-11.8165 9.82056 2.2775
3.85877 -9.08688 2.55481
-9.01807 -0.610126 1.09015
-0.920034 -7.06658 1.69992
5.96153 0.82919 0.0413333
2.30363 -9.67745 0.497839
-6.4546 3.55249 1.8628
3.0894 -0.906963 1.14055
-7.94781 3.94216 1.96655
-9.03383 -0.610812 0.0918555
-0.919682 -7.08459 0.70495
-7.1229 -2.13864 -0.107414
-1.02657 -7.01496 0.325944
2.4903 -9.82186 1.10031
-23.8851 5.51862 0.92461
-9.36389 0.431527 1.50552
-1.29775 -6.79731 0.303874
-9.10319 3.69104 1.88194
-14.8012 6.23725 -0.969783
-27.6727 18.4892 -1.80692
-5.41642 3.63708 -0.755239
1.28898 -6.07985 -0.413884
-11.8988 6.4983 -0.903847
-26.5418 19.9401 0.44053
-2.88238 -0.093981 -0.609456
-9.35732 5.30921 -0.847107
-26.7375 14.2923 -0.34322
-3.51568 -0.707299 -0.607765
14.9333 3.64198 0.912183
5.61025 0.372933 -0.0983328
-4.9025 -2.28374 2.03508
-24.1639 5.73943 0.93676
-12.8585 3.5578 2.39068
-19.498 2.89423 -0.887041
1.50823 -6.29677 2.14284
-10.1667 1.06413 0.511951
-20.8749 8.64637 -0.324685
5.28107 0.487376 -0.613573
1.72468 -9.21445 0.0960753
-9.55632 0.704068 2.47951
-7.44276 -1.4438 2.13961
-20.0928 2.47964 1.07847
-29.2221 16.3115 0.0297135
-1.91328 -5.91568 2.34665
-22.5984 4.49441 1.54693
-0.838411 -7.21383 -0.548995
-7.34514 -1.942 1.10762
-7.69097 3.10341 1.99189
-9.11504 -0.531499 0.906299
-0.996224 -6.99918 1.53471
-23.245 13.0734 1.99036
-4.09838 3.09975 -0.719835
-4.85185 2.51356 1.79172
-24.2187 5.75243 -0.894118
-12.0529 6.87358 -0.925334
-0.221389 -0.557006 -0.100174
-22.5826 4.49461 1.29913
-4.02251 3.82904 1.89782
-20.8689 8.69388 0.478517
-23.0917 4.89126 1.33179
-23.8861 5.51958 1.306
-29.2052 16.5461 0.445569
-0.672451 -6.56514 -0.439286
0.621342 0.106123 -0.210805
-7.3985 6.54226 0.919069
0.641621 -8.34569 0.0846767
-25.3202 6.67666 1.47749
-29.1078 16.7251 0.638918
-26.2881 20.2589 0.440405
-25.6302 6.92686 1.49804
-22.6189 4.494 1.01082
-21.3317 8.37977 1.71039
-14.5852 7.87352 -1.00078
-8.60631 6.67757 2.4154
-9.83927 2.78768 1.72892
5.63239 1.19454 1.94322
3.94149 0.0942191 -0.40857
-16.2874 5.49137 1.33679
13.275 3.3702 0.708746
-14.644 4.49189 -0.925118
14.8949 3.68023 1.67978
9.60179 2.40359 2.74777
-2.88144 0.892957 -0.633777
-8.76747 1.46596 -0.755731
-2.29599 -5.56532 2.30545
21.9417 3.72468 2.61249
-6.44362 -1.7406 2.05667
-16.1105 5.71008 0.910255
-7.07151 2.51661 2.0101
-5.05714 -2.79251 2.20228
-6.69165 -2.46833 1.09774
-5.78982 0.693258 -0.674726
-27.1681 19.1356 -0.376419
-24.7507 6.20162 0.848607
-16.5495 5.07695 -0.673031
-20.7283 15.6717 1.30236
-1.03604 -7.04539 -0.661936
-9.11095 -0.545631 -1.23783
1.88818 -9.34544 0.301338
-6.28108 3.29811 2.52928
8.92761 1.72813 2.33021
1.9963 -9.43505 0.304662
-7.46169 -1.86902 -0.11046
-23.6633 11.0176 1.47265
-18.9021 14.1127 1.33088
-6.74418 5.96514 -0.819455
-26.0974 14.6721 1.31347
-10.3167 5.87898 1.9277
-8.2795 0.48319 2.55616
-20.6999 5.11692 1.72724
-14.8714 12.3612 1.09057
-1.90046 -0.702237 -0.58568
-18.1202 12.2701 1.90606
13.1499 2.65684 2.31923
-0.102461 0.660372 -0.100956
-8.05227 -1.40014 0.358249
-16.1086 5.70769 1.53914
-11.6875 8.28136 -0.955314
-19.508 2.46815 -0.884646
-24.7756 12.469 -0.483374
-24.8831 13.3006 0.719146
-7.11136 -2.1336 0.895221
1.92881 -9.39839 -0.816327
5.45103 0.362049 0.255349
11.5281 0.674947 2.31803
-23.3402 11.3906 -0.139979
-9.19061 -0.493505 -0.950802
-10.0572 8.67409 -0.83536
5.65239 0.172442 0.318192
-9.77371 1.26497 -0.775803
-10.5812 6.72443 2.39755
-7.02166 3.32094 2.26806
-0.119144 -7.73327 0.315251
-20.3752 10.099 2.11604
-8.21729 4.0346 1.97418
-14.6547 10.1876 1.55382
-1.27973 -6.33062 -0.468434
-8.7235 0.508939 -0.742865
-22.88 4.69805 0.880998
8.93205 2.3254 2.73984
-3.70843 0.90591 -0.650291
-6.5252 -2.62084 0.502657
-13.2085 9.18015 1.49684
-16.1118 5.69324 1.73265
-21.4524 3.58618 1.69268
1.51177 -0.872306 -0.504006
-23.525 12.2063 -1.27687
-7.29377 -0.705377 2.5994
-26.409 20.0922 -0.179077
-5.13513 -3.87543 1.67982
-7.27054 1.43797 2.54551
0.0668357 -7.41449 -0.401803
-23.118 4.89494 0.891307
-4.81348 1.62197 -0.680905
-7.01211 -2.22131 0.0972226
-5.14333 -2.72592 2.17829
2.87202 -9.71433 2.67205
-16.9178 11.0787 1.63647
-6.52669 4.50078 2.32899
12.9701 2.46123 2.47971
-0.243575 0.766295 -0.255764
-19.7123 4.11056 1.75388
-7.51776 5.20158 1.57961
-21.0656 9.80006 1.01778
-6.91912 1.48732 2.56717
-3.70013 0.0844055 -0.625386
0.434702 -8.16025 0.901573
-0.704173 -7.27106 0.296347
-0.000231105 -7.80584 1.46251
-0.798645 -7.19528 0.261958
-22.6674 11.4082 2.0551
-3.70742 1.48492 -0.664638
-6.56724 -1.39961 -0.651694
-5.87385 4.29674 2.50644
-13.4604 4.56004 2.36809
1.54046 -9.0372 1.89512
-23.6234 5.30638 0.693372
-7.56427 -1.77974 0.317468
-10.6283 5.72171 -0.876726
-7.69136 -1.67927 0.307141
5.4112 0.431438 -0.526808
-6.64898 -1.27061 -0.65704
12.0402 2.62652 -0.103164
-6.08093 4.49518 2.50771
-8.92 -0.309554 2.11336
-21.4843 3.59268 1.09181
0.113119 -7.91611 0.302342
0.303477 -3.47135 -0.496103
13.0047 0.798517 2.09357
-19.8771 8.6643 2.01798
-17.5304 3.09645 2.31619
-17.6133 3.61513 -0.976028
-11.6424 2.53894 2.42994
-0.793975 -7.17496 1.29274
-8.89927 -0.711275 0.693481
-8.25972 4.35296 2.06979
-1.47624 -6.65285 0.710056
-9.47256 -0.261671 0.0961327
-9.48838 0.53453 1.29759
-8.54903 0.0791904 -0.726821
-10.1496 1.06295 1.51394
-5.61325 5.08749 0.308975
-5.6124 4.24298 -0.771109
1.71959 -5.57604 -0.423391
7.78698 -4.40829 3.02315
-22.589 4.49364 1.15446
-10.58 6.88344 1.72018
1.10402 -6.13204 -0.414858
-23.1084 4.88965 1.10964
-22.479 4.47161 0.304309
-23.0945 11.2724 1.91812
-6.83822 -2.34954 0.70468
-25.0183 6.43048 1.29483
-7.90766 -1.50193 0.702583
-26.7151 19.6787 -0.990078
-5.81583 0.967852 -0.682269
-25.954 7.18328 1.34863
-8.2192 -0.496365 -0.699862
-5.38765 2.37081 -0.715607
-0.117498 -7.71534 1.0992
-8.23462 -1.24701 0.493468
-26.2901 7.44969 1.36974
14.1136 1.0837 2.44723
3.97028 -10.5505 2.29832
-14.5995 6.58301 1.59121
-9.36305 0.158599 0.0798044
-22.4786 17.8928 1.25899
-26.309 7.80529 1.3761
-1.36152 0.82698 -0.599067
-11.1655 8.38642 2.32652
-1.09525 -6.16293 2.23429
1.28846 -1.48878 -0.512033
-23.7309 12.873 -1.30071
-10.0727 0.978733 -0.670014
-6.91597 3.5167 2.5137
-7.01634 -1.80407 2.29254
7.39636 -19.5283 2.20273
-1.91892 0.117629 -0.602706
-23.2518 16.3769 1.42411
-0.70542 -2.69632 -0.526654
-8.32713 -1.1545 1.89101
2.89819 -8.85916 2.97839
-9.72554 7.14948 2.38255
-27.3184 18.9903 0.847954
-15.6941 6.66096 2.06478
-12.8498 10.3046 1.73834
-6.75788 4.54694 1.60664
16.6848 2.26459 2.6567
8.96275 -0.0754676 2.32074
-25.4595 14.0126 1.45629
-8.71768 3.89681 -0.812195
3.38114 -10.0278 1.11536
-22.1538 4.12731 0.716178
3.11976 -6.93852 2.92803
-0.509515 -4.59801 -0.479347
-25.3086 14.1334 1.45239
3.47081 -7.47907 2.95627
-0.0945134 -4.09516 -0.486505
-5.51579 3.83138 2.56079
-5.0142 -0.333985 -0.640535
4.22429 -10.7512 2.63724
-11.8975 2.31716 2.34291
-24.8226 14.6725 1.44473
-4.99104 -3.99474 0.690712
0.24467 -7.99385 1.90994
17.9223 1.26718 2.57282
-0.972512 -6.28845 -0.461374
-1.00063 -7.02561 0.704303
-7.94302 4.06223 1.9776
-9.1275 -0.5327 0.0927637
-24.2773 15.0627 1.43149
-4.74011 -3.1392 -0.586662
0.504385 -8.20451 1.90034
-27.4875 14.9138 -1.30952
-19.8261 13.4246 1.19933
2.51134 -9.80128 2.46428
1.77701 -9.2289 1.91393
-4.8475 -3.37415 2.0723
-26.2995 20.2662 0.84618
-29.1191 16.7369 1.06721
-7.18565 2.74776 -0.747595
-22.8383 11.4956 -1.23075
-0.233382 -7.60732 2.10844
-24.5618 12.5541 1.04021
-6.67192 -1.46558 2.62797
1.52643 -8.63466 2.7373
-7.30249 -1.32128 2.61898
0.0906677 -6.82074 -0.411314
0.699102 -3.31916 -0.496004
-4.98101 -3.64675 0.100639
7.1978 -19.3631 2.6549
-9.50081 0.525054 -0.107999
2.95767 -10.2047 0.337074
-12.1314 7.32119 1.84351
9.53296 1.72144 1.91552
-21.2889 3.42465 -0.11605
4.28256 -3.01364 -0.155836
7.58897 -19.6707 2.67583
-22.0091 6.38295 1.71029
1.08665 -3.71064 -0.475897
-8.18382 7.1463 0.484385
-10.2017 7.56471 1.80519
0.630682 -8.12749 3.15121
-9.85186 6.98479 2.38363
-28.976 16.892 0.246247
-28.1091 18.0469 1.06135
-2.6621 2.69511 0.096128
12.5092 1.8949 2.30537
-8.89367 -0.298473 2.27837
-4.77352 -4.11696 -1.07777
-12.7923 2.32675 1.92721
-5.75955 5.22111 1.72864
1.47591 -4.45961 -0.455709
-1.90396 2.0947 0.894776
-6.29584 2.08272 2.04633
-7.47822 -1.87045 -1.05579
1.10239 -8.71264 0.304293
1.55243 -6.98242 -0.387704
-16.317 3.93168 1.66872
-29.2094 16.3111 0.852778
-23.9152 5.51921 -0.731601
0.4375 -8.17557 0.295587
5.13276 0.529809 -0.429473
-13.9021 8.86338 2.09299
-7.00541 -2.21903 0.697616
-23.1881 6.56971 1.64611
-22.3968 16.7378 1.91021
3.14175 -0.3366 -0.402809
-9.12581 -0.536229 0.305017
-6.7967 -1.97 -0.643028
-4.01716 0.86322 -0.650937
-9.80319 1.36106 -0.779355
-17.6402 2.95352 1.77786
-3.89952 2.89329 -0.70845
-8.26525 0.444198 1.90217
-3.86133 3.67625 0.512079
10.5119 0.838689 2.29814
-6.5731 -2.56619 0.894512
14.9639 3.55278 -0.362054
5.39847 0.33372 0.236367
-7.89296 -1.0986 2.27999
-20.4688 2.77528 0.905391
12.5865 3.42066 2.7184
-8.22131 7.18141 1.10406
-11.2904 2.68032 -0.842812
-4.89314 -3.51233 0.496005
-12.9168 8.63103 2.30276
0.847656 -8.5146 -0.106736
0.11239 -7.8936 1.49469
-7.2984 -1.99549 0.308883
-6.36733 9.26743e-05 1.87718
-4.7641 -0.246101 -0.639251
-24.6431 9.8582 1.49744
-8.09891 -0.932227 2.28473
-20.6708 2.93195 0.915108
-3.84206 3.65787 0.313536
-27.0469 19.2969 -0.179283
-27.4394 18.8246 0.633199
-21.6721 3.76121 1.91585
-21.7645 3.77575 -0.119427
-8.11151 5.67642 1.56083
2.72876 -1.80057 -0.476242
-12.4472 5.10804 -0.897253
-3.08357 2.69109 -0.693172
-20.3189 9.00763 1.93565
-17.0632 6.58312 0.915289
-25.0962 13.0231 1.59513
-8.8865 -0.715121 0.904655
-15.8801 10.4689 1.76989
-0.779584 -7.17707 1.50612
-7.32182 -0.992194 2.00027
-23.6279 5.30043 1.06139
3.0975 -0.911008 -0.368821
-14.4715 11.8746 1.51473
-1.08035 -4.55927 -0.483132
-5.06114 -3.97519 1.71501
0.293028 -7.3167 -0.39683
-20.0823 13.5093 1.50899
-9.83041 8.43446 1.70037
12.1083 2.95456 -0.217261
-2.6878 -1.48986 -0.574665
-12.8967 8.61836 2.2991
-2.08535 -0.892706 -0.583343
-25.8645 13.6194 -0.509468
0.318418 -8.06538 1.10513
-20.1997 13.3199 1.50852
-24.1629 5.73281 1.08852
-3.70904 0.894182 -0.650039
-4.90223 -3.12427 1.50306
0.422097 -8.17245 -0.293263
8.9463 2.41738 2.73485
-6.96224 3.91144 2.47132
-18.624 9.66189 -1.13906
12.8347 2.30712 2.79424
-22.5846 16.5375 1.74568
-6.89306 -2.30738 0.898819
-25.0262 6.42647 1.13257
-7.56568 -1.7733 0.888742
-25.66 6.92981 1.08311
-0.683639 -4.42897 -0.483038
2.88646 -7.08189 2.93109
-17.4184 4.86258 1.79699
-8.45896 -1.05781 1.28522
-0.326151 -7.53675 1.8987
-16.5025 6.13215 0.717584
-4.06622 1.69474 -0.670742
-23.6598 11.0135 1.30797
-10.2185 7.72374 -0.930443
1.88952 -9.34764 0.0963799
-8.69777 -0.862274 1.30322
-16.7724 6.34988 0.730991
-12.8826 5.89964 2.36074
-3.06639 -0.888887 -0.591437
-2.11386 2.2608 0.906164
11.3128 0.39593 2.71673
-10.5746 5.49866 -0.865497
-15.0475 2.89495 1.70925
3.81494 -9.2078 2.52116
-9.11676 -0.529546 1.29982
-25.2259 13.0815 1.24536
-26.5621 19.9554 1.25282
-25.8462 13.8147 -0.156697
7.27793 -18.2016 2.67114
-3.27085 -5.20094 1.08623
0.876593 -2.10905 -0.507447
-4.81482 -4.13621 -1.11089
-22.5471 14.6621 1.17824
-24.7765 12.4719 -0.652993
-9.36768 0.437547 1.49555
-1.29837 -6.79387 0.501924
7.19478 0.977363 2.31888
-7.14017 3.32834 2.01429
20.4601 4.31912 2.9737
-3.52602 3.37266 -0.694581
2.91155 -10.1551 0.722058
8.05506 0.644982 2.29656
-10.9673 8.77746 -0.719194
-23.3323 16.8791 1.26197
3.33156 -7.50953 2.95445
-7.18473 6.35299 1.98898
-13.9233 3.8977 1.54776
8.47355 0.486692 2.29835
2.90754 -10.1559 0.29131
-7.52038 0.700283 2.56862
-9.19229 6.51507 -0.887396
9.14807 1.55715 2.31636
2.13476 -9.54067 0.338725
-1.68878 -6.4609 1.69074
-8.00888 -1.43887 1.25816
-16.1118 5.70722 0.696689
-8.45236 3.56212 1.92456
-6.26159 -2.8508 -0.493208
0.688904 -7.20863 -0.392444
-23.6503 5.30976 -0.130429
-2.30654 0.504202 -0.61141
15.7641 -0.286751 2.6252
-21.4421 10.6299 2.08394
-11.5355 3.04142 1.76794
-19.5929 3.15317 -0.954444
6.63865 -17.8621 3.29548
-10.4345 7.71217 1.48463
-18.5307 14.1597 2.03077
-23.7395 6.10234 0.325555
-12.4319 9.82572 1.37935
-3.0264 -5.42738 -0.104202
-9.5656 -0.103507 1.5122
0.938674 -1.10166 -0.520268
-7.89823 -0.315331 2.58006
-10.0259 8.64981 1.3565
-1.91757 2.10623 0.896072
2.16255 -9.54886 1.29546
5.31921 0.511137 -0.310014
-21.9124 3.94125 1.11596
11.4411 -0.0349344 2.11792
-8.51855 -0.104525 1.99779
-17.0602 11.3971 1.66039
-10.0784 0.99342 0.320415
-17.0687 11.404 1.66125
-10.168 1.06528 0.323475
-14.4647 3.10918 -0.893055
-5.12631 0.500416 -0.656647
-20.87 8.64511 -0.531524
-7.92292 1.70409 -0.73719
1.49271 0.292367 -0.46788
-17.1619 11.4654 1.67086
-2.14572 -6.09591 1.50628
-10.2517 1.13768 0.326357
3.50363 0.504938 -0.429518
-8.16317 4.12842 1.97272
-9.35032 0.231738 1.30112
-23.5543 11.1404 0.663908
-23.2625 6.90063 1.65623
-14.0383 4.40536 1.8205
0.506401 -7.8641 -0.378984
-22.1706 5.69901 -1.10275
2.69888 -8.89485 2.96994
-19.5305 2.53035 0.31832
-21.7947 5.7452 1.68162
1.26193 -3.12312 -0.481476
-19.641 3.06853 -0.958025
-10.329 1.21045 0.329041
-20.7943 8.76393 0.574713
-18.4401 8.17309 -1.09501
-17.8143 7.3139 -1.04534
-8.48638 4.69139 -0.824633
-4.8409 -4.2967 -0.920002
-26.3874 7.65324 1.03629
-23.4572 11.2715 0.66333
0.930703 -7.17604 -0.392295
-23.3918 5.10151 -0.129448
-13.9507 4.51488 1.81392
-7.68421 -1.25756 2.48433
-20.2871 2.62663 0.834107
-5.16987 0.89595 -0.669134
-11.3756 6.71315 1.8777
12.2191 0.254434 2.26431
-10.1609 1.06361 1.10751
24.488 5.0261 1.55858
-1.47368 -6.65847 0.299456
-9.50432 0.55499 1.70469
-16.5417 5.12814 1.82813
-6.80922 -2.36937 1.11951
-25.0337 6.43606 0.898192
7.8871 0.490348 2.32389
-14.3661 3.92905 -0.900154
5.89633 1.58119 1.93538
4.24085 0.499953 -0.414102
-29.0975 16.7139 0.0297988
-6.27658 -1.89062 2.06722
-22.2024 4.13689 -0.945571
3.22802 -9.97971 -0.504844
-2.68912 -0.099525 -0.60725
-4.97956 -4.00968 -1.09135
0.706874 -2.30848 -0.508934
2.82537 -9.32271 2.39892
-8.44865 -0.646168 2.4867
-21.0712 3.25579 0.869367
9.52502 1.5019 2.31639
-2.37744 2.4703 0.249995
-23.6087 10.9871 -0.678258
-7.44958 -1.83996 2.07675
1.89454 -9.33211 1.29608
-5.46494 -2.67267 1.69996
5.07073 0.667444 -0.397909
8.63601 0.654043 2.29033
-9.32811 0.690653 2.53367
-14.4205 8.76483 -1.0193
-6.68054 -2.48291 0.702197
3.64594 -0.24828 0.294812
-16.5893 5.0577 -0.184967
5.89093 0.731682 0.0735816
-22.9099 4.70509 -0.909443
-26.9442 19.4771 1.25373
-3.80234 3.61923 -0.249575
-9.74381 1.50549 -0.776313
-14.8631 12.3532 0.671136
5.48464 0.727582 1.66125
-5.43893 2.29045 -0.717272
-8.26407 -0.482066 -0.703911
-6.58611 -1.96195 2.65536
11.6931 3.04318 0.455091
12.8096 0.530822 2.07891
7.88522 1.71547 2.122
-25.6626 21.061 0.846043
0.952847 -8.64417 -0.705804
4.60711 1.05735 0.09205
-23.5913 5.29799 1.80467
-8.09304 -0.916432 2.5107
-20.6677 2.93693 0.787373
-22.8936 16.1224 1.91301
-4.49656 3.71218 -0.743989
-24.6582 9.86139 1.33107
-1.01679 1.3838 -0.309598
-21.6179 10.5523 2.09526
6.27773 -2.84966 2.41664
-5.47504 -2.29543 -0.612532
-2.66386 0.50152 -0.61751
-4.75925 -3.29192 0.0957629
-27.9498 18.1823 0.634537
-1.11379 1.46089 -0.301728
5.91327 -2.86896 2.49581
-2.89101 0.694445 -0.629775
-8.7703 1.29413 -0.753725
-10.3209 7.75179 1.51438
0.705011 -4.03913 -0.47393
-5.05042 -3.0437 0.0947316
-7.37685 6.524 0.31137
-1.26168 1.57632 -0.30647
-3.08192 -1.30853 -0.584466
-7.09396 2.49032 1.9473
-21.6716 15.0651 1.97
-6.68659 -2.46702 1.30372
-3.23098 -2.42565 -0.56532
-6.84637 -1.72373 2.64305
-7.25497 2.49192 -0.744958
-16.5431 5.07342 -0.885905
0.119116 -7.89333 2.30191
-3.77208 3.59129 -0.321465
-5.45289 4.53298 1.83619
0.10614 -3.49301 -0.498894
-5.81614 3.6998 -0.755417
-2.16727 -6.11032 0.285325
-10.2334 1.13483 1.71626
-8.02171 3.28803 1.97878
-7.56213 -1.77402 1.09386
-25.6552 6.93349 0.843858
-8.56118 -0.988228 0.0493494
-7.47586 3.69843 1.9895
-0.511855 -7.40802 0.702555
-6.32799 5.62987 1.93303
-26.8839 19.4362 -1.38931
-16.6095 5.03981 0.496907
1.66692 -9.13405 2.30525
-11.6853 4.30307 1.69705
11.6479 3.0639 0.320409
-16.2627 5.49216 0.494987
-6.55416 -1.98857 2.18793
14.8912 3.68162 2.13578
-16.1008 5.70663 0.489004
-13.8406 9.24908 -1.00601
-8.69841 -0.86178 1.48851
-16.7699 6.35236 0.51334
-0.781801 -7.17705 2.08932
-17.0591 6.58191 0.523396
-8.43691 -1.05458 2.04971
12.6063 0.464733 2.25996
-21.4635 3.58937 1.89574
-14.1386 9.70103 -1.03571
23.5028 4.85757 2.38536
-3.45813 2.69293 -0.694746
-3.5241 3.39593 0.504507
-27.2938 18.9748 -0.376537
-20.6732 8.93981 0.715586
-16.6699 4.66711 1.61087
2.32171 -9.68965 0.900285
-20.7927 11.612 2.07412
-20.5437 9.10922 0.713957
2.755 -7.27552 2.22128
-26.0827 20.4815 -0.578242
2.50049 -9.84633 -0.113256
-29.1808 16.2966 1.26051
0.438904 -8.16768 0.697512
-23.9208 5.52685 -0.277712
0.437337 -8.16959 0.49661
-29.1948 16.307 1.06258
2.30133 -9.67833 0.100443
-11.1717 3.08105 -0.841319
-1.89401 0.499746 -0.605502
-7.45768 -1.44964 2.2869
-23.5447 11.1347 0.49568
0.723641 -7.84901 2.3809
-8.18003 5.6867 -0.84742
-17.9432 13.1363 2.06928
-28.8653 17.0656 1.06546
6.48626 -2.91905 2.40042
-5.14814 -2.95557 0.498606
-2.28247 0.695317 -0.614911
-21.3631 10.7546 2.08263
-9.76957 1.08245 -0.774007
1.95593 -8.34426 2.94869
-0.304379 -3.5195 -0.504924
-6.93849 3.25648 2.31348
-0.00375216 -7.82516 0.313336
-24.8269 13.865 1.7735
-8.63921 0.25642 -0.734659
-14.3113 6.34308 1.65182
-27.9589 18.1937 1.05987
-21.8668 6.0514 -1.09176
0.894216 -8.30849 -0.349548
-25.9197 20.7495 1.05482
-5.28049 -0.900968 1.91811
-25.7943 20.9101 1.05492
-2.89266 2.85694 -0.671267
-12.2056 5.49659 -0.892563
-12.6274 10.4933 2.18715
-10.9934 9.36554 -0.120719
1.3199 -8.86293 1.69345
-3.98769 2.72597 -0.704811
-3.71784 2.0863 -0.678308
-0.12073 -7.73522 0.100612
-2.78201 -5.57559 2.11129
3.71527 -10.2881 1.08824
-4.09481 0.667686 -0.645751
-7.0171 -2.22305 -0.625349
-23.4739 12.6862 1.99119
-0.797695 -7.1944 0.10168
-4.24407 0.71046 -0.65515
-7.12697 -2.14746 -0.632402
-7.48972 -0.297748 -0.681599
-4.59163 2.61247 -0.708218
-0.90934 -7.10739 0.0941396
-2.6633 -0.31804 -0.597108
-1.34736 1.65011 -0.0951821
1.59576 -5.22663 -0.429797
-23.3438 11.4844 0.903829
-13.1647 9.81048 2.08392
-6.72115 3.69931 2.51555
-4.44402 0.870988 -0.660533
-7.25377 -2.0409 -0.640239
1.61953 -1.57338 -0.49402
-23.4826 12.9254 -1.29141
7.85004 0.461058 2.71086
-7.55559 -0.114716 -0.68723
-1.13445 -6.92864 0.0943412
1.23152 -2.70925 -0.488435
-21.8512 5.47344 1.68108
-26.2815 7.44803 1.70389
-9.79672 8.45002 1.54532
1.08869 -4.68293 -0.455587
-1.78176 1.99342 0.985647
-3.22757 -5.23815 1.47709
-2.09927 -0.502138 -0.590705
-18.2312 12.345 1.91683
-25.8402 13.8098 -0.510654
-25.9043 20.7372 0.243458
-4.82739 1.27771 -0.669275
-7.77418 -1.56126 -0.673816
-23.9409 13.3697 -1.32112
-7.29082 -0.347292 2.59769
-25.1559 12.8554 -0.152306
7.47587 0.101555 2.80827
-5.17664 3.20888 -0.740272
-9.70365 0.728665 1.88164
-1.57546 -6.57632 0.0938062
-4.56197 2.29636 1.78979
-18.6924 9.99044 -1.15067
11.1668 0.222168 2.68829
0.699787 -3.29975 -0.493015
-5.06197 -3.80848 0.0834328
-19.6 13.2918 1.33582
-9.9646 8.38382 2.33326
-0.512903 0.98428 0.100258
-20.953 8.52925 -0.532294
1.32971 -0.508413 -0.523907
-25.2225 13.0875 -0.321738
-6.69128 -2.4852 0.0958149
-6.87417 -2.33249 0.102689
3.49856 -10.1601 -0.780139
-23.6311 5.3074 0.913494
-9.08349 2.09874 2.01057
-17.2108 3.23027 -0.950157
-7.56812 -1.77592 0.09874
-12.9813 9.02794 1.57149
-6.50245 2.87441 2.06332
-7.68802 -1.6805 0.0937099
5.01944 -3.44245 -0.405281
-6.6939 -1.72091 2.11576
-23.567 5.75009 -0.871493
4.26288 -10.0139 2.18668
-6.90258 -0.100209 2.58066
23.7605 4.2723 2.49858
1.43522 -7.33689 2.25778
-7.42881 5.065 -0.818207
-10.1006 8.7121 1.07902
-2.09308 1.50419 -0.636713
-3.33964 -1.12483 -0.600144
-21.9262 3.94297 0.496113
-3.15852 -5.03193 2.27514
-3.69994 -0.109937 -0.621397
-14.3344 4.10938 -0.899812
-5.07449 1.50394 -0.674683
-7.88649 -1.2937 -0.679155
1.41965 -1.37144 -0.502014
-7.47297 -0.0920367 2.57092
-25.2209 13.0844 -0.153187
-9.70172 0.708685 1.50732
-2.00833 -6.20493 1.68466
-26.9365 19.4699 0.847071
-25.8474 13.6147 0.301509
-18.1965 11.3673 1.6008
-14.4979 4.43368 2.32579
2.10807 -7.90487 -0.342199
-23.6401 11.0043 0.664639
-10.8521 4.10085 -0.842346
-20.6433 11.6956 2.06597
-9.55351 -0.122191 -1.11315
-8.35638 3.81746 1.98127
-21.9443 5.71267 1.69251
0.728979 -8.08737 2.47023
1.08693 -3.09846 -0.487114
3.71055 -8.36866 2.98812
12.2527 2.3199 -0.447952
-7.55825 -1.76983 1.88982
-23.7017 11.9312 0.67589
-7.88025 4.72436 1.81276
-9.54354 -0.101679 -0.29489
-20.4643 2.78004 1.28808
4.83538 -3.14412 -0.419065
-8.49417 -1.04772 -0.0976384
-9.33757 2.0368 2.00559
-5.97457 3.31243 -0.748336
-22.15 17.0704 1.74382
0.824365 -7.81028 -0.377828
-23.476 5.87934 -0.130228
1.09782 -3.93373 -0.47365
-28.2547 15.5514 0.822092
-22.3742 17.2423 -1.36177
-21.7452 3.77314 -0.316993
-20.4262 8.46161 1.64953
-29.1131 16.7293 0.855881
-21.8342 12.3671 2.03132
-8.44688 -1.06381 1.49299
2.08998 -0.0987118 -0.424624
-16.5057 6.13641 0.504152
-25.6667 6.9329 0.109635
-7.70293 -1.68564 -1.06386
-6.49017 2.10783 2.0362
-4.38959 4.12664 2.04957
-8.88391 -0.713107 1.50507
-0.77751 -7.17855 2.1047
-7.24498 -0.985421 2.59782
-28.4784 17.5478 0.85226
-5.89775 3.24717 1.84518
-28.0827 18.0257 0.850542
-0.00094576 -7.82046 0.503353
-27.189 19.1489 0.847563
-18.0753 11.5242 1.5994
-24.4496 5.96663 0.875263
-26.8091 19.6294 0.846832
-8.30813 3.08086 1.95281
-28.9427 16.8699 -1.20388
-6.17168 -2.12321 2.12905
12.538 3.46927 2.73082
-26.6802 19.7876 0.846574
-6.58575 0.468828 -0.681384
-26.5535 19.9473 0.846417
-23.1523 11.2999 1.68348
8.20003 0.629067 2.28715
-19.5594 2.53487 0.502877
-10.0949 8.07786 -0.939172
-10.0931 8.70617 0.296463
-3.91651 1.30771 -0.660598
-13.7646 8.71536 2.11976
-6.84986 -2.348 0.531151
-17.145 2.75779 -0.942608
-5.06297 4.64587 0.0905108
-28.3898 15.618 -0.966028
11.8809 1.90174 2.82264
-2.51433 2.57877 0.0933761
-8.2552 3.44113 1.96444
-7.80069 -1.60136 1.08432
-25.9741 7.19109 0.856541
-4.85874 0.101048 -0.651225
-10.0633 0.971898 -0.285813
-13.6753 10.6732 -1.04784
-10.1329 7.90583 -0.933553
-5.25553 2.82987 1.75982
2.09716 -9.51558 0.102047
-10.0774 4.95774 1.94132
-19.4144 7.62403 1.68827
13.4046 1.88956 2.25529
-10.0854 7.7044 -0.921783
1.99645 -9.42931 0.0933527
1.56032 -9.08233 0.0926826
4.40608 0.652656 -0.431984
-25.9067 20.7272 0.029276
-28.7195 17.2155 0.444417
-15.227 7.08669 1.56272
-18.041 3.47715 1.82636
-11.0093 1.53544 -0.806936
-20.347 4.17768 -0.99997
-23.5087 5.73602 -0.868482
0.82192 -8.48989 0.0862289
-23.9369 5.53056 -0.882441
-29.2056 16.3078 0.63664
0.433132 -8.17386 0.0795098
-8.64687 5.5491 1.71068
-11.4229 1.90885 2.07509
-9.82812 0.78497 -0.292957
-3.8896 3.70345 0.894306
-17.6782 2.95352 2.02047
-5.49073 3.97946 1.92557
-7.27135 0.492978 2.57192
-4.43716 4.17031 2.29227
-7.00536 -2.22037 0.852526
-3.48651 -0.871752 -0.603295
7.28289 1.09756 2.27304
-6.96404 3.25194 2.03877
-0.00115444 -7.81703 0.711801
-8.10388 -1.35491 0.0833794
-0.501926 -3.51778 -0.507357
3.07703 -8.03746 2.95721
-0.796909 -7.18498 0.695032
-8.90723 -0.711913 0.0906655
-22.3369 4.30121 1.6978
-11.0365 9.40348 -0.34128
-15.5703 6.7886 2.10191
-8.90748 -0.711933 0.309918
-17.05 6.57671 1.53511
-2.32492 -5.94058 2.10618
0.0984541 -1.69039 -0.53012
-21.3108 3.42922 -0.507977
0.0663583 -6.03332 -0.437492
-22.6344 4.50228 0.0948745
-28.9782 16.8824 0.0297547
-5.91812 -1.43991 1.99647
-1.06525 -6.13778 -0.451781
-9.2564 -0.434988 0.0943111
-4.41603 4.15164 2.15653
-1.07779 -3.0882 -0.521514
2.50471 -8.50088 2.96645
-10.1612 6.64719 2.39672
-5.01225 -3.03582 2.07902
0.295916 -8.11012 -0.72776
-26.5307 19.9318 -0.375906
0.605336 -0.105989 0.212582
-4.22634 3.97434 0.307501
-27.6897 18.5034 0.441991
-0.101543 0.660546 0.0989328
-21.9931 6.37643 1.85366
-8.22118 7.18038 0.680132
-15.8612 2.13008 2.3726
-2.03514 2.19129 -0.11377
-1.88999 -6.30142 1.90361
-9.94493 0.885425 0.101336
-8.50254 7.4243 1.32433
-10.1193 7.69957 2.35606
-12.5294 2.29013 -0.848888
-6.5918 1.06959 2.58
-20.689 9.47399 0.927584
-11.5727 2.92095 2.43394
12.9105 1.71215 2.25135
2.77592 -10.031 2.47072
-2.00797 -6.20652 1.87087
-10.0763 0.987251 0.102526
-7.39342 5.14941 -0.819905
-10.7944 6.47135 2.40675
-3.92739 3.73975 1.10892
-1.45173 -5.7335 -0.465075
-9.5508 -0.0995657 0.097047
3.78864 -1.6253 -0.39969
-26.1599 20.4145 -1.802
-23.6157 12.8104 2.00529
-4.56383 2.71066 -0.711606
-1.02493 -7.01891 0.0901075
-11.8425 3.12233 2.4173
-2.16083 -6.07609 1.90175
-10.2534 1.13693 0.104594
0.505167 -5.93857 -0.432223
-2.37942 2.46951 -0.0997223
-27.289 18.9699 -0.782426
-30.0585 16.0662 0.649188
-0.10827 -7.31996 2.51407
3.06547 -9.2212 2.99531
-0.504697 -2.30005 -0.531313
-18.5334 14.3131 2.03941
-5.14877 -2.95867 0.297045
-16.9334 2.19323 -0.926821
-7.4555 -1.85587 1.48768
-23.6257 10.9962 -0.140446
-25.9755 7.18731 0.513152
-24.7501 9.72312 1.33416
-4.60052 3.53242 -0.739856
-4.62172 4.29296 0.516614
-16.2584 5.48156 0.277161
28.7817 5.17681 2.72158
-7.51064 -1.73908 2.08013
-23.7032 11.93 0.505115
3.67817 0.519565 -0.426335
-16.6337 5.04643 1.29701
-9.07483 -0.50043 2.0447
-25.2091 13.0787 0.540029
11.8007 0.342948 2.25742
-29.2005 16.5408 0.638726
-13.6568 4.24016 1.57009
-5.67988 4.89695 2.50335
-20.8562 8.63939 -1.08705
-16.0545 5.70689 -0.330713
5.84979 0.128573 2.25228
24.3609 5.14434 2.08518
-4.5188 1.69624 -0.67598
-7.45516 -1.86443 0.498483
-5.61096 5.08576 0.0997477
3.03439 -1.7434 -0.465745
-7.92667 5.51028 1.55073
-19.6417 2.91646 0.629486
-2.182 -6.09831 -0.0999284
1.90081 -0.494744 -0.468323
-6.93507 -0.909218 2.60371
-25.6407 21.045 0.440192
-28.4712 17.5424 0.636423
-1.01745 1.38464 0.0888352
-16.4451 5.21106 -0.670707
7.45396 -3.30402 2.40544
-1.49717 1.0971 -0.6142
-28.2031 17.8614 0.443102
2.86987 -1.54685 -0.47059
-10.8736 1.68179 1.93611
-9.50345 5.31009 2.41391
-27.8232 18.3439 0.634201
-8.17752 -1.31006 -0.927331
-0.134841 -7.73085 -0.301123
-27.6953 18.5044 0.633858
-25.1514 6.46527 -0.93282
-26.1382 20.3901 -0.988841
-27.3118 18.9845 0.632935
-2.49407 1.0953 -0.629661
-7.94514 -1.1037 -0.681926
-5.06255 1.69704 -0.68079
5.91217 1.26265 1.65594
-26.0048 20.5439 -0.98855
2.27691 -6.75036 -0.386569
-4.51594 -3.3139 -0.577721
-27.1815 19.1424 0.632623
2.6429 -7.11404 -0.365218
-4.29589 -3.1256 -0.581525
-26.9293 19.4635 0.632257
-29.0619 16.704 -1.40371
-6.31357 -2.33365 2.29106
-28.6811 17.1951 -1.40113
-7.78181 -1.59735 1.30002
-23.8718 12.0164 1.33945
-24.447 5.96498 0.642652
-26.8031 19.6237 0.632105
-26.6748 19.7824 0.631926
-23.7104 6.09299 -0.500359
-4.74965 -3.191 2.17941
-26.1031 20.4992 0.63151
-20.6603 4.90478 1.71873
-8.49734 5.94673 1.53659
-3.24536 -1.66296 -0.577421
-6.48844 2.3034 2.03089
-7.79551 -1.59928 -1.12501
-25.9119 20.7374 0.631474
3.20636 -9.96067 0.715173
1.9908 -9.40484 1.69321
-9.55299 6.05105 1.75009
-14.2743 11.8617 0.299301
-6.26053 5.60462 0.079602
-0.895078 -1.50088 -0.550998
-2.02024 -6.19828 1.48868
-10.0715 0.984116 0.514573
-0.5154 0.985033 0.298178
0.498761 -6.76092 -0.408771
-20.9578 8.53041 -0.325146
-22.147 5.98274 -1.10472
-22.5659 10.8433 1.86847
-6.33723 -2.76007 0.690605
-22.4117 4.31559 0.325193
29.5313 4.5665 2.78106
-4.62407 0.228321 -0.648535
4.08064 -10.5192 2.50369
14.3101 1.10066 2.39126
-12.5421 9.81769 2.26469
2.88936 -10.1458 0.0827675
2.33617 -9.68354 1.7039
-21.475 3.59138 0.289229
-6.19477 4.46348 -0.788561
-0.445156 -7.44318 2.11135
-6.88293 -1.28039 2.61402
21.375 4.11455 2.96788
-21.9438 3.9472 0.29618
-4.54689 2.41934 1.90968
6.43684 1.27926 0.328173
-12.2479 3.10902 2.41681
-9.54398 -0.088312 0.711779
-10.1542 1.06326 1.32723
-25.6494 6.93034 0.352827
-20.4805 9.13311 -0.668568
-19.2689 13.6627 1.33238
18.895 2.56543 2.35951
3.52321 -10.1374 1.29357
-20.7674 8.75361 -0.876505
-20.7108 9.48711 0.30182
-5.61778 5.09148 -0.104549
-26.3675 7.64746 0.698101
-23.5368 11.1332 0.345626
-2.10969 0.106844 -0.604705
-26.1002 20.4901 0.0299359
-28.9744 16.8884 0.445159
-9.45642 0.058602 0.297766
4.89706 0.0797186 -0.412319
-28.3331 17.7011 0.443433
-16.7094 2.47795 -0.915369
-4.58251 4.25723 0.101716
-6.08555 2.0931 2.04019
-3.88564 -0.694547 -0.614161
-22.4543 4.4661 0.509838
-8.47858 -1.05461 0.29696
5.3135 0.522387 1.49606
-1.895 -6.31757 0.896708
-9.93838 0.885657 1.11182
6.95643 -3.23669 2.73968
-10.0364 8.23475 1.48537
-18.0773 14.6519 2.02621
-1.29783 1.29653 -0.614726
-28.0763 18.0231 0.442803
-27.1771 19.142 0.441136
-26.9215 19.4606 0.440823
4.85476 0.851618 -0.386747
-3.70641 1.69582 -0.670545
-10.08 8.69532 0.095239
-10.0738 8.68924 -0.11118
2.08841 -9.51083 -0.265707
-2.09168 2.11144 -0.652817
-8.16812 7.13418 0.0827028
28.8883 5.14802 2.55545
-9.53502 6.82478 2.39085
-22.3955 11.7931 2.049
-3.31586 1.6916 -0.66577
-6.22988 -1.13731 -0.653485
-12.6947 4.29862 -0.893586
-9.06385 6.91668 -0.897983
1.44378 -8.97135 1.29145
-8.09053 2.10709 2.5257
4.5936 1.07872 -0.368175
11.6406 2.93685 0.059065
0.953573 -8.60281 0.0890974
-7.26595 3.68379 1.97861
-8.52584 -1.01545 0.071225
-5.3972 2.00272 2.08272
-6.50944 -2.61195 0.0889659
-20.4625 12.096 2.07028
-10.6984 4.50734 -0.842872
-3.11357 3.07459 1.5044
2.64201 -9.42018 -0.291433
-20.0893 2.47741 0.0835896
-16.2515 5.92726 -0.144429
-16.1968 5.57175 0.436676
11.7829 2.91261 0.457163
-19.5393 2.53141 0.0813429
-15.9151 1.96387 2.37751
0.705605 -5.5173 -0.437391
-21.9492 3.94694 0.0920412
-17.0096 2.65174 2.34724
-5.76818 3.8499 -0.760118
-10.3051 1.2072 1.6986
-24.8234 13.8608 1.94252
-9.11798 -0.125098 2.1319
-21.6933 3.76459 1.1036
3.20168 -9.94677 1.10132
-0.301446 -3.08092 -0.515536
-16.1408 5.62633 0.0703478
3.86158 -10.3901 -0.216087
-20.4709 9.22748 1.28001
-1.69544 0.497327 -0.604567
10.892 2.76083 2.76831
14.3827 2.9507 2.27296
-23.3397 11.5703 -0.935955
-2.58367 -0.105215 -0.598637
-18.3381 7.86002 -1.08312
-22.859 4.69561 1.31667
-9.24826 -0.440176 0.30735
2.86542 -0.504445 -0.39552
-2.29901 1.30031 -0.634839
10.2796 2.07857 2.7744
6.25867 1.58296 -0.371368
0.914375 -7.76765 -0.376277
-21.7394 5.48082 -1.07959
-22.1433 10.4724 1.9054
-8.88075 -0.707315 1.89419
-17.0616 6.58118 0.0752967
3.05957 -10.0859 0.720376
-8.62722 2.60885 1.998
-2.48646 -0.473616 -0.601771
-23.3323 11.5072 0.135036
-26.1642 20.4189 -1.59884
-8.42157 3.11045 1.96335
-9.34558 0.461463 1.91707
7.72483 0.258359 2.80407
-4.83096 3.06206 -0.729495
1.02667 -2.3491 -0.501365
0.0927184 -7.51403 2.38518
-2.29903 -0.0914002 -0.604239
-27.1733 19.1366 -0.179335
-9.55272 7.32495 2.37605
-3.30265 2.12017 -0.680303
-5.02781 3.16339 1.64722
-12.6377 4.69454 -0.899063
-7.796 -1.59951 -0.352668
-28.7185 17.2175 0.245798
-1.46408 1.74026 -0.102648
-14.7308 6.63839 -0.97575
-24.5942 14.1314 1.93799
-9.81587 6.09034 2.42466
-9.13422 7.73482 2.36235
-8.69422 -0.882685 0.303637
3.54675 -0.0401635 -0.417103
-16.763 6.34805 1.50576
-2.0976 -6.12873 2.10918
-21.0886 3.261 -0.501837
17.8507 1.42776 2.54627
-19.3424 2.62225 -0.581003
-1.89296 -6.31079 1.09807
-6.74283 -0.514104 2.60635
-9.93849 0.887015 0.89858
-9.4376 6.51809 2.40727
-8.88118 1.9112 2.01392
-21.9877 11.4115 1.39707
1.1553 -8.78955 -0.7644
-7.45481 -1.86708 0.101584
-11.8356 9.35252 1.40316
-21.3731 15.4824 1.96972
-16.0962 5.53671 1.79667
14.8448 3.66904 -0.359972
-5.01332 -3.0348 1.88751
0.286111 -8.10994 -0.571322
-26.5377 19.9342 -0.179113
-2.47364 -5.8708 -0.110916
-23.5361 12.0277 -1.27297
-7.26992 -0.877142 2.60175
5.57462 0.856335 1.67021
-8.167 -0.686333 -0.696622
-8.10148 -1.35402 0.486395
-0.000555289 -7.81242 1.09444
-8.86608 1.1127 2.53432
-24.6409 9.85308 1.81321
3.22267 -9.00459 2.99934
-0.301562 -2.49173 -0.526116
-20.6499 2.93345 1.49087
-6.98156 3.57013 1.919
-0.0628676 -6.84651 -0.412793
-18.2919 9.27736 -1.11423
15.6703 -0.220375 2.80573
6.06172 -2.97931 2.4914
-5.57335 -2.16971 -0.61706
-1.70142 0.310095 -0.603235
10.9065 2.87158 2.77861
0.0942154 -4.78508 -0.464267
-27.686 18.5036 0.244423
-27.3039 18.9845 0.244058
-5.09873 0.900147 -0.660494
-14.3727 3.48377 -0.893087
-26.0964 20.4997 0.243479
6.20715 1.57955 1.66669
-25.7771 20.8961 0.243459
-1.62955 -5.89184 -0.480706
24.4165 5.01298 2.07472
-8.46293 4.44265 2.00007
0.906862 -3.68008 -0.47825
-7.44298 -0.432972 -0.678695
-23.6735 12.4669 1.99684
-4.62279 2.48827 -0.703829
-11.0066 9.34591 0.0924052
-23.3501 5.094 1.49068
15.2525 0.0941762 2.73317
2.21654 -7.96628 2.29455
-16.3947 13.2926 2.09763
-18.5256 12.7088 2.09078
22.4844 3.26535 2.66707
0.0525395 -7.47608 2.38525
-2.27307 -0.277378 -0.602465
2.6352 -9.95147 -0.242273
-4.34943 -0.159008 -0.634831
11.1966 0.668409 2.83818
-1.29876 -6.80002 -0.290282
-24.8062 12.4818 0.0237081
-0.831156 1.23896 0.30318
-13.4707 4.49505 2.366
-10.0946 8.70707 0.503079
-7.52568 1.89068 2.5535
-4.23038 0.503505 -0.647701
-1.13539 -6.92825 0.308265
-25.8528 13.6098 0.0259526
11.5832 1.93637 2.17562
-1.01751 1.38467 -0.103556
-12.6734 5.43364 2.38422
-2.87321 -1.28223 -0.580925
-20.8531 8.71224 0.503187
-27.4134 14.8636 0.0280886
-28.297 15.5682 0.0286786
-18.217 9.0294 -1.10454
-12.27 7.87631 2.34337
-7.893 -1.52674 -0.322847
2.87364 -9.72292 2.53658
-0.831836 -6.96021 -0.433957
15.7721 3.50701 2.39497
-25.9557 7.18432 1.6792
-7.01887 -2.22368 -0.105725
-26.7226 19.6894 -0.578711
1.44623 -8.98644 0.0937081
4.1402 -0.0344804 -0.401774
-8.56034 1.95085 2.11012
-29.2006 16.5353 0.0297899
-16.8496 2.28904 2.10455
-3.06678 3.02983 0.902084
-4.74963 3.36178 1.98954
-12.7519 4.51563 -0.90215
-6.96999 3.93848 -0.777599
12.2666 2.67518 -0.450989
2.89283 0.104052 -0.41292
4.5573 1.11462 1.81052
-3.2532 -5.24338 0.308855
2.08361 -6.75597 2.18742
-4.81664 -4.05244 -1.80875
-10.1819 5.8514 2.31927
-2.07707 -6.12011 2.28415
-21.0994 3.26012 -0.701482
-1.42034 -1.95923 -0.54724
-25.2131 13.0817 0.723341
-9.12328 -0.5153 1.88915
-20.0416 3.60517 -0.980879
-15.6864 1.9341 1.66779
-1.90202 1.91303 -0.647031
10.7039 1.36804 2.79645
-5.75869 -2.32282 2.0893
-28.4626 17.5314 0.0296224
-23.6934 16.4627 1.26409
1.90008 -0.302366 -0.456766
-6.92005 -1.10894 2.61215
-7.34795 -1.94213 0.906613
-0.811827 -7.22895 -0.660753
-28.3315 17.6914 0.0295944
-9.66946 5.8884 2.4423
3.72435 -0.130549 0.905113
-0.359326 -7.32749 -0.408671
-3.02118 -5.43163 -0.309043
3.30176 -9.69795 2.54613
-9.55471 -0.0865604 1.30073
-10.0479 4.94342 1.9354
-4.90565 -3.90093 1.69781
0.308897 -8.05878 0.896118
0.44548 -7.23449 -0.392916
-21.2482 3.41845 1.67422
1.90114 -0.696161 -0.483681
-6.99708 -0.858881 2.59613
-28.203 17.853 0.0295989
-8.10309 5.89539 -0.852393
-9.77002 6.97197 1.48457
-6.0843 2.56276 2.33285
-19.2168 12.501 1.5662
0.935284 -6.18303 -0.4164
-23.3582 5.09243 1.12313
-14.6775 4.74972 -0.931726
-0.000823407 -7.80433 1.27735
-9.34814 -0.367502 -0.309277
-0.105376 -2.87372 -0.515883
3.49679 -8.67892 2.98967
-7.35707 6.50603 1.24534
-9.10443 6.88344 2.39554
-27.3086 18.9764 0.0294073
-23.6654 5.46738 1.81288
14.3157 3.68299 -0.4408
0.899323 -3.89734 -0.474921
-4.8341 -3.22083 0.0841144
-2.62466 -5.75816 -0.853107
-25.2601 13.3056 1.69568
-7.34172 3.75199 1.98016
3.74199 -0.138331 -0.0985807
-18.271 10.5731 -1.14678
-2.54034 2.60383 0.670456
-12.218 9.396 2.28477
1.64763 -9.15643 -0.105713
0.712124 -5.87632 -0.429286
-18.2825 10.3563 -1.14147
-2.4686 2.54566 0.708191
-12.2803 9.28486 2.28193
1.54446 -9.07644 -0.1032
-9.85067 5.22758 1.92739
-9.34564 0.225749 -1.08532
3.49736 -9.96901 2.47942
-26.3416 7.46007 0.0422338
-11.2761 4.90648 2.4275
-20.1042 2.47781 -0.665151
-14.9892 8.74046 1.72413
-13.0633 8.49948 2.3103
0.642163 -8.35305 -0.12064
0.520489 -8.25564 -0.110847
-4.82038 -3.21047 1.47634
0.305179 -8.07974 -0.122231
-20.7363 11.7482 2.07579
10.8897 1.61565 2.78554
-1.70447 1.70646 -0.633171
-4.81847 -3.27768 1.08704
-5.28925 1.69596 2.07064
-10.431 6.73924 -0.902043
0.109287 -7.9235 -0.111879
-28.3123 17.6863 -0.785849
-5.79772 1.90658 -0.706234
-0.530899 -7.41594 -0.106067
-17.3601 3.78576 1.65358
-8.03697 1.32938 1.80549
-22.5475 13.8934 1.97632
-1.02603 -6.65707 2.60214
-9.02268 -0.258713 2.06544
-9.13357 -0.534185 -0.664396
-6.20441 2.31348 -0.725653
-1.0246 -7.02418 -0.109335
-24.9844 14.9681 1.27664
-8.91237 -0.712329 -0.292585
-23.5133 11.1181 -0.693797
-1.13715 -6.93374 -0.101001
-6.87618 -1.10767 2.61534
-22.9764 11.7424 -1.2421
-19.4682 2.70716 0.624649
-2.04028 -6.21395 -0.100957
-5.20666 0.951788 2.03529
-4.78267 -4.02426 1.11826
-4.75837 -3.29504 -0.101239
-2.87528 1.49658 -0.649812
1.1035 -8.7181 -0.261266
0.43059 -8.14765 1.49628
-14.5838 3.70136 1.86173
-5.32613 1.1109 2.07777
-21.0787 9.81261 1.44996
-4.93373 -3.14699 -0.10226
-0.81743 -4.85076 -0.477129
10.8591 -0.200995 2.30958
-16.456 5.22023 -0.140678
-17.0551 12.6472 -1.15205
-5.75785 1.43951 2.01366
-5.37448 -2.78635 -0.105497
-8.21076 5.32141 -0.832077
-1.73398 -0.0616589 -0.600639
0.622215 -7.55959 2.33139
-15.2114 2.30857 1.56816
0.90965 -4.12954 -0.470035
-0.499663 -3.68511 -0.497848
3.11221 -7.89453 2.95129
-5.53551 3.09071 1.82938
-27.5488 18.6548 -0.376852
-8.40314 7.34052 1.38029
-11.3203 3.69043 1.67067
-10.6661 2.3597 1.81986
-7.86992 6.46013 1.75957
-6.18199 5.53312 -0.506035
14.0454 3.79522 2.42408
-8.34062 6.9492 2.40718
3.28215 -1.93567 -0.462854
-24.6686 9.69107 -0.952215
-10.0744 0.980625 -0.117325
-5.00783 -4.04477 -0.22395
-22.4212 4.31665 -0.327901
-14.4033 8.27708 -1.00258
-8.53015 7.16362 2.40287
-10.1701 1.06421 -0.11609
-4.65885 0.886783 -0.662342
-23.391 5.86198 -1.00954
-14.5011 8.51101 -1.01542
-8.4639 7.25703 2.405
-27.8184 18.3435 0.442245
-27.3569 18.8475 -1.39127
-6.80985 5.05029 1.93493
-16.1301 5.63171 -0.142612
16.8814 2.12188 2.7124
-4.99008 3.67315 -0.753242
-10.4614 5.91088 -0.872493
0.108499 -7.89603 1.29578
-12.6446 2.11161 -0.85487
-6.67216 0.912144 2.57489
-16.2177 5.91547 1.5204
-24.698 9.70054 -0.142969
-10.8472 6.91609 2.3837
-1.83343 -2.71202 -0.544021
1.71637 -8.76869 2.8965
-14.341 3.3585 1.55451
-20.7903 8.76036 -0.121541
-2.90138 -5.52614 -0.109874
1.06641 -1.10483 -0.51286
-7.70977 -0.308906 2.58612
-8.04312 -1.42708 -0.936363
-13.9989 3.78021 1.53049
-20.4372 9.20854 -0.120793
-5.56372 2.84469 1.88632
14.7537 3.79198 1.27914
-16.4689 5.26463 1.69656
-8.3582 -1.1694 -0.9462
-20.7081 9.48419 -0.123144
-2.09787 1.70001 -0.644891
10.6254 1.60249 2.78472
29.1803 4.87748 2.5765
-5.3006 4.84366 2.47827
-20.1772 3.50107 -0.985979
-7.3382 -1.55403 2.14716
-26.2962 7.71129 -0.477394
-14.1084 11.7249 -0.431632
-5.03884 -4.05701 1.09284
-5.47898 0.80121 2.00107
7.01211 -3.1043 2.40245
-11.1751 3.33232 -0.846764
-1.89535 0.893407 -0.614045
-28.3328 17.7036 0.245271
2.10318 -6.30282 -0.40104
-4.74228 -3.80629 -0.589932
-28.2533 15.5519 0.428101
0.391633 -8.19475 -0.588906
-4.90508 -3.11985 1.90233
14.8549 3.67153 -0.360218
2.67058 0.660883 -0.425953
-5.06225 3.49864 -0.748024
-6.74316 4.54422 1.60393
-8.71608 1.49664 2.53151
-4.20693 3.95523 -0.0624154
20.4355 4.19618 2.96671
-23.5124 5.88847 0.461479
1.06685 -5.42081 -0.434476
-1.79476 2.00455 -0.0806799
-8.88771 1.67249 2.05345
0.462656 -8.1666 2.08276
-11.159 2.28983 -0.827021
-20.6527 2.93289 1.68864
1.31883 -8.88775 0.0908433
-0.514424 0.984235 -0.102178
0.437909 -8.16079 1.09774
2.24467 -9.19416 2.68375
-0.239877 0.767563 -0.10224
0.0315288 0.543222 -0.12033
-2.38467 2.47429 0.0956292
-12.4775 1.93102 1.95473
3.70919 -10.266 2.29
-21.9617 3.94934 -0.320419
-13.4281 3.54106 2.1501
-14.4791 2.63493 -0.888168
-5.12418 0.103108 -0.653313
3.31106 -9.1661 3.00407
-6.61156 3.02853 -0.751064
-4.7706 -2.38181 2.03758
-27.1393 19.1181 -1.39027
-6.49657 5.29397 1.93503
-5.00445 -4.20997 0.187463
0.290256 -7.74075 2.39309
24.7032 4.75569 1.87706
-16.9512 2.30139 -0.928557
-26.264 20.2301 -0.988852
-0.0278925 -7.81937 -0.130163
5.47036 0.428549 -0.101291
-0.452744 -7.05574 2.69404
-8.65299 -0.71166 2.08161
4.80024 1.01594 1.68564
-7.33871 -1.94445 1.50145
-0.800371 -7.21371 -0.115306
0.0923635 -4.31828 -0.477709
4.31109 -9.34283 2.53394
-19.5198 2.52892 -0.282579
-0.361834 -5.36298 -0.456369
11.4119 2.2689 2.79582
-1.19555 0.994712 -0.602341
-26.7205 19.6911 -1.59935
-9.03722 2.28188 2.01023
-25.9816 7.19034 0.687348
-28.5922 17.3758 0.636027
-25.7764 20.8927 0.440257
-9.45056 0.0576533 -0.0952997
-8.37666 4.74598 1.84051
-12.9104 8.06546 1.88378
-23.4696 5.87965 -0.273681
3.08754 -9.70874 2.47234
-1.684 -6.46186 1.89188
13.5196 1.58427 2.26778
-25.7304 13.9504 1.28229
-19.3079 7.92711 1.68924
0.000965784 -7.79921 1.39641
12.8363 3.21439 2.49124
5.4395 0.625009 0.256681
-15.7321 7.74207 1.74244
-9.28622 0.293443 -0.301947
-19.6586 2.91555 -0.105646
-9.2284 5.06875 1.98168
3.71152 -2.30143 -0.464534
-5.56279 5.0426 -0.706541
0.664248 -7.17732 -0.390502
-20.7849 8.75888 -0.324112
-10.6842 1.38003 -0.716594
0.856348 -7.20912 -0.393559
-6.14187 -2.95169 -0.494521
-20.6434 8.93213 -0.331071
10.6363 0.817693 2.17472
-15.7991 2.49317 2.37141
3.71309 -10.2958 0.493139
-20.8471 3.09402 1.12372
13.2579 2.51147 2.24804
-0.102848 -7.3304 2.77243
-8.21182 -0.827665 2.12754
-2.03078 -5.35976 2.18511
22.2712 3.42295 2.51365
-12.0802 1.7164 1.96082
-20.5254 9.09796 -0.322652
8.6443 -20.5187 2.28096
-10.4774 8.47469 2.3298
-19.7632 11.0346 2.10637
-23.6292 10.9999 0.345985
10.1004 1.84039 2.78103
-2.49785 1.492 -0.647084
-23.2008 13.3328 -1.28761
1.81589 -1.87278 -0.492309
-0.507297 -5.78108 2.18403
-11.9571 2.02964 1.94901
-9.04561 -0.612735 -0.658423
-6.22189 2.16187 -0.721751
-0.906757 -7.11653 -0.100765
-6.21667 2.07085 -0.717918
4.72648 0.985914 1.73139
-7.45993 -1.85202 1.50135
-23.6082 10.9901 -0.294789
-11.9214 2.75488 2.41521
2.40329 -5.50594 2.28994
-9.24091 -0.438423 0.67815
2.19356 -9.56223 2.09207
-25.3413 6.6804 0.347508
0.756196 -8.43575 0.304425
-6.53847 1.65211 1.96177
-23.5333 5.74129 -0.495942
-4.47593 -3.46663 2.16721
-23.4212 11.2548 -0.933606
-7.2737 -1.5898 2.29191
-26.2905 7.7117 -0.644637
-13.7292 4.81634 1.70763
-4.49549 2.29039 1.8712
-10.8185 8.46884 1.44983
-23.0197 6.07002 -0.996481
-4.45907 0.958389 -0.661397
-7.74194 3.88376 -0.788153
-25.1481 12.8537 -0.319772
-8.1981 7.16033 0.947013
2.97511 -9.80861 2.7781
-16.8172 11.2378 1.76104
-1.89161 -6.30585 1.50072
-8.28856 -0.254074 1.99175
-9.94759 0.888296 0.31599
3.70477 0.0859845 -0.416641
-8.49894 -1.04856 -0.490592
-23.3684 5.09606 0.455416
-4.76339 -0.105236 -0.640639
14.7497 0.723697 2.18873
4.56767 -11.0335 2.6477
1.70304 -7.35344 2.91686
-24.4933 14.8857 1.43623
-27.3978 14.8607 0.570548
-20.8646 8.7152 0.921794
-28.3701 15.616 -0.366291
-11.9825 5.70882 -0.884575
-7.13974 0.615383 1.8339
2.65239 -9.93831 1.90457
-29.2091 16.3124 -0.378844
-16.1137 7.14678 1.7519
-18.7512 12.6941 1.83293
-2.66026 -0.190366 -0.599234
-18.3225 7.65436 -1.078
12.6432 0.357979 2.10702
-29.0882 16.7165 -0.379926
-5.05074 -3.03629 0.489915
-7.6905 0.108881 2.5765
-20.1281 14.3593 2.00109
-0.514539 -7.39555 1.2994
-8.56459 -0.97438 0.690756
-7.67625 1.70728 2.53799
-28.3249 15.5903 -0.761034
-18.3645 8.00512 -1.08757
-16.6306 5.04451 1.13537
-1.68886 -6.28535 -0.481016
-6.90988 -0.508452 -0.672754
-4.13105 2.30151 -0.689944
-0.516719 -7.41897 0.0980112
-11.9309 2.89916 1.69334
-20.4641 9.22458 0.713141
-14.1433 7.67073 1.69815
-27.0407 19.2952 -0.376291
2.92776 -10.1051 2.08246
-1.89031 -6.11012 2.32301
-25.6551 21.0554 0.440143
4.60767 1.06994 0.493669
-2.46145 2.54032 0.887034
-3.85968 1.87023 -0.673373
-13.5252 9.35072 2.15599
-28.1062 18.0423 1.25953
-26.9135 19.4548 -0.37618
-7.02181 -2.22437 -0.28681
-26.7215 19.6929 -0.37602
-28.2695 15.5634 0.236945
-25.7643 20.8829 -0.375734
1.90335 -9.32921 1.89246
-3.43588 2.69844 -0.692287
-7.88644 0.146508 1.91215
-9.49551 0.519621 -0.303383
-21.0854 15.5387 1.95439
-8.27977 1.09714 2.54639
-3.8114 3.62834 -0.0963233
-21.0032 8.55037 1.41375
-4.90456 -4.30934 -0.133507
-24.1581 5.73712 -0.508612
-26.7136 19.6839 -1.80191
-25.9789 7.19034 0.358032
-6.69233 -2.46989 0.896594
-25.224 13.0895 -1.10552
3.65431 -0.244619 0.0948194
-16.5605 5.07802 -0.301649
-16.4519 5.21077 -0.300759
-11.6497 9.22409 2.30061
-12.7868 5.31719 1.54427
-4.44383 0.0970616 -0.642556
-24.7294 6.19474 1.27789
12.9591 2.47511 2.78005
-4.01622 2.65461 -0.702385
-5.69735 3.71957 1.64363
-7.24699 -2.02927 0.700703
0.108833 -7.89804 1.09802
-8.57158 4.38045 1.96224
-1.72325 -5.90026 -0.483378
-16.2588 5.9292 -0.301422
-5.43763 -2.69375 1.30672
-16.5246 6.14112 -0.306774
0.896519 -3.48451 -0.481729
-4.87457 -3.50059 0.0978688
-8.79329 0.730582 2.55032
-4.30348 4.0477 1.29673
-7.23115 -2.02287 1.90252
-25.363 6.68419 0.108165
-20.9724 3.11026 -0.367875
-1.89182 -6.29275 2.09872
-10.481 5.11437 1.65782
-21.754 3.77371 0.0909937
3.10637 0.499051 -0.421682
12.3727 3.08547 -0.45807
8.87124 -20.7087 2.23928
12.2363 2.04634 2.83302
-9.7093 3.88149 -0.823357
-19.462 11.2621 2.0923
-5.56022 4.36682 -0.774957
-19.9973 8.71889 1.89947
1.32245 -8.87376 1.09456
-12.4957 8.29631 2.32227
-5.60525 -2.73474 0.312004
-11.7718 7.50179 -0.930167
-0.0459914 -7.80334 -0.295356
-26.2691 20.2427 -0.780785
-29.1982 16.538 -0.584919
-9.60264 -0.117406 0.344852
2.49656 -0.891355 -0.447988
-1.58135 -6.56557 0.908251
-9.68506 0.685172 0.904058
-21.7018 12.4684 2.02574
-2.69177 2.49171 -0.676109
-4.82012 -4.41985 0.648792
-4.91007 -3.66544 -0.526345
-11.5427 8.07295 -0.938683
-26.0123 20.5589 -0.780966
-28.834 17.0403 -0.583861
-10.6022 5.4753 1.91741
-28.7063 17.2034 -0.583405
4.10672 -10.6472 2.28938
-11.3905 9.34318 -0.982517
17.0134 2.63135 2.44778
-9.82499 0.78488 -0.11191
-11.4149 1.90973 2.24866
-7.26823 4.60107 1.90265
-27.7766 18.3185 -1.39342
-6.29444 4.29215 2.50328
-11.0355 9.36262 -0.275739
-12.6261 10.4921 2.08347
-27.1888 19.153 1.05665
-7.70123 6.64745 1.88074
-24.7571 6.20022 0.651011
-27.1667 19.1304 -0.579282
-3.67739 -1.69793 -0.586789
-4.65987 0.143642 -0.647613
29.3581 4.72435 2.76742
-6.96327 -1.5549 2.62781
-9.69416 5.49378 2.43701
-6.32473 4.08755 -0.777835
-13.2445 5.17801 2.36971
-3.52762 -1.52022 -0.587971
-9.47159 5.58204 2.43787
-6.22605 4.28597 -0.780699
12.0448 3.02531 -0.216481
2.91235 -1.08454 -0.44096
24.849 4.62682 2.32191
-10.5702 5.9011 -0.879243
1.1188 -4.57532 -0.458506
-10.2488 7.99885 1.60811
0.698858 -4.25615 -0.471453
10.468 1.32472 2.7913
1.89147 -9.35333 -0.254432
4.60323 1.08113 1.11755
-2.69071 1.50019 -0.651138
1.48822 -8.93287 -0.295575
2.9194 -10.1349 1.50822
1.69844 -5.53865 -0.420141
-18.1893 7.9275 -1.07677
-2.4937 -0.109997 -0.598518
-9.94977 8.31797 -0.942032
-5.11969 3.27013 1.67072
-9.45371 0.0334893 -0.313496
-5.03655 -3.59368 2.01864
-26.4267 20.107 0.846291
-6.69825 -2.48989 -0.299285
-9.55404 -0.200899 -0.965106
-7.94923 6.12559 -0.853333
-17.6491 13.5644 2.07149
-0.224685 -7.38691 -0.400229
-6.16601 5.51993 -0.682266
-6.19527 0.872807 -0.685502
-12.3437 4.0782 2.40907
12.8791 3.14169 2.72742
-22.9553 13.3799 -1.28101
-10.1732 1.06436 -0.303925
-23.6694 11.916 0.353015
-9.03663 -0.611349 -0.102734
1.90224 -7.42605 -0.36883
-18.7267 2.54392 -0.444391
-14.8726 7.25962 -0.999622
-16.3457 5.34239 -0.458473
-4.55354 4.23024 -0.298557
-16.2408 5.47413 -0.456928
-16.5204 6.13885 -0.469922
-7.76453 0.487839 -0.707614
-23.4023 5.86434 -1.00916
-4.86813 0.890111 -0.663165
-20.6483 8.92673 -0.529322
-20.517 9.09505 -0.528091
4.06519 0.507916 -0.422383
5.81359 1.57798 1.92303
-14.4436 3.90128 -0.90304
-8.01048 -1.43945 -0.512958
-20.422 9.20328 -0.527091
-6.64006 5.28246 -0.824375
-11.2329 2.81527 1.79251
12.3268 1.90618 2.8484
-4.06487 -1.08755 -0.609247
-21.0457 4.52364 -1.03695
-19.4773 2.706 -0.282319
-10.075 0.992166 1.09745
-2.02037 -6.22039 0.887981
-27.9265 18.1683 -0.784302
9.85805 -0.150632 2.18313
-9.93872 0.876971 -0.110262
-20.9313 4.70073 -1.03284
-27.6705 18.489 -0.783435
-25.2235 13.0816 0.0252346
2.21235 -9.57575 2.30305
-6.90746 4.46447 -0.798935
-9.83326 0.786303 -0.504158
-4.17238 3.92368 -0.252498
-20.8304 8.729 0.299246
-5.18214 4.75593 1.49282
-27.4158 18.8095 -0.782743
-8.00428 -1.43981 -0.116978
-16.8865 2.48579 -0.92611
24.8462 4.62531 1.88574
-20.665 8.93429 0.298849
14.6296 3.85499 -0.356142
0.215742 -8.04913 -0.568528
14.7275 3.78431 -0.357955
-6.92071 4.69672 1.59847
15.8549 3.45738 -0.382028
3.11183 -1.89444 -0.472266
-8.63768 3.25624 -0.785031
-10.0403 5.64571 1.91868
-19.2994 8.13201 1.69497
2.76718 -10.0588 0.906675
-20.3577 12.118 2.06309
2.76038 -9.40029 -0.29209
2.74664 -10.044 -0.118742
-4.99924 -4.08693 0.696276
1.89974 -6.8606 -0.385947
2.49103 -9.44037 -0.290985
-9.58112 6.83533 2.40006
-14.2825 11.8687 -0.266969
-6.17059 5.5254 -0.804611
-26.0899 20.4888 -0.179063
-7.77825 -1.59661 1.49407
-28.6981 17.2011 -1.6117
-23.8793 12.0172 1.08982
-8.30616 0.276973 2.56441
-17.8864 5.18753 1.62178
-21.9575 12.0839 2.02838
-5.96046 -2.64965 2.49282
22.3943 3.32479 2.52559
-13.2408 2.548 1.91694
0.50116 -2.2938 -0.512322
-5.25074 3.10615 -0.741662
-9.08225 6.9635 2.40236
-10.2416 3.10707 1.71925
-17.9673 7.70128 -1.05984
-5.0546 -3.79886 -0.848264
-6.75507 2.70268 2.01862
-28.9676 16.8818 -0.180813
2.50835 -9.50523 -0.293064
-10.8072 4.71031 -0.856257
-4.42299 -0.627507 -0.625308
-4.83861 -4.22583 2.08075
-19.92 13.3106 1.20083
-9.38493 0.0955609 -0.675478
-0.09875 -1.69329 -0.532921
-9.18856 6.26123 -0.875692
-18.9684 13.7117 2.03802
1.13372 -5.37196 -0.431716
-1.70235 1.92867 -0.10267
-20.9212 15.8162 1.9571
-28.5773 17.3694 -0.378743
8.52017 -0.0692283 2.69549
-0.348206 -1.40567 -0.54197
-25.1654 12.8561 0.0251004
2.461 -0.0896682 -0.40495
-1.57456 -6.58212 -0.283722
-5.69196 4.28387 2.51274
-0.833018 1.23779 -0.305144
-5.87868 3.10341 2.5443
-15.2525 5.58861 2.30982
-21.7328 3.77142 -0.518789
-27.6813 18.495 -0.179597
7.32005 1.00311 2.13474
-16.2008 5.90821 2.0238
-0.118406 -7.72878 0.505069
-6.26496 -2.8483 -0.288468
-21.9561 3.94907 -0.524693
1.51153 -0.0900959 -0.494754
-7.27358 -1.48591 2.61226
-28.5932 17.3708 0.0296508
-7.82719 3.27038 1.9891
-0.948972 -7.11487 -0.55028
-9.04435 -0.610195 -1.08684
3.57123 -2.29156 -0.464682
-7.24087 3.537 2.10735
5.30847 0.528045 1.09857
-0.330304 -7.55863 0.491703
-6.53345 -2.6244 -0.295027
-1.26464 -6.87243 -0.677705
-9.38134 -0.359528 -1.27264
14.5611 3.93263 -0.355052
0.0717281 -7.92909 -0.538569
-6.89937 -2.32627 -0.305149
2.78112 -10.0526 1.89923
-21.1436 3.27156 -0.895537
-2.50104 -1.10585 -0.585687
-10.0414 0.989233 1.68243
-5.47004 3.50509 -0.752055
-14.7915 6.07445 -0.965795
13.9379 3.40403 -0.427834
-7.56164 -1.79091 -0.303988
0.308791 -4.52803 -0.468032
-7.8922 0.324166 2.56856
-24.672 9.69454 -1.10982
-9.51411 0.532192 -0.504608
-27.7948 18.3263 -0.783751
11.0103 0.114103 2.18724
5.66046 0.941192 1.64636
-11.7538 8.11349 -0.952516
-1.08592 -2.0702 -0.541479
-25.0352 13.1846 0.720954
-10.363 6.69462 -0.896011
-6.89812 -2.33895 -0.975259
-10.0604 0.968371 -0.483071
-21.9512 10.3831 2.11503
-13.8743 3.97575 1.57358
-18.6213 9.08761 -1.1249
-5.4275 -1.81889 2.0069
-20.5247 15.716 1.2952
-10.9266 8.74641 -0.329826
-8.91552 0.000548764 2.57722
-22.9082 4.69777 -0.696977
-23.3559 5.08905 -0.712462
-10.5011 5.10248 1.55015
-8.46579 -0.0507051 2.55775
0.304676 -1.42946 -0.529355
-2.01635 -6.19534 2.19371
2.77705 -10.0345 2.12057
-6.32786 5.09653 1.9512
-26.2768 20.251 -0.374576
-0.146211 -7.75587 -0.709188
-8.21206 -1.25776 -1.26696
3.37781 -0.537476 -0.432901
-22.1563 16.9098 1.90394
-28.0679 18.0161 -1.60661
-23.6887 6.08803 0.467021
-23.6699 5.30982 -0.723077
-20.6585 2.93563 1.30142
-6.91506 -1.91411 2.15353
4.75209 -3.20707 -0.415776
-8.69477 -0.887004 -0.0967018
-24.1347 5.7256 -0.739251
12.2322 2.51083 -0.141479
-5.92684 4.51 2.51089
-25.7043 6.93791 -0.793663
-6.36131 1.93723 2.0024
-15.6276 4.42587 1.81138
-4.51275 -0.306704 -0.633012
10.8109 0.861991 2.81052
3.51969 -1.67284 -0.426365
-2.37548 2.46545 -0.499395
-4.00576 1.87607 -0.675854
-6.78887 -0.942286 -0.665289
-25.954 7.17689 -0.80341
-9.36227 5.76427 2.43791
-23.6907 11.9286 0.194314
-26.3726 7.47007 -0.901258
-2.4734 1.29951 -0.637461
-3.12577 -5.34558 0.101841
2.69917 -1.71712 -0.48126
-28.6932 17.1902 -0.997609
-20.8674 3.09608 1.83743
-8.87592 3.51339 1.90944
-16.5531 5.07492 -0.461586
-2.3519 2.45162 1.10339
0.492387 -5.20435 -0.443994
-26.8914 19.4388 -1.19253
-27.9443 18.1842 0.244723
-0.513434 -7.4195 0.303616
-1.5727 1.8293 -0.305319
-25.2325 6.48287 -0.695416
10.4498 1.48562 2.79221
3.08582 -1.07349 -0.377399
0.170854 -7.37186 -0.399558
-5.00799 -3.80977 1.7045
-20.049 13.7566 1.51593
-2.46543 -5.8703 -0.485342
-9.31092 4.36969 1.96653
-25.1886 13.0693 1.42225
7.59575 -19.6865 2.47632
-8.15505 7.12241 0.375835
-2.03602 2.1924 -0.333392
-9.47872 0.565261 2.41971
-14.6395 8.65375 -1.0272
-20.4226 9.20353 -1.07869
24.8525 4.62843 2.04593
-20.6626 8.93192 0.0926827
-27.2824 18.957 -0.990909
-4.87804 -3.50316 0.29999
-10.1573 7.29307 1.46713
-6.16271 0.312323 -0.676304
-27.1566 19.1177 -0.990585
-23.5384 6.50833 -0.727814
-17.8258 13.7353 -1.22179
-28.6702 17.3041 0.853553
1.50036 -0.302345 -0.501039
-23.5127 11.8352 -1.26798
-27.5438 18.6498 -0.783093
-4.77866 1.81773 1.91964
-7.30477 3.92542 1.96069
3.66643 -0.242093 -0.0999392
-10.9038 9.05697 -0.945195
-7.48269 -1.87673 -0.911267
-6.36687 -2.76031 -0.511979
0.531845 -8.23847 0.894484
-5.05262 4.63584 -0.287625
-8.37857 3.74535 1.979
-1.48521 -6.67013 -0.512847
-9.49964 -0.252088 -1.10457
2.68051 -8.50601 -0.320208
0.498784 -4.49374 -0.466267
-7.65992 0.489695 2.57081
-5.98429 4.78976 -0.791727
-24.5701 9.82897 -1.10792
-6.29287 1.92908 2.05077
-7.36193 -1.96503 -1.0684
-10.8984 8.88875 -0.849163
-4.82057 -4.03381 -0.297881
-21.8123 6.17985 1.69226
0.892017 -8.50182 2.42403
1.26713 -3.52793 -0.474475
3.14307 -9.04277 3.00225
-0.109051 -7.44664 2.37886
-16.2251 5.47143 -1.03426
-4.54758 4.21621 -0.709733
-10.8835 8.87587 -0.719049
-2.27503 2.38981 0.914995
0.528803 -4.95598 -0.45291
-10.6484 4.71914 -0.845779
-20.3856 12.2199 2.07004
-4.12548 -0.6915 -0.618923
-5.05678 -3.80444 -0.303514
-4.94176 -3.6182 -0.293948
-4.53703 1.50362 -0.669292
-25.6459 21.0525 0.243296
-8.00377 -1.43948 -0.228057
-26.247 20.2302 -1.38819
-14.9665 8.96247 1.73366
-11.2788 5.00074 2.43467
-1.08777 -6.73696 2.34704
-20.2009 2.61795 -0.732068
-2.50205 0.300354 -0.613008
-5.31536 -2.49416 -0.605759
-7.86224 0.712344 -0.718067
-11.411 3.47626 2.43249
-6.27817 -2.84441 -0.856937
1.30582 -8.68173 3.17889
-6.33511 3.06225 2.54089
8.60127 -0.158801 2.64866
-9.50058 0.524154 -0.691053
-6.55939 3.23444 2.52701
-9.69005 0.693657 -0.693061
-8.59628 -0.953144 -0.415443
12.8634 2.68103 -0.309266
-0.538571 -6.92468 2.36836
-13.5245 6.68025 2.33564
-22.4325 4.32084 -0.888303
-23.0819 4.885 1.91001
-27.7911 18.3157 -0.992712
-4.70285 -4.1572 -1.70173
-13.9372 6.94495 2.30853
-22.6668 4.51022 -0.898242
-0.12018 -7.16599 2.37211
24.2567 5.13642 2.61737
-23.1371 4.89988 -0.91964
-8.91187 -0.712634 -0.101404
-7.26488 -1.68918 2.1298
11.4773 3.05486 2.78616
7.59529 -19.6824 2.28955
-8.16932 7.13518 0.265701
-1.69131 0.287574 -0.597241
3.55143 -9.97573 1.71538
-7.60107 4.42724 -0.800444
-9.70374 0.685494 -0.110416
0.402261 -8.18856 -0.804489
-4.8806 -3.08889 2.1668
-29.2089 16.3096 -0.180392
2.65084 -9.93271 2.09376
-4.77159 -3.24601 1.52588
-3.52189 0.697393 -0.639625
-17.0674 6.58507 -0.71137
3.48463 -0.470786 -0.125487
-7.44719 4.27522 1.95992
-6.43356 1.56947 1.95321
-20.4229 9.20503 -0.871286
-5.02058 -3.03006 1.69623
14.7099 3.68828 -0.452244
-10.9501 5.18021 1.79449
-25.1354 12.8483 -1.09815
-6.51245 4.92397 1.96077
-21.001 8.54787 1.5502
11.82 0.945213 2.41768
-25.8648 13.6229 -1.05108
3.50947 0.880638 -0.438446
-26.3115 7.453 1.11508
20.1465 2.73887 2.26793
-26.7362 14.2919 -1.08971
-19.8292 13.4268 1.20076
-4.87748 -4.09919 2.07901
-27.5044 14.9205 -1.12441
-0.674376 -2.10684 -0.537653
-8.9668 6.90851 -0.89136
-5.37682 -2.77639 0.292987
-19.6565 13.6652 1.20055
-6.3641 -2.76051 -0.288678
0.532167 -8.2483 0.48952
-5.03612 4.62035 -0.496259
-4.45704 0.698958 -0.657446
12.6768 2.07286 2.32407
-8.78303 -0.375709 2.29843
2.44033 -9.74954 2.44499
-2.7713 -5.59106 1.89968
-20.5917 8.38135 1.65916
3.71441 -10.2788 1.48761
-7.03782 -2.23799 -0.962807
-10.2587 1.13802 -0.495861
11.7431 0.503597 2.24752
2.05685 -6.28649 -0.39876
-4.86714 -3.97865 -0.488901
-10.8628 8.8965 -0.495104
-6.2029 -2.88224 -1.01627
-5.09207 4.67262 0.30341
-3.77713 3.59616 -0.234822
-24.4324 5.96127 1.26062
-26.8208 19.6395 1.25356
-23.3984 5.10267 -0.418279
-16.2482 5.47744 -0.298608
0.383133 -0.389487 -0.121853
-2.70898 -0.894589 -0.589287
0.840429 -8.53809 -0.517796
-28.6781 17.3103 1.26338
6.02923 0.855462 -0.216743
-27.8326 18.3555 1.05932
-1.20048 -1.57754 -0.554163
1.16852 -6.04709 2.13762
-25.152 12.8525 -0.492281
1.44564 -8.95831 2.09538
-4.81393 -3.28583 0.916893
0.604204 -0.310327 0.235347
-3.05075 3.01277 -0.288701
-18.4722 8.90921 -1.1132
-10.5189 6.13159 2.40329
-10.1758 1.06565 -0.491508
-6.11633 5.32559 1.94767
-7.47147 4.89508 -0.812791
-10.336 1.21083 -0.499987
-13.2441 6.11599 2.34467
-3.1251 -5.34965 -0.10939
0.958379 -1.25231 -0.519322
-6.39932 5.7292 1.29328
-8.48295 2.09355 2.07661
0.493243 -3.92692 -0.48145
-10.4043 7.75321 1.56371
1.93595 -6.63724 2.15095
-9.82801 0.784118 -0.686185
-15.3041 2.12853 2.39274
1.29612 -5.68797 -0.423001
-23.6757 5.31931 -1.01571
-12.6963 2.321 -0.860677
-6.67506 1.11854 2.58926
1.47225 -6.02967 -0.413352
-14.601 8.3304 -1.01515
-8.62404 7.08508 2.40766
-4.86687 0.69965 -0.658937
-23.4813 5.73201 -1.01236
6.09789 -4.296 -0.358797
-15.4367 2.00348 1.54737
-5.03315 4.61907 -0.683583
-14.606 6.56471 -0.966816
-5.28758 3.91315 -0.761584
11.2367 0.412886 2.21905
1.48495 -6.42845 -0.397916
-9.55192 -0.102734 0.302342
24.5479 4.88358 2.32912
1.99685 -9.43585 -0.217074
-3.02734 -5.42235 -0.450314
-9.5485 -0.0859661 1.0853
-6.08619 -0.0613425 -0.666686
-4.84068 1.46355 -0.676669
-23.5046 6.5074 -1.02088
-4.95624 -4.43858 -0.443123
-21.261 8.50295 1.70888
2.28906 -7.68649 2.93325
-1.2372 -3.75804 -0.504012
-6.11276 0.495638 -0.671838
-27.0305 19.2781 -0.990284
-5.14118 4.68356 2.51887
-20.4526 9.21612 0.0923375
-1.90126 -6.32422 -0.31366
-12.0575 6.51266 -0.913806
-23.3615 5.09647 0.901888
10.6854 0.518671 2.3023
-6.3517 3.85135 -0.7671
-9.28232 0.287051 -0.503343
0.27682 -0.608761 0.228784
2.90864 -10.1457 1.11248
-18.7214 14.3385 1.33012
-5.26537 -2.85414 0.902995
-3.47711 3.35119 -0.290987
-14.1321 8.67866 -1.00168
-23.5003 11.118 -1.08846
-26.2829 7.70629 -0.899401
-7.27168 -1.58388 2.50158
-23.4172 11.2551 -1.0878
5.11093 0.142313 -0.401994
-1.69794 -6.47614 0.498288
-2.66686 -5.65565 2.25543
-3.08008 -0.673896 -0.60199
-9.51678 4.70154 -0.835778
-0.77139 -6.59529 -0.442207
-28.298 17.6813 -1.39698
3.26585 -0.0820335 -0.396312
-28.3212 17.6918 -1.60856
15.7706 3.03429 2.48648
2.9276 -10.0974 2.29114
-27.906 18.1592 -1.39429
-28.2233 17.8766 1.0615
-2.09418 0.498717 -0.608137
-11.2677 3.11716 -0.849123
-4.92372 -3.13914 0.509773
1.31411 -8.46212 2.71039
4.05013 0.312562 -0.415145
-26.1289 20.3929 -1.19126
-29.0828 16.7119 -0.789572
-14.4757 4.10186 -0.908422
7.99885 -19.9963 2.80204
-7.69804 6.64511 -0.458694
-7.75979 6.77732 -0.876243
-1.70659 1.93395 0.0975438
-6.29389 5.63431 1.92779
-7.35955 -1.67784 2.83481
-7.90826 2.48651 -0.75415
10.7922 2.00772 -0.459388
7.08077 -3.65814 2.41807
-10.9677 3.9612 -0.846947
-20.807 11.4534 2.06814
-1.68552 1.49021 -0.625458
2.59247 -1.80071 -0.479899
-4.67429 -4.13173 -2.13267
-11.115 1.99761 1.88122
-17.8705 3.70084 1.81387
2.6926 -7.71411 2.93918
-0.906802 -3.88587 -0.497719
-3.82303 3.64033 0.0905765
-20.4584 9.2189 0.499498
-16.4611 6.2345 1.09751
-1.89495 -6.3543 -0.853485
-27.0396 19.2901 -0.579087
-23.5336 5.73618 -0.722016
0.831743 -8.49513 0.295789
7.30149 -19.4735 2.06707
-4.94309 -2.98347 -0.595945
2.09785 -7.31899 -0.366133
1.70168 -7.4754 -0.368801
1.52824 -7.56298 -0.370997
-18.5843 14.5068 1.32978
-2.70562 -5.67526 0.893923
3.72776 -10.2268 2.41318
-9.73154 5.43511 1.92653
2.1044 -1.28152 -0.486511
-6.74116 -0.293191 2.60708
-21.4757 3.59047 0.484879
12.5949 2.02387 2.80704
-3.93007 -1.2881 -0.603079
-23.539 11.1324 0.107191
11.727 0.900254 2.28509
-25.8684 13.6248 -1.04957
-4.91851 -4.42902 -0.318277
0.501691 -4.28205 -0.471848
-9.65569 4.0795 -0.825557
-3.19069 -1.20895 -0.601751
3.89433 -8.36513 3.01141
12.3227 2.33306 -0.450513
-9.04229 -0.611332 -0.49116
0.258914 -6.0325 -0.437936
-16.3939 2.65412 2.36176
-2.6621 2.69486 -0.100639
-18.6271 2.64689 -0.675549
-9.39236 0.103774 -0.507286
-7.59383 0.0632724 -0.69063
-0.959849 1.29303 -0.61187
2.69952 -7.47041 2.92534
-0.903217 -4.14464 -0.493795
-20.1163 4.00234 -0.988454
1.88822 -9.34099 0.506079
-3.68852 -1.30087 -0.595024
-9.35074 0.162219 -0.115833
-11.0433 9.29225 0.0811658
-4.60832 2.33613 -0.692681
-7.41452 -0.525693 -0.675854
-5.56119 3.31021 -0.749205
-7.53778 2.04169 2.53953
-7.12134 -2.14876 -0.496349
-0.910023 -7.1062 0.292795
-21.1887 4.89485 -1.04689
-18.143 7.12586 -1.05817
-2.29718 -0.897617 -0.587387
1.54446 -9.06394 0.488261
-8.85139 6.27375 1.54139
-16.9705 12.6719 2.10538
2.07201 -2.49164 -0.475748
2.63832 -9.94772 0.719432
-21.3416 5.06857 -1.05639
-4.92028 -3.12923 -0.700553
-21.0646 9.80603 2.0236
-16.1265 6.10637 1.81944
-6.50655 4.28963 2.49484
-16.9699 2.94333 1.60251
5.84686 1.65669 1.93994
4.07519 0.701992 -0.426375
-25.3722 6.68625 -0.141206
-1.57384 -6.36657 -0.475518
-11.049 9.29805 0.501623
8.01039 0.989286 2.28831
-28.4554 17.5326 -0.180283
-25.6366 21.0368 -0.57824
-7.50869 -0.16051 1.92187
-14.3541 4.12519 1.84798
-9.35583 0.431238 1.70533
-13.6725 2.89502 1.90514
0.104346 -2.70938 -0.519033
-0.870912 -6.72537 -0.451496
-7.67618 3.69862 1.98566
-12.0215 1.86647 1.95502
-0.975165 -5.05957 -0.468314
-3.1032 -5.31563 -0.49391
7.4459 -17.3734 3.03791
-25.7367 13.7569 1.46265
-24.748 13.0346 1.40313
-2.07686 -6.11633 -0.460269
-8.95126 4.30878 1.96036
-25.342 6.67832 0.498979
0.500538 -3.4956 -0.490624
-22.8891 6.03323 -1.13973
0.203443 -8.03544 -0.713827
5.62178 0.813455 -0.307735
-22.2817 6.16606 -1.11332
-7.68085 0.307768 -0.69915
-0.501 -2.10724 -0.535117
-22.3595 6.33641 -1.11956
0.24568 -7.99269 2.28917
-4.78432 -3.4127 -0.714408
-4.72782 -4.08049 0.499037
-11.1818 2.08049 -0.825792
-16.9925 2.62567 -0.932881
-3.11113 -2.29928 -0.570206
-7.17839 2.65265 -0.742963
-16.44 5.20787 -0.882908
3.72869 -8.01819 2.97816
12.2669 2.62232 -0.404584
-4.50195 4.1825 -0.516475
-1.6995 -6.48095 -0.114017
-16.3371 5.34115 -0.879986
3.67169 -8.11464 2.97771
12.1911 2.4636 -0.446771
-19.0642 10.1197 2.14551
-9.83064 7.53832 2.3691
-2.89367 -2.08102 -0.56718
-16.2304 5.4722 -0.876923
-5.63516 -2.53935 2.16792
-26.2957 7.80188 1.71085
-17.0933 4.11336 1.63658
-27.0352 19.2897 -0.781882
-20.452 9.21716 0.297759
-8.82156 3.99129 1.97384
-1.86843 -6.36967 -0.51944
-4.36813 3.95758 -0.75191
-23.0541 9.05659 -1.19328
-4.94353 -4.005 -0.929264
-17.7785 7.61941 -1.04918
0.406936 -7.33329 2.30221
-8.41122 5.04176 -0.834119
0.502087 -7.59639 2.36094
-1.91989 -0.074788 -0.6017
-8.30806 5.29718 -0.838109
-5.96177 4.9541 1.96008
-5.65522 3.15924 1.79669
5.33349 0.517371 0.504162
-20.5319 9.10204 0.298107
-0.102697 -1.44081 -0.53786
-9.35133 0.400721 -0.691048
-23.6255 5.66071 1.66031
-19.4392 2.69938 0.3176
-0.849323 -2.47614 -0.529404
-23.4321 11.2601 -0.294297
-8.58457 0.0855972 -0.729759
-17.0618 6.5795 -0.48764
-28.0689 18.0156 -1.81081
-23.4908 11.1107 -1.25147
-7.13558 -1.51147 2.63036
-23.3343 11.3006 -1.24863
2.09188 -9.50558 0.478502
-2.03273 2.19287 0.0689421
-21.2228 15.5392 1.96275
-16.0472 5.51873 1.79134
-28.8327 17.0437 -0.37933
-13.0944 9.10123 1.4837
-1.48769 -6.68154 -0.675194
-9.52024 -0.220365 -1.23828
14.5329 3.87709 -0.354074
-26.7282 19.6951 -0.179162
-7.02391 -2.22557 -0.308616
-28.0546 18.0083 -0.784988
-9.13421 -0.533437 -0.10379
-0.336067 -7.1422 2.69958
-21.0611 3.25789 1.26581
-5.03853 -4.5651 -0.284264
-21.0105 8.55164 1.54841
-4.89414 -4.28215 -0.27909
-12.5965 3.31692 -0.867936
-3.27376 0.890039 -0.639239
9.36443 2.46965 2.7467
11.5784 3.05133 -0.135654
1.69646 -1.90431 -0.49508
-23.3144 13.2082 -1.29098
-6.93201 4.08099 1.98082
15.4751 -0.0474731 2.53298
1.89107 -9.35375 -0.108628
-11.9776 9.5874 2.274
-1.69468 -0.498587 -0.586439
-28.1943 17.8539 -1.60825
-27.675 18.492 -1.60335
2.65393 -9.94155 1.70517
-11.7656 7.29625 -0.92301
-21.0533 9.80056 -1.11818
-29.2188 16.3137 -0.583311
-26.3073 20.2738 1.25243
-6.54913 -2.34214 -0.632319
-3.71306 0.499901 -0.637679
2.5275 -9.83393 2.09839
-3.22277 3.1442 -0.298968
-8.00457 -0.541304 2.02918
-7.5295 4.45054 1.83503
3.40648 -0.622296 -0.187243
-2.57881 -5.78201 0.705161
9.12983 -0.0937133 2.32789
-9.48134 5.29497 2.03101
-27.8144 18.3435 0.244562
-26.3064 7.7151 -0.147592
1.55349 -8.03449 2.92913
3.30687 -1.70723 -0.443209
3.42003 -0.498311 0.832327
2.62587 -9.94825 -0.117168
-7.55379 2.94838 1.99678
-3.93368 2.90019 -0.713163
-9.37042 4.77469 1.94815
-6.49574 2.05511 2.00311
-6.14355 -2.90517 1.09067
-14.42 2.74643 -0.886041
-5.12346 0.297845 -0.654253
-14.4314 3.24147 -0.893962
-5.12336 0.70272 -0.659312
-17.6469 4.76562 -0.991919
-11.6429 4.04665 2.43384
-17.6595 5.12031 -0.998109
-21.5377 12.7285 2.02506
-6.30099 2.10293 2.04509
-7.56557 -1.79001 -1.07114
-2.50753 -0.51271 -0.595333
-18.2549 7.42966 -1.06994
-16.2716 3.02845 2.35368
10.1746 0.21782 2.19487
-1.07751 -1.50967 -0.555722
1.28456 -6.1188 2.13066
-18.5265 8.6921 -1.11098
-5.10523 4.68489 0.303962
-5.21268 4.02943 -0.762617
-27.4105 18.8046 -1.80477
-3.1184 -0.493802 -0.603843
-9.49276 4.9053 -0.841438
-21.7369 3.76956 -0.724894
1.11756 -8.73335 -0.100088
-18.6554 10.1183 -1.15219
-4.5517 2.83173 1.70266
-18.7059 10.4448 -1.16315
-5.19702 0.564182 2.00643
-11.6745 6.70664 1.54065
-16.8662 2.28898 1.93596
-11.1688 9.51497 1.32104
-3.05741 3.01974 0.706272
-18.8752 10.9993 -1.18594
-28.1916 17.8506 -1.8119
-28.3511 15.6029 -0.761761
-7.91911 1.91685 2.53584
-14.6975 6.30003 -0.965505
-5.31554 3.85025 -0.759703
-27.543 18.6481 -1.80591
-6.87122 4.31319 -0.787981
-9.70494 0.68634 -0.497228
-29.1619 16.2894 -1.39902
-9.2919 0.293302 -1.08346
-16.1795 11.3958 1.47635
-5.07574 4.29751 -0.76988
-27.1597 19.1269 -1.80358
-7.11671 -2.13465 0.09821
-5.95564 2.46267 2.09152
-2.37454 2.46028 -0.643433
2.19604 -6.22873 -0.398446
-4.79178 -4.04419 -0.503118
-2.43789 -5.88672 0.728166
-9.38906 5.24412 2.05642
-10.7571 8.94081 -0.568537
-4.94564 4.45485 -0.770486
-27.0371 19.2899 -1.80327
1.92095 -7.92309 2.93876
3.54645 -10.1599 0.0640661
-2.13681 2.27683 -0.500261
1.67859 -9.14888 2.10546
-16.3598 5.34866 0.0709327
-8.7027 -0.881794 -0.0975768
-7.09928 -1.87973 2.13456
-25.3678 13.7608 1.44599
3.45856 -0.468376 -0.424635
-20.6409 9.45523 1.6941
-25.9613 7.18438 1.35113
-26.7185 19.6892 -0.781381
-16.7604 4.52658 1.61552
-7.67932 2.50296 1.95612
1.09764 -8.68479 1.69138
4.03167 -8.79898 3.03445
12.514 2.56817 0.671093
-6.94725 -0.329768 -0.675366
-4.0736 2.5011 -0.697441
-8.03275 7.01405 -0.578405
16.1036 2.74171 2.47526
3.56722 -0.354253 -0.386005
-6.3085 5.64727 0.293745
2.51289 -7.07553 2.2148
12.3115 3.08053 2.81452
3.10647 -10.1515 -0.648172
7.55425 0.0724146 2.7958
-9.53678 0.673682 1.94866
-5.16366 1.83284 2.10656
-14.5396 4.40972 1.97689
-13.0633 4.30744 2.37834
-3.38258 -2.47277 -0.566601
-8.15403 -1.15947 2.83414
-8.61051 3.08699 -0.777752
13.2211 2.8037 2.79212
17.0915 2.10889 2.44855
-9.41947 1.10318 1.99003
-5.79828 1.11744 -0.683237
-20.7897 16.0206 1.95912
-6.2151 3.36995 1.86894
-28.4487 17.5312 -0.378462
-11.0511 9.29838 0.321094
-24.7269 9.7133 0.67719
-10.0648 0.991777 1.50052
10.8977 0.24825 2.23228
1.15674 -6.5846 -0.403136
1.99122 -9.40486 2.27504
-16.189 5.56902 0.276554
-3.23627 3.15753 -0.106366
-1.8958 -0.105073 -0.594567
-28.4825 17.5524 1.2619
-6.29081 2.72799 2.30574
1.12339 -8.77698 -0.534094
-6.26217 -2.84936 -0.49502
-2.16739 -5.4258 2.22751
0.296389 -2.10801 -0.519352
22.1188 3.56183 2.49924
-5.49177 4.1191 2.5206
28.8405 5.15681 2.72665
-14.4372 2.11884 -0.880881
-26.0842 20.4872 -0.375771
-7.88875 0.699257 2.55575
-27.241 19.1121 1.25488
7.9523 0.373491 2.74524
-4.51685 2.89794 -0.719552
-6.05595 -2.37913 2.16305
-8.23647 2.94707 1.98699
0.408049 -7.36218 2.31112
-2.05982 -0.255775 -0.601243
-2.10659 -0.0903298 -0.603526
2.70621 -7.94388 2.94408
-0.885001 -3.68131 -0.502959
-16.5807 5.06278 0.0714494
5.8903 0.733644 -0.245933
-26.9075 19.4476 -1.80232
-2.91327 1.90784 -0.669822
1.27714 -8.57705 3.14005
-12.0332 3.89477 2.419
-8.71587 2.49879 -0.771127
-26.2978 7.80498 1.5477
-0.43195 -5.40119 -0.460119
6.5831 -4.69862 -0.338283
-5.08295 2.70464 1.78625
-13.1861 9.16494 2.28294
1.31185 -4.74074 -0.447902
-21.3119 5.26999 -1.05853
1.29736 -7.62194 -0.371931
-8.22188 5.7601 1.55351
-8.70362 3.66823 -0.803331
-10.3315 1.20972 0.520979
-7.00454 3.82867 -0.775271
-21.0733 3.25788 0.47489
-14.7394 5.12198 -0.942439
-11.1566 1.8992 -0.821665
-16.9762 2.46412 -0.931134
-10.2525 1.13649 -0.117111
-13.0816 9.09541 1.53179
7.5095 1.49394 2.2588
-6.66684 2.91322 2.02566
-28.8397 17.0452 -0.180698
-25.7078 6.94573 -0.956571
-16.1122 5.6256 -0.873776
9.87579 -0.124272 2.18854
-14.8573 6.31568 -0.975089
-17.285 3.40019 -0.955989
16.1012 2.38773 2.21875
-12.1759 9.62384 -0.746806
-0.516205 -5.71673 -0.451295
-9.42268 0.0894467 -1.09261
-21.6917 12.6412 2.0322
-2.61383 2.63787 -0.672917
1.87719 -6.33819 -0.398809
-5.03188 -3.84469 -0.496336
-26.142 20.4017 -0.781067
-11.5941 7.91598 -0.936402
-28.9622 16.8772 -0.584315
-14.089 9.47729 -1.02563
-23.6116 5.30327 1.25871
-6.72039 0.492773 2.58657
-12.6124 1.78918 -0.849452
-27.4613 14.8871 1.36904
-18.2113 12.3314 1.64116
11.7209 0.742597 2.28605
-10.3957 6.94471 -0.9081
2.88231 0.681579 -0.429159
-13.2044 11.1115 -1.04241
-4.76057 -4.03946 -0.888214
10.2091 0.752806 2.40086
-2.3803 2.46952 -0.30219
-8.10022 3.68313 1.97292
-1.32111 -6.72342 -0.482811
12.0282 2.62327 0.0879547
4.98483 0.792721 -0.353528
-14.7164 7.9052 2.10242
-8.90563 7.30865 2.38308
1.99428 -9.41611 1.30963
-5.27301 -2.85971 0.0978121
14.5173 3.92081 -0.353984
-1.14697 -4.82939 -0.481378
3.04928 -0.700505 -0.414597
5.04492 0.0795142 -0.370806
-9.64328 0.700849 2.05619
-11.5814 9.3822 -0.994088
22.2919 2.88948 2.37271
-4.59618 4.26976 0.343131
3.1006 -8.29542 2.9711
-0.498962 -3.2641 -0.51076
-16.2563 5.48102 0.0706931
-15.9041 10.4855 1.77254
-7.40557 -0.949525 2.01359
3.80541 -9.02826 2.74897
-0.906817 -7.07805 1.50345
2.2912 -9.66653 0.691633
-8.76331 3.54062 1.92143
-14.5386 6.07472 -0.950973
-5.10423 3.50469 -0.752746
1.56592 -5.98136 -0.411761
-22.8666 4.69209 1.09664
1.38583 -5.99422 -0.409678
0.430828 -8.16091 0.896173
-23.9162 5.52384 -0.132084
0.695344 -3.48889 -0.485884
-27.4318 14.8792 -0.733838
-6.88196 1.10102 2.55863
3.26336 -8.75946 2.98676
-0.301279 -2.70746 -0.521915
-23.0527 16.2363 1.41274
-10.9274 7.4001 1.63197
0.0904068 -3.64981 -0.488771
-16.0501 6.24803 2.0775
-13.2668 9.85077 1.7438
12.2363 1.54195 2.50218
-8.25516 -1.2501 -1.09266
-16.4596 5.21332 1.82256
-0.217809 -7.69566 -0.53384
-7.46714 3.09549 1.99056
-8.69503 -0.882839 -1.09007
-0.583422 -7.31546 -0.488892
-3.28661 -1.10821 -0.60115
-9.67013 4.2851 -0.83288
12.2534 1.56273 2.78196
-12.657 2.92098 -0.865977
-3.09852 1.50146 -0.660376
-23.332 11.3887 -0.293915
-2.70571 1.31082 -0.646779
-12.1128 3.27345 2.39941
-17.9507 3.86364 2.10922
-2.66717 2.69993 -0.298375
-26.9268 19.4557 0.0293653
1.71556 -8.81123 -0.322147
2.47636 0.638963 -0.426167
-23.1413 4.89372 -0.704976
-6.70001 1.09919 -0.700922
12.3935 2.71996 2.81392
-29.1955 16.3053 -1.24138
-8.67674 2.48417 2.00075
-2.52231 -0.615775 -0.601122
-1.5058 -5.85773 2.22636
0.810245 -1.77037 -0.517146
-4.98449 2.49336 -0.71077
-27.0503 19.3021 0.440989
-12.5886 3.10938 -0.863813
-3.27932 0.500468 -0.631666
-6.03639 -2.27437 -0.626039
-8.34881 7.29021 1.27996
-2.00975 -6.21127 1.28831
-10.0703 0.988699 0.688918
0.967239 -2.50494 -0.499013
-6.47905 4.32938 1.61876
7.71873 0.102886 2.80814
-4.80732 3.21082 -0.737402
0.862413 -6.19909 -0.416755
-3.0831 2.8963 -0.686756
-6.87799 3.51538 1.85465
-24.3495 15.2109 1.43898
1.90555 -7.70407 2.92328
3.03535 -7.39107 2.94314
-0.502234 -4.08376 -0.490237
-6.28534 4.52551 2.49385
-12.2547 5.747 -0.902649
-12.1936 5.90191 -0.903416
-26.7315 19.7004 0.440659
-12.154 6.30276 -0.913054
-21.518 5.35546 -1.06669
6.4187 1.69175 -0.40033
-9.24467 -0.443397 0.474407
-12.0919 7.09396 -0.934961
12.9413 2.69681 2.85212
0.311009 -8.07019 0.480896
-13.3213 4.90378 2.36527
-3.54638 -1.84706 -0.582794
-16.3692 5.15666 1.59687
-11.8664 7.66464 -0.942123
-4.98296 -3.03082 2.22385
-26.5297 19.9266 -0.578485
-11.6078 8.63241 -0.964733
24.8328 4.6235 2.12194
-9.28193 0.284308 -0.105375
-11.5659 8.79604 -0.969105
1.48881 -8.32333 2.94732
-2.68497 2.71819 -0.499278
-7.64321 6.59316 -0.362461
-2.57369 -5.78969 -0.310451
-20.0785 2.47613 -0.290445
-28.0724 18.0233 0.244876
-6.2302 -2.82985 1.68678
-28.8473 17.0523 0.444771
-7.21335 3.63228 2.43961
-18.9678 12.8417 1.56481
11.0494 0.270368 2.18121
1.30505 -6.56102 -0.403461
-26.3808 20.0736 -1.19139
-6.51235 -2.59971 1.69626
-19.1728 15.5369 1.99749
-9.37045 8.08075 -0.886394
-27.4049 14.8658 0.414562
0.506406 -6.30703 -0.420951
10.2595 0.322018 2.2138
-18.3699 8.48076 -1.09824
5.59666 0.240578 0.48667
-5.32759 3.45531 1.67098
-24.0819 19.0343 1.15744
-20.4771 9.22763 1.88667
-6.01097 4.8111 -0.795146
-3.3148 -0.926065 -0.597975
-7.34524 -1.93756 1.70621
-26.3474 7.46456 -0.147388
1.10465 -5.75634 -0.425115
0.50714 -8.28481 -0.698314
-3.71276 0.701196 -0.645367
0.307708 -8.07973 -0.294604
-8.82056 1.50289 -0.760961
-6.33829 -2.74573 1.49038
-1.27272 -6.85695 -0.534942
-9.36153 -0.360991 -1.12025
-8.17736 3.53782 1.97501
14.5899 3.97904 1.8805
-6.78281 -2.37941 1.90411
-16.5589 5.13393 1.1326
-8.61899 4.29073 1.9626
-1.76817 -6.12697 -0.486412
-9.03552 6.16996 2.42605
-4.73207 -3.22434 -0.547285
-2.07832 0.691483 -0.611956
0.967474 -5.803 -0.426718
-26.8706 14.364 0.404444
-5.50146 1.50638 -0.693209
-8.25264 -1.25105 -0.631027
-5.5153 4.99847 -0.540167
-1.52355 0.517955 -0.603957
-5.37775 -2.77725 0.107375
0.305762 -4.32439 -0.474457
0.973938 -8.65465 -0.52535
-28.6483 17.413 1.26384
-5.22312 4.79399 1.85698
-27.4206 18.8144 -0.376693
-8.85704 2.71702 1.99779
-25.922 14.6763 1.30548
-4.84692 -4.10432 -1.47605
-5.35115 2.70967 -0.728996
-16.3498 5.34508 -0.30068
-1.69349 -6.49722 -0.480491
-8.62626 3.84293 1.98157
-9.28425 2.33779 1.75383
-10.5333 6.09444 -0.883907
-10.5038 6.29461 -0.889457
-2.31496 2.42632 0.6846
6.69498 -2.9142 2.39152
1.88732 -8.01806 -0.344572
-11.1654 2.71371 -0.834161
-1.91437 0.299642 -0.60463
-0.261272 -6.07831 -0.441293
-13.096 9.90092 2.08358
-25.2233 13.0801 -0.847294
12.4325 1.48223 2.24304
2.10455 -8.62682 -0.318803
-10.3886 6.87065 -0.904634
3.1058 0.293371 -0.410864
-6.49773 5.79591 1.89136
4.57822 1.20637 -0.343144
0.0717106 -7.80238 2.40422
0.502846 -2.91568 -0.50641
-14.8426 2.76099 1.68445
3.08209 -10.097 -0.248512
-22.4241 4.31241 -0.680569
-3.89329 -0.0908739 -0.623309
1.53801 -9.11258 -0.771543
4.27741 -11.2936 2.16338
-9.11714 6.47171 1.52345
-10.5693 5.68924 -0.871647
-22.6608 4.50212 -0.688156
2.18263 -6.81767 2.18334
-4.71666 -4.14324 -1.85934
-25.376 6.68659 -0.457099
0.0673025 -7.93467 -0.692593
-9.10234 -0.13162 2.31245
12.3975 1.70252 2.2801
-8.1286 -1.35806 -1.20424
7.25038 1.83888 2.20898
-26.2739 20.2478 -0.376075
-0.0457068 -7.83937 -0.66281
-8.06464 5.67994 1.5845
2.94635 -1.84055 -0.48056
-12.2297 5.10653 -0.883755
-2.88007 2.67842 -0.686897
-0.883771 -5.74683 -0.457109
-8.0584 1.69281 2.53746
-8.277 0.457719 1.90891
-3.81839 3.07946 -0.715781
-26.7395 14.2913 -0.163806
-6.6491 4.34093 2.30395
-9.7982 1.70651 -0.783077
21.7763 3.70875 3.01188
-21.5887 3.61045 -1.05441
-16.7917 6.36147 -0.750845
-23.108 12.5341 -1.2655
1.89717 -1.09569 -0.494819
-9.76928 2.50993 -0.794295
-17.456 3.6946 -0.968541
0.937284 -6.66757 -0.406068
-9.76315 3.09198 -0.806483
-6.28021 3.81665 1.85819
-0.238421 0.767772 0.0997539
-25.7357 16.2984 1.14874
-23.3323 5.08894 1.70709
3.07794 -8.53397 2.97243
-0.502089 -3.07189 -0.517147
-7.9043 -1.49582 1.71129
-20.4646 9.22252 1.67511
-23.1706 4.9068 0.678298
-5.05209 -3.77658 1.30002
0.778114 -8.01789 2.87271
-3.70092 2.73283 -0.700684
-6.51006 -0.105021 -0.672052
-9.67853 0.681535 1.09758
-3.27958 -0.288509 -0.609195
-23.081 4.88596 1.68647
0.0990729 -2.10297 -0.524384
-5.70979 2.89612 -0.741135
-17.4537 4.11519 -0.973068
2.48963 -9.83015 0.69355
12.1436 2.10748 2.81452
-9.76346 3.69648 -0.822157
-1.69372 -0.694249 -0.582937
-22.1868 4.13052 -0.324095
-27.4488 14.8908 1.17719
1.4614 -7.0298 -0.389164
-10.1759 8.14558 1.61187
0.851151 -4.43362 -0.465618
-26.7413 14.2878 0.026929
-3.39254 3.30643 1.82827
2.08486 -2.88881 -0.466668
-3.28861 -0.901911 -0.601058
12.1715 1.44762 2.71816
-9.62653 4.46166 -0.835499
-3.23484 -0.863733 -0.601217
-9.60243 4.61281 -0.838958
5.71138 0.668882 -0.293701
-2.70009 -5.70732 -0.690596
-16.1666 10.6601 1.6862
3.66168 -2.20409 -0.468184
1.48229 -8.94878 -0.31197
-5.93888 2.93065 2.54808
-9.60517 -0.116846 -1.1402
-1.50523 -6.52271 -0.457408
-9.21924 -0.0454669 2.29273
-2.02889 2.19076 1.11506
-5.45221 2.12969 -0.711432
-18.9419 10.2794 2.14229
-9.68835 7.69708 2.36636
-7.08209 4.79504 1.95186
-9.20013 5.71652 -0.852895
-27.473 18.7168 -0.991531
12.1827 1.44113 2.31661
-8.31695 -1.18265 -1.2813
14.7189 3.87885 0.948607
7.11981 1.56421 2.1836
-0.286288 -7.64464 -0.681957
7.69408 1.50345 2.12252
6.71923 1.20845 2.22727
-0.702842 -7.31302 -0.673973
-8.76482 -0.834696 -1.23448
-9.21111 6.09204 -0.869719
5.87745 1.17221 1.97915
-28.821 17.0273 -0.998399
-20.8046 15.8299 1.95063
-4.66656 4.23244 -0.765943
3.28698 -9.95167 1.87631
-1.56364 -6.17477 2.44474
-2.09454 -1.29358 -0.574426
-13.7646 4.13228 1.68332
-9.15095 6.69908 -0.893241
4.9256 0.0369552 1.66344
-0.794341 -7.17837 1.09557
-6.09707 2.89285 -0.739543
-8.90052 -0.710507 0.502296
0.8923 -8.51787 1.50623
-3.01797 -5.40463 1.47851
-1.89285 -0.896154 -0.581893
-5.49051 4.69147 2.50298
29.0008 5.03058 2.56332
-8.77875 7.54761 -0.911858
-11.6844 7.85811 2.34612
-1.90111 0.442573 -0.598958
-4.76689 -3.29301 0.307865
3.38546 -10.0081 0.387373
-8.01412 6.99777 -0.837724
4.1065 -9.6959 2.50928
-9.27875 4.89891 1.94379
-16.8058 6.36215 -0.479266
7.40284 -19.5392 2.28324
-1.88286 0.0900893 -0.59555
5.14705 0.240206 -0.381882
-1.89261 0.27962 -0.597667
-5.32237 4.51653 2.51812
-0.918484 -4.84295 -0.478147
3.22403 -0.686695 -0.410215
-2.12272 0.269485 -0.598963
1.26639 -8.13173 2.37106
-0.233903 -0.566155 -0.213681
-1.22791 -4.81954 -0.482329
2.90547 -0.711999 -0.418407
12.0363 2.47142 2.80589
-9.02761 0.224223 2.00159
4.74511 -0.0604498 -0.409061
-12.514 1.89266 -0.843467
3.68199 -10.2872 -0.491353
-20.5523 9.10755 0.916441
-19.3649 9.75279 2.15406
-10.1407 7.23675 2.38248
4.22762 -2.8061 -0.430909
0.902982 -2.6756 -0.494672
-9.35065 0.235926 1.68725
-0.0991063 -2.26534 -0.52488
-9.36907 0.172344 0.497984
0.689282 -5.18938 -0.445629
-0.693708 -7.27377 0.500069
-2.53976 2.60395 0.944878
0.334644 -5.29904 -0.450901
7.96372 0.369112 2.46445
-6.52193 -2.61927 0.308801
7.02996 -17.9022 2.91404
-10.4657 5.67712 1.91314
-0.114416 -5.32551 -0.452397
5.0701 -11.444 2.7377
-11.2086 3.07743 2.43985
-2.73021 -0.287676 -0.607305
6.97997 -3.18319 2.40383
-11.1479 3.53049 -0.849317
-5.01167 -4.0088 -0.497936
-22.4163 4.31497 -0.122773
6.9079 1.30078 2.26084
3.7226 -0.125743 1.10853
-7.26208 3.09076 1.99605
32.0406 5.76406 2.63511
-3.70531 3.09891 -0.719856
8.98384 2.01798 2.71727
-3.70161 1.29559 -0.659695
-6.51513 -1.5039 -0.649029
-14.9588 11.2354 1.51409
-1.57634 -5.35953 -0.474331
-20.3181 10.3045 2.12012
-5.61646 5.09091 0.495118
-8.73178 0.698063 -0.744706
-6.81894 4.55673 1.96949
2.10819 -0.701524 -0.466465
1.99589 -9.42649 0.688653
23.3608 3.75994 2.49768
-12.42 1.99994 1.94735
1.42386 -1.87661 -0.500739
2.06868 -8.95402 3.00003
-8.78762 0.838457 -0.75071
-2.89834 -0.294113 -0.6056
-9.38563 5.11458 -0.841866
-5.48188 1.10985 -0.67963
-26.5187 19.9127 -0.98916
-2.88609 0.49654 -0.623899
-9.34961 5.52516 -0.855314
-27.664 18.4764 -0.992209
2.83316 -9.34711 2.40574
-8.45521 -0.647424 2.2783
-2.89743 1.29248 -0.645913
-8.75261 1.89792 -0.76142
-8.97747 3.33697 1.95285
-6.76655 -1.94056 2.18738
3.73976 -0.133622 0.0945385
-15.6748 6.83259 1.8049
-11.1152 9.35504 -0.608064
-8.73343 2.08358 -0.76318
-8.47803 -1.05513 -1.10586
-0.333785 -7.53486 -0.517094
-5.11142 -2.46872 2.17649
-7.28437 2.72941 2.01489
-2.88948 1.50773 -0.652635
-8.50245 -1.04827 -1.09573
-0.314272 -7.47278 -0.458338
-5.14476 -2.36756 2.1767
-7.31425 2.91509 2.00712
1.54096 -9.04375 1.69842
-8.10776 0.323843 1.90244
-3.63217 2.86923 -0.704918
-2.93331 1.68792 -0.66341
-12.0876 3.69218 2.4173
-8.77437 2.31279 -0.771721
-12.0221 4.8616 2.40303
-8.7043 3.48124 -0.797331
3.58147 -10.2074 0.673884
-0.913278 -7.09881 0.490889
-7.12672 -2.13879 -0.289955
-1.8849 -6.28013 2.27099
-20.9212 3.10127 -0.6948
-8.70984 4.11975 -0.819517
-5.30539 -2.80743 1.30117
-23.882 5.5179 1.52882
2.48857 -9.80533 1.68583
1.29021 -4.27111 -0.460224
-8.01062 6.99512 -0.669771
-1.7187 -5.90487 2.30797
-8.59554 4.40454 -0.821419
-15.0524 12.1219 1.32
-17.8545 7.10668 -1.04257
-8.56961 4.54686 -0.825073
-12.5664 6.42322 1.74601
3.02937 -10.0677 1.86972
-1.67394 -6.08709 2.42996
-2.10827 -1.09539 -0.579692
-22.361 4.30527 1.48808
-14.8953 12.326 1.28213
-3.23819 -5.21157 1.25415
-17.773 7.4893 -1.04773
-25.8514 13.82 -0.331999
-8.44221 4.86863 -0.828834
-17.747 13.5022 2.07605
-8.00006 6.11617 -0.856539
-10.9646 8.77487 -0.503615
-11.6467 6.27022 1.88015
-6.35921 -1.08945 1.9701
-16.1363 5.6124 -0.2977
-6.52821 -2.20023 2.52129
-16.3336 5.39716 0.492224
-26.6324 19.7565 -1.38875
-5.11748 -2.94401 1.90272
-7.69166 -1.67156 1.09564
-6.77424 1.49939 -0.716365
-8.88699 0.220617 1.97078
4.87248 -0.0413884 -0.390877
-19.8944 3.83096 -0.975316
3.46332 -1.34368 -0.360008
-9.35046 2.40299 1.73643
-26.2843 7.4509 1.54151
6.67499 -3.61351 2.93175
0.704907 -4.92317 -0.451934
-7.02891 3.86072 2.12669
-27.0627 19.3094 0.847299
-0.106012 -5.06822 -0.460616
-24.1406 5.73443 1.54642
-5.00096 -4.20792 1.20941
-9.77139 2.70312 -0.798384
-21.681 17.6394 1.74303
-23.479 11.2755 1.14148
-2.72797 -0.49026 -0.603831
6.93643 -2.95657 2.40707
-1.88822 0.702598 -0.609509
-11.2148 3.21352 -0.847104
0.496654 -1.89771 -0.518993
-4.53383 1.39779 -0.668029
-3.50173 0.311813 -0.626941
-6.36506 -2.54407 -0.62323
-25.3596 6.68417 -0.616622
4.70242 0.876971 -0.435725
-7.66138 -0.671074 2.58989
1.17895 -0.809342 -0.511813
-25.654 21.0576 0.243712
4.60656 1.0753 0.695337
-4.7603 1.54587 -0.672258
0.111129 -7.91063 0.518012
-7.2369 -2.02668 1.29867
1.00735 -8.59835 1.88194
11.2391 0.483361 2.84653
-4.3465 -0.10531 -0.633882
-10.6724 5.28868 -0.865018
-22.4391 6.50798 -1.12553
-7.82556 0.566126 -0.713673
-14.0716 8.79128 -1.002
-23.3034 11.3769 -1.08573
-2.5802 -5.78618 -0.105574
1.3928 -0.840849 -0.502946
-7.48034 -0.713926 2.58499
-7.95642 1.30629 -0.733509
-7.35456 6.50336 -0.834967
-13.5481 10.4074 -1.03147
-11.6769 1.71235 1.96613
1.30784 0.244151 -0.479217
-7.97656 1.71534 -0.742277
-23.4492 13.4757 -1.30395
-0.796013 -5.57281 2.17392
1.55815 -2.07683 -0.494957
3.96938 -10.5804 2.16045
-0.570114 -5.08294 -0.464768
1.3302 0.140998 -0.479445
-7.97482 1.90788 -0.746022
3.57902 -10.2015 0.940695
-3.32778 -0.665392 -0.60317
3.37266 -9.17435 -0.291523
-3.50125 -1.04953 -0.60104
3.38343 -10.0326 0.920391
-22.163 4.1261 0.502027
10.4045 1.60967 2.78513
-2.10338 1.70465 -0.645895
-7.11886 -2.13551 0.303418
-7.86884 2.89877 -0.762824
-13.2705 5.07121 2.36695
-3.49039 -1.66972 -0.586211
9.78923 1.59457 -0.477349
13.1533 2.9533 2.76749
-1.26331 1.57945 0.0976802
-11.7009 7.86883 2.34978
-4.83343 -3.21794 0.312312
-1.28752 -1.05504 -0.604507
-7.67223 4.29607 -0.80023
-6.68284 2.4802 2.02963
0.707998 -8.42914 -0.830359
-7.68202 -1.6749 1.69809
-7.27436 1.10296 -0.714393
-4.92585 -3.14068 0.306365
-18.9741 10.147 2.13843
1.26365 -5.02676 -0.440236
-4.43019 2.06138 -0.684394
-3.39871 -5.15122 -0.71462
-19.1181 2.71613 -0.929619
0.697019 -2.50831 -0.504645
-18.2779 9.91374 -1.1276
-4.06817 2.35199 1.69368
-8.86627 7.45903 -0.912611
4.42971 0.216997 -0.402914
-12.5651 2.68733 -0.856388
-3.29114 0.099194 -0.616358
-15.9247 6.35597 2.01261
-13.1367 9.96205 1.73984
-5.04947 -3.81302 -0.72976
-9.78294 1.90301 -0.784668
-26.7955 19.6184 -1.8029
-9.06987 2.17145 1.78275
-2.03907 2.19459 0.854061
1.30262 -4.52724 -0.45705
-23.3751 5.1005 0.684554
-1.88768 1.68853 -0.635052
10.6591 1.51212 2.78995
4.23536 -10.7047 2.28748
-11.8981 2.30105 2.06209
-24.6031 9.83748 -0.461705
-0.843661 -4.58642 -0.480857
-17.6286 4.58685 -0.988466
-5.67944 5.14724 0.90053
-0.370183 -4.85986 -0.472713
-17.5595 4.28323 -0.981128
3.30414 -0.682707 -0.358974
-2.89603 -5.49859 1.49353
-1.69722 -0.898878 -0.5794
-7.01752 0.0764085 -0.681273
-24.6894 9.69931 -0.29922
-7.21904 0.682318 -0.704274
-7.29877 1.29059 -0.719708
-8.03856 5.08968 1.70386
-10.9255 1.48304 1.9752
-7.31093 1.49029 -0.724374
0.10301 -4.12016 -0.482901
-6.38356 5.61106 -0.825643
1.72792 -9.22334 -0.106876
-4.83243 -3.22742 -0.724099
-4.89601 -3.95907 0.491022
-17.1546 4.07292 1.64061
-21.2479 11.0253 2.08468
2.29435 -0.490798 -0.438392
-14.3648 4.278 -0.904798
-25.9945 20.5463 -1.19083
4.23753 0.267037 -0.409494
3.11894 0.711492 -0.437412
-5.4418 -2.73896 -0.29237
2.95501 -9.73516 3.00265
-0.294084 -6.86962 2.30053
-7.08059 3.49724 -0.767083
-9.79811 1.51372 -0.780257
-4.70618 2.10794 -0.691227
0.307052 -2.69632 -0.513581
-14.4629 4.42419 -0.913347
4.15415 0.10586 -0.406249
-1.11451 1.4617 -0.101128
1.66333 -4.86131 -0.436427
-2.48022 -0.692009 -0.590853
0.104189 -7.79024 2.40086
-14.7654 6.49133 -0.974099
-10.769 5.94624 1.90419
-11.5698 3.35473 1.67706
-7.12429 5.90724 -0.842276
-8.93747 -0.692953 -1.24548
-20.6617 15.522 1.29472
-25.2958 14.3302 1.45712
-19.7675 3.68089 -0.967959
3.09905 -7.12247 2.933
-0.520048 -4.46767 -0.483074
-4.53452 -0.0962767 -0.63996
-24.5999 9.83476 -0.46158
2.94581 -6.97904 2.92698
-0.667205 -4.59621 -0.478935
-18.2727 14.906 1.33009
1.99531 -9.42859 0.506559
-18.0673 10.6784 -1.1401
-12.1036 9.5066 2.28137
-5.3977 0.400191 -0.657702
-5.79487 5.2526 2.33491
-23.9287 5.53058 -1.02801
-14.5957 2.88003 -0.898175
-1.31547 -4.53657 -0.487265
-1.90824 2.09439 -0.297034
3.5627 -9.95822 2.02183
-1.28317 -6.28844 2.34943
-6.53602 0.0882443 -0.6747
-6.18126 2.49765 -0.730566
-20.0882 2.47737 1.70065
-6.61173 0.526808 -0.68476
-1.261 -4.11537 -0.497423
2.29676 -7.48268 2.92475
-24.8536 14.2822 1.43622
-16.9388 7.38559 1.60998
-13.9869 11.0551 1.33011
-23.3359 13.5937 1.18328
-10.4987 1.29572 2.02245
-18.5607 10.8224 2.13571
-20.9067 3.10261 0.734767
-6.75282 1.30022 -0.710015
0.240007 -5.03545 -0.45815
-14.4586 2.30364 -0.883879
-8.11212 1.7065 2.53536
-14.6856 7.90666 1.95736
-4.92844 -3.49427 2.09433
-29.2128 16.5531 1.06691
-5.14036 4.27334 1.84659
0.334984 -8.07244 1.50461
-4.81252 -4.04909 0.931749
-4.83422 -3.22893 -0.295404
3.68363 0.70618 -0.431103
-4.28433 2.97459 2.0134
-6.47364 3.50308 -0.760064
2.88788 -8.3021 2.96954
-0.696555 -3.28487 -0.512345
-7.26118 3.57152 2.31659
5.32582 0.514622 0.906973
-0.34756 -7.55397 0.308553
-2.49015 -5.78154 2.26417
21.8666 3.79497 2.60517
-21.5126 3.59369 -0.690017
-2.98313 -0.795022 -0.600598
-23.6589 11.0066 1.14385
-2.30492 -5.16481 2.1844
0.091551 -2.49513 -0.517393
-6.34705 3.90241 -0.769519
-7.70072 -1.53779 2.08575
12.0745 2.94489 0.926708
-28.0435 18.0022 -1.19779
-8.05157 2.28812 2.52875
4.55225 0.963233 -0.437148
3.55296 -9.92953 1.88805
-1.71499 -1.28339 -0.572073
-22.4228 4.60602 0.727493
3.6597 -9.31912 2.56348
-9.23369 -0.436902 1.09616
3.44802 -1.36907 -0.414891
-6.27542 5.48074 1.94026
-15.5257 7.99895 1.73555
-6.5284 -2.62551 -0.984266
-15.0311 6.22497 2.31339
-5.70708 3.6923 2.5227
-4.24493 0.852367 -0.65926
-3.4898 3.36397 0.0935917
2.89492 -7.46482 2.93282
-0.705824 -4.10564 -0.49207
3.5203 -1.4473 -0.395615
3.09233 -7.32249 2.93279
-0.495704 -4.293 -0.486631
0.444782 -8.15256 1.87682
-4.92445 -3.13282 -0.511216
-21.0806 9.81107 1.88212
-7.33336 1.87525 2.54468
0.106058 -7.90858 -0.307109
-5.12356 1.29903 -0.673939
-1.14293 1.44739 -0.616139
-27.9455 18.1822 0.442488
-2.02772 -6.22076 -0.334185
-9.75281 2.09501 -0.785527
-12.5659 2.81923 -0.85937
-3.28076 0.295374 -0.624942
-4.99169 -3.66626 -0.734443
-2.14708 2.25507 -0.649422
-5.00179 -0.462789 -0.640457
0.226553 -4.7448 -0.465562
-4.8926 -3.96168 -0.115361
-7.36325 -1.96677 -0.959516
-4.66243 0.692768 -0.660157
-4.96221 -3.63397 -0.107135
-18.8348 9.47976 -1.14476
-7.57114 -1.7977 -0.933905
-5.00236 -3.61778 1.46044
-6.10475 4.71517 2.5005
-12.2671 2.59631 2.06145
3.0773 -1.29416 -0.436624
-7.95907 3.49866 1.98447
-28.5568 17.3577 -1.27575
-9.28266 -0.430287 -1.08574
-6.88484 -0.507149 -0.669907
-3.90617 2.30222 -0.690424
12.7086 2.72982 0.691651
-9.76075 2.89465 -0.801739
-16.7139 2.16614 2.29794
-2.8879 2.8882 1.09967
2.74996 -10.0442 0.521279
-4.81401 2.96651 1.6669
-13.0017 9.39635 2.28088
-21.2864 3.42456 0.0889771
1.49117 -4.93319 -0.437645
-2.70802 -0.71543 -0.594289
1.77871 -9.23722 1.51084
-3.97532 -2.87948 -0.567393
-13.7706 3.8112 2.2965
3.64201 -0.215829 1.40085
5.38422 0.123493 -0.288988
-13.7491 4.13346 1.55575
-5.69815 4.68844 2.50341
-20.9362 8.5224 -1.08847
-8.02913 2.63248 2.30064
6.1983 1.66898 1.96429
-21.1934 15.7192 1.9681
-7.89014 -1.52462 0.278296
-9.2157 5.07249 2.20771
-5.63605 5.10857 0.496851
-10.1003 1.9147 1.87081
-5.57898 5.05542 -0.507312
-3.69279 -0.69806 -0.606693
-11.0472 7.68035 1.66443
-23.4542 12.9098 1.99826
-4.49027 2.90719 -0.717134
-6.11094 4.0227 1.625
-0.0943397 -5.65972 -0.445031
-11.0866 3.2878 -0.839557
-1.69735 0.699512 -0.608095
3.31446 -9.12186 3.00474
-9.45689 0.0744254 0.705247
11.7399 0.937365 2.82998
-3.68954 -0.504624 -0.610904
-6.17225 2.62363 -0.735018
-9.01087 -0.222342 2.38417
2.30038 -0.908373 -0.463495
-6.23572 4.86636 2.31281
5.78987 1.00352 0.725687
-3.52516 1.68883 -0.669578
-18.5793 3.93243 1.76686
-23.1661 13.3122 1.99417
-8.6802 0.747973 1.87849
-4.13162 3.88573 -0.49827
-23.5698 11.1416 1.14255
-2.94869 -0.688763 -0.601791
0.303164 -1.69841 -0.526151
-6.01938 3.28498 -0.751562
-7.32677 -0.902563 -0.671307
-4.48105 1.89894 -0.681586
-9.30542 3.8546 1.86569
-9.92912 0.854859 -1.02933
13.1743 1.05265 2.12368
3.35969 -1.90746 -0.452448
-17.7105 7.08189 -1.03409
-25.879 13.6304 -0.331174
-7.29786 -1.99513 0.100006
0.2935 -3.90821 -0.484681
-28.7383 17.2271 1.26312
-1.86537 -6.38065 -0.678675
-16.4818 6.2443 0.993703
3.39501 -2.14452 -0.468165
-19.3816 13.2981 2.04678
1.53467 -8.63384 3.08632
-17.7319 5.02356 -1.00044
0.29418 -1.90297 -0.523646
12.1198 2.53769 -0.0938441
-2.8983 -5.50366 -0.479583
-18.6745 2.53682 -1.13787
-9.55911 6.30409 1.69722
-12.3801 2.70198 1.96132
-7.1872 3.45289 2.30595
-0.255544 -7.62363 0.314326
-6.23475 -2.42896 2.52827
-2.233 -5.2175 2.19189
0.293861 -2.48664 -0.512171
-3.1037 1.70932 -0.66381
-22.9786 13.583 -1.28694
2.02483 -2.15375 -0.481028
2.6832 -9.46098 -0.2935
-10.6929 4.69888 -0.847952
-4.24663 -0.651601 -0.621102
-16.394 5.30307 1.60379
14.7705 3.79491 1.46685
-0.257472 -7.63159 -0.296867
-12.6662 3.10092 -0.869625
12.2931 3.07884 -0.455237
2.91446 0.499112 -0.421996
-5.11782 -2.93841 1.49693
-10.3575 7.10465 -0.912332
13.1165 2.64864 2.51011
2.38296 -9.08266 2.43285
-0.11965 0.670258 -0.231029
-7.3973 5.31383 -0.828968
-10.6933 6.64474 2.40775
-0.696327 1.12747 -0.455066
-5.75615 0.491562 -0.668367
-4.93766 -3.14799 -0.299078
0.260364 -5.61858 -0.44229
9.52122 2.37181 2.7483
-3.11374 0.903166 -0.640345
-24.6793 9.69139 -0.707219
7.54999 1.3246 2.2648
-6.72995 3.05602 2.04764
-7.91343 -1.50348 0.0861456
0.107691 -1.43952 -0.534037
-5.78732 2.13097 -0.713717
-8.90549 -0.27782 2.5022
12.5175 1.89744 2.53549
-26.3271 7.72233 0.699965
-23.4457 11.2666 0.345294
-4.87691 -4.25758 -0.715999
7.49185 -0.0671756 2.81739
-4.68485 4.35197 1.10436
-9.25505 1.08482 2.46786
-6.3289 4.71789 2.11033
-28.1684 17.8417 -1.39608
-23.1684 4.90354 0.451362
-4.55067 -0.2597 -0.638407
10.8505 0.724456 2.81821
-1.94227 -3.42996 -0.527548
1.72681 -8.10309 2.9379
-7.59007 6.62858 2.05427
2.90234 -7.88015 2.94636
-0.701987 -3.6617 -0.499114
-20.5022 11.2874 1.3202
-10.2416 1.26405 2.03666
-13.8867 10.9761 1.32036
-10.5813 5.16338 -0.85558
2.74511 -10.0436 -0.245254
-4.1075 -0.291042 -0.626723
-9.46352 0.071492 0.894769
-6.61111 2.90645 -0.745793
-12.433 4.70801 2.38191
-2.63234 -2.08921 -0.56618
-19.4829 13.3681 2.05784
-20.6838 9.47701 1.28342
15.929 3.10664 2.40562
-0.69217 -7.26305 0.902336
-8.7116 -0.869842 0.308259
3.3226 -0.0328878 -0.405093
-1.68765 0.0952309 -0.595292
-24.6251 9.84887 0.352117
3.28762 -1.30072 -0.426025
2.6893 -7.3055 2.92832
-0.96525 -4.32858 -0.485404
-16.6612 6.31039 1.32935
-3.29368 -1.48537 -0.581159
0.83191 -8.46709 1.70216
-2.57804 -5.76819 1.09148
-23.6349 12.9133 -1.29718
1.46833 -1.52279 -0.505198
-4.3703 2.29718 -0.69161
-15.3302 1.94048 2.39286
-1.57035 1.82665 -0.102537
1.29664 -5.33819 -0.432037
-8.30999 -0.712099 2.53744
-20.0563 13.1361 1.20171
22.8185 2.88625 2.69997
-18.0297 13.0309 2.06996
0.522724 -7.72002 2.38443
3.11164 -2.03311 -0.47076
-5.43935 -0.0314149 -0.660824
3.10152 -7.69705 2.94862
-0.502874 -3.87391 -0.495769
-7.27494 -2.02253 -0.292186
-1.12582 -6.93166 0.503133
-26.4032 20.0904 -0.376152
-5.05195 -3.72646 0.308633
-0.909165 -6.51906 2.31687
-21.672 3.76015 1.57226
-7.81309 3.8444 -0.792402
1.70787 -7.92599 2.93544
-0.706833 -3.91039 -0.494931
-4.99845 -4.25811 -0.273641
11.656 0.835452 2.47427
-4.26818 -0.511072 -0.62554
-10.7355 4.89578 -0.856878
-6.12846 -2.93734 -0.931159
6.3088 1.64988 0.713043
-2.8989 1.10238 -0.639303
9.65149 2.16579 2.74595
-2.34045 -1.83738 -0.563007
-12.0161 4.80552 2.39793
2.28681 -0.303788 -0.425954
-0.113756 -7.76461 -0.544995
-6.92485 2.68004 2.0184
-8.20172 -1.28044 -1.08605
-20.6682 5.31284 1.85861
15.0312 0.479264 2.41692
-4.87054 0.2944 -0.653961
-0.316418 -6.46375 -0.43074
-7.27627 3.89005 1.93961
-2.48917 2.10482 -0.662233
-5.27652 -0.648783 -0.645801
14.4982 0.718768 2.4921
-5.42718 0.0730312 -0.659437
-1.39551 -0.586708 -0.583979
-5.95295 5.2073 2.30968
-5.4631 0.289622 -0.664779
-7.87174 6.68997 -0.878681
-5.4852 0.901864 -0.675623
-11.7618 10.0191 -0.838356
-27.5232 18.6401 -1.3921
-1.89302 -0.295178 -0.59213
-2.29694 2.09862 -0.660613
10.2323 1.29104 2.79371
-9.53215 6.28583 1.6918
-12.3316 2.65143 1.98973
2.29683 -7.28009 2.9246
-1.24814 -4.29308 -0.48915
-18.0232 7.33418 -1.05591
-2.30602 -0.699515 -0.591221
-17.5369 3.54329 1.66459
-3.71509 3.53111 -0.6876
11.0013 -0.00137303 2.64146
-7.07491 0.310652 -0.687592
-0.852705 1.25445 -0.295649
-26.3779 7.65257 0.872854
-23.4543 11.2686 0.49522
-16.781 2.06887 -0.91776
4.05623 1.05646 -0.432178
-14.5463 3.31287 -0.900427
-29.0971 16.7222 0.44596
0.483323 -3.72144 -0.484668
0.306806 -3.66713 -0.486379
-8.13226 -1.32269 0.889966
-16.2284 5.91884 1.12845
-0.111041 -7.70969 1.4987
-12.6691 2.92702 2.08983
-27.6545 18.4798 -1.19532
-6.21208 5.55864 -0.260976
-0.903887 -3.66736 -0.501447
-1.37508 1.65113 -0.618613
-10.7507 4.31093 -0.84096
-4.21778 -1.14132 -0.611542
-20.507 11.7846 2.05965
-5.30777 1.31185 2.08764
-6.57642 -2.5757 -1.05543
1.23902 -8.1339 2.93843
2.53003 -7.8937 2.94416
-1.08576 -3.69236 -0.504036
-8.13566 6.67538 1.75274
8.88351 0.46198 2.30449
-17.5252 2.8196 2.14033
-28.5833 17.3704 -0.180411
7.91171 1.11267 2.26515
-25.7651 20.8789 -0.578233
-7.04169 4.86288 1.95325
-2.0837 -0.307729 -0.593633
-4.87445 -3.9744 -0.847478
-3.22634 -5.23823 1.62621
-4.83247 -4.05271 -0.724347
2.05952 -6.81514 -0.386002
-7.85251 -1.57583 -0.959022
-0.218251 -6.03437 2.18491
24.0396 4.09023 2.42371
-6.6714 0.906246 -0.695031
3.0986 -10.2073 -0.711144
2.6593 -0.0909539 -0.403966
-6.71055 2.3081 2.03569
0.630457 -8.38224 -0.799232
-7.90859 -1.52024 -1.09873
-12.8358 4.90697 2.37596
-3.05893 -1.90335 -0.571649
1.84813 -7.67648 2.28163
-16.6838 12.9431 2.09859
-14.0736 9.84812 -1.03755
-19.7 4.48814 1.75966
-4.40563 3.21757 -0.731421
-8.83725 4.46618 1.95381
-15.4959 1.91467 1.55179
0.694344 -3.72354 -0.482465
5.90429 0.731232 -0.120184
0.0995158 -4.54903 -0.470659
-14.0323 10.0781 -1.04356
-10.4915 5.0974 1.55881
0.513015 -1.32389 -0.52657
-7.36255 -1.96009 -0.637713
-4.63479 0.884429 -0.660622
-3.91943 -0.301354 -0.622824
11.4978 0.86643 2.84085
4.39345 -11.7075 2.16165
3.48615 -7.66811 2.95233
-0.106061 -3.88467 -0.491675
-6.66259 0.215399 1.83966
-5.0755 -0.0656277 -0.647064
0.195596 -0.610823 -0.0438577
-0.842028 1.24775 -0.49634
-1.34865 1.637 -0.617081
-4.18517 -1.21276 -0.610035
-22.1615 4.12707 0.300441
-3.49809 -0.922498 -0.598007
-7.10877 0.896434 2.57591
-13.9918 6.09866 1.61069
-23.6426 11.0041 0.496313
3.33296 0.84431 -0.437716
-23.3168 5.08613 -0.857306
14.7767 3.79726 2.0795
-16.451 5.26856 0.919949
-7.84935 3.1014 -0.767897
-1.30957 -6.77541 0.895628
-9.33599 -0.370529 0.293403
-9.34897 0.394325 1.10291
3.32629 0.51058 -0.428888
-0.220411 -0.606683 0.0161666
-12.2508 5.07152 -0.883275
-2.90862 2.50246 -0.680241
-7.95197 5.52809 1.55519
2.88777 -1.70036 -0.477387
1.2909 -3.6878 -0.473594
3.08638 -9.73959 3.01536
-7.02805 3.49397 -0.762243
-1.69814 -6.46039 1.29979
-5.76216 0.324406 -0.667722
3.05916 -7.51876 2.25202
-9.035 6.64197 2.41898
9.92307 1.31597 1.91356
0.473363 -0.36779 -0.207489
11.5244 0.69989 2.79424
-23.3242 11.3821 -0.452273
3.49796 -7.83973 2.9533
-0.100982 -3.68665 -0.493729
3.90396 -8.52172 2.99468
-23.4326 11.2576 -0.453182
3.31407 -7.92905 2.95647
-0.294566 -3.67234 -0.495218
1.89146 -2.48283 -0.476391
-6.81837 -2.42202 -0.823224
0.534162 -8.23058 1.50601
-20.9683 9.75922 1.58005
3.69316 -10.1239 2.06041
-20.6872 9.47594 1.1403
-7.55317 -1.36889 2.27697
-17.5485 2.82308 2.31173
-27.572 18.6732 1.05802
-1.79369 2.00327 0.326913
-14.2667 5.10685 2.34638
2.31013 -8.62061 -0.320423
3.11434 0.820093 -0.439126
-7.3483 6.49686 -0.291595
2.87256 -10.1357 -0.11999
0.829232 -8.47954 0.709627
-23.5395 5.74379 -0.273741
-27.2721 18.9596 -1.19371
2.51571 -8.0685 2.9508
-1.08555 -3.49437 -0.508914
-24.686 9.69508 -0.462134
2.70544 -0.292399 -0.396227
12.2058 0.364767 2.26236
-23.6269 5.9171 1.66439
-11.4584 6.97263 1.53488
-18.6202 11.3155 -1.18295
0.560189 -6.64353 2.21627
-14.8734 12.3574 0.907958
-27.7032 18.5151 1.0587
-26.281 20.2509 -0.178861
-0.125119 -7.76453 -0.801932
21.6275 3.34286 2.98383
-23.3504 5.09595 1.34849
0.885738 -7.76614 -0.375543
-23.5417 5.74241 -0.130056
-9.13931 1.90605 2.01352
-5.4258 1.88001 -0.697839
7.20441 -19.3823 2.13421
-11.2889 2.49762 -0.839729
-11.9486 6.71121 1.8679
-4.64428 2.09206 -0.683078
-23.6581 12.0917 1.9825
-4.31358 4.00565 -0.750988
-23.8415 12.0031 1.50587
-1.13125 -6.9661 -0.670359
-9.23577 -0.454301 -1.25976
-3.02831 2.99206 0.0856481
-0.247719 -4.58569 -0.476498
-2.50753 2.49807 -0.666758
-21.5372 12.5509 2.0174
-14.7007 5.51622 2.32807
-2.1125 2.25991 0.302739
-0.227734 -0.559845 0.216914
15.1608 0.185479 2.43671
0.310136 -7.65664 2.85435
-14.8635 12.3524 0.49234
-4.67637 0.493795 -0.657706
-25.7706 20.885 -0.17905
-10.9155 7.65239 1.51179
0.101363 -3.91038 -0.487079
-23.5219 5.66488 -1.01257
-4.86183 0.505072 -0.655042
-26.0011 20.5501 -1.19135
4.21355 0.0980084 -0.408685
-28.8294 17.0402 -0.788348
-7.69676 -1.70568 -0.9179
-26.0022 7.19192 0.0416113
-3.04868 3.0118 0.29284
-9.56049 -0.116449 0.294626
24.555 4.88429 2.10316
1.99804 -9.43558 -0.116957
-28.6838 17.1945 -1.24157
-7.78205 -1.59752 1.1034
-28.6666 17.3008 0.638277
-23.4426 6.48827 -0.873697
5.67451 1.48996 1.92969
-8.24579 -1.24805 -0.4816
2.95848 -10.2043 0.0961751
-12.4885 9.93112 2.26852
-18.0866 7.88387 -1.07063
-2.3026 -0.117018 -0.597149
-11.8646 6.48808 1.5455
-5.06085 -3.8076 -0.110923
0.0819249 -4.83148 -0.46869
-3.32546 2.90476 -0.700557
-22.1771 4.12796 -0.121318
-4.93159 2.70097 1.88853
-11.2996 8.93462 1.43123
-9.02652 -0.60944 0.508936
-0.916577 -7.07814 1.10165
2.29878 -9.6663 1.10825
5.5189 0.37871 -0.251812
-2.85378 2.85397 -0.502573
-18.6328 11.6387 -1.19214
-0.0162747 0.588566 -0.213206
29.3498 4.72086 2.58886
-9.127 7.31336 2.38475
3.86574 -8.57035 3.00422
-20.0946 2.47882 1.51143
-3.48345 -0.0965287 -0.614601
-6.04685 3.09513 -0.744426
-0.886781 -2.90083 -0.52441
2.71892 -8.67409 2.96729
-29.0961 16.7237 0.246395
3.16956 -7.62238 2.23515
-7.22144 6.38547 1.29808
-2.71451 -5.52447 2.27521
-3.28687 -0.491658 -0.604367
-3.49289 0.895579 -0.646856
-6.34043 -2.76697 0.501075
-22.5692 10.8427 2.02684
0.513599 -8.24835 -0.290045
2.89605 -0.881972 -0.439316
2.90957 -1.30843 -0.454792
6.56278 -3.25029 2.38836
-14.9527 4.88964 2.33221
-23.0084 6.05891 -0.709205
-21.2146 11.1461 2.08726
6.6081 -3.32338 2.41229
-2.10284 1.10365 -0.623834
-4.91519 -3.48579 1.90259
-29.2157 16.5521 1.26638
-21.938 12.3379 2.03852
-2.87909 2.29831 -0.673795
4.02808 1.03573 -0.428814
-14.5938 3.51338 -0.906379
1.31725 -8.87685 0.696797
-5.0693 4.65178 0.0907163
-17.1229 2.91552 -0.942433
-25.8114 13.7899 -0.872681
-4.90727 -4.29114 -0.509417
-1.92081 2.11099 0.295832
5.00026 -13.1157 0.345438
2.12521 -9.52783 0.692456
-7.9169 2.75968 2.0812
-5.91303 3.88825 1.641
-23.2906 12.8183 1.98408
-4.25855 2.77402 -0.711996
-9.64136 0.888804 -0.762082
-19.4842 8.35079 1.97263
0.898243 -3.28858 -0.486765
-9.97595 6.57625 1.69831
-11.7054 2.14574 2.30492
0.631144 -8.36955 -0.677924
-23.6888 12.2913 1.99136
-7.37411 -0.702287 -0.673669
-5.34557 -2.75757 1.89587
-8.13279 1.48264 2.53932
-23.4804 5.88092 0.0998359
-3.8367 -1.12664 -0.603366
-23.3448 11.3901 0.0398696
-2.17109 -6.10558 -0.329561
3.56687 -0.197593 -1.27858
-8.44983 3.67804 1.9874
-9.60142 -0.174066 -1.16856
10.9332 0.42529 2.25249
-11.7677 3.50756 2.42394
-25.1847 12.8701 0.538254
-1.56713 -6.59874 -0.74334
-5.47475 1.30084 -0.68379
-10.9655 6.48171 2.36021
-17.7104 3.92379 1.80307
-16.5412 5.12863 0.0720633
2.7105 -7.95571 2.94899
-0.895341 -3.47184 -0.510055
0.460608 -8.1719 1.48302
-14.5408 3.69066 1.85589
-4.92961 -4.01884 -1.08561
0.890654 -2.29145 -0.503732
-2.49826 -0.0987768 -0.605638
-6.51923 -2.6013 1.29817
-3.05958 -2.57331 -0.559515
-22.0119 6.09256 -1.09983
0.664833 -8.35098 -0.311613
-5.7038 4.12397 1.95284
8.48847 0.285732 2.29992
-27.9392 18.1754 -0.179802
11.834 3.10399 2.79375
-6.98117 -1.74902 2.19573
-24.607 9.84124 -0.299271
-7.24429 0.849422 -0.708201
-26.7588 19.5969 -1.38904
-11.5367 9.46385 -0.995221
11.8329 1.94077 2.81296
21.01 4.44708 2.65763
22.8233 3.52396 2.29526
-4.49447 4.17633 -0.689834
10.2319 0.691397 2.4052
-20.9792 8.53912 0.504201
-10.3222 6.50555 -0.885996
-6.69869 -2.49814 -0.92911
-10.6803 6.0952 1.92172
-17.206 12.2753 1.44387
0.360859 -0.522174 0.0753179
-4.30909 0.0748224 -0.640088
-2.96763 -0.338705 -0.59829
-5.81114 1.54122 -0.695715
-6.90437 -2.28453 1.50075
3.75037 -0.0879059 1.17619
7.09464 1.28504 2.2717
-7.08954 3.08902 2.00492
1.74806 -9.20917 1.70643
-3.49184 3.09768 -0.71093
0.290702 -4.13644 -0.479814
-3.08746 -2.13162 -0.571343
-6.08916 4.09964 2.51108
2.50573 -0.252388 -0.399915
-5.71141 2.12922 2.06036
-5.31489 -2.80457 1.10015
8.41604 2.11097 2.34965
-6.865 2.50829 2.02348
-8.01822 -1.43788 -1.1007
-11.7826 7.4912 -0.931101
-26.3951 20.0828 -0.780847
-6.54427 -2.57487 1.49649
7.53536 -17.2884 2.79535
-21.9093 3.93996 1.87048
2.90897 0.297284 -0.417359
23.3498 4.93821 2.3721
-9.8078 0.783012 1.09626
-7.33232 3.30671 1.98083
5.32097 0.622733 1.31072
-26.4172 20.0924 0.029323
-9.09722 1.09924 1.86788
-4.51609 3.70481 -0.745054
-6.34781 5.68344 0.889363
-8.03293 5.95773 1.85233
-7.56331 4.69938 -0.810315
-27.0175 19.2787 -1.19285
2.68393 -8.37399 2.97061
-0.950392 -3.28158 -0.514816
-8.9063 -0.71932 -1.10417
-3.49142 1.49866 -0.660067
-22.5744 11.5135 2.0514
-12.7913 3.96315 -0.893022
-4.28969 1.08472 -0.661867
5.07701 0.831746 -0.499194
-20.6871 16.1448 1.9587
-28.3221 17.6939 -0.378219
-3.03919 -5.41546 0.0993906
-11.1215 1.78975 1.94743
2.67981 -1.51746 -0.482212
-0.115396 -6.09736 2.19757
2.33249 -1.57457 -0.490662
-2.74388 1.10597 -0.640964
-4.57504 -3.82416 -0.578836
-11.1858 9.52581 -0.979898
-6.76308 1.44579 2.5633
-6.30409 -2.70802 -0.661181
-3.50776 0.113827 -0.622793
-1.70742 -6.49972 -0.823512
-1.45488 -6.25357 2.45189
-22.1372 4.12148 1.47149
-1.89473 -1.30211 -0.572314
3.34779 -9.98939 1.88665
-9.60549 -0.117726 1.53567
-1.56058 -6.55699 2.10714
-25.8274 13.6056 0.927531
-8.06156 -0.30722 2.56774
29.6636 4.40077 2.79094
-4.42616 0.308334 -0.647123
-25.9556 7.18654 1.52003
-7.45674 -1.86778 0.313824
11.6514 0.864518 2.80742
-4.8327 -0.0661894 -0.647641
-8.82261 2.08813 2.0099
0.625622 -1.31302 -0.521875
-8.14762 2.489 2.45472
-7.68207 -1.69939 -0.499056
-8.30062 3.29254 1.97948
-28.8116 17.0312 -1.20279
-7.96919 1.51004 -0.737899
3.66113 -0.250248 -0.367383
-18.4215 8.30044 -1.0969
5.67531 0.359681 0.532552
-5.29465 3.38567 1.65865
11.8965 3.21276 0.918815
-4.19047 3.94162 0.0583671
-13.0649 5.64697 2.37173
-3.30403 -1.09024 -0.596912
-4.30803 1.69347 -0.675278
-5.69382 5.16057 1.30392
-2.3448 -5.97019 -0.111703
-7.06509 -0.851376 2.59875
-23.3351 12.1071 -1.26553
1.69252 -0.69352 -0.499395
12.5646 2.31218 2.83327
2.17906 -9.56649 0.511758
-1.91899 2.1074 0.0964264
7.10006 -3.25283 2.39339
-14.3324 4.88355 2.34452
9.27505 2.02203 1.8729
-12.2342 2.47421 1.9323
-2.70809 1.91354 -0.663939
2.65974 0.0987833 -0.412567
-5.13372 -3.91392 1.12179
-5.65796 0.950596 1.99335
6.80798 -3.21966 2.40349
-2.09058 0.903935 -0.617516
12.9163 1.55185 2.24888
-2.0772 -6.14336 1.70421
-21.0894 3.25959 -0.114714
-4.76012 -4.25995 0.319411
22.8197 2.92125 2.77391
15.1385 0.186366 2.71286
2.02445 -7.82095 2.29027
-14.2758 8.43848 -1.00088
-23.5907 10.9842 -1.08951
-16.5406 4.79465 1.60271
-12.0382 7.26237 -0.937626
-3.29118 -0.100601 -0.61173
0.100476 -2.29242 -0.519809
17.8191 1.42524 2.54176
-8.63514 1.87586 2.08246
-5.00687 -3.99735 0.851733
0.244766 -7.99188 1.70215
5.8511 1.13532 1.6617
-5.07133 1.90171 -0.690658
-12.7239 2.49117 1.92173
2.68071 -1.08496 -0.459186
-6.09625 0.0936072 -0.667847
-7.13408 3.29547 -0.763384
-9.23381 -0.452717 0.292447
5.40333 0.46489 1.60106
-19.2775 2.49675 1.80916
-7.29671 -1.99223 0.496743
-7.22262 -1.23845 -0.666329
-2.50768 -5.52423 2.2987
-9.43064 4.89184 -0.83645
-2.91489 -0.471768 -0.602674
-8.33262 -0.238275 -0.708524
-5.4082 2.62149 -0.73059
-8.54117 7.09894 2.3956
0.0897738 -3.26905 -0.502783
-19.026 13.9339 1.33019
-3.0243 2.98848 -0.506436
-18.7893 11.5768 -1.19819
4.8966 0.706758 -0.425485
-5.03797 -3.8415 0.294439
3.29196 -8.30451 2.97117
-0.302101 -3.26949 -0.508343
2.30232 -9.68425 -0.111862
-12.3199 5.09928 -0.888905
-3.12425 2.50954 -0.688134
-3.7329 -1.15656 -0.601483
24.692 4.75492 2.33999
-28.4285 17.52 -1.29996
-7.84939 3.6769 1.97841
-20.8651 8.64441 -0.878383
-10.5946 4.90404 -0.84765
-4.0616 -0.487415 -0.621634
-8.76878 4.60765 1.95473
-10.3467 7.57643 1.58658
0.697506 -3.88906 -0.479651
29.7523 4.41391 2.79928
-4.24003 0.310794 -0.645058
-8.45903 1.46724 2.53357
-14.934 7.63097 1.96829
-13.0069 4.4534 2.37708
-3.26348 -2.29979 -0.571254
-17.2505 3.10154 -0.951397
-9.29652 1.90866 1.99153
3.98677 -8.29705 3.00472
4.88679 0.855674 1.86455
-8.91427 -0.71385 -0.510884
-19.8381 12.7348 1.47016
-27.4669 14.9028 0.229269
0.691257 -2.08988 -0.511605
-1.76857 -5.61754 2.21003
-9.10516 -0.559062 -0.999494
15.7215 3.47878 2.38673
-0.986218 -7.00334 -0.349921
1.1058 -7.14438 -0.391865
-4.0772 0.505372 -0.641857
2.27062 -1.27883 -0.483876
-16.4043 4.00609 1.67793
-18.8161 10.6583 -1.17405
-4.77498 3.0249 1.70591
-16.4695 4.93938 1.59987
-11.9511 7.43679 -0.938759
-20.3515 12.3718 1.34347
-21.3724 10.9238 2.09052
-2.28537 0.899707 -0.619684
-4.90226 -4.25051 1.49153
10.9016 -0.120726 2.52161
-5.38962 0.166959 -0.654938
-5.77832 5.2376 2.3329
-0.706182 -3.87183 -0.496982
2.89144 -7.69184 2.95134
-7.63714 6.58911 1.99037
-16.3522 11.3683 1.48513
-9.95822 5.12891 1.9362
3.33273 -9.90795 2.45718
-19.3381 7.66373 1.68325
6.0206 0.22495 2.17966
-9.35288 0.229678 1.48911
-11.9211 8.91187 2.30443
3.49997 -10.0727 1.90926
-1.69291 -1.09768 -0.575534
-14.795 10.4186 1.4645
3.31235 -1.50365 -0.430654
-18.777 11.7274 -1.20171
-3.10197 3.04333 -0.68418
-23.6744 5.31709 -0.871533
-19.7107 13.5235 1.78406
-23.4076 5.10686 -0.860379
-23.4816 5.88268 0.321518
0.985679 -8.19723 2.66615
-14.351 12.0741 -1.018
-6.90809 0.508801 2.57554
3.16498 -10.0662 -0.485855
12.1588 2.57362 0.468123
-21.9446 18.4572 1.25652
-1.91034 -1.46492 -0.569295
2.67818 0.499434 -0.422347
-17.2127 10.7141 1.64072
-19.5659 2.89934 0.0178575
-9.53617 -0.112344 2.03101
-2.90111 -0.705607 -0.595124
-21.5372 3.60225 -0.783896
-6.19099 5.54313 -0.342099
2.67814 0.30198 -0.417352
-23.3109 11.3784 -0.931978
14.2856 3.20588 2.26656
0.651953 -0.260333 -0.0887989
1.89658 -9.32806 1.70411
-3.37974 3.23994 -0.713006
-23.4712 5.87377 -0.721196
-4.69363 1.89566 -0.679354
-7.56626 -1.77339 0.506702
-23.7246 11.9424 1.98235
-24.3229 14.4787 1.76535
-7.47824 2.85171 2.01722
-8.59398 -0.952996 -1.11274
-0.496923 -7.47677 -0.551426
2.52055 -1.46677 -0.491419
3.20516 -0.804637 -0.400796
-9.23195 -0.0839867 2.08307
-0.10839 -7.71488 1.50248
-15.0229 9.77819 1.78151
14.9535 3.22915 2.08516
-16.2312 5.92162 0.920094
-8.23641 -1.24096 0.911057
-26.7281 14.2901 -1.26945
-10.7807 8.51947 1.44972
-6.33547 -2.75633 0.0916726
-2.31875 -5.97614 0.10949
-19.7729 3.87028 1.75464
-10.4408 1.28735 1.88448
-6.63946 0.699278 -0.689178
-12.5373 7.71075 1.88979
-20.6334 8.92028 -1.08246
-22.8972 15.9179 -1.3444
-0.685837 1.11972 -0.298962
1.64405 -8.73007 2.69802
-7.33991 6.49068 -0.500983
1.71765 -2.43191 -0.48177
-27.1446 19.1191 -1.19325
-17.6767 13.4484 2.06671
2.68905 -8.50187 2.97182
-0.930801 -3.09551 -0.519166
-17.5095 4.40885 1.7946
3.70191 -2.47325 -0.459155
-5.00915 2.3693 1.90451
-19.5714 14.9361 1.99254
-6.49348 -2.66774 -0.836903
-5.39352 1.28331 -0.674089
-6.48305 -2.62593 1.50978
-26.3906 20.0709 -0.988962
-1.49807 -6.2888 2.34728
3.35624 -9.99387 2.05539
-22.2974 6.61515 1.73584
-4.9291 -3.14198 0.0995803
-19.1499 8.07039 1.84705
-1.89564 1.5032 -0.631684
-3.03005 2.99338 -0.290409
4.25387 -9.2947 2.51807
3.52249 -0.32769 -1.28934
-14.4059 3.63277 -0.89699
-5.13083 1.10158 -0.66908
22.3962 3.32291 2.65779
0.0856303 -7.25352 2.34634
-2.31125 -0.401715 -0.600201
1.88668 -8.10716 2.94043
2.93547 -9.06731 2.9887
-0.696904 -2.48943 -0.528341
-28.0817 18.0239 0.635013
9.67138 1.49441 -0.470977
-12.2014 4.45068 2.40668
-1.8963 -6.32249 0.492186
-9.92413 0.881383 1.49545
4.20435 -0.0772642 -0.408754
-11.5032 8.88801 -0.969487
-2.29589 -0.500566 -0.593411
-10.0902 8.70385 -0.252863
21.1813 4.34772 2.67588
-3.58993 -1.21061 -0.6001
-3.69983 -0.87711 -0.604028
-10.3316 1.20981 0.105448
-2.68256 0.695657 -0.62409
2.49167 -1.10123 -0.465171
0.690964 -7.66222 2.33906
-8.16944 5.49505 -0.837345
-3.64048 -1.08129 -0.597177
1.57804 -1.70336 -0.498349
-0.698286 -7.27794 0.0952715
-4.31117 2.49605 -0.697741
-13.1649 8.33745 2.30994
-12.7391 5.09546 2.37199
-2.9111 -1.70429 -0.57931
-3.29706 -1.29291 -0.59079
-18.9388 13.9276 2.04744
-9.18257 6.34028 -0.878865
-11.0169 9.34886 0.492055
4.50631 -11.6829 2.16422
-18.1475 9.41469 1.3962
2.48769 0.498725 -0.42377
-10.2578 5.40282 1.58038
0.690306 -1.69818 -0.518778
2.89138 -8.62552 2.96962
-0.70349 -2.90275 -0.521782
-8.92291 -0.164059 2.09294
-0.827926 -6.74744 2.62662
-1.9029 2.09045 -0.108109
0.91421 -5.46024 -0.43537
-27.305 18.9825 0.441318
-20.6306 12.0271 1.34708
-11.0857 7.16288 2.36473
-1.0182 1.38337 0.506313
11.5958 2.60356 2.78794
-1.59586 0.666894 -0.59945
-3.35905 -0.969847 -0.601701
-28.1822 17.8463 -0.785264
-1.58688 0.476345 -0.598193
-11.7967 6.56984 1.5429
-21.9577 3.94389 -0.664876
-6.95662 1.5828 2.56159
-3.70306 0.293578 -0.631735
2.27425 0.0942019 -0.408011
-25.0769 13.4051 1.07231
4.26429 -10.7585 2.47089
-10.3316 1.20948 -0.118104
12.6427 2.15057 2.84409
-3.8858 -1.3983 -0.601966
2.54036 -9.45885 2.71616
-8.76416 -0.525402 2.07988
15.0791 3.3855 2.10647
11.789 2.79866 0.0784077
-17.5611 3.32417 2.32654
-8.29998 0.895448 2.54681
-23.6469 5.30949 0.0999672
-7.46584 -1.87074 -0.487843
-7.9183 2.30713 2.53168
4.74247 0.957643 -0.351407
-1.69396 1.92201 -0.304381
3.28345 0.287714 -0.410453
-19.6637 2.91718 -0.46776
-7.07889 -0.29638 2.58933
1.77862 -1.22519 -0.489463
-4.09534 2.08863 -0.687239
-12.3514 6.97101 1.84499
-4.68123 3.29682 1.98746
9.57014 1.17805 2.36322
2.62584 -9.94025 0.324845
-9.94876 0.884022 -0.672937
-8.14104 7.10934 -0.103186
21.0224 4.45058 2.72774
-3.64264 -1.41921 -0.595103
0.113185 -7.50588 2.52113
-5.11394 -4.41242 0.0902673
0.495072 -2.68612 -0.508222
-8.91849 7.53498 2.38056
-10.2482 1.13546 -0.685837
-9.16495 1.76514 2.01292
-10.9035 8.88232 -0.330894
-4.92613 -3.93472 -0.706819
1.24912 -7.19885 2.25082
-7.52319 4.89584 -0.816911
-16.0886 5.70121 0.0712644
-0.303579 -2.86169 -0.516651
-1.72917 0.117891 -0.601786
-24.7107 13.9974 1.94038
-11.0121 7.29402 2.36669
3.5173 -10.1458 -0.130623
-20.7374 8.88929 1.47421
-23.5835 5.2948 1.65151
-0.86959 -2.71386 -0.526461
-2.51389 -1.87523 -0.564413
-15.387 7.10393 1.78883
-12.3211 5.05868 2.38664
-2.69105 -1.70285 -0.570514
-12.6823 5.2997 2.37653
-2.89797 -1.48794 -0.577821
-24.5945 9.82987 -0.79022
0.247817 -7.58371 2.51085
-13.1845 2.77317 1.91551
0.692272 -2.69408 -0.502284
-1.69366 -0.298556 -0.590078
-0.638074 -7.40869 -0.632154
-18.6819 13.9458 2.02999
-9.49707 1.49808 2.01761
0.532166 -8.24366 0.692423
-24.7029 12.436 0.36665
-9.15569 -0.529845 -1.07374
-1.11691 -6.94934 -0.498091
-5.79103 3.42412 1.86617
-27.9548 18.1868 0.850028
2.30485 0.612972 -0.429429
2.29025 0.296859 -0.416207
-4.29179 2.08366 -0.685486
-3.40438 -5.09477 0.0624659
-20.7773 4.69113 1.72421
-20.8689 8.63881 -0.673355
-17.2897 14.0116 2.07111
1.25036 -8.79714 2.31261
-22.2322 6.39763 -1.11426
5.60098 0.732673 -0.306012
22.7886 2.80997 2.84162
-5.33401 -0.833375 1.91039
-27.9193 18.1555 -0.993292
-1.3 -2.90581 -0.532233
2.28995 -8.61392 2.96464
-4.45156 -0.509308 -0.627191
7.79886 -19.8459 2.29253
-1.53416 0.409626 -0.597917
-15.6824 6.32771 2.30539
-24.3215 14.4805 1.59647
-8.67053 -0.914037 -0.941474
-0.533813 -7.37231 -0.370969
-20.3197 9.00615 2.06894
0.51468 0.161329 -0.124447
-10.1927 8.15711 2.33889
-20.9478 8.5213 -0.674199
-19.7255 13.1485 1.3372
-26.0973 20.4887 0.0291105
-8.27176 2.3089 2.48307
-6.15757 -2.8902 1.71215
-9.54204 5.10008 1.93752
3.84888 -10.0226 2.51791
-18.8127 7.79325 1.77332
-7.00624 -2.22036 1.02259
-28.4307 17.5201 -1.19909
-5.74584 -1.58094 1.99767
5.56941 0.343275 0.380243
1.5529 -5.62246 -0.423073
-2.89972 -1.10483 -0.588426
-27.9134 18.1613 -1.19678
-23.6622 5.31436 -0.27432
-16.1746 5.89888 2.22199
-0.0221307 -4.74858 -0.46757
-9.92731 5.93396 2.4276
-8.79209 -0.828847 -0.987321
-0.710594 -7.27676 -0.305859
-11.4747 9.65095 -1.00002
-4.99209 -3.60638 1.55532
-3.8885 0.289022 -0.63204
-17.2678 3.21393 1.63454
-4.66012 3.49188 -0.742735
1.08681 -2.72663 -0.493363
-1.90891 -6.11333 -0.488223
-23.2787 11.5394 -1.25129
1.70642 -0.103798 -0.470145
-6.42234 4.64482 2.14611
-4.66745 4.33578 1.10002
-15.4786 6.97417 1.7919
-2.09658 -0.695104 -0.5867
-7.164 0.697801 -0.698847
-0.519901 -7.42725 -0.290827
-6.48464 5.49179 -0.825569
-3.50047 0.502897 -0.633037
-10.3727 7.99231 2.34632
-9.6016 -0.117129 1.48411
-25.8345 13.607 1.10113
1.42193 -4.21696 -0.459154
-7.94548 6.93734 -0.73436
-21.0757 15.8327 1.96694
-6.52229 3.23383 1.86733
-11.3211 1.43955 1.97285
-13.3475 8.91748 2.28222
-3.1003 -1.09556 -0.589038
-25.3407 6.67935 0.66817
-8.2908 2.2921 2.2889
-6.16005 -2.88708 1.89854
-12.5856 3.54243 -0.871824
-3.28552 0.901873 -0.639894
9.36423 2.34659 2.75092
11.6447 2.93893 -0.0965796
2.08408 -0.293478 -0.439856
-20.5154 9.09431 -1.08062
1.92838 -9.33663 2.44672
-0.527398 0.993612 -0.299008
-2.29763 -1.69413 -0.565644
-12.1985 5.29952 2.38312
-2.51403 -1.49661 -0.573414
12.6867 3.2759 2.82695
5.35539 0.627153 0.529813
-2.7729 -5.59324 1.69157
3.72605 -10.2849 1.6449
-17.795 11.8912 1.59674
2.11826 0.477738 -0.436327
14.9718 3.31327 2.09004
-6.52151 -1.71453 2.06018
2.50454 -1.32609 -0.486823
-9.42035 7.4464 2.37
-3.29793 2.31665 -0.685626
-12.5188 4.91444 -0.896887
7.19371 -19.3483 2.81451
-16.5423 5.12811 0.280079
2.07207 0.0944084 -0.411151
-3.11476 0.716836 -0.634604
-7.08331 6.09294 -0.850432
5.16014 0.829143 -0.507139
-6.97299 -1.73244 -0.653285
-5.32994 -2.77647 1.50573
-4.07658 1.10976 -0.659253
-8.54676 -0.576935 2.28676
-24.7326 12.4466 -0.910146
3.16415 -0.813739 1.24103
-28.3024 17.6813 -1.1989
-5.02117 -4.06651 -0.785002
-2.10576 -0.500751 -0.590944
1.60538 -8.34261 2.35781
-15.656 5.27871 2.09714
-12.3913 4.89973 2.38763
-2.69286 -1.89623 -0.570356
-17.8313 3.09426 2.23971
-9.77663 2.32092 -0.791281
-24.7349 9.71628 1.33161
-8.88963 0.936603 1.88938
-0.310943 -7.25101 2.3685
-19.4454 2.70261 0.50047
2.64025 -9.95233 0.520503
-21.4877 3.59233 0.0899121
1.0971 -5.07811 -0.44116
3.85515 -10.3742 0.842162
-3.05104 -0.523233 -0.598257
-19.776 3.30569 1.62243
-5.9956 3.37216 -0.753913
-15.8249 2.30838 2.371
0.888205 -5.82175 -0.427006
-8.94236 5.35944 2.12539
-13.4375 5.7362 2.34838
-3.65022 -0.96593 -0.597945
-16.1787 6.9395 1.74927
-2.37066 -5.97242 -0.691971
14.3595 2.49254 2.07185
-27.9387 18.1762 -1.60558
-6.75883 2.09568 -0.730691
-12.2707 10.1957 2.26878
-2.51177 2.575 -0.505183
-2.28632 2.30751 -0.65737
-20.715 9.48862 -1.09721
13.6779 2.89515 2.24673
-7.68266 -1.29617 2.12575
-20.2887 2.63028 1.08985
12.5283 0.53885 2.24651
-9.80746 0.783981 1.29632
-13.6425 2.88819 1.9008
-14.9485 6.84553 1.52961
-27.8009 18.3276 -0.580494
-10.4732 7.32857 2.36851
-11.659 3.30284 1.57633
-16.5662 5.07646 -0.127462
-0.100879 -2.48455 -0.52255
-6.11886 5.47353 1.94637
0.269274 -6.40509 2.20432
3.09778 -9.98038 1.89916
-23.1592 16.5247 1.42596
3.09753 -9.0351 2.99517
-0.000118677 -7.41399 2.48634
-0.489766 -2.48867 -0.526952
7.79485 -19.8537 2.1192
-1.54102 0.337249 -0.601649
2.20664 -7.27798 -0.365828
-7.24093 2.19635 1.91344
-1.17606 -0.935893 -0.570054
-10.947 9.26927 2.30516
-0.233246 -5.68362 -0.447329
-27.6504 18.4797 -1.39275
0.692702 -8.3401 2.4188
1.10966 -3.30512 -0.479754
1.69727 -5.9303 -0.410827
-11.1186 8.78332 -0.944833
1.91147 0.459998 -0.44163
-14.0452 11.7673 -0.469217
-8.76418 1.70427 -0.759056
-20.7056 9.47818 -0.678611
-12.2996 5.04999 2.38215
-2.49387 -1.69381 -0.569695
-20.2794 2.62816 1.5262
1.88879 -8.89061 2.90612
-0.491441 -2.85966 -0.518103
-6.35477 -2.33818 2.61404
-6.76507 1.90013 -0.72561
-3.23096 -5.24311 0.913289
7.29268 -18.1758 2.73653
22.7627 3.5146 2.28916
-4.89309 -4.10283 -1.32224
-5.70912 0.140267 -0.660276
-6.15951 4.96077 2.31248
5.70781 0.893257 0.730495
-6.33628 -0.900401 -0.660527
-3.50591 1.90928 -0.677148
2.27795 -1.11166 -0.477982
-6.22512 5.57266 -0.115327
1.8935 0.293913 -0.437746
1.89987 0.0981029 -0.437073
-28.8093 17.0325 -1.40154
-8.11789 2.50693 2.31169
-7.69099 -1.6868 -0.302136
-10.5727 6.78763 2.40282
-7.28362 5.5082 -0.831061
-4.33304 1.49189 -0.668312
-7.18324 -1.35935 -0.664757
-7.11062 -2.13803 0.498073
-2.55689 -5.7675 1.70949
-25.3397 13.3383 -0.853933
-9.94164 8.15823 1.67281
2.64685 -9.92752 2.28707
-7.53109 -0.836264 2.00402
-16.1761 10.5247 1.68053
-1.11727 -6.90875 1.50235
-20.3695 8.73208 1.65447
12.5583 0.694706 2.25328
-11.0757 6.27504 1.88649
-28.0611 18.0091 -0.58126
20.4483 4.46099 2.9763
-5.62056 3.09664 -0.74279
-3.09563 -0.0985699 -0.611619
-2.18427 -5.31214 2.20863
0.298081 -2.30571 -0.515305
-6.72766 -2.08484 -0.640214
-1.69972 -0.101863 -0.592924
0.749129 -8.44015 -0.111083
5.9508 0.783398 -0.688371
1.69349 -0.291935 -0.474788
-3.11439 -5.3433 0.688961
-4.74608 -4.22047 -1.53249
-14.5629 6.94299 -0.973577
-24.3782 14.4081 1.93473
-27.7821 18.3194 -1.19595
-15.7313 2.03733 1.67488
10.6958 1.34196 2.79353
-1.92632 2.07081 -0.63855
-11.0986 9.45107 -0.434698
8.43202 0.000765497 2.4941
-5.80753 4.20055 1.94014
-7.91197 0.510119 2.56014
-1.91557 2.1023 -0.499064
2.10993 -9.53059 -0.111133
-5.9258 1.69747 2.06484
-7.1108 -2.1762 -1.05991
-6.72678 4.89497 -0.808098
-10.0254 6.26222 2.41008
-0.686891 -7.04001 -0.42966
-6.6314 -2.25765 -0.637008
-3.87825 0.495368 -0.637744
-2.95805 -2.27702 -0.568665
-5.7182 4.69843 2.50577
-21.0293 8.41025 -1.09061
-4.8923 -3.88075 2.16759
-23.9207 5.52532 -0.502585
1.69739 0.104654 -0.462536
-6.40283 3.6832 -0.762746
-5.02046 -4.10602 0.0858867
0.709294 -2.92071 -0.502309
-21.2819 3.42497 0.286339
-9.4693 6.12014 2.43227
-6.15281 4.71159 -0.800488
-3.4807 -1.11273 -0.595008
3.32197 0.106242 -0.405389
-2.09063 1.89114 -0.647445
-4.26514 1.89585 -0.680231
5.58097 0.411812 -0.577566
3.47505 0.691715 -0.430355
-7.35067 -1.96168 -0.295377
1.69006 0.299088 -0.451831
-1.39231 -1.21441 -0.582535
-25.2257 13.0859 -0.495291
-19.9516 14.7001 2.00645
-6.6873 -2.48997 0.296735
1.55306 -4.93796 -0.43993
-18.6333 11.169 1.62108
-11.1009 2.10132 -0.821063
-4.7577 -3.27742 -0.686794
-12.556 9.73594 2.2589
-18.0184 7.52632 -1.05967
-2.29982 -0.311985 -0.595805
14.9418 3.64452 0.770201
5.62163 0.314052 -0.254798
-8.74702 2.29844 2.00485
-0.196153 -6.42373 -0.427952
-16.5134 2.29356 2.37101
2.91394 -10.1596 0.525174
-2.69044 -0.496674 -0.594908
-7.12308 -0.316367 2.59592
1.71388 -1.07187 -0.497481
-21.8947 3.93776 1.66119
-25.4197 13.792 0.918887
1.27589 -1.31651 -0.509958
-6.78585 4.29994 1.97814
-28.5763 17.3673 -1.61081
-16.1876 5.90402 2.07751
7.39752 0.996603 2.15674
13.0781 0.924029 2.1067
-23.9772 19.192 1.1581
12.4563 0.108543 2.10762
-18.8794 2.68497 -0.796817
-3.13337 -5.36624 -0.85628
-0.29645 -1.69028 -0.535757
-7.90597 -1.4965 1.30615
2.08944 -9.51765 -0.107057
-2.03179 2.18746 -0.4877
-27.1618 19.1297 -0.782133
-17.2241 3.97811 1.64457
6.60657 -3.02343 2.41424
-21.2843 10.8791 2.08142
-20.1302 12.6643 1.34192
-10.5931 7.75554 2.35213
-4.80643 4.4649 2.18047
-27.0616 19.313 1.05629
-1.76965 -6.39072 2.07999
-28.4482 17.5268 -0.582485
-8.27354 2.15127 2.51254
4.33263 1.10306 -0.433617
-18.5442 10.1312 -1.14743
-12.5523 8.95684 2.28565
-6.39798 5.72812 1.1011
-18.2462 14.6044 2.03534
-10.1307 8.11853 1.48994
-12.0828 5.68866 -0.89005
-12.5541 10.5632 2.18568
-3.86723 0.913905 -0.650957
-1.50492 -0.504051 -0.585234
-7.69695 6.66354 -0.315052
-0.885159 -1.30494 -0.554654
1.57403 -6.34382 2.15787
7.2947 -3.7247 2.41519
-10.9229 3.9068 -0.841938
-1.50171 1.49537 -0.623953
-1.49431 -0.70114 -0.580767
1.44492 -8.97846 0.706097
-2.29847 2.10577 -0.661917
-25.6549 6.92887 0.505775
-22.5557 4.48696 1.71667
0.499406 -1.6946 -0.522029
-5.37671 2.51318 -0.721361
-27.3134 18.9842 -1.80614
-5.17989 4.11823 -0.766034
-5.89667 4.90473 2.49882
2.69469 -0.906851 -0.441024
-18.1361 8.98822 -1.09802
-2.27794 0.232085 -0.599599
-13.3768 8.93685 2.28748
-10.1784 7.54689 -0.92036
2.77626 -10.0345 2.31014
-2.0073 -6.2046 2.08079
-13.7701 9.32459 -1.0043
-21.0577 3.2565 1.85592
3.83694 0.965841 -0.432948
-7.6928 -1.67326 0.516257
2.89031 -9.72365 2.90013
-0.644001 -1.91053 -0.538516
-2.09594 1.10733 -0.623149
-21.1129 11.1197 2.078
-10.4468 7.54857 1.43714
-12.5539 4.49119 2.38913
-8.0389 7.02077 -0.169805
-6.93087 3.9231 1.89596
-0.109965 -6.40112 -0.426151
-2.10641 -0.101371 -0.596063
-0.297951 -6.48883 -0.432556
-7.17741 3.76283 1.9469
3.7518 -0.13834 -0.293682
-0.0975698 -1.89816 -0.532758
-21.9252 3.94097 0.908297
-1.10546 -6.91285 2.29403
-11.3282 4.69327 2.42046
-9.2097 -0.452333 1.71294
-20.978 9.76536 1.72649
0.505267 -8.20503 1.6993
-20.5383 12.1427 1.34595
-16.8755 2.29057 2.00131
-11.2018 9.54792 1.46243
12.9718 2.46868 2.3366
0.374161 -0.617937 -0.229565
4.65197 1.05531 1.82734
12.3217 2.6872 -0.45302
3.10345 0.0954764 -0.405725
-1.4533 -0.943055 -0.574117
-3.2243 -0.560692 -0.598069
-1.29713 -0.89409 -0.57278
-16.2569 5.93087 -0.672845
2.30827 -0.695997 -0.449578
9.68652 1.43663 2.29648
5.90632 0.803383 -0.235505
-6.55992 5.31806 -0.820379
-7.11937 0.50425 -0.692928
-5.54767 5.02679 2.509
-20.7066 9.48384 0.0937551
-20.7667 8.752 -1.08517
-10.8464 4.68047 1.59053
-9.02888 4.20386 1.96538
-2.11753 -6.14392 -0.479378
3.505 -0.19491 -1.19754
-2.89894 -5.55298 -0.839301
3.45631 -9.46955 2.89291
-0.102179 -2.08476 -0.529837
-10.8048 1.3975 -0.725648
-1.53123 -0.307759 -0.588522
-21.8706 15.2051 1.66107
14.5808 3.93524 1.50045
-16.5625 5.13536 1.4566
-6.78684 -2.38085 1.50744
1.71085 -6.3922 -0.399172
-28.3009 17.6829 -1.29992
-14.1396 9.95907 1.50587
-7.73453 3.88106 1.97514
-4.12224 3.87701 -0.67111
0.638003 -0.372382 -0.267202
2.67778 -0.501476 -0.411453
-13.6097 3.67617 2.30744
5.46828 0.192709 -0.187139
-26.9352 19.4733 1.05599
-17.1586 4.07384 -0.956085
-11.2471 2.96441 2.44142
10.9315 1.48498 2.7914
-1.71239 1.87927 -0.630708
-6.79827 4.87543 -0.812752
-0.297454 -2.27713 -0.528239
13.7791 2.60868 2.25364
-9.85062 4.29534 1.8574
-9.42461 0.0871558 0.0993657
-9.76749 1.3568 2.01039
-28.4435 17.5265 -0.786485
-20.0027 10.6896 2.11073
-1.02302 1.38501 0.63468
-10.7554 8.18428 2.3367
-9.35677 -0.362851 -0.507502
-1.34296 -0.717573 -0.577745
-14.4895 4.29787 -0.912252
-28.9578 16.8772 -0.788978
4.11478 0.250574 -0.410378
-9.55024 -0.103833 0.498101
-18.1816 7.72658 -1.07157
-18.7322 12.6823 1.83083
-2.47639 -0.297247 -0.598514
-7.50524 -1.13716 2.61136
1.34843 -0.313033 -0.519797
-6.2428 -2.85579 0.301531
-13.0654 8.16261 2.28364
-3.24407 3.11179 -0.677383
-23.5482 5.74423 0.10081
-8.1173 1.28373 2.54842
-5.25119 4.81884 2.12734
-10.3034 8.66174 2.32714
0.939574 -7.5066 2.90837
-12.4079 2.70628 2.31441
-18.2488 3.39658 2.17913
-4.78626 3.96779 -0.755747
-9.20697 5.90828 -0.861383
-9.35763 0.217419 1.09829
3.32998 0.702718 -0.436347
-27.0535 19.3016 0.632383
0.222952 -8.02243 -0.269448
-6.67127 -2.18419 -0.638265
-3.87531 0.711299 -0.644272
-10.4686 7.91372 2.35131
-0.295791 -2.1014 -0.532495
-1.4622 1.73484 -0.5014
-16.6401 4.93606 -0.8884
-6.89078 -1.87102 2.61853
-7.28053 2.30255 -0.741549
